{
  "type": "FeatureCollection",
  "features": [
    {
      "type": "Feature",
      "geometry": {
        "type": "Polygon",
        "coordinates": [
          [
            [
              132.703514737,
              35.209797016
            ],
            [
              132.70342847,
              35.209960803
            ],
            [
              132.703533242,
              35.209970279
            ],
            [
              132.703538373,
              35.20979418
            ],
            [
              132.703514737,
              35.209797016
            ]
          ]
        ]
      },
      "properties": {
        "polygon_uuid": "baf1773c-a49d-4502-9def-01fa01a3f28d",
        "daicho_shubetsu_cd": "FUD25"
      }
    },
    {
      "type": "Feature",
      "geometry": {
        "type": "Polygon",
        "coordinates": [
          [
            [
              132.702714975,
              35.209535551
            ],
            [
              132.702755031,
              35.209553879
            ],
            [
              132.702833704,
              35.209591346
            ],
            [
              132.702921126,
              35.20961751
            ],
            [
              132.703015336,
              35.20963238
            ],
            [
              132.703127497,
              35.209647356
            ],
            [
              132.703247871,
              35.209665596
            ],
            [
              132.703299571,
              35.209676094
            ],
            [
              132.703334337,
              35.209692115
            ],
            [
              132.703380492,
              35.209617719
            ],
            [
              132.703400809,
              35.209576595
            ],
            [
              132.703360789,
              35.209528497
            ],
            [
              132.703293021,
              35.209509488
            ],
            [
              132.703201876,
              35.209513512
            ],
            [
              132.703128409,
              35.209522286
            ],
            [
              132.703069622,
              35.209527374
            ],
            [
              132.703013657,
              35.209514346
            ],
            [
              132.702945802,
              35.209482061
            ],
            [
              132.702901482,
              35.209450878
            ],
            [
              132.702863131,
              35.209432945
            ],
            [
              132.702825977,
              35.209432487
            ],
            [
              132.702795169,
              35.209443486
            ],
            [
              132.702764432,
              35.209465346
            ],
            [
              132.702714975,
              35.209535551
            ]
          ]
        ]
      },
      "properties": {
        "polygon_uuid": "7aeae4ca-4c33-4fff-9757-0881d2456f5d",
        "daicho_shubetsu_cd": "FUD25"
      }
    },
    {
      "type": "Feature",
      "geometry": {
        "type": "Polygon",
        "coordinates": [
          [
            [
              132.703368312,
              35.211219426
            ],
            [
              132.703393416,
              35.211179488
            ],
            [
              132.703377267,
              35.211071846
            ],
            [
              132.703310714,
              35.21101421
            ],
            [
              132.703275088,
              35.21096368
            ],
            [
              132.703249299,
              35.210899528
            ],
            [
              132.703166781,
              35.210929764
            ],
            [
              132.703212719,
              35.211039084
            ],
            [
              132.703271022,
              35.211183651
            ],
            [
              132.703288846,
              35.211210726
            ],
            [
              132.703317586,
              35.211220556
            ],
            [
              132.703368312,
              35.211219426
            ]
          ]
        ]
      },
      "properties": {
        "polygon_uuid": "0fcfe07e-b7d9-4b7b-9a09-16b70dba98da",
        "daicho_shubetsu_cd": "FUD25"
      }
    },
    {
      "type": "Feature",
      "geometry": {
        "type": "Polygon",
        "coordinates": [
          [
            [
              132.703279702,
              35.209765528
            ],
            [
              132.703249662,
              35.209730829
            ],
            [
              132.703215244,
              35.209718834
            ],
            [
              132.702903169,
              35.210065708
            ],
            [
              132.702917038,
              35.210087639
            ],
            [
              132.702949941,
              35.210121822
            ],
            [
              132.702980082,
              35.210133489
            ],
            [
              132.703104195,
              35.209963317
            ],
            [
              132.703279702,
              35.209765528
            ]
          ]
        ]
      },
      "properties": {
        "polygon_uuid": "597b3936-13bf-453f-b57c-177af1480cd0",
        "daicho_shubetsu_cd": "FUD25"
      }
    },
    {
      "type": "Feature",
      "geometry": {
        "type": "Polygon",
        "coordinates": [
          [
            [
              132.695495947,
              35.21130632
            ],
            [
              132.695514346,
              35.211283042
            ],
            [
              132.695463528,
              35.21121077
            ],
            [
              132.69535509,
              35.211106851
            ],
            [
              132.695338387,
              35.211119247
            ],
            [
              132.695352027,
              35.211179359
            ],
            [
              132.695380306,
              35.21118141
            ],
            [
              132.695425345,
              35.211316053
            ],
            [
              132.695495947,
              35.21130632
            ]
          ]
        ]
      },
      "properties": {
        "polygon_uuid": "53d3a530-043c-4337-90b9-1a8a49f6a287",
        "daicho_shubetsu_cd": "FUD25"
      }
    },
    {
      "type": "Feature",
      "geometry": {
        "type": "Polygon",
        "coordinates": [
          [
            [
              132.706954445,
              35.211888848
            ],
            [
              132.706882253,
              35.211886439
            ],
            [
              132.706839399,
              35.211866595
            ],
            [
              132.7068361,
              35.211829044
            ],
            [
              132.706824722,
              35.211723908
            ],
            [
              132.706806265,
              35.21170145
            ],
            [
              132.706738717,
              35.211639141
            ],
            [
              132.706697216,
              35.211592995
            ],
            [
              132.706678708,
              35.211563024
            ],
            [
              132.706649337,
              35.211505553
            ],
            [
              132.706597131,
              35.211469177
            ],
            [
              132.706559129,
              35.211477155
            ],
            [
              132.706515106,
              35.211511161
            ],
            [
              132.70646838,
              35.211597772
            ],
            [
              132.706415999,
              35.211752027
            ],
            [
              132.706416223,
              35.211785836
            ],
            [
              132.706526383,
              35.211831677
            ],
            [
              132.706661004,
              35.211884921
            ],
            [
              132.706734605,
              35.211939691
            ],
            [
              132.706785137,
              35.211967014
            ],
            [
              132.706835486,
              35.211966789
            ],
            [
              132.706869019,
              35.211961631
            ],
            [
              132.706896408,
              35.211950239
            ],
            [
              132.706917585,
              35.211922596
            ],
            [
              132.706954445,
              35.211888848
            ]
          ]
        ]
      },
      "properties": {
        "polygon_uuid": "6fe9749c-9582-4f44-ac33-1efcd2a53a6f",
        "daicho_shubetsu_cd": "FUD25"
      }
    },
    {
      "type": "Feature",
      "geometry": {
        "type": "Polygon",
        "coordinates": [
          [
            [
              132.703076124,
              35.20897806
            ],
            [
              132.702932724,
              35.208732361
            ],
            [
              132.702858594,
              35.208764903
            ],
            [
              132.703001336,
              35.209014087
            ],
            [
              132.703076124,
              35.20897806
            ]
          ]
        ]
      },
      "properties": {
        "polygon_uuid": "15afa17c-e45a-4f73-b5e5-201fb326e6ee",
        "daicho_shubetsu_cd": "FUD25"
      }
    },
    {
      "type": "Feature",
      "geometry": {
        "type": "Polygon",
        "coordinates": [
          [
            [
              132.7009559,
              35.209153098
            ],
            [
              132.701021357,
              35.209168543
            ],
            [
              132.701057973,
              35.209171243
            ],
            [
              132.701086743,
              35.209178237
            ],
            [
              132.701118563,
              35.20910795
            ],
            [
              132.701144254,
              35.209039179
            ],
            [
              132.70117887,
              35.209002552
            ],
            [
              132.701215304,
              35.20897736
            ],
            [
              132.701249084,
              35.208955951
            ],
            [
              132.701243733,
              35.208950414
            ],
            [
              132.701166644,
              35.208888533
            ],
            [
              132.701072039,
              35.208877026
            ],
            [
              132.700951859,
              35.208888284
            ],
            [
              132.700899567,
              35.208887084
            ],
            [
              132.700882251,
              35.208899445
            ],
            [
              132.700868219,
              35.2089125
            ],
            [
              132.700882161,
              35.208926936
            ],
            [
              132.700896784,
              35.208964419
            ],
            [
              132.700908214,
              35.209000897
            ],
            [
              132.7009559,
              35.209153098
            ]
          ]
        ]
      },
      "properties": {
        "polygon_uuid": "49142a93-edbb-4fd5-9d69-24b14fcb92b5",
        "daicho_shubetsu_cd": "FUD25"
      }
    },
    {
      "type": "Feature",
      "geometry": {
        "type": "Polygon",
        "coordinates": [
          [
            [
              132.703223726,
              35.206946944
            ],
            [
              132.703242948,
              35.206977827
            ],
            [
              132.703272862,
              35.2069338
            ],
            [
              132.703247083,
              35.206900538
            ],
            [
              132.703144031,
              35.206779633
            ],
            [
              132.703105778,
              35.206796705
            ],
            [
              132.703112046,
              35.206807485
            ],
            [
              132.703052502,
              35.20682237
            ],
            [
              132.703046959,
              35.206803958
            ],
            [
              132.702994483,
              35.206815867
            ],
            [
              132.70290656,
              35.206832035
            ],
            [
              132.702989281,
              35.206937233
            ],
            [
              132.703223726,
              35.206946944
            ]
          ]
        ]
      },
      "properties": {
        "polygon_uuid": "10a421d2-31b0-4ca0-9c19-299a4d89f71e",
        "daicho_shubetsu_cd": "FUD25"
      }
    },
    {
      "type": "Feature",
      "geometry": {
        "type": "Polygon",
        "coordinates": [
          [
            [
              132.707853158,
              35.211452667
            ],
            [
              132.707760629,
              35.211091421
            ],
            [
              132.707674656,
              35.211109733
            ],
            [
              132.707584821,
              35.211137683
            ],
            [
              132.707533112,
              35.211162958
            ],
            [
              132.707490658,
              35.211203219
            ],
            [
              132.707471131,
              35.211249638
            ],
            [
              132.707470069,
              35.211319766
            ],
            [
              132.707481622,
              35.211451197
            ],
            [
              132.707517287,
              35.21153744
            ],
            [
              132.707540364,
              35.211566138
            ],
            [
              132.707587777,
              35.211583458
            ],
            [
              132.7076519,
              35.211589432
            ],
            [
              132.707767424,
              35.211523801
            ],
            [
              132.707853158,
              35.211452667
            ]
          ]
        ]
      },
      "properties": {
        "polygon_uuid": "bcc14d30-6f3c-4f51-8899-3407a3b0c66a",
        "daicho_shubetsu_cd": "FUD25"
      }
    },
    {
      "type": "Feature",
      "geometry": {
        "type": "Polygon",
        "coordinates": [
          [
            [
              132.696061124,
              35.215000171
            ],
            [
              132.696173365,
              35.214745322
            ],
            [
              132.696146958,
              35.214740443
            ],
            [
              132.696103776,
              35.214722146
            ],
            [
              132.6960854,
              35.214721448
            ],
            [
              132.696042843,
              35.214801297
            ],
            [
              132.695972721,
              35.214868479
            ],
            [
              132.695894161,
              35.214929228
            ],
            [
              132.695938822,
              35.214989696
            ],
            [
              132.695971695,
              35.215001785
            ],
            [
              132.696022368,
              35.21500034
            ],
            [
              132.696061124,
              35.215000171
            ]
          ]
        ]
      },
      "properties": {
        "polygon_uuid": "f6945439-4570-45f5-b027-383f41184268",
        "daicho_shubetsu_cd": "FUD25"
      }
    },
    {
      "type": "Feature",
      "geometry": {
        "type": "Polygon",
        "coordinates": [
          [
            [
              132.700908214,
              35.209000897
            ],
            [
              132.700896784,
              35.208964419
            ],
            [
              132.700882161,
              35.208926936
            ],
            [
              132.700868219,
              35.2089125
            ],
            [
              132.700757081,
              35.208900891
            ],
            [
              132.700734345,
              35.208919752
            ],
            [
              132.700595394,
              35.208977542
            ],
            [
              132.700515085,
              35.209014524
            ],
            [
              132.700649782,
              35.20913811
            ],
            [
              132.700683128,
              35.209077213
            ],
            [
              132.700692679,
              35.209039649
            ],
            [
              132.700734959,
              35.209013554
            ],
            [
              132.700831759,
              35.209001514
            ],
            [
              132.700908214,
              35.209000897
            ]
          ]
        ]
      },
      "properties": {
        "polygon_uuid": "c2dfe0b9-8de5-4b33-a8ba-386f8abb4ac6",
        "daicho_shubetsu_cd": "FUD25"
      }
    },
    {
      "type": "Feature",
      "geometry": {
        "type": "Polygon",
        "coordinates": [
          [
            [
              132.697233675,
              35.210538827
            ],
            [
              132.69723449,
              35.210588469
            ],
            [
              132.697236288,
              35.210613922
            ],
            [
              132.697225085,
              35.210648813
            ],
            [
              132.697277394,
              35.210657964
            ],
            [
              132.697310042,
              35.210656481
            ],
            [
              132.697350817,
              35.210649602
            ],
            [
              132.697420938,
              35.210628079
            ],
            [
              132.697450148,
              35.210592187
            ],
            [
              132.697527942,
              35.210387107
            ],
            [
              132.697556968,
              35.210233737
            ],
            [
              132.697556959,
              35.210121365
            ],
            [
              132.697535726,
              35.210124728
            ],
            [
              132.697528723,
              35.210125838
            ],
            [
              132.697489991,
              35.210146307
            ],
            [
              132.697440616,
              35.210160297
            ],
            [
              132.697399967,
              35.210157575
            ],
            [
              132.697334632,
              35.210162211
            ],
            [
              132.697314524,
              35.210164629
            ],
            [
              132.697233675,
              35.210538827
            ]
          ]
        ]
      },
      "properties": {
        "polygon_uuid": "bda882d9-5507-4c11-81e0-4919c5812996",
        "daicho_shubetsu_cd": "FUD25"
      }
    },
    {
      "type": "Feature",
      "geometry": {
        "type": "Polygon",
        "coordinates": [
          [
            [
              132.701265755,
              35.211226231
            ],
            [
              132.701231491,
              35.211147602
            ],
            [
              132.701200285,
              35.211097956
            ],
            [
              132.701185734,
              35.211065435
            ],
            [
              132.700695168,
              35.210955912
            ],
            [
              132.70066357,
              35.211014887
            ],
            [
              132.700688331,
              35.211090812
            ],
            [
              132.700722868,
              35.211186536
            ],
            [
              132.700809292,
              35.211247253
            ],
            [
              132.700832426,
              35.211243078
            ],
            [
              132.700898517,
              35.211230567
            ],
            [
              132.700944838,
              35.211230362
            ],
            [
              132.700999368,
              35.211220618
            ],
            [
              132.701083675,
              35.211210742
            ],
            [
              132.701128332,
              35.211209187
            ],
            [
              132.701265755,
              35.211226231
            ]
          ]
        ]
      },
      "properties": {
        "polygon_uuid": "5678ba6c-ebc6-4887-b24c-4bad783fd9a5",
        "daicho_shubetsu_cd": "FUD25"
      }
    },
    {
      "type": "Feature",
      "geometry": {
        "type": "Polygon",
        "coordinates": [
          [
            [
              132.703510775,
              35.213420447
            ],
            [
              132.703690515,
              35.213418718
            ],
            [
              132.703746839,
              35.213412595
            ],
            [
              132.703748589,
              35.213389711
            ],
            [
              132.703770697,
              35.213355245
            ],
            [
              132.703796816,
              35.213330479
            ],
            [
              132.703556376,
              35.213319497
            ],
            [
              132.703536354,
              35.213347779
            ],
            [
              132.703510775,
              35.213420447
            ]
          ]
        ]
      },
      "properties": {
        "polygon_uuid": "955d1349-80dc-4e65-a823-5053e648ce68",
        "daicho_shubetsu_cd": "FUD25"
      }
    },
    {
      "type": "Feature",
      "geometry": {
        "type": "Polygon",
        "coordinates": [
          [
            [
              132.70190208,
              35.207879485
            ],
            [
              132.701923007,
              35.207872282
            ],
            [
              132.701999875,
              35.207895811
            ],
            [
              132.702050013,
              35.207897032
            ],
            [
              132.702081319,
              35.20788724
            ],
            [
              132.702191346,
              35.207881369
            ],
            [
              132.702282882,
              35.2078874
            ],
            [
              132.702350799,
              35.207879591
            ],
            [
              132.702402961,
              35.207861123
            ],
            [
              132.702384629,
              35.207823441
            ],
            [
              132.702318058,
              35.207770811
            ],
            [
              132.702288408,
              35.207767367
            ],
            [
              132.702242292,
              35.207777583
            ],
            [
              132.702208308,
              35.207777734
            ],
            [
              132.702153239,
              35.207751516
            ],
            [
              132.702092851,
              35.207711732
            ],
            [
              132.702056118,
              35.207691154
            ],
            [
              132.702026482,
              35.207689855
            ],
            [
              132.701996866,
              35.207691416
            ],
            [
              132.70190208,
              35.207879485
            ]
          ]
        ]
      },
      "properties": {
        "polygon_uuid": "02a1f5ac-63ae-44cb-986f-517f36dc0774",
        "daicho_shubetsu_cd": "FUD25"
      }
    },
    {
      "type": "Feature",
      "geometry": {
        "type": "Polygon",
        "coordinates": [
          [
            [
              132.70342847,
              35.209960803
            ],
            [
              132.703329977,
              35.210147805
            ],
            [
              132.703468644,
              35.210181938
            ],
            [
              132.703559147,
              35.209967353
            ],
            [
              132.703533242,
              35.209970279
            ],
            [
              132.70342847,
              35.209960803
            ]
          ]
        ]
      },
      "properties": {
        "polygon_uuid": "c6c3f05c-3fd2-414a-8b61-52e89fbcc86a",
        "daicho_shubetsu_cd": "FUD25"
      }
    },
    {
      "type": "Feature",
      "geometry": {
        "type": "Polygon",
        "coordinates": [
          [
            [
              132.702918861,
              35.210172036
            ],
            [
              132.702884207,
              35.21011989
            ],
            [
              132.70261438,
              35.209935226
            ],
            [
              132.702589867,
              35.20993453
            ],
            [
              132.702570404,
              35.20995634
            ],
            [
              132.702592457,
              35.210030265
            ],
            [
              132.702621224,
              35.21008163
            ],
            [
              132.702642006,
              35.210111308
            ],
            [
              132.702711995,
              35.210169732
            ],
            [
              132.70274666,
              35.210223487
            ],
            [
              132.702735076,
              35.210250893
            ],
            [
              132.702746993,
              35.210274174
            ],
            [
              132.702793147,
              35.210286038
            ],
            [
              132.702844139,
              35.210288226
            ],
            [
              132.702884295,
              35.210282417
            ],
            [
              132.702902763,
              35.210258197
            ],
            [
              132.702918861,
              35.210172036
            ]
          ]
        ]
      },
      "properties": {
        "polygon_uuid": "fd36578c-c368-4d37-8c5d-5392d2ffdba2",
        "daicho_shubetsu_cd": "FUD25"
      }
    },
    {
      "type": "Feature",
      "geometry": {
        "type": "Polygon",
        "coordinates": [
          [
            [
              132.703233195,
              35.210843713
            ],
            [
              132.703177743,
              35.210753461
            ],
            [
              132.703106339,
              35.210777915
            ],
            [
              132.703158151,
              35.210904809
            ],
            [
              132.703222994,
              35.210882706
            ],
            [
              132.703233195,
              35.210843713
            ]
          ]
        ]
      },
      "properties": {
        "polygon_uuid": "7f32437f-7d81-47a9-88ed-55975560da31",
        "daicho_shubetsu_cd": "FUD25"
      }
    },
    {
      "type": "Feature",
      "geometry": {
        "type": "Polygon",
        "coordinates": [
          [
            [
              132.703490697,
              35.209248498
            ],
            [
              132.703495993,
              35.209134321
            ],
            [
              132.703463317,
              35.209069944
            ],
            [
              132.703453108,
              35.209050137
            ],
            [
              132.70332431,
              35.208834351
            ],
            [
              132.703185827,
              35.208883206
            ],
            [
              132.703359768,
              35.209204535
            ],
            [
              132.703490697,
              35.209248498
            ]
          ]
        ]
      },
      "properties": {
        "polygon_uuid": "2a929dee-4e64-4cef-93b9-58ae9790254d",
        "daicho_shubetsu_cd": "FUD25"
      }
    },
    {
      "type": "Feature",
      "geometry": {
        "type": "Polygon",
        "coordinates": [
          [
            [
              132.702903169,
              35.210065708
            ],
            [
              132.703215244,
              35.209718834
            ],
            [
              132.703192672,
              35.209710967
            ],
            [
              132.703084264,
              35.209677297
            ],
            [
              132.702797571,
              35.209991312
            ],
            [
              132.702817822,
              35.210007084
            ],
            [
              132.702870341,
              35.210042789
            ],
            [
              132.702903169,
              35.210065708
            ]
          ]
        ]
      },
      "properties": {
        "polygon_uuid": "89222a83-f7d3-407d-bd0e-5a5657ad7fef",
        "daicho_shubetsu_cd": "FUD25"
      }
    },
    {
      "type": "Feature",
      "geometry": {
        "type": "Polygon",
        "coordinates": [
          [
            [
              132.703236319,
              35.209249149
            ],
            [
              132.703257638,
              35.209242147
            ],
            [
              132.70331978,
              35.209218311
            ],
            [
              132.703359768,
              35.209204535
            ],
            [
              132.703185827,
              35.208883206
            ],
            [
              132.703039996,
              35.208613804
            ],
            [
              132.703015176,
              35.208566444
            ],
            [
              132.702987696,
              35.208561738
            ],
            [
              132.702954413,
              35.208569127
            ],
            [
              132.702927346,
              35.208589287
            ],
            [
              132.702906966,
              35.208620756
            ],
            [
              132.702875463,
              35.208634251
            ],
            [
              132.702932724,
              35.208732361
            ],
            [
              132.703076124,
              35.20897806
            ],
            [
              132.703128686,
              35.209068119
            ],
            [
              132.703236319,
              35.209249149
            ]
          ]
        ]
      },
      "properties": {
        "polygon_uuid": "c07d6d9f-bfb3-4cac-9d12-5ab2641c9c41",
        "daicho_shubetsu_cd": "FUD25"
      }
    },
    {
      "type": "Feature",
      "geometry": {
        "type": "Polygon",
        "coordinates": [
          [
            [
              132.701601326,
              35.208293163
            ],
            [
              132.701592611,
              35.208267498
            ],
            [
              132.701702577,
              35.208293564
            ],
            [
              132.701741736,
              35.208285345
            ],
            [
              132.701740634,
              35.208266844
            ],
            [
              132.701740154,
              35.208193629
            ],
            [
              132.70176144,
              35.208150892
            ],
            [
              132.701791766,
              35.208141103
            ],
            [
              132.701813327,
              35.208140203
            ],
            [
              132.701852613,
              35.208151294
            ],
            [
              132.701873963,
              35.208118211
            ],
            [
              132.701875696,
              35.208083606
            ],
            [
              132.701784082,
              35.208087925
            ],
            [
              132.701739547,
              35.208091314
            ],
            [
              132.701588117,
              35.208095603
            ],
            [
              132.701524435,
              35.208101332
            ],
            [
              132.701526042,
              35.208259724
            ],
            [
              132.701601326,
              35.208293163
            ]
          ]
        ]
      },
      "properties": {
        "polygon_uuid": "96fc2c7f-c95e-4f8b-916f-5af475394205",
        "daicho_shubetsu_cd": "FUD25"
      }
    },
    {
      "type": "Feature",
      "geometry": {
        "type": "Polygon",
        "coordinates": [
          [
            [
              132.701741736,
              35.208285345
            ],
            [
              132.701823209,
              35.20835289
            ],
            [
              132.70185099,
              35.208403456
            ],
            [
              132.701850221,
              35.208435642
            ],
            [
              132.701915206,
              35.208449481
            ],
            [
              132.702075766,
              35.208423695
            ],
            [
              132.702058828,
              35.20840495
            ],
            [
              132.702032902,
              35.208338285
            ],
            [
              132.702021977,
              35.208316609
            ],
            [
              132.701974727,
              35.208287048
            ],
            [
              132.701957824,
              35.208250916
            ],
            [
              132.701929148,
              35.208213228
            ],
            [
              132.701893436,
              35.208191437
            ],
            [
              132.701859489,
              35.208172277
            ],
            [
              132.701852613,
              35.208151294
            ],
            [
              132.701813327,
              35.208140203
            ],
            [
              132.701791766,
              35.208141103
            ],
            [
              132.70176144,
              35.208150892
            ],
            [
              132.701740154,
              35.208193629
            ],
            [
              132.701740634,
              35.208266844
            ],
            [
              132.701741736,
              35.208285345
            ]
          ]
        ]
      },
      "properties": {
        "polygon_uuid": "915160c4-46a0-4c5d-a591-5e36a76b2a42",
        "daicho_shubetsu_cd": "FUD25"
      }
    },
    {
      "type": "Feature",
      "geometry": {
        "type": "Polygon",
        "coordinates": [
          [
            [
              132.700695168,
              35.210955912
            ],
            [
              132.701185734,
              35.211065435
            ],
            [
              132.701160072,
              35.21102029
            ],
            [
              132.701194071,
              35.210991175
            ],
            [
              132.700997874,
              35.210840879
            ],
            [
              132.70090697,
              35.210769774
            ],
            [
              132.700901889,
              35.210761271
            ],
            [
              132.700808022,
              35.210828803
            ],
            [
              132.700739028,
              35.210903331
            ],
            [
              132.700695168,
              35.210955912
            ]
          ]
        ]
      },
      "properties": {
        "polygon_uuid": "52a5166b-92a8-44a6-b76f-5e87ef5f9640",
        "daicho_shubetsu_cd": "FUD25"
      }
    },
    {
      "type": "Feature",
      "geometry": {
        "type": "Polygon",
        "coordinates": [
          [
            [
              132.703236319,
              35.209249149
            ],
            [
              132.703128686,
              35.209068119
            ],
            [
              132.703050279,
              35.2090999
            ],
            [
              132.703058386,
              35.209106481
            ],
            [
              132.703088927,
              35.209152669
            ],
            [
              132.703109563,
              35.209225372
            ],
            [
              132.703115642,
              35.209265305
            ],
            [
              132.703136308,
              35.209277282
            ],
            [
              132.703193076,
              35.209263352
            ],
            [
              132.703236319,
              35.209249149
            ]
          ]
        ]
      },
      "properties": {
        "polygon_uuid": "bce6675a-4920-4ef5-93d7-678de77048c2",
        "daicho_shubetsu_cd": "FUD25"
      }
    },
    {
      "type": "Feature",
      "geometry": {
        "type": "Polygon",
        "coordinates": [
          [
            [
              132.704758415,
              35.208834563
            ],
            [
              132.704743631,
              35.20882256
            ],
            [
              132.704616367,
              35.208849677
            ],
            [
              132.704506733,
              35.208874301
            ],
            [
              132.704450856,
              35.208874549
            ],
            [
              132.704404776,
              35.20887395
            ],
            [
              132.704347019,
              35.208886275
            ],
            [
              132.704306058,
              35.20891864
            ],
            [
              132.704269935,
              35.208941329
            ],
            [
              132.704228832,
              35.208951971
            ],
            [
              132.704205332,
              35.208956098
            ],
            [
              132.704185843,
              35.208973886
            ],
            [
              132.704166941,
              35.209080979
            ],
            [
              132.704174917,
              35.209101058
            ],
            [
              132.704226973,
              35.209116115
            ],
            [
              132.704263164,
              35.209103885
            ],
            [
              132.704367643,
              35.209040663
            ],
            [
              132.704416578,
              35.209028378
            ],
            [
              132.704500826,
              35.209019152
            ],
            [
              132.704580458,
              35.209053396
            ],
            [
              132.704663767,
              35.209050612
            ],
            [
              132.704692091,
              35.209034395
            ],
            [
              132.704709561,
              35.209007766
            ],
            [
              132.704744564,
              35.208964162
            ],
            [
              132.704763985,
              35.208935916
            ],
            [
              132.704746053,
              35.208892548
            ],
            [
              132.704740918,
              35.208857169
            ],
            [
              132.704758415,
              35.208834563
            ]
          ]
        ]
      },
      "properties": {
        "polygon_uuid": "a0046759-fa08-42a9-8abd-68debb0a31d4",
        "daicho_shubetsu_cd": "FUD25"
      }
    },
    {
      "type": "Feature",
      "geometry": {
        "type": "Polygon",
        "coordinates": [
          [
            [
              132.696840888,
              35.215261712
            ],
            [
              132.696957292,
              35.215244322
            ],
            [
              132.697031704,
              35.215225647
            ],
            [
              132.697045753,
              35.215208489
            ],
            [
              132.697005228,
              35.215165849
            ],
            [
              132.696929244,
              35.21499448
            ],
            [
              132.696909723,
              35.214972546
            ],
            [
              132.696879951,
              35.214978793
            ],
            [
              132.696851771,
              35.215000936
            ],
            [
              132.696835203,
              35.215086976
            ],
            [
              132.696842923,
              35.215204384
            ],
            [
              132.696840888,
              35.215261712
            ]
          ]
        ]
      },
      "properties": {
        "polygon_uuid": "791b578b-af30-4f0c-88d5-6a83780d179a",
        "daicho_shubetsu_cd": "FUD25"
      }
    },
    {
      "type": "Feature",
      "geometry": {
        "type": "Polygon",
        "coordinates": [
          [
            [
              132.702026482,
              35.207689855
            ],
            [
              132.702056118,
              35.207691154
            ],
            [
              132.702092851,
              35.207711732
            ],
            [
              132.702153239,
              35.207751516
            ],
            [
              132.702208308,
              35.207777734
            ],
            [
              132.702242292,
              35.207777583
            ],
            [
              132.702288408,
              35.207767367
            ],
            [
              132.702318058,
              35.207770811
            ],
            [
              132.702384629,
              35.207823441
            ],
            [
              132.702402961,
              35.207861123
            ],
            [
              132.702462715,
              35.207852223
            ],
            [
              132.702501384,
              35.207843152
            ],
            [
              132.702562447,
              35.207823809
            ],
            [
              132.702604166,
              35.207807213
            ],
            [
              132.702651202,
              35.207676678
            ],
            [
              132.702637409,
              35.207671007
            ],
            [
              132.702583903,
              35.207661708
            ],
            [
              132.702491502,
              35.207627152
            ],
            [
              132.702442592,
              35.20763138
            ],
            [
              132.702384552,
              35.207639265
            ],
            [
              132.70233735,
              35.207646467000004
            ],
            [
              132.702305602,
              35.207647879
            ],
            [
              132.702255944,
              35.207634749
            ],
            [
              132.702196195,
              35.207618483
            ],
            [
              132.702130296,
              35.207609239
            ],
            [
              132.70207445,
              35.207597408
            ],
            [
              132.702045629,
              35.207572742
            ],
            [
              132.702036416,
              35.207529337
            ],
            [
              132.702015298,
              35.207641926
            ],
            [
              132.702018597,
              35.207672426
            ],
            [
              132.702026482,
              35.207689855
            ]
          ]
        ]
      },
      "properties": {
        "polygon_uuid": "cacb0aa5-0e0a-4c8b-a1c3-7135db17d12a",
        "daicho_shubetsu_cd": "FUD25"
      }
    },
    {
      "type": "Feature",
      "geometry": {
        "type": "Polygon",
        "coordinates": [
          [
            [
              132.707284985,
              35.210903401
            ],
            [
              132.707262472,
              35.210919335
            ],
            [
              132.707148756,
              35.211027534
            ],
            [
              132.7071215,
              35.21105896
            ],
            [
              132.707103938,
              35.211171738
            ],
            [
              132.707103542,
              35.211342041
            ],
            [
              132.707111768,
              35.211432163
            ],
            [
              132.707180122,
              35.211533283
            ],
            [
              132.707267624,
              35.211580161
            ],
            [
              132.707324151,
              35.211591178
            ],
            [
              132.707368339,
              35.211582215
            ],
            [
              132.707403132,
              35.21153698
            ],
            [
              132.707417999,
              35.21147806
            ],
            [
              132.707424847,
              35.211360321
            ],
            [
              132.707421074,
              35.211251396
            ],
            [
              132.707428362,
              35.211200023
            ],
            [
              132.707374034,
              35.211176793
            ],
            [
              132.707340269,
              35.211146891
            ],
            [
              132.70735533,
              35.21108816
            ],
            [
              132.707407684,
              35.211011232
            ],
            [
              132.707365215,
              35.210902987
            ],
            [
              132.707284985,
              35.210903401
            ]
          ]
        ]
      },
      "properties": {
        "polygon_uuid": "acb804fa-4661-4638-bcdc-71992cabea25",
        "daicho_shubetsu_cd": "FUD25"
      }
    },
    {
      "type": "Feature",
      "geometry": {
        "type": "Polygon",
        "coordinates": [
          [
            [
              132.704116531,
              35.208390804
            ],
            [
              132.70420859,
              35.208531059
            ],
            [
              132.704246319,
              35.208603304
            ],
            [
              132.704303407,
              35.208608334
            ],
            [
              132.704356789,
              35.208638504
            ],
            [
              132.704368404,
              35.208615924
            ],
            [
              132.704400712,
              35.208609345
            ],
            [
              132.704292671,
              35.208429597
            ],
            [
              132.704252245,
              35.208376992
            ],
            [
              132.704195338,
              35.208342353
            ],
            [
              132.704146968,
              35.208368486
            ],
            [
              132.704116531,
              35.208390804
            ]
          ]
        ]
      },
      "properties": {
        "polygon_uuid": "3b5e1449-b7c1-41f9-810d-738ff3a5eeda",
        "daicho_shubetsu_cd": "FUD25"
      }
    },
    {
      "type": "Feature",
      "geometry": {
        "type": "Polygon",
        "coordinates": [
          [
            [
              132.702979019,
              35.206636328
            ],
            [
              132.702878473,
              35.206667904
            ],
            [
              132.702836192,
              35.206679344
            ],
            [
              132.702767334,
              35.206691092
            ],
            [
              132.702651166,
              35.206693513
            ],
            [
              132.702575345,
              35.206706563
            ],
            [
              132.702503455,
              35.206728495
            ],
            [
              132.702479032,
              35.20675127
            ],
            [
              132.702540053,
              35.206843497
            ],
            [
              132.702569205,
              35.206891382
            ],
            [
              132.702581239,
              35.206872369
            ],
            [
              132.702599024,
              35.206867841
            ],
            [
              132.702678751,
              35.206859858
            ],
            [
              132.702859872,
              35.206840621
            ],
            [
              132.70290656,
              35.206832035
            ],
            [
              132.702994483,
              35.206815867
            ],
            [
              132.703046959,
              35.206803958
            ],
            [
              132.703105778,
              35.206796705
            ],
            [
              132.703144031,
              35.206779633
            ],
            [
              132.703132911,
              35.206766586
            ],
            [
              132.703065841,
              35.206696954
            ],
            [
              132.703020701,
              35.206664097
            ],
            [
              132.702979019,
              35.206636328
            ]
          ]
        ]
      },
      "properties": {
        "polygon_uuid": "6e607978-ffdc-4534-9b7f-768edd71531b",
        "daicho_shubetsu_cd": "FUD25"
      }
    },
    {
      "type": "Feature",
      "geometry": {
        "type": "Polygon",
        "coordinates": [
          [
            [
              132.696259409,
              35.215004197
            ],
            [
              132.696407813,
              35.214753784
            ],
            [
              132.696337173,
              35.214751572
            ],
            [
              132.696252309,
              35.214742157
            ],
            [
              132.69620732,
              35.214751597
            ],
            [
              132.696173365,
              35.214745322
            ],
            [
              132.696061124,
              35.215000171
            ],
            [
              132.696131255,
              35.215010875
            ],
            [
              132.69620424,
              35.215001992
            ],
            [
              132.696259409,
              35.215004197
            ]
          ]
        ]
      },
      "properties": {
        "polygon_uuid": "13bc7b31-4812-4f3b-9501-782a1beb0ed6",
        "daicho_shubetsu_cd": "FUD25"
      }
    },
    {
      "type": "Feature",
      "geometry": {
        "type": "Polygon",
        "coordinates": [
          [
            [
              132.701998993,
              35.207584651
            ],
            [
              132.702015112,
              35.207505851
            ],
            [
              132.702023218,
              35.207409939
            ],
            [
              132.702020849,
              35.207390911
            ],
            [
              132.701962561,
              35.207370626
            ],
            [
              132.701950872,
              35.20735987
            ],
            [
              132.701937546,
              35.207335772
            ],
            [
              132.701910383,
              35.207327627
            ],
            [
              132.70175231,
              35.207318154
            ],
            [
              132.701720017,
              35.207354533
            ],
            [
              132.701713503,
              35.207365268
            ],
            [
              132.701638791,
              35.207488394
            ],
            [
              132.701652049,
              35.207500754
            ],
            [
              132.701689248,
              35.207503769
            ],
            [
              132.701774535,
              35.207516741
            ],
            [
              132.701893257,
              35.207549274
            ],
            [
              132.701998993,
              35.207584651
            ]
          ]
        ]
      },
      "properties": {
        "polygon_uuid": "52330df5-0a22-400c-b403-798dca088fe3",
        "daicho_shubetsu_cd": "FUD25"
      }
    },
    {
      "type": "Feature",
      "geometry": {
        "type": "Polygon",
        "coordinates": [
          [
            [
              132.701642401,
              35.207718652
            ],
            [
              132.701547617,
              35.207700985
            ],
            [
              132.701407959,
              35.207665128
            ],
            [
              132.701359955,
              35.207653182
            ],
            [
              132.701333818,
              35.207654012
            ],
            [
              132.701307752,
              35.20766557
            ],
            [
              132.701263444,
              35.207685791
            ],
            [
              132.701213051,
              35.207708184
            ],
            [
              132.7011765,
              35.207715498
            ],
            [
              132.701139031,
              35.207715663
            ],
            [
              132.701150823,
              35.207786415
            ],
            [
              132.701197338,
              35.207836987
            ],
            [
              132.70125416,
              35.207864629
            ],
            [
              132.701303008,
              35.20787228
            ],
            [
              132.701344037,
              35.207883542
            ],
            [
              132.701398066,
              35.207884019
            ],
            [
              132.701525243,
              35.207877021
            ],
            [
              132.701592343,
              35.20787744
            ],
            [
              132.701626298,
              35.207872998
            ],
            [
              132.701642401,
              35.207718652
            ]
          ]
        ]
      },
      "properties": {
        "polygon_uuid": "5fed136f-0552-4fd4-b604-7f6bf480232b",
        "daicho_shubetsu_cd": "FUD25"
      }
    },
    {
      "type": "Feature",
      "geometry": {
        "type": "Polygon",
        "coordinates": [
          [
            [
              132.696969269,
              35.207841107
            ],
            [
              132.696975683,
              35.207826193
            ],
            [
              132.69703897,
              35.207721823
            ],
            [
              132.697103377,
              35.207620162
            ],
            [
              132.697153748,
              35.207564727
            ],
            [
              132.697176389,
              35.207535417
            ],
            [
              132.697132232,
              35.207489394
            ],
            [
              132.696946385,
              35.207410956
            ],
            [
              132.696897559,
              35.207440387
            ],
            [
              132.696854701,
              35.207464109
            ],
            [
              132.696805012,
              35.207505648
            ],
            [
              132.696724534,
              35.207632042
            ],
            [
              132.696695428,
              35.207735358
            ],
            [
              132.696718826,
              35.207771914
            ],
            [
              132.696753688,
              35.20779077
            ],
            [
              132.696758844,
              35.207820618
            ],
            [
              132.696770917,
              35.207821793
            ],
            [
              132.696969269,
              35.207841107
            ]
          ]
        ]
      },
      "properties": {
        "polygon_uuid": "776e597f-40f8-4421-9975-8430eee2504e",
        "daicho_shubetsu_cd": "FUD25"
      }
    },
    {
      "type": "Feature",
      "geometry": {
        "type": "Polygon",
        "coordinates": [
          [
            [
              132.703177916,
              35.210158158
            ],
            [
              132.703251651,
              35.210190014
            ],
            [
              132.703293009,
              35.210217992
            ],
            [
              132.703329977,
              35.210147805
            ],
            [
              132.70342847,
              35.209960803
            ],
            [
              132.703514737,
              35.209797016
            ],
            [
              132.70344417,
              35.209799742
            ],
            [
              132.703393094,
              35.209784681
            ],
            [
              132.703363594,
              35.209771134
            ],
            [
              132.703344958,
              35.209769608
            ],
            [
              132.703303101,
              35.20981485
            ],
            [
              132.703172588,
              35.210141148
            ],
            [
              132.703177916,
              35.210158158
            ]
          ]
        ]
      },
      "properties": {
        "polygon_uuid": "517d6eb8-2d00-4b70-bfd7-85eeaafeeebe",
        "daicho_shubetsu_cd": "FUD25"
      }
    },
    {
      "type": "Feature",
      "geometry": {
        "type": "Polygon",
        "coordinates": [
          [
            [
              132.702797571,
              35.209991312
            ],
            [
              132.703084264,
              35.209677297
            ],
            [
              132.703052197,
              35.209667338
            ],
            [
              132.702955051,
              35.209653285
            ],
            [
              132.702932827,
              35.209648527
            ],
            [
              132.702648177,
              35.209933239
            ],
            [
              132.702699354,
              35.209963587
            ],
            [
              132.702774202,
              35.210015553
            ],
            [
              132.702797571,
              35.209991312
            ]
          ]
        ]
      },
      "properties": {
        "polygon_uuid": "08191899-4dc6-44b1-9a58-869de20c38c7",
        "daicho_shubetsu_cd": "FUD25"
      }
    },
    {
      "type": "Feature",
      "geometry": {
        "type": "Polygon",
        "coordinates": [
          [
            [
              132.70336553,
              35.208664809
            ],
            [
              132.703259343,
              35.208727489
            ],
            [
              132.70332431,
              35.208834351
            ],
            [
              132.703453108,
              35.209050137
            ],
            [
              132.703463317,
              35.209069944
            ],
            [
              132.703557991,
              35.209059598
            ],
            [
              132.703553147,
              35.20903661
            ],
            [
              132.70353848,
              35.208893459
            ],
            [
              132.703525976,
              35.208780872
            ],
            [
              132.703511049,
              35.208747146
            ],
            [
              132.703488025,
              35.208674836
            ],
            [
              132.703454716,
              35.208678202
            ],
            [
              132.703387013,
              35.208668847
            ],
            [
              132.70336553,
              35.208664809
            ]
          ]
        ]
      },
      "properties": {
        "polygon_uuid": "362ce16b-6345-468f-8bd0-875737d6a655",
        "daicho_shubetsu_cd": "FUD25"
      }
    },
    {
      "type": "Feature",
      "geometry": {
        "type": "Polygon",
        "coordinates": [
          [
            [
              132.70126057,
              35.208335356
            ],
            [
              132.701221496,
              35.208297517
            ],
            [
              132.701217395,
              35.208270178
            ],
            [
              132.701226825,
              35.208213011
            ],
            [
              132.700614604,
              35.208123012
            ],
            [
              132.700569114,
              35.208216781
            ],
            [
              132.700517181,
              35.208370282
            ],
            [
              132.700531884,
              35.208398889
            ],
            [
              132.701052142,
              35.208393402
            ],
            [
              132.701175633,
              35.208388835
            ],
            [
              132.701200103,
              35.208383094
            ],
            [
              132.701238092,
              35.208345915
            ],
            [
              132.70126057,
              35.208335356
            ]
          ]
        ]
      },
      "properties": {
        "polygon_uuid": "7c21d226-9231-4bf3-b07b-888ca8428f20",
        "daicho_shubetsu_cd": "FUD25"
      }
    },
    {
      "type": "Feature",
      "geometry": {
        "type": "Polygon",
        "coordinates": [
          [
            [
              132.703037158,
              35.210220735
            ],
            [
              132.703011847,
              35.210268718
            ],
            [
              132.703000551,
              35.210339974
            ],
            [
              132.70300635,
              35.210472432
            ],
            [
              132.703015682,
              35.210549631
            ],
            [
              132.703054222,
              35.210653103
            ],
            [
              132.703109268,
              35.210675387
            ],
            [
              132.703186885,
              35.210695442
            ],
            [
              132.703197712,
              35.210542719
            ],
            [
              132.703184287,
              35.210513814
            ],
            [
              132.703154611,
              35.21039766
            ],
            [
              132.703136631,
              35.210347052
            ],
            [
              132.703098097,
              35.210301361
            ],
            [
              132.703103231,
              35.210279981
            ],
            [
              132.703037158,
              35.210220735
            ]
          ]
        ]
      },
      "properties": {
        "polygon_uuid": "bbc984c9-33d8-4343-b9af-8e0247f5a280",
        "daicho_shubetsu_cd": "FUD25"
      }
    },
    {
      "type": "Feature",
      "geometry": {
        "type": "Polygon",
        "coordinates": [
          [
            [
              132.702670827,
              35.209515351
            ],
            [
              132.702714975,
              35.209535551
            ],
            [
              132.702764432,
              35.209465346
            ],
            [
              132.702795169,
              35.209443486
            ],
            [
              132.702825977,
              35.209432487
            ],
            [
              132.702863131,
              35.209432945
            ],
            [
              132.702898033,
              35.209373653
            ],
            [
              132.702898189,
              35.209283003
            ],
            [
              132.702871339,
              35.209225191
            ],
            [
              132.702839864,
              35.209209239
            ],
            [
              132.702730568,
              35.209285354
            ],
            [
              132.702700363,
              35.209313648
            ],
            [
              132.702671181,
              35.209348374
            ],
            [
              132.702677174,
              35.209365245
            ],
            [
              132.702665664,
              35.209403916
            ],
            [
              132.70263125,
              35.20946001
            ],
            [
              132.702670827,
              35.209515351
            ]
          ]
        ]
      },
      "properties": {
        "polygon_uuid": "048c9d8c-09c3-4c3a-8c6a-92c566880827",
        "daicho_shubetsu_cd": "FUD25"
      }
    },
    {
      "type": "Feature",
      "geometry": {
        "type": "Polygon",
        "coordinates": [
          [
            [
              132.704195338,
              35.208342353
            ],
            [
              132.704252245,
              35.208376992
            ],
            [
              132.704292671,
              35.208429597
            ],
            [
              132.704400712,
              35.208609345
            ],
            [
              132.704427881,
              35.208620371
            ],
            [
              132.704524744,
              35.208595142
            ],
            [
              132.704510873,
              35.208498653
            ],
            [
              132.704495787,
              35.208440789
            ],
            [
              132.704464558,
              35.208387826
            ],
            [
              132.70440833,
              35.208334973
            ],
            [
              132.704369514,
              35.208311408
            ],
            [
              132.704347511,
              35.208309251
            ],
            [
              132.704272534,
              35.208311997
            ],
            [
              132.704215314,
              35.208331561
            ],
            [
              132.704195338,
              35.208342353
            ]
          ]
        ]
      },
      "properties": {
        "polygon_uuid": "550f0731-a5e7-428b-82d7-96a6e82babf7",
        "daicho_shubetsu_cd": "FUD25"
      }
    },
    {
      "type": "Feature",
      "geometry": {
        "type": "Polygon",
        "coordinates": [
          [
            [
              132.696545228,
              35.213466966
            ],
            [
              132.696269205,
              35.212739544
            ],
            [
              132.696174796,
              35.212733413
            ],
            [
              132.696175011,
              35.212824485
            ],
            [
              132.696184743,
              35.212945962
            ],
            [
              132.696205018,
              35.213039918
            ],
            [
              132.696242363,
              35.213128651
            ],
            [
              132.69628557,
              35.213201862
            ],
            [
              132.696381863,
              35.213339271
            ],
            [
              132.69649199,
              35.21347275
            ],
            [
              132.696504924,
              35.21347514
            ],
            [
              132.69652777,
              35.213473409
            ],
            [
              132.696545228,
              35.213466966
            ]
          ]
        ]
      },
      "properties": {
        "polygon_uuid": "9ac76119-5aed-44db-9d5c-994c176d3464",
        "daicho_shubetsu_cd": "FUD25"
      }
    },
    {
      "type": "Feature",
      "geometry": {
        "type": "Polygon",
        "coordinates": [
          [
            [
              132.701411867,
              35.208631031
            ],
            [
              132.701269918,
              35.208490841
            ],
            [
              132.70116306,
              35.208490507
            ],
            [
              132.700845529,
              35.208504782
            ],
            [
              132.700672164,
              35.208528076
            ],
            [
              132.700652643,
              35.208541035
            ],
            [
              132.700690046,
              35.208576179
            ],
            [
              132.700727413,
              35.208593715
            ],
            [
              132.700774521,
              35.208601552
            ],
            [
              132.700813628,
              35.208605367
            ],
            [
              132.701075362,
              35.208603407
            ],
            [
              132.701238218,
              35.208610879
            ],
            [
              132.701352006,
              35.20862164
            ],
            [
              132.701411867,
              35.208631031
            ]
          ]
        ]
      },
      "properties": {
        "polygon_uuid": "9bbaf693-7488-4517-81d4-a2ac6da868d8",
        "daicho_shubetsu_cd": "FUD25"
      }
    },
    {
      "type": "Feature",
      "geometry": {
        "type": "Polygon",
        "coordinates": [
          [
            [
              132.702572139,
              35.209883468
            ],
            [
              132.702840141,
              35.209627661
            ],
            [
              132.702809732,
              35.209618527
            ],
            [
              132.70275066,
              35.209580168
            ],
            [
              132.702717608,
              35.209553333
            ],
            [
              132.702494318,
              35.209792313
            ],
            [
              132.702507369,
              35.209838921
            ],
            [
              132.702524162,
              35.209858157
            ],
            [
              132.702552706,
              35.209875731
            ],
            [
              132.702572139,
              35.209883468
            ]
          ]
        ]
      },
      "properties": {
        "polygon_uuid": "5bdecc97-5e96-4eda-be61-a5ebe7fab599",
        "daicho_shubetsu_cd": "FUD25"
      }
    },
    {
      "type": "Feature",
      "geometry": {
        "type": "Polygon",
        "coordinates": [
          [
            [
              132.700746512,
              35.208783011
            ],
            [
              132.700813015,
              35.208798799
            ],
            [
              132.700836956,
              35.208797799
            ],
            [
              132.700883638,
              35.208778833
            ],
            [
              132.700840713,
              35.208706659
            ],
            [
              132.700787389,
              35.20870868
            ],
            [
              132.700756004,
              35.208736513
            ],
            [
              132.700741948,
              35.208750869
            ],
            [
              132.700746512,
              35.208783011
            ]
          ]
        ]
      },
      "properties": {
        "polygon_uuid": "0a07253a-fb05-49b7-8ed5-a7854234d5d5",
        "daicho_shubetsu_cd": "FUD25"
      }
    },
    {
      "type": "Feature",
      "geometry": {
        "type": "Polygon",
        "coordinates": [
          [
            [
              132.701302644,
              35.208117779
            ],
            [
              132.701293484,
              35.208116266
            ],
            [
              132.700919167,
              35.207991599
            ],
            [
              132.700870116,
              35.207986183
            ],
            [
              132.70081524,
              35.207989644
            ],
            [
              132.700746752,
              35.20801006
            ],
            [
              132.700709617,
              35.208027925
            ],
            [
              132.700660782,
              35.208055496
            ],
            [
              132.70062414,
              35.208103356
            ],
            [
              132.700614604,
              35.208123012
            ],
            [
              132.701226825,
              35.208213011
            ],
            [
              132.701244451,
              35.208178824
            ],
            [
              132.701257718,
              35.208166244
            ],
            [
              132.701271731,
              35.208152957
            ],
            [
              132.701302644,
              35.208117779
            ]
          ]
        ]
      },
      "properties": {
        "polygon_uuid": "0df23589-f3e6-4c6c-96a7-a99cc0d8aa70",
        "daicho_shubetsu_cd": "FUD25"
      }
    },
    {
      "type": "Feature",
      "geometry": {
        "type": "Polygon",
        "coordinates": [
          [
            [
              132.696742612,
              35.214578852
            ],
            [
              132.696736474,
              35.214551966
            ],
            [
              132.69671634,
              35.214512092
            ],
            [
              132.696682345,
              35.214480433
            ],
            [
              132.696622557,
              35.214455413
            ],
            [
              132.696572955,
              35.214468679
            ],
            [
              132.696579336,
              35.21453308
            ],
            [
              132.696604953,
              35.21465204
            ],
            [
              132.696642657,
              35.214642904
            ],
            [
              132.696697271,
              35.214636141
            ],
            [
              132.696734858,
              35.214609062
            ],
            [
              132.696742612,
              35.214578852
            ]
          ]
        ]
      },
      "properties": {
        "polygon_uuid": "7b51a9db-e08a-46cf-80a8-ab9d769e8fab",
        "daicho_shubetsu_cd": "FUD25"
      }
    },
    {
      "type": "Feature",
      "geometry": {
        "type": "Polygon",
        "coordinates": [
          [
            [
              132.707421741,
              35.210548
            ],
            [
              132.707432795,
              35.2106043
            ],
            [
              132.70768551,
              35.21089139
            ],
            [
              132.707777265,
              35.210912462
            ],
            [
              132.7078801,
              35.210774259
            ],
            [
              132.707829228,
              35.210695597
            ],
            [
              132.707789194,
              35.210640679
            ],
            [
              132.707709425,
              35.21057592
            ],
            [
              132.707577316,
              35.210441272
            ],
            [
              132.70751569,
              35.210351387
            ],
            [
              132.707492696,
              35.210335212
            ],
            [
              132.707460707,
              35.210342868
            ],
            [
              132.70743802,
              35.210373022
            ],
            [
              132.707393712,
              35.210500258
            ],
            [
              132.707421741,
              35.210548
            ]
          ]
        ]
      },
      "properties": {
        "polygon_uuid": "45f70fd2-cdec-4a33-93be-adaa1685a205",
        "daicho_shubetsu_cd": "FUD25"
      }
    },
    {
      "type": "Feature",
      "geometry": {
        "type": "Polygon",
        "coordinates": [
          [
            [
              132.703163159,
              35.211908702
            ],
            [
              132.702892849,
              35.211373389
            ],
            [
              132.702815139,
              35.21139784
            ],
            [
              132.702761427,
              35.211429457
            ],
            [
              132.702755619,
              35.211440746
            ],
            [
              132.70279056,
              35.211536338
            ],
            [
              132.702804623,
              35.211587768
            ],
            [
              132.702812931,
              35.211658535
            ],
            [
              132.70282896,
              35.211706676
            ],
            [
              132.702854078,
              35.211724668
            ],
            [
              132.702873273,
              35.211736652
            ],
            [
              132.702889607,
              35.211760718
            ],
            [
              132.702901712,
              35.211812559
            ],
            [
              132.702901942,
              35.211847558
            ],
            [
              132.702888978,
              35.211888649
            ],
            [
              132.702909731,
              35.211913902
            ],
            [
              132.702964283,
              35.211935384
            ],
            [
              132.703056226,
              35.211939154
            ],
            [
              132.70314289,
              35.211924287
            ],
            [
              132.703163159,
              35.211908702
            ]
          ]
        ]
      },
      "properties": {
        "polygon_uuid": "0ba210e6-8393-4aee-bbd2-aed92ccdb861",
        "daicho_shubetsu_cd": "FUD25"
      }
    },
    {
      "type": "Feature",
      "geometry": {
        "type": "Polygon",
        "coordinates": [
          [
            [
              132.7081386,
              35.211126442
            ],
            [
              132.708128915,
              35.211112883
            ],
            [
              132.70812166,
              35.211102726
            ],
            [
              132.708034668,
              35.211099359
            ],
            [
              132.707863671,
              35.211082592
            ],
            [
              132.707776738,
              35.21108799
            ],
            [
              132.707760629,
              35.211091421
            ],
            [
              132.707853158,
              35.211452667
            ],
            [
              132.708023868,
              35.21131103
            ],
            [
              132.708072375,
              35.21126323
            ],
            [
              132.7081386,
              35.211126442
            ]
          ]
        ]
      },
      "properties": {
        "polygon_uuid": "00bd11f7-63d6-4fff-92cf-b642b81f1d72",
        "daicho_shubetsu_cd": "FUD25"
      }
    },
    {
      "type": "Feature",
      "geometry": {
        "type": "Polygon",
        "coordinates": [
          [
            [
              132.700935574,
              35.208784772
            ],
            [
              132.701002564,
              35.208767653
            ],
            [
              132.701043695,
              35.208761035
            ],
            [
              132.701086999,
              35.208763181
            ],
            [
              132.701118224,
              35.208764729
            ],
            [
              132.701188932,
              35.208783727
            ],
            [
              132.701223347,
              35.208799666
            ],
            [
              132.701276474,
              35.208828397
            ],
            [
              132.701332503,
              35.208851483
            ],
            [
              132.701400212,
              35.208861643
            ],
            [
              132.701468938,
              35.208877432
            ],
            [
              132.701492466,
              35.208877327
            ],
            [
              132.70151886,
              35.208865947
            ],
            [
              132.70153534600001,
              35.208838518
            ],
            [
              132.701539019,
              35.208800686
            ],
            [
              132.701517289,
              35.20877584
            ],
            [
              132.701490102,
              35.208755543
            ],
            [
              132.701444217,
              35.208709884
            ],
            [
              132.701407313,
              35.208688323
            ],
            [
              132.701346695,
              35.208667664
            ],
            [
              132.70117759,
              35.208645328
            ],
            [
              132.700945196,
              35.208636699
            ],
            [
              132.700879002,
              35.20863337
            ],
            [
              132.700824958,
              35.208659745
            ],
            [
              132.700935574,
              35.208784772
            ]
          ]
        ]
      },
      "properties": {
        "polygon_uuid": "94c43460-36cf-4130-a8b1-ba1e28de112f",
        "daicho_shubetsu_cd": "FUD25"
      }
    },
    {
      "type": "Feature",
      "geometry": {
        "type": "Polygon",
        "coordinates": [
          [
            [
              132.703470616,
              35.213060081
            ],
            [
              132.703433899,
              35.213067132
            ],
            [
              132.703406168,
              35.213095514
            ],
            [
              132.703377466,
              35.213117789
            ],
            [
              132.70332376,
              35.213158504
            ],
            [
              132.703277346,
              35.213176276
            ],
            [
              132.703280561,
              35.213240414
            ],
            [
              132.703306697,
              35.213252518
            ],
            [
              132.703329724,
              35.21335781
            ],
            [
              132.703313291,
              35.213405998
            ],
            [
              132.703370986,
              35.213405742
            ],
            [
              132.703407328,
              35.213413218
            ],
            [
              132.70341175,
              35.213378067
            ],
            [
              132.703448591,
              35.213319861
            ],
            [
              132.703506895,
              35.213270724
            ],
            [
              132.703534515,
              35.213225541
            ],
            [
              132.703539726,
              35.213169003
            ],
            [
              132.703529469,
              35.213094187
            ],
            [
              132.703470616,
              35.213060081
            ]
          ]
        ]
      },
      "properties": {
        "polygon_uuid": "600e1adb-2488-4840-97fc-bc5c4fba500c",
        "daicho_shubetsu_cd": "FUD25"
      }
    },
    {
      "type": "Feature",
      "geometry": {
        "type": "Polygon",
        "coordinates": [
          [
            [
              132.696169714,
              35.213772647
            ],
            [
              132.696180924,
              35.213734009
            ],
            [
              132.696203092,
              35.213704553
            ],
            [
              132.696243045,
              35.213659114
            ],
            [
              132.696291972,
              35.21361853
            ],
            [
              132.696335048,
              35.213595098
            ],
            [
              132.696397527,
              35.213575251
            ],
            [
              132.696456098,
              35.213565165
            ],
            [
              132.696454002,
              35.213549314
            ],
            [
              132.696198376,
              35.213207896
            ],
            [
              132.696133037,
              35.213246105
            ],
            [
              132.696144551,
              35.21341243
            ],
            [
              132.696144021,
              35.213579133
            ],
            [
              132.696136913,
              35.213708839
            ],
            [
              132.696159119,
              35.213761753
            ],
            [
              132.696169714,
              35.213772647
            ]
          ]
        ]
      },
      "properties": {
        "polygon_uuid": "359a43b0-6dcb-4ad6-a0ab-bdfd4119ecdd",
        "daicho_shubetsu_cd": "FUD25"
      }
    },
    {
      "type": "Feature",
      "geometry": {
        "type": "Polygon",
        "coordinates": [
          [
            [
              132.696720097,
              35.213402429
            ],
            [
              132.696682349,
              35.213306163
            ],
            [
              132.696615833,
              35.213163323
            ],
            [
              132.696577487,
              35.212997116
            ],
            [
              132.696519342,
              35.212766159
            ],
            [
              132.696280675,
              35.21274029
            ],
            [
              132.696269205,
              35.212739544
            ],
            [
              132.696545228,
              35.213466966
            ],
            [
              132.696720097,
              35.213402429
            ]
          ]
        ]
      },
      "properties": {
        "polygon_uuid": "8244effa-65dd-4f82-8712-c086cdc37156",
        "daicho_shubetsu_cd": "FUD25"
      }
    },
    {
      "type": "Feature",
      "geometry": {
        "type": "Polygon",
        "coordinates": [
          [
            [
              132.702491502,
              35.207627152
            ],
            [
              132.702411594,
              35.207607798
            ],
            [
              132.702396049,
              35.207599602
            ],
            [
              132.702429751,
              35.207423994
            ],
            [
              132.702425728,
              35.207401126
            ],
            [
              132.70238989,
              35.207369498
            ],
            [
              132.702380654,
              35.207337063
            ],
            [
              132.702330615,
              35.207324888
            ],
            [
              132.702301632,
              35.207334552
            ],
            [
              132.702232318,
              35.207394934
            ],
            [
              132.702166283,
              35.207423834
            ],
            [
              132.702080364,
              35.207432796
            ],
            [
              132.702068922,
              35.207459547
            ],
            [
              132.702042345,
              35.207466255
            ],
            [
              132.702036416,
              35.207529337
            ],
            [
              132.702045629,
              35.207572742
            ],
            [
              132.70207445,
              35.207597408
            ],
            [
              132.702130296,
              35.207609239
            ],
            [
              132.702196195,
              35.207618483
            ],
            [
              132.702255944,
              35.207634749
            ],
            [
              132.702305602,
              35.207647879
            ],
            [
              132.70233735,
              35.207646467000004
            ],
            [
              132.702384552,
              35.207639265
            ],
            [
              132.702442592,
              35.20763138
            ],
            [
              132.702491502,
              35.207627152
            ]
          ]
        ]
      },
      "properties": {
        "polygon_uuid": "a4ab343e-ad42-47bd-8f9f-c34971c3a547",
        "daicho_shubetsu_cd": "FUD25"
      }
    },
    {
      "type": "Feature",
      "geometry": {
        "type": "Polygon",
        "coordinates": [
          [
            [
              132.702943138,
              35.206612424
            ],
            [
              132.702907896,
              35.206588945
            ],
            [
              132.702808434,
              35.206540435
            ],
            [
              132.702775886,
              35.206538036
            ],
            [
              132.70272012,
              35.206538283
            ],
            [
              132.702679819,
              35.206534647
            ],
            [
              132.702645673,
              35.206524627
            ],
            [
              132.702592812,
              35.206495618
            ],
            [
              132.702544737,
              35.206487566
            ],
            [
              132.702455806,
              35.206479642
            ],
            [
              132.702391196,
              35.206548586
            ],
            [
              132.702398317,
              35.206571441
            ],
            [
              132.702431136,
              35.20661516
            ],
            [
              132.702461781,
              35.206681776
            ],
            [
              132.702479032,
              35.20675127
            ],
            [
              132.702503455,
              35.206728495
            ],
            [
              132.702575345,
              35.206706563
            ],
            [
              132.702651166,
              35.206693513
            ],
            [
              132.702767334,
              35.206691092
            ],
            [
              132.702836192,
              35.206679344
            ],
            [
              132.702878473,
              35.206667904
            ],
            [
              132.702861299,
              35.206647636
            ],
            [
              132.702943138,
              35.206612424
            ]
          ]
        ]
      },
      "properties": {
        "polygon_uuid": "63657d76-996f-4632-bf13-c5eaf160d19f",
        "daicho_shubetsu_cd": "FUD25"
      }
    },
    {
      "type": "Feature",
      "geometry": {
        "type": "Polygon",
        "coordinates": [
          [
            [
              132.700693282,
              35.208633158
            ],
            [
              132.700689912,
              35.208617092
            ],
            [
              132.70068139,
              35.208597157
            ],
            [
              132.700640006,
              35.208565156
            ],
            [
              132.700606645,
              35.208560476
            ],
            [
              132.700575307,
              35.208565442
            ],
            [
              132.700524463,
              35.20858578
            ],
            [
              132.700443483,
              35.208644872
            ],
            [
              132.700402695,
              35.208703786
            ],
            [
              132.700395342,
              35.208778645
            ],
            [
              132.700392842,
              35.208797971
            ],
            [
              132.700421313,
              35.208823754
            ],
            [
              132.700464694,
              35.208799442
            ],
            [
              132.700510375,
              35.20879388
            ],
            [
              132.700538296,
              35.208735687
            ],
            [
              132.700564185,
              35.208699837
            ],
            [
              132.700606507,
              35.208679996
            ],
            [
              132.700692328,
              35.20865371
            ],
            [
              132.700693282,
              35.208633158
            ]
          ]
        ]
      },
      "properties": {
        "polygon_uuid": "dead461f-908f-4468-917d-c93b6471bd58",
        "daicho_shubetsu_cd": "FUD25"
      }
    },
    {
      "type": "Feature",
      "geometry": {
        "type": "Polygon",
        "coordinates": [
          [
            [
              132.7015162,
              35.208368677
            ],
            [
              132.701517048,
              35.208348559
            ],
            [
              132.701610982,
              35.208321593
            ],
            [
              132.701601326,
              35.208293163
            ],
            [
              132.701526042,
              35.208259724
            ],
            [
              132.701337721,
              35.208176079
            ],
            [
              132.70130534,
              35.208171395
            ],
            [
              132.701257718,
              35.208166244
            ],
            [
              132.701244451,
              35.208178824
            ],
            [
              132.701226825,
              35.208213011
            ],
            [
              132.701217395,
              35.208270178
            ],
            [
              132.701221496,
              35.208297517
            ],
            [
              132.70126057,
              35.208335356
            ],
            [
              132.701342999,
              35.208347866
            ],
            [
              132.701468624,
              35.20836984
            ],
            [
              132.7015162,
              35.208368677
            ]
          ]
        ]
      },
      "properties": {
        "polygon_uuid": "b50d0d6b-66f8-4ec9-8af6-cce3a3737df8",
        "daicho_shubetsu_cd": "FUD25"
      }
    },
    {
      "type": "Feature",
      "geometry": {
        "type": "Polygon",
        "coordinates": [
          [
            [
              132.707761365,
              35.211028234
            ],
            [
              132.707790302,
              35.211037625
            ],
            [
              132.708007063,
              35.211052935
            ],
            [
              132.707997401,
              35.210976593
            ],
            [
              132.708004939,
              35.210962785
            ],
            [
              132.707999222,
              35.210791257
            ],
            [
              132.707919885,
              35.210791613
            ],
            [
              132.7078801,
              35.210774259
            ],
            [
              132.707777265,
              35.210912462
            ],
            [
              132.707761365,
              35.211028234
            ]
          ]
        ]
      },
      "properties": {
        "polygon_uuid": "7f5149de-da96-4e6d-a3d1-d291e003245d",
        "daicho_shubetsu_cd": "FUD25"
      }
    },
    {
      "type": "Feature",
      "geometry": {
        "type": "Polygon",
        "coordinates": [
          [
            [
              132.702648177,
              35.209933239
            ],
            [
              132.702932827,
              35.209648527
            ],
            [
              132.70285197,
              35.209631214
            ],
            [
              132.702840141,
              35.209627661
            ],
            [
              132.702572139,
              35.209883468
            ],
            [
              132.702612664,
              35.209899604
            ],
            [
              132.702648177,
              35.209933239
            ]
          ]
        ]
      },
      "properties": {
        "polygon_uuid": "afb404dc-68d0-4a47-896c-d3acadeed5bd",
        "daicho_shubetsu_cd": "FUD25"
      }
    },
    {
      "type": "Feature",
      "geometry": {
        "type": "Polygon",
        "coordinates": [
          [
            [
              132.70136032,
              35.209278164
            ],
            [
              132.701306408,
              35.209273489
            ],
            [
              132.701275368,
              35.209270945
            ],
            [
              132.70125409,
              35.209262999
            ],
            [
              132.701201278,
              35.209260105
            ],
            [
              132.701170837,
              35.209266047
            ],
            [
              132.701101985,
              35.209306999
            ],
            [
              132.701044295,
              35.209307254
            ],
            [
              132.700999804,
              35.209328444
            ],
            [
              132.700933064,
              35.209359561
            ],
            [
              132.700885741,
              35.20936379
            ],
            [
              132.700882658,
              35.209378625
            ],
            [
              132.70085417,
              35.209419516
            ],
            [
              132.700863327,
              35.209431786
            ],
            [
              132.700937254,
              35.209417612
            ],
            [
              132.701000322,
              35.209407507
            ],
            [
              132.701043295,
              35.209403744
            ],
            [
              132.701104028,
              35.209369527
            ],
            [
              132.701142666,
              35.209368909
            ],
            [
              132.701187836,
              35.209368264
            ],
            [
              132.701220953,
              35.20935561
            ],
            [
              132.701255814,
              35.209359923
            ],
            [
              132.701289923,
              35.209332525
            ],
            [
              132.701311561,
              35.209312328
            ],
            [
              132.70136032,
              35.209278164
            ]
          ]
        ]
      },
      "properties": {
        "polygon_uuid": "9c23d519-37b7-4d7e-8ba9-d6120d412238",
        "daicho_shubetsu_cd": "FUD25"
      }
    },
    {
      "type": "Feature",
      "geometry": {
        "type": "Polygon",
        "coordinates": [
          [
            [
              132.704369514,
              35.208311408
            ],
            [
              132.70440833,
              35.208334973
            ],
            [
              132.704464558,
              35.208387826
            ],
            [
              132.704495787,
              35.208440789
            ],
            [
              132.704510873,
              35.208498653
            ],
            [
              132.704524744,
              35.208595142
            ],
            [
              132.704524946,
              35.208625856
            ],
            [
              132.704690755,
              35.208568515
            ],
            [
              132.704699148,
              35.208503307
            ],
            [
              132.704691525,
              35.208462306
            ],
            [
              132.704678021,
              35.208421332
            ],
            [
              132.704654116,
              35.208360064
            ],
            [
              132.704623237,
              35.208359651
            ],
            [
              132.704582001,
              35.208350179
            ],
            [
              132.704536807,
              35.208335093
            ],
            [
              132.704406368,
              35.208315024
            ],
            [
              132.704369514,
              35.208311408
            ]
          ]
        ]
      },
      "properties": {
        "polygon_uuid": "5cdffa16-21de-4143-8b0f-d98e24972af8",
        "daicho_shubetsu_cd": "FUD25"
      }
    },
    {
      "type": "Feature",
      "geometry": {
        "type": "Polygon",
        "coordinates": [
          [
            [
              132.702494886,
              35.211273137
            ],
            [
              132.702506183,
              35.211301516
            ],
            [
              132.702523355,
              35.211328795
            ],
            [
              132.70254376,
              35.211350697
            ],
            [
              132.702583125,
              35.211373587
            ],
            [
              132.702617857,
              35.211385666
            ],
            [
              132.702673475,
              35.211395612
            ],
            [
              132.702729038,
              35.211396974
            ],
            [
              132.702773412,
              35.211386587
            ],
            [
              132.702798851,
              35.211378964
            ],
            [
              132.702855601,
              35.211362085
            ],
            [
              132.702911705,
              35.211346281
            ],
            [
              132.70299839,
              35.211309959
            ],
            [
              132.70313399,
              35.211257865
            ],
            [
              132.703075665,
              35.21123617
            ],
            [
              132.703035264,
              35.21120497
            ],
            [
              132.703013608,
              35.211191388
            ],
            [
              132.702988951,
              35.211168969
            ],
            [
              132.702920154,
              35.211142722
            ],
            [
              132.70288871,
              35.211131598
            ],
            [
              132.702810256,
              35.211140088
            ],
            [
              132.702776034,
              35.211153917
            ],
            [
              132.702743799,
              35.211171761
            ],
            [
              132.702725359,
              35.211200003
            ],
            [
              132.702684333,
              35.211222713
            ],
            [
              132.702634453,
              35.211240635
            ],
            [
              132.702588415,
              35.211246471
            ],
            [
              132.702554203,
              35.21126191
            ],
            [
              132.702524894,
              35.211277327
            ],
            [
              132.702494886,
              35.211273137
            ]
          ]
        ]
      },
      "properties": {
        "polygon_uuid": "1164b6b3-49e9-4706-b171-dbf309ae5ef5",
        "daicho_shubetsu_cd": "FUD25"
      }
    },
    {
      "type": "Feature",
      "geometry": {
        "type": "Polygon",
        "coordinates": [
          [
            [
              132.701800412,
              35.208682417
            ],
            [
              132.701811593,
              35.208645074
            ],
            [
              132.701800872,
              35.20857995
            ],
            [
              132.701723792,
              35.208486154
            ],
            [
              132.701598397,
              35.208420319
            ],
            [
              132.701554189,
              35.208406032
            ],
            [
              132.701504289,
              35.208420735
            ],
            [
              132.701423684,
              35.208462125
            ],
            [
              132.701326658,
              35.208472889
            ],
            [
              132.701269918,
              35.208490841
            ],
            [
              132.701411867,
              35.208631031
            ],
            [
              132.701431557,
              35.208643818
            ],
            [
              132.701615069,
              35.208822429
            ],
            [
              132.701628894,
              35.208837656
            ],
            [
              132.701649517,
              35.208843196
            ],
            [
              132.701674014,
              35.208841479
            ],
            [
              132.701689583,
              35.20882371
            ],
            [
              132.701730396,
              35.208768817
            ],
            [
              132.701800412,
              35.208682417
            ]
          ]
        ]
      },
      "properties": {
        "polygon_uuid": "08e3d0e8-54bb-492a-b196-e2ce7607983b",
        "daicho_shubetsu_cd": "FUD25"
      }
    },
    {
      "type": "Feature",
      "geometry": {
        "type": "Polygon",
        "coordinates": [
          [
            [
              132.704526309,
              35.215388527
            ],
            [
              132.704566127,
              35.215351762
            ],
            [
              132.704650065,
              35.215206237
            ],
            [
              132.704478085,
              35.215089717
            ],
            [
              132.704265404,
              35.214990948
            ],
            [
              132.704221644,
              35.215039511
            ],
            [
              132.704191252,
              35.21510151
            ],
            [
              132.704255026,
              35.21514044
            ],
            [
              132.704519525,
              35.215339768
            ],
            [
              132.704529107,
              35.215362176
            ],
            [
              132.704526309,
              35.215388527
            ]
          ]
        ]
      },
      "properties": {
        "polygon_uuid": "d4e9047b-4fb3-4c6f-b963-e610377bf366",
        "daicho_shubetsu_cd": "FUD25"
      }
    },
    {
      "type": "Feature",
      "geometry": {
        "type": "Polygon",
        "coordinates": [
          [
            [
              132.70288871,
              35.211131598
            ],
            [
              132.702905917,
              35.211064741
            ],
            [
              132.702875208,
              35.211016601
            ],
            [
              132.702842487,
              35.210960425
            ],
            [
              132.70283047,
              35.210921859
            ],
            [
              132.702645772,
              35.21086643
            ],
            [
              132.702674758,
              35.210917927
            ],
            [
              132.702689963,
              35.210993893
            ],
            [
              132.702710851,
              35.211080989
            ],
            [
              132.702718863,
              35.2111067
            ],
            [
              132.702743799,
              35.211171761
            ],
            [
              132.702776034,
              35.211153917
            ],
            [
              132.702810256,
              35.211140088
            ],
            [
              132.70288871,
              35.211131598
            ]
          ]
        ]
      },
      "properties": {
        "polygon_uuid": "86163604-a8ba-4c02-a7b8-e755bc5e8b53",
        "daicho_shubetsu_cd": "FUD25"
      }
    },
    {
      "type": "Feature",
      "geometry": {
        "type": "Polygon",
        "coordinates": [
          [
            [
              132.702425364,
              35.210785551
            ],
            [
              132.702392537,
              35.210788005
            ],
            [
              132.702381021,
              35.210825871
            ],
            [
              132.702387162,
              35.210865269
            ],
            [
              132.702396376,
              35.210897227
            ],
            [
              132.702390653,
              35.21092139
            ],
            [
              132.702349693,
              35.210954157
            ],
            [
              132.702335954,
              35.211001668
            ],
            [
              132.702346891,
              35.211024953
            ],
            [
              132.702370641,
              35.21105864
            ],
            [
              132.70242672,
              35.211088966
            ],
            [
              132.702483902,
              35.211137792
            ],
            [
              132.702492304,
              35.211223042
            ],
            [
              132.702494886,
              35.211273137
            ],
            [
              132.702524894,
              35.211277327
            ],
            [
              132.702554203,
              35.21126191
            ],
            [
              132.702588415,
              35.211246471
            ],
            [
              132.702634453,
              35.211240635
            ],
            [
              132.702684333,
              35.211222713
            ],
            [
              132.702725359,
              35.211200003
            ],
            [
              132.702743799,
              35.211171761
            ],
            [
              132.702718863,
              35.2111067
            ],
            [
              132.702710851,
              35.211080989
            ],
            [
              132.702689963,
              35.210993893
            ],
            [
              132.702674758,
              35.210917927
            ],
            [
              132.702645772,
              35.21086643
            ],
            [
              132.702523996,
              35.210829884
            ],
            [
              132.702425364,
              35.210785551
            ]
          ]
        ]
      },
      "properties": {
        "polygon_uuid": "1d8f1f49-8de3-401f-af98-e7c5fb02c9c5",
        "daicho_shubetsu_cd": "FUD25"
      }
    },
    {
      "type": "Feature",
      "geometry": {
        "type": "Polygon",
        "coordinates": [
          [
            [
              132.707210443,
              35.211678359
            ],
            [
              132.707199249,
              35.211600772
            ],
            [
              132.707088931,
              35.21153114
            ],
            [
              132.706949591,
              35.21145663
            ],
            [
              132.706861024,
              35.211445755
            ],
            [
              132.706650549,
              35.211457964
            ],
            [
              132.706597131,
              35.211469177
            ],
            [
              132.706649337,
              35.211505553
            ],
            [
              132.706678708,
              35.211563024
            ],
            [
              132.706697216,
              35.211592995
            ],
            [
              132.706738717,
              35.211639141
            ],
            [
              132.706806265,
              35.21170145
            ],
            [
              132.706824722,
              35.211723908
            ],
            [
              132.7068361,
              35.211829044
            ],
            [
              132.706839399,
              35.211866595
            ],
            [
              132.706882253,
              35.211886439
            ],
            [
              132.706954445,
              35.211888848
            ],
            [
              132.706961567,
              35.211882328
            ],
            [
              132.707136926,
              35.211866519
            ],
            [
              132.707173495,
              35.211858843
            ],
            [
              132.707210443,
              35.211678359
            ]
          ]
        ]
      },
      "properties": {
        "polygon_uuid": "c7b231bf-4f7e-4e44-9214-eeb42b13d605",
        "daicho_shubetsu_cd": "FUD25"
      }
    },
    {
      "type": "Feature",
      "geometry": {
        "type": "Polygon",
        "coordinates": [
          [
            [
              132.702864601,
              35.210871731
            ],
            [
              132.702978862,
              35.21098336
            ],
            [
              132.703049619,
              35.211158446
            ],
            [
              132.703066554,
              35.211199405
            ],
            [
              132.703090225,
              35.211221024
            ],
            [
              132.703114771,
              35.211226546
            ],
            [
              132.703142246,
              35.211230448
            ],
            [
              132.703179482,
              35.211227869
            ],
            [
              132.703218632,
              35.211218041
            ],
            [
              132.703186733,
              35.211137724
            ],
            [
              132.703162193,
              35.211133005
            ],
            [
              132.703135469,
              35.211094503
            ],
            [
              132.70315488,
              35.211064648
            ],
            [
              132.703097265,
              35.210980747
            ],
            [
              132.703077737,
              35.210918076
            ],
            [
              132.703019442,
              35.210774715
            ],
            [
              132.702955101,
              35.210606038
            ],
            [
              132.702937408,
              35.210598875
            ],
            [
              132.702892117,
              35.210612525
            ],
            [
              132.702802957,
              35.210726817
            ],
            [
              132.702794467,
              35.210777544
            ],
            [
              132.702813885,
              35.210823319
            ],
            [
              132.702864601,
              35.210871731
            ]
          ]
        ]
      },
      "properties": {
        "polygon_uuid": "f2d59687-7649-427e-985e-f0fa351f7333",
        "daicho_shubetsu_cd": "FUD25"
      }
    },
    {
      "type": "Feature",
      "geometry": {
        "type": "Polygon",
        "coordinates": [
          [
            [
              132.700571418,
              35.208519602
            ],
            [
              132.700590803,
              35.20849927
            ],
            [
              132.700559679,
              35.208461994
            ],
            [
              132.700490991,
              35.208414626
            ],
            [
              132.700444075,
              35.208548193
            ],
            [
              132.700474412,
              35.208577627
            ],
            [
              132.700518384,
              35.20855571
            ],
            [
              132.700571418,
              35.208519602
            ]
          ]
        ]
      },
      "properties": {
        "polygon_uuid": "8f43a30e-43a1-4170-87e1-f455056b8bf0",
        "daicho_shubetsu_cd": "FUD25"
      }
    },
    {
      "type": "Feature",
      "geometry": {
        "type": "Polygon",
        "coordinates": [
          [
            [
              132.70283047,
              35.210921859
            ],
            [
              132.702864601,
              35.210871731
            ],
            [
              132.702813885,
              35.210823319
            ],
            [
              132.702794467,
              35.210777544
            ],
            [
              132.702802957,
              35.210726817
            ],
            [
              132.702892117,
              35.210612525
            ],
            [
              132.702884574,
              35.210614799
            ],
            [
              132.702831795,
              35.210639169
            ],
            [
              132.702751086,
              35.210664871
            ],
            [
              132.702666575,
              35.21078352
            ],
            [
              132.702633744,
              35.210836027
            ],
            [
              132.70283047,
              35.210921859
            ]
          ]
        ]
      },
      "properties": {
        "polygon_uuid": "976609e2-6189-4354-8c3c-f549176c58a7",
        "daicho_shubetsu_cd": "FUD25"
      }
    },
    {
      "type": "Feature",
      "geometry": {
        "type": "Polygon",
        "coordinates": [
          [
            [
              132.703163159,
              35.211908702
            ],
            [
              132.703202879,
              35.21187816
            ],
            [
              132.703259998,
              35.211842908
            ],
            [
              132.703319892,
              35.211782298
            ],
            [
              132.703104328,
              35.211318323
            ],
            [
              132.703074343,
              35.2113067
            ],
            [
              132.702926668,
              35.211362749
            ],
            [
              132.702892849,
              35.211373389
            ],
            [
              132.703163159,
              35.211908702
            ]
          ]
        ]
      },
      "properties": {
        "polygon_uuid": "8ad4e363-c07b-46f6-b310-faa0b2e2445f",
        "daicho_shubetsu_cd": "FUD25"
      }
    },
    {
      "type": "Feature",
      "geometry": {
        "type": "Polygon",
        "coordinates": [
          [
            [
              132.703186885,
              35.210695442
            ],
            [
              132.703177743,
              35.210753461
            ],
            [
              132.703233195,
              35.210843713
            ],
            [
              132.703254364,
              35.210820296
            ],
            [
              132.703288105,
              35.210783135
            ],
            [
              132.703322376,
              35.210727199
            ],
            [
              132.703335673,
              35.210662236
            ],
            [
              132.703328019,
              35.210591467
            ],
            [
              132.703284363,
              35.210562707
            ],
            [
              132.703197712,
              35.210542719
            ],
            [
              132.703186885,
              35.210695442
            ]
          ]
        ]
      },
      "properties": {
        "polygon_uuid": "1ebac93c-ce86-491b-907a-fb0ab6160798",
        "daicho_shubetsu_cd": "FUD25"
      }
    },
    {
      "type": "Feature",
      "geometry": {
        "type": "Polygon",
        "coordinates": [
          [
            [
              132.703223726,
              35.206946944
            ],
            [
              132.702989281,
              35.206937233
            ],
            [
              132.70282162,
              35.206930289
            ],
            [
              132.702772823,
              35.206930506
            ],
            [
              132.702742671,
              35.206938904
            ],
            [
              132.702705548,
              35.206947332
            ],
            [
              132.702676149,
              35.206952548
            ],
            [
              132.702642307,
              35.206988934
            ],
            [
              132.702638551,
              35.207006751
            ],
            [
              132.702641034,
              35.207030897
            ],
            [
              132.702889102,
              35.207180465
            ],
            [
              132.702932593,
              35.207198072
            ],
            [
              132.702965123,
              35.207197928
            ],
            [
              132.70299984,
              35.207176796
            ],
            [
              132.703057064,
              35.207162556
            ],
            [
              132.703135263,
              35.20715776
            ],
            [
              132.703194141,
              35.207159406
            ],
            [
              132.703244469,
              35.20715664
            ],
            [
              132.703294693,
              35.207137982
            ],
            [
              132.703304691,
              35.20712713
            ],
            [
              132.703288699,
              35.207050914
            ],
            [
              132.703272262,
              35.207024923
            ],
            [
              132.703242948,
              35.206977827
            ],
            [
              132.703223726,
              35.206946944
            ]
          ]
        ]
      },
      "properties": {
        "polygon_uuid": "d482f357-0d91-4831-bcef-fe382f14a3d9",
        "daicho_shubetsu_cd": "FUD25"
      }
    },
    {
      "type": "Feature",
      "geometry": {
        "type": "Polygon",
        "coordinates": [
          [
            [
              132.702270833,
              35.208447699
            ],
            [
              132.702263369,
              35.208356008
            ],
            [
              132.70218243,
              35.208271886
            ],
            [
              132.702091448,
              35.208300448
            ],
            [
              132.702075879,
              35.208318218
            ],
            [
              132.702073107,
              35.208343977
            ],
            [
              132.702086137,
              35.208387367
            ],
            [
              132.702100995,
              35.208410634
            ],
            [
              132.702127589,
              35.208429827
            ],
            [
              132.702179713,
              35.208455343
            ],
            [
              132.702270833,
              35.208447699
            ]
          ]
        ]
      },
      "properties": {
        "polygon_uuid": "2325621f-b244-4242-905a-fe81d5a5be7a",
        "daicho_shubetsu_cd": "FUD25"
      }
    },
    {
      "type": "Feature",
      "geometry": {
        "type": "Polygon",
        "coordinates": [
          [
            [
              132.711471361,
              35.21700454
            ],
            [
              132.711279825,
              35.216881557
            ],
            [
              132.711228808,
              35.21687003
            ],
            [
              132.711179523,
              35.216879395
            ],
            [
              132.711100307,
              35.216935926
            ],
            [
              132.710986597,
              35.217074381
            ],
            [
              132.710884302,
              35.217214959
            ],
            [
              132.710873149,
              35.217234423
            ],
            [
              132.711055253,
              35.217307749
            ],
            [
              132.711084415,
              35.217224881
            ],
            [
              132.711130504,
              35.217134098
            ],
            [
              132.711183297,
              35.217093799
            ],
            [
              132.711270102,
              35.217061185
            ],
            [
              132.711379251,
              35.217037179
            ],
            [
              132.711423758,
              35.217027398
            ],
            [
              132.711471361,
              35.21700454
            ]
          ]
        ]
      },
      "properties": {
        "polygon_uuid": "6cc69e13-03b2-4235-b1fe-04a2f250b65d",
        "daicho_shubetsu_cd": "FUD25"
      }
    },
    {
      "type": "Feature",
      "geometry": {
        "type": "Polygon",
        "coordinates": [
          [
            [
              132.705160645,
              35.218255174
            ],
            [
              132.70511188,
              35.218370352
            ],
            [
              132.705110865,
              35.218418577
            ],
            [
              132.705180501,
              35.218553146
            ],
            [
              132.705193998,
              35.21857923
            ],
            [
              132.705226366,
              35.21859928
            ],
            [
              132.705284226,
              35.21864702
            ],
            [
              132.705322887,
              35.218644525
            ],
            [
              132.705339924,
              35.218652965
            ],
            [
              132.70537645,
              35.218633498
            ],
            [
              132.705429886,
              35.21858294
            ],
            [
              132.705460817,
              35.218552611
            ],
            [
              132.7054243,
              35.218510361
            ],
            [
              132.705461572,
              35.21847263
            ],
            [
              132.705414317,
              35.218463425
            ],
            [
              132.705385534,
              35.218072222
            ],
            [
              132.705228527,
              35.218118757
            ],
            [
              132.705240193,
              35.218138065
            ],
            [
              132.705160645,
              35.218255174
            ]
          ]
        ]
      },
      "properties": {
        "polygon_uuid": "490da173-1efe-4721-b0c0-054243eac60b",
        "daicho_shubetsu_cd": "FUD25"
      }
    },
    {
      "type": "Feature",
      "geometry": {
        "type": "Polygon",
        "coordinates": [
          [
            [
              132.705766037,
              35.21785793
            ],
            [
              132.705844419,
              35.217870742
            ],
            [
              132.705943365,
              35.217876447
            ],
            [
              132.706016913,
              35.217871474
            ],
            [
              132.706112142,
              35.217864083
            ],
            [
              132.706153694,
              35.217870865
            ],
            [
              132.706214517,
              35.217938719
            ],
            [
              132.706268829,
              35.218020536
            ],
            [
              132.706324849,
              35.218075251
            ],
            [
              132.706446967,
              35.218139735
            ],
            [
              132.706468668,
              35.218140412
            ],
            [
              132.706490313,
              35.218132574
            ],
            [
              132.706510784,
              35.218089905
            ],
            [
              132.70651705,
              35.218052151
            ],
            [
              132.70646703,
              35.218020771
            ],
            [
              132.70643868,
              35.218013156
            ],
            [
              132.706425407,
              35.218003151
            ],
            [
              132.706395985,
              35.217976188
            ],
            [
              132.706215848,
              35.217697524
            ],
            [
              132.70618558,
              35.217685272
            ],
            [
              132.706091295,
              35.21769266
            ],
            [
              132.705955519,
              35.217702555
            ],
            [
              132.705702281,
              35.217706476
            ],
            [
              132.705710435,
              35.217722827
            ],
            [
              132.705766037,
              35.21785793
            ]
          ]
        ]
      },
      "properties": {
        "polygon_uuid": "712415dc-2a60-47dc-99ff-057c0b3f0050",
        "daicho_shubetsu_cd": "FUD25"
      }
    },
    {
      "type": "Feature",
      "geometry": {
        "type": "Polygon",
        "coordinates": [
          [
            [
              132.697408865,
              35.220910473
            ],
            [
              132.697374048,
              35.220885218
            ],
            [
              132.697336046,
              35.220848957
            ],
            [
              132.697307245,
              35.220801237
            ],
            [
              132.697272651,
              35.22077964
            ],
            [
              132.697229515,
              35.220768955
            ],
            [
              132.697094614,
              35.220809236
            ],
            [
              132.696949122,
              35.220851196
            ],
            [
              132.696850062,
              35.220901107
            ],
            [
              132.696852807,
              35.220915775
            ],
            [
              132.696892624,
              35.220925387
            ],
            [
              132.696951119,
              35.220953625
            ],
            [
              132.69701828,
              35.220990847
            ],
            [
              132.69706356,
              35.221025446
            ],
            [
              132.697036537,
              35.221047313
            ],
            [
              132.697075878,
              35.221085744
            ],
            [
              132.697097951,
              35.221117726
            ],
            [
              132.697098787,
              35.221144363
            ],
            [
              132.697118716,
              35.221152432
            ],
            [
              132.697159115,
              35.221149536
            ],
            [
              132.697219385,
              35.221116281
            ],
            [
              132.697225429,
              35.22112876
            ],
            [
              132.69725259,
              35.221128097
            ],
            [
              132.697286291,
              35.221114358
            ],
            [
              132.697349436,
              35.221043398
            ],
            [
              132.697391368,
              35.220970901
            ],
            [
              132.697408865,
              35.220910473
            ]
          ]
        ]
      },
      "properties": {
        "polygon_uuid": "dbc184e8-916a-4166-a3c2-05afe898d7cc",
        "daicho_shubetsu_cd": "FUD25"
      }
    },
    {
      "type": "Feature",
      "geometry": {
        "type": "Polygon",
        "coordinates": [
          [
            [
              132.704526309,
              35.215388527
            ],
            [
              132.704524666,
              35.215404
            ],
            [
              132.70449068,
              35.215479228
            ],
            [
              132.704485694,
              35.215581438
            ],
            [
              132.704500868,
              35.21561043
            ],
            [
              132.704599785,
              35.215546467
            ],
            [
              132.704707727,
              35.215464702
            ],
            [
              132.704791051,
              35.215369111
            ],
            [
              132.704819722,
              35.215310773
            ],
            [
              132.70465906,
              35.215194204
            ],
            [
              132.704650065,
              35.215206237
            ],
            [
              132.704566127,
              35.215351762
            ],
            [
              132.704526309,
              35.215388527
            ]
          ]
        ]
      },
      "properties": {
        "polygon_uuid": "88929cc7-7574-4a6d-b514-08d1e53b6455",
        "daicho_shubetsu_cd": "FUD25"
      }
    },
    {
      "type": "Feature",
      "geometry": {
        "type": "Polygon",
        "coordinates": [
          [
            [
              132.711817886,
              35.217906081
            ],
            [
              132.711845761,
              35.217800163
            ],
            [
              132.71180442,
              35.21777089
            ],
            [
              132.711737768,
              35.217749127
            ],
            [
              132.711638728,
              35.217750734
            ],
            [
              132.71159477,
              35.217736998
            ],
            [
              132.711549367,
              35.217718622
            ],
            [
              132.711393426,
              35.217675197
            ],
            [
              132.711212131,
              35.217649305
            ],
            [
              132.711026624,
              35.217628076
            ],
            [
              132.710974339,
              35.217638762
            ],
            [
              132.710925141,
              35.217687754
            ],
            [
              132.710797619,
              35.217874123
            ],
            [
              132.710660734,
              35.218137805
            ],
            [
              132.710682955,
              35.218150421
            ],
            [
              132.710748596,
              35.2182063
            ],
            [
              132.71082043,
              35.218236023
            ],
            [
              132.710822238,
              35.218231547
            ],
            [
              132.710947277,
              35.217921924
            ],
            [
              132.710958606,
              35.217910918
            ],
            [
              132.711012124,
              35.217858928
            ],
            [
              132.711076997,
              35.217799849
            ],
            [
              132.711256601,
              35.217815081
            ],
            [
              132.711643837,
              35.217876045
            ],
            [
              132.711796812,
              35.21789887
            ],
            [
              132.711817886,
              35.217906081
            ]
          ]
        ]
      },
      "properties": {
        "polygon_uuid": "02cefef2-12f4-4e1e-addc-0a0462967ebb",
        "daicho_shubetsu_cd": "FUD25"
      }
    },
    {
      "type": "Feature",
      "geometry": {
        "type": "Polygon",
        "coordinates": [
          [
            [
              132.691338249,
              35.220229979
            ],
            [
              132.691353912,
              35.220297535
            ],
            [
              132.691387844,
              35.220281217
            ],
            [
              132.691476396,
              35.220261722
            ],
            [
              132.691526034,
              35.220252137
            ],
            [
              132.691542597,
              35.220248939
            ],
            [
              132.691510902,
              35.220195418
            ],
            [
              132.691452658,
              35.220191995
            ],
            [
              132.691338249,
              35.220229979
            ]
          ]
        ]
      },
      "properties": {
        "polygon_uuid": "fcfbb778-6b5b-42cf-a40e-0e5120aa2df8",
        "daicho_shubetsu_cd": "FUD25"
      }
    },
    {
      "type": "Feature",
      "geometry": {
        "type": "Polygon",
        "coordinates": [
          [
            [
              132.695410682,
              35.221408274
            ],
            [
              132.695475769,
              35.221393033
            ],
            [
              132.695603204,
              35.221270384
            ],
            [
              132.695554763,
              35.221228203
            ],
            [
              132.695511491,
              35.221228965
            ],
            [
              132.695468049,
              35.221228526
            ],
            [
              132.695430885,
              35.221202341
            ],
            [
              132.695354451,
              35.221255944
            ],
            [
              132.695373052,
              35.221325744
            ],
            [
              132.695410682,
              35.221408274
            ]
          ]
        ]
      },
      "properties": {
        "polygon_uuid": "d7f5c197-be29-40ac-b24e-110207eff32c",
        "daicho_shubetsu_cd": "FUD25"
      }
    },
    {
      "type": "Feature",
      "geometry": {
        "type": "Polygon",
        "coordinates": [
          [
            [
              132.706314536,
              35.217478089
            ],
            [
              132.706254877,
              35.217443519
            ],
            [
              132.706120278,
              35.217417411
            ],
            [
              132.705920645,
              35.21739972
            ],
            [
              132.705915154,
              35.217425292
            ],
            [
              132.705895721,
              35.217482278
            ],
            [
              132.70585222,
              35.21755183
            ],
            [
              132.705813744,
              35.217582193
            ],
            [
              132.705804228,
              35.217586784
            ],
            [
              132.705845285,
              35.217611964
            ],
            [
              132.705912306,
              35.217618633
            ],
            [
              132.706003792,
              35.217615903
            ],
            [
              132.706084825,
              35.217601607
            ],
            [
              132.706124331,
              35.217584401
            ],
            [
              132.706189164,
              35.217545404
            ],
            [
              132.706264337,
              35.217500943
            ],
            [
              132.706314536,
              35.217478089
            ]
          ]
        ]
      },
      "properties": {
        "polygon_uuid": "968c2f03-0ec8-409f-80ff-1256cb748e7c",
        "daicho_shubetsu_cd": "FUD25"
      }
    },
    {
      "type": "Feature",
      "geometry": {
        "type": "Polygon",
        "coordinates": [
          [
            [
              132.697106701,
              35.215182532
            ],
            [
              132.697079363,
              35.215497765
            ],
            [
              132.697082492,
              35.215520587
            ],
            [
              132.697178116,
              35.215517579
            ],
            [
              132.697219855,
              35.215517396
            ],
            [
              132.697256415,
              35.215510954
            ],
            [
              132.697260592,
              35.215465673
            ],
            [
              132.697325073,
              35.215295346
            ],
            [
              132.69733063,
              35.215232931
            ],
            [
              132.697293014,
              35.215179268
            ],
            [
              132.697221352,
              35.215162455
            ],
            [
              132.697106701,
              35.215182532
            ]
          ]
        ]
      },
      "properties": {
        "polygon_uuid": "19c4123d-eeb9-48c4-9106-138821cf33cc",
        "daicho_shubetsu_cd": "FUD25"
      }
    },
    {
      "type": "Feature",
      "geometry": {
        "type": "Polygon",
        "coordinates": [
          [
            [
              132.707346584,
              35.219006665
            ],
            [
              132.707198635,
              35.21896893
            ],
            [
              132.707155502,
              35.219234657
            ],
            [
              132.707181864,
              35.219226797
            ],
            [
              132.70725551,
              35.219236533
            ],
            [
              132.707286645,
              35.219237168
            ],
            [
              132.707300672,
              35.219218526
            ],
            [
              132.707314375,
              35.219151114
            ],
            [
              132.707335677,
              35.219054124
            ],
            [
              132.707346584,
              35.219006665
            ]
          ]
        ]
      },
      "properties": {
        "polygon_uuid": "96ef2011-49d5-44c5-8b23-19244efc67d8",
        "daicho_shubetsu_cd": "FUD25"
      }
    },
    {
      "type": "Feature",
      "geometry": {
        "type": "Polygon",
        "coordinates": [
          [
            [
              132.702841963,
              35.215970101
            ],
            [
              132.702655761,
              35.215794471
            ],
            [
              132.702645137,
              35.215784451
            ],
            [
              132.702610986,
              35.215755185
            ],
            [
              132.702575131,
              35.215753796
            ],
            [
              132.702476548,
              35.215824679
            ],
            [
              132.702406157,
              35.215879181
            ],
            [
              132.702404545,
              35.215920991
            ],
            [
              132.702559454,
              35.216083954
            ],
            [
              132.702598056,
              35.21610472
            ],
            [
              132.702641935,
              35.216106849
            ],
            [
              132.702685676,
              35.216088075
            ],
            [
              132.702841963,
              35.215970101
            ]
          ]
        ]
      },
      "properties": {
        "polygon_uuid": "d3e6b5d0-84a9-451a-b1d4-1aa36970c17a",
        "daicho_shubetsu_cd": "FUD25"
      }
    },
    {
      "type": "Feature",
      "geometry": {
        "type": "Polygon",
        "coordinates": [
          [
            [
              132.707101202,
              35.218617465
            ],
            [
              132.707161821,
              35.218511911
            ],
            [
              132.707164774,
              35.218490538
            ],
            [
              132.707134449,
              35.218469771
            ],
            [
              132.707076588,
              35.218422032
            ],
            [
              132.707049195,
              35.218375626
            ],
            [
              132.706999826,
              35.218369587
            ],
            [
              132.706960247,
              35.218375957
            ],
            [
              132.706898085,
              35.218390943
            ],
            [
              132.706862367,
              35.218410456
            ],
            [
              132.706841747,
              35.218430676
            ],
            [
              132.706822922,
              35.218436954
            ],
            [
              132.706689929,
              35.218439869
            ],
            [
              132.706547477,
              35.218438956
            ],
            [
              132.70652486,
              35.21843367
            ],
            [
              132.7064622,
              35.218456361
            ],
            [
              132.706381731,
              35.218484589
            ],
            [
              132.706340371,
              35.218526069
            ],
            [
              132.706303924,
              35.218578099
            ],
            [
              132.70629466,
              35.218603688
            ],
            [
              132.706303401,
              35.218645296
            ],
            [
              132.706446294,
              35.218712784
            ],
            [
              132.706429483,
              35.218738405
            ],
            [
              132.706692359,
              35.218822412
            ],
            [
              132.706703857,
              35.218770821
            ],
            [
              132.707101202,
              35.218617465
            ]
          ]
        ]
      },
      "properties": {
        "polygon_uuid": "65ca07dc-646a-41b1-a94c-1b98cfd31624",
        "daicho_shubetsu_cd": "FUD25"
      }
    },
    {
      "type": "Feature",
      "geometry": {
        "type": "Polygon",
        "coordinates": [
          [
            [
              132.704756369,
              35.218174907
            ],
            [
              132.704727284,
              35.218199035
            ],
            [
              132.704707965,
              35.218273439
            ],
            [
              132.704706849,
              35.218335085
            ],
            [
              132.705110865,
              35.218418577
            ],
            [
              132.70511188,
              35.218370352
            ],
            [
              132.705160645,
              35.218255174
            ],
            [
              132.70497055,
              35.218212184
            ],
            [
              132.704871353,
              35.218190175
            ],
            [
              132.704756369,
              35.218174907
            ]
          ]
        ]
      },
      "properties": {
        "polygon_uuid": "49529e5d-074e-4505-b1c8-1d9edfeba6a8",
        "daicho_shubetsu_cd": "FUD25"
      }
    },
    {
      "type": "Feature",
      "geometry": {
        "type": "Polygon",
        "coordinates": [
          [
            [
              132.696942292,
              35.216333459
            ],
            [
              132.69698006,
              35.216232164
            ],
            [
              132.696999556,
              35.216173902
            ],
            [
              132.697012715,
              35.216082659
            ],
            [
              132.697020394,
              35.216041031
            ],
            [
              132.697009278,
              35.216012535
            ],
            [
              132.696961243,
              35.215961365
            ],
            [
              132.696910617,
              35.215936411
            ],
            [
              132.696889774,
              35.215940579
            ],
            [
              132.696876956,
              35.215956131
            ],
            [
              132.69688312,
              35.215987096
            ],
            [
              132.696918629,
              35.216098672
            ],
            [
              132.696927167,
              35.216189162
            ],
            [
              132.696922883,
              35.216294388
            ],
            [
              132.696942292,
              35.216333459
            ]
          ]
        ]
      },
      "properties": {
        "polygon_uuid": "3abbfefd-d47e-42b8-9ffd-1f7d46fe5732",
        "daicho_shubetsu_cd": "FUD25"
      }
    },
    {
      "type": "Feature",
      "geometry": {
        "type": "Polygon",
        "coordinates": [
          [
            [
              132.690963586,
              35.218889693
            ],
            [
              132.690982065,
              35.218868544
            ],
            [
              132.691012454,
              35.218854477
            ],
            [
              132.690885065,
              35.218838137
            ],
            [
              132.690760794,
              35.218735035
            ],
            [
              132.690706721,
              35.218683448
            ],
            [
              132.690627355,
              35.21857123
            ],
            [
              132.69055575,
              35.218606921
            ],
            [
              132.69044462,
              35.218666941
            ],
            [
              132.690367205,
              35.218746661
            ],
            [
              132.69038221,
              35.218781878
            ],
            [
              132.690442818,
              35.21880477
            ],
            [
              132.690520743,
              35.218804433
            ],
            [
              132.69059871,
              35.218810711
            ],
            [
              132.690640529,
              35.218836992
            ],
            [
              132.690695961,
              35.218890777
            ],
            [
              132.690786019,
              35.218930342
            ],
            [
              132.690869436,
              35.218904259
            ],
            [
              132.690963586,
              35.218889693
            ]
          ]
        ]
      },
      "properties": {
        "polygon_uuid": "c8751d5c-6dc3-4825-9368-232e2ab63607",
        "daicho_shubetsu_cd": "FUD25"
      }
    },
    {
      "type": "Feature",
      "geometry": {
        "type": "Polygon",
        "coordinates": [
          [
            [
              132.706370403,
              35.219169439
            ],
            [
              132.70642907,
              35.219165168
            ],
            [
              132.706480026,
              35.219167263
            ],
            [
              132.706486021,
              35.219167401
            ],
            [
              132.706522484,
              35.219168235
            ],
            [
              132.706546431,
              35.219151871
            ],
            [
              132.706582767,
              35.219083197
            ],
            [
              132.706605191,
              35.219050583
            ],
            [
              132.706688691,
              35.21883887
            ],
            [
              132.706692359,
              35.218822412
            ],
            [
              132.706429483,
              35.218738405
            ],
            [
              132.706231857,
              35.218668065
            ],
            [
              132.706147603,
              35.218765983
            ],
            [
              132.706052901,
              35.218853109
            ],
            [
              132.706035102,
              35.218926398
            ],
            [
              132.706052548,
              35.218996768
            ],
            [
              132.706092625,
              35.219065488
            ],
            [
              132.706118273,
              35.219092468
            ],
            [
              132.706162748,
              35.219113173
            ],
            [
              132.706269539,
              35.219142114
            ],
            [
              132.706370403,
              35.219169439
            ]
          ]
        ]
      },
      "properties": {
        "polygon_uuid": "74855043-cdec-4278-a33e-289056414bf0",
        "daicho_shubetsu_cd": "FUD25"
      }
    },
    {
      "type": "Feature",
      "geometry": {
        "type": "Polygon",
        "coordinates": [
          [
            [
              132.695644502,
              35.221728605
            ],
            [
              132.69562751,
              35.221691734
            ],
            [
              132.695591661,
              35.221653227
            ],
            [
              132.69558304,
              35.22161546
            ],
            [
              132.695592307,
              35.221591362
            ],
            [
              132.695526112,
              35.221555566
            ],
            [
              132.695463081,
              35.221523191
            ],
            [
              132.695466395,
              35.221549812
            ],
            [
              132.69545665,
              35.221661549
            ],
            [
              132.695484166,
              35.221706967
            ],
            [
              132.695524086,
              35.221727413
            ],
            [
              132.695609043,
              35.221750239
            ],
            [
              132.695644502,
              35.221728605
            ]
          ]
        ]
      },
      "properties": {
        "polygon_uuid": "d25961bf-549a-4d1a-9272-296c7611c610",
        "daicho_shubetsu_cd": "FUD25"
      }
    },
    {
      "type": "Feature",
      "geometry": {
        "type": "Polygon",
        "coordinates": [
          [
            [
              132.695592307,
              35.221591362
            ],
            [
              132.695626254,
              35.221558287
            ],
            [
              132.695662692,
              35.221526338
            ],
            [
              132.695684166,
              35.221447198
            ],
            [
              132.695632747,
              35.22142938
            ],
            [
              132.695631877,
              35.22129535
            ],
            [
              132.695603204,
              35.221270384
            ],
            [
              132.695475769,
              35.221393033
            ],
            [
              132.695410682,
              35.221408274
            ],
            [
              132.695463081,
              35.221523191
            ],
            [
              132.695526112,
              35.221555566
            ],
            [
              132.695592307,
              35.221591362
            ]
          ]
        ]
      },
      "properties": {
        "polygon_uuid": "c11c4405-9f9b-4152-ae60-29ebaafb2297",
        "daicho_shubetsu_cd": "FUD25"
      }
    },
    {
      "type": "Feature",
      "geometry": {
        "type": "Polygon",
        "coordinates": [
          [
            [
              132.707155502,
              35.219234657
            ],
            [
              132.707198635,
              35.21896893
            ],
            [
              132.706688691,
              35.21883887
            ],
            [
              132.706605191,
              35.219050583
            ],
            [
              132.706582767,
              35.219083197
            ],
            [
              132.707155502,
              35.219234657
            ]
          ]
        ]
      },
      "properties": {
        "polygon_uuid": "5c99da52-9390-4a6f-b342-2feb6f23a429",
        "daicho_shubetsu_cd": "FUD25"
      }
    },
    {
      "type": "Feature",
      "geometry": {
        "type": "Polygon",
        "coordinates": [
          [
            [
              132.692053128,
              35.220547681
            ],
            [
              132.692082869,
              35.220529764
            ],
            [
              132.692203263,
              35.220447651
            ],
            [
              132.692327623,
              35.220355599
            ],
            [
              132.692354144,
              35.220301127
            ],
            [
              132.692341675,
              35.220242745
            ],
            [
              132.692303558,
              35.22016573
            ],
            [
              132.692268356,
              35.220123985
            ],
            [
              132.692221012,
              35.220105235
            ],
            [
              132.692146536,
              35.22028248
            ],
            [
              132.692032874,
              35.220536351
            ],
            [
              132.692053128,
              35.220547681
            ]
          ]
        ]
      },
      "properties": {
        "polygon_uuid": "8e9129f4-0f7c-47e2-aa6a-3127aff1b3d9",
        "daicho_shubetsu_cd": "FUD25"
      }
    },
    {
      "type": "Feature",
      "geometry": {
        "type": "Polygon",
        "coordinates": [
          [
            [
              132.690946187,
              35.218892385
            ],
            [
              132.691143909,
              35.219263377
            ],
            [
              132.691233614,
              35.219214475
            ],
            [
              132.691083612,
              35.218871123
            ],
            [
              132.690963586,
              35.218889693
            ],
            [
              132.690946187,
              35.218892385
            ]
          ]
        ]
      },
      "properties": {
        "polygon_uuid": "119d8cab-38c3-47cb-a130-32e5e38db49f",
        "daicho_shubetsu_cd": "FUD25"
      }
    },
    {
      "type": "Feature",
      "geometry": {
        "type": "Polygon",
        "coordinates": [
          [
            [
              132.702927839,
              35.217427218
            ],
            [
              132.702904991,
              35.217395579
            ],
            [
              132.702850086,
              35.217366405
            ],
            [
              132.702797073,
              35.217337996
            ],
            [
              132.70271864,
              35.217317441
            ],
            [
              132.702664887,
              35.217320002
            ],
            [
              132.702611291,
              35.217346561
            ],
            [
              132.702570264,
              35.217419512
            ],
            [
              132.702705575,
              35.217482392
            ],
            [
              132.702782125,
              35.21750373
            ],
            [
              132.702807595,
              35.217503617
            ],
            [
              132.702832937,
              35.217484151
            ],
            [
              132.702870466,
              35.217453019
            ],
            [
              132.702927839,
              35.217427218
            ]
          ]
        ]
      },
      "properties": {
        "polygon_uuid": "28d27c1f-a1e9-4108-bec8-36726612c278",
        "daicho_shubetsu_cd": "FUD25"
      }
    },
    {
      "type": "Feature",
      "geometry": {
        "type": "Polygon",
        "coordinates": [
          [
            [
              132.696860639,
              35.216440855
            ],
            [
              132.696870316,
              35.216412146
            ],
            [
              132.696868802,
              35.216281119
            ],
            [
              132.696863881,
              35.216237644
            ],
            [
              132.696834589,
              35.216216024
            ],
            [
              132.69680542,
              35.216233256
            ],
            [
              132.696768789,
              35.216407884
            ],
            [
              132.696831777,
              35.216434456
            ],
            [
              132.696860639,
              35.216440855
            ]
          ]
        ]
      },
      "properties": {
        "polygon_uuid": "9f9746fa-ab8a-4e58-99d6-367779042db5",
        "daicho_shubetsu_cd": "FUD25"
      }
    },
    {
      "type": "Feature",
      "geometry": {
        "type": "Polygon",
        "coordinates": [
          [
            [
              132.711982977,
              35.217350784
            ],
            [
              132.711975654,
              35.217323851
            ],
            [
              132.711892625,
              35.217304367
            ],
            [
              132.711771069,
              35.217309565
            ],
            [
              132.711734693,
              35.217345001
            ],
            [
              132.711494641,
              35.217575544
            ],
            [
              132.711523478,
              35.217602848
            ],
            [
              132.711547669,
              35.217649769
            ],
            [
              132.711570095,
              35.217670569
            ],
            [
              132.711614885,
              35.217703028
            ],
            [
              132.711691276,
              35.217723079
            ],
            [
              132.711758141,
              35.217724084
            ],
            [
              132.711812299,
              35.217729066
            ],
            [
              132.711865905,
              35.217717771
            ],
            [
              132.711879883,
              35.217665454
            ],
            [
              132.711903349,
              35.217603948
            ],
            [
              132.711917239,
              35.217538568
            ],
            [
              132.711922977,
              35.217482223
            ],
            [
              132.711943911,
              35.217438584
            ],
            [
              132.711991927,
              35.217384746
            ],
            [
              132.711971103,
              35.217365244
            ],
            [
              132.711982977,
              35.217350784
            ]
          ]
        ]
      },
      "properties": {
        "polygon_uuid": "40c2d4a4-aa3b-44b2-adfa-394d6668ebb2",
        "daicho_shubetsu_cd": "FUD25"
      }
    },
    {
      "type": "Feature",
      "geometry": {
        "type": "Polygon",
        "coordinates": [
          [
            [
              132.707049195,
              35.218375626
            ],
            [
              132.707069866,
              35.218363147
            ],
            [
              132.70711393,
              35.218321921
            ],
            [
              132.707136292,
              35.218280017
            ],
            [
              132.707080595,
              35.21813163
            ],
            [
              132.707086121,
              35.218111477
            ],
            [
              132.707196438,
              35.218103244
            ],
            [
              132.707206845,
              35.218107842
            ],
            [
              132.707215582,
              35.218144962
            ],
            [
              132.707210363,
              35.218211562
            ],
            [
              132.707170298,
              35.218286832
            ],
            [
              132.70716855,
              35.218307743
            ],
            [
              132.707184674,
              35.218320831
            ],
            [
              132.707228974,
              35.218315214
            ],
            [
              132.707335135,
              35.218305217
            ],
            [
              132.707341162,
              35.218304649
            ],
            [
              132.70734048,
              35.218201691
            ],
            [
              132.707317527,
              35.218154571
            ],
            [
              132.707270996,
              35.21810833
            ],
            [
              132.707261404,
              35.218084374
            ],
            [
              132.707269225,
              35.218041819
            ],
            [
              132.707032785,
              35.218021973
            ],
            [
              132.706995515,
              35.218027956
            ],
            [
              132.70681591,
              35.217972245
            ],
            [
              132.706748256,
              35.217946048
            ],
            [
              132.706734152,
              35.217953078
            ],
            [
              132.706732322,
              35.217961602
            ],
            [
              132.706732425,
              35.217977084
            ],
            [
              132.706750548,
              35.218007195
            ],
            [
              132.70680466,
              35.218058822
            ],
            [
              132.706855949,
              35.218110313
            ],
            [
              132.706831541,
              35.218128227
            ],
            [
              132.70681519,
              35.218391499
            ],
            [
              132.706862367,
              35.218410456
            ],
            [
              132.706898085,
              35.218390943
            ],
            [
              132.706960247,
              35.218375957
            ],
            [
              132.706999826,
              35.218369587
            ],
            [
              132.707049195,
              35.218375626
            ]
          ]
        ]
      },
      "properties": {
        "polygon_uuid": "e66356cd-1c70-4c34-9124-3fb2fe151550",
        "daicho_shubetsu_cd": "FUD25"
      }
    },
    {
      "type": "Feature",
      "geometry": {
        "type": "Polygon",
        "coordinates": [
          [
            [
              132.695191703,
              35.222266165
            ],
            [
              132.695213899,
              35.222298288
            ],
            [
              132.695257873,
              35.222298096
            ],
            [
              132.695281798,
              35.222354698
            ],
            [
              132.695375912,
              35.222336244
            ],
            [
              132.695410207,
              35.222296703
            ],
            [
              132.695426529,
              35.22214971
            ],
            [
              132.695419838,
              35.222086589
            ],
            [
              132.695405269,
              35.222019636
            ],
            [
              132.695395338,
              35.221892036
            ],
            [
              132.695352241,
              35.221785255
            ],
            [
              132.695274818,
              35.221713421
            ],
            [
              132.69523234,
              35.221702008
            ],
            [
              132.695169554,
              35.221707437
            ],
            [
              132.695141385,
              35.221723025
            ],
            [
              132.69514151,
              35.221742357
            ],
            [
              132.695122907,
              35.221779813
            ],
            [
              132.695212866,
              35.222139044
            ],
            [
              132.695191703,
              35.222266165
            ]
          ]
        ]
      },
      "properties": {
        "polygon_uuid": "d462cf27-d682-4d77-a35f-42d8c151cd45",
        "daicho_shubetsu_cd": "FUD25"
      }
    },
    {
      "type": "Feature",
      "geometry": {
        "type": "Polygon",
        "coordinates": [
          [
            [
              132.691526034,
              35.220252137
            ],
            [
              132.691476396,
              35.220261722
            ],
            [
              132.691387844,
              35.220281217
            ],
            [
              132.691353912,
              35.220297535
            ],
            [
              132.691471328,
              35.220337431
            ],
            [
              132.691526886,
              35.220340865
            ],
            [
              132.691526034,
              35.220252137
            ]
          ]
        ]
      },
      "properties": {
        "polygon_uuid": "0bf13636-6d30-46d4-ad8d-44071120f221",
        "daicho_shubetsu_cd": "FUD25"
      }
    },
    {
      "type": "Feature",
      "geometry": {
        "type": "Polygon",
        "coordinates": [
          [
            [
              132.703657309,
              35.218023931
            ],
            [
              132.703715915,
              35.218008615
            ],
            [
              132.703939228,
              35.217738541
            ],
            [
              132.703917031,
              35.217735606
            ],
            [
              132.703875031,
              35.21772111
            ],
            [
              132.703832882,
              35.217706562
            ],
            [
              132.703771224,
              35.217654968
            ],
            [
              132.70374701,
              35.217637003
            ],
            [
              132.703706936,
              35.217607269
            ],
            [
              132.703651808,
              35.21774057
            ],
            [
              132.703605009,
              35.217796516
            ],
            [
              132.703513151,
              35.21788595
            ],
            [
              132.703389877,
              35.217990845
            ],
            [
              132.703355549,
              35.218020501
            ],
            [
              132.703375101,
              35.218019053
            ],
            [
              132.703405353,
              35.218033574
            ],
            [
              132.703567501,
              35.218020263
            ],
            [
              132.703578391,
              35.218009373
            ],
            [
              132.703657309,
              35.218023931
            ]
          ]
        ]
      },
      "properties": {
        "polygon_uuid": "f806e661-b9a9-447a-a105-4722043c727b",
        "daicho_shubetsu_cd": "FUD25"
      }
    },
    {
      "type": "Feature",
      "geometry": {
        "type": "Polygon",
        "coordinates": [
          [
            [
              132.706985438,
              35.219314159
            ],
            [
              132.707097343,
              35.219336988
            ],
            [
              132.707130539,
              35.219311409
            ],
            [
              132.70714734,
              35.219284239
            ],
            [
              132.707150933,
              35.219257128
            ],
            [
              132.707155502,
              35.219234657
            ],
            [
              132.706582767,
              35.219083197
            ],
            [
              132.706546431,
              35.219151871
            ],
            [
              132.706522484,
              35.219168235
            ],
            [
              132.706486021,
              35.219167401
            ],
            [
              132.70650786,
              35.219198238
            ],
            [
              132.706526844,
              35.219215959
            ],
            [
              132.706985438,
              35.219314159
            ]
          ]
        ]
      },
      "properties": {
        "polygon_uuid": "b8710a35-7faf-4809-ab1c-482939a411bd",
        "daicho_shubetsu_cd": "FUD25"
      }
    },
    {
      "type": "Feature",
      "geometry": {
        "type": "Polygon",
        "coordinates": [
          [
            [
              132.69161404,
              35.22052309
            ],
            [
              132.691626147,
              35.220595072
            ],
            [
              132.691616924,
              35.220692873
            ],
            [
              132.691664567,
              35.220719128
            ],
            [
              132.691723816,
              35.220739453
            ],
            [
              132.691727987,
              35.220691656
            ],
            [
              132.691742442,
              35.220571781
            ],
            [
              132.691739528,
              35.220536512
            ],
            [
              132.691714358,
              35.220522655
            ],
            [
              132.691671289,
              35.220511082
            ],
            [
              132.69161404,
              35.22052309
            ]
          ]
        ]
      },
      "properties": {
        "polygon_uuid": "1248df7f-23cd-4328-8954-4a4ccc579524",
        "daicho_shubetsu_cd": "FUD25"
      }
    },
    {
      "type": "Feature",
      "geometry": {
        "type": "Polygon",
        "coordinates": [
          [
            [
              132.705721476,
              35.217657096
            ],
            [
              132.705702281,
              35.217706476
            ],
            [
              132.705955519,
              35.217702555
            ],
            [
              132.706091295,
              35.21769266
            ],
            [
              132.70618558,
              35.217685272
            ],
            [
              132.706215848,
              35.217697524
            ],
            [
              132.706395985,
              35.217976188
            ],
            [
              132.706425407,
              35.218003151
            ],
            [
              132.70643868,
              35.218013156
            ],
            [
              132.70646703,
              35.218020771
            ],
            [
              132.70651705,
              35.218052151
            ],
            [
              132.706527113,
              35.217991516
            ],
            [
              132.706504631,
              35.217970407
            ],
            [
              132.706478013,
              35.21793956
            ],
            [
              132.706455117,
              35.217900955
            ],
            [
              132.706442542,
              35.217853788
            ],
            [
              132.706426372,
              35.21778793
            ],
            [
              132.706407101,
              35.217655637
            ],
            [
              132.706373033,
              35.217550985
            ],
            [
              132.706314536,
              35.217478089
            ],
            [
              132.706264337,
              35.217500943
            ],
            [
              132.706189164,
              35.217545404
            ],
            [
              132.706124331,
              35.217584401
            ],
            [
              132.706084825,
              35.217601607
            ],
            [
              132.706003792,
              35.217615903
            ],
            [
              132.705912306,
              35.217618633
            ],
            [
              132.705845285,
              35.217611964
            ],
            [
              132.705804228,
              35.217586784
            ],
            [
              132.70578145,
              35.217610896
            ],
            [
              132.705751452,
              35.217632229
            ],
            [
              132.705721476,
              35.217657096
            ]
          ]
        ]
      },
      "properties": {
        "polygon_uuid": "d5cb339f-e0d1-4086-b9bf-4b686f2bbe80",
        "daicho_shubetsu_cd": "FUD25"
      }
    },
    {
      "type": "Feature",
      "geometry": {
        "type": "Polygon",
        "coordinates": [
          [
            [
              132.703602607,
              35.217532839
            ],
            [
              132.703683063,
              35.217589557
            ],
            [
              132.703706936,
              35.217607269
            ],
            [
              132.70374701,
              35.217637003
            ],
            [
              132.703858988,
              35.217376287
            ],
            [
              132.703842171,
              35.217369544
            ],
            [
              132.703748432,
              35.217316543
            ],
            [
              132.703716368,
              35.217328213
            ],
            [
              132.70366558,
              35.21737863
            ],
            [
              132.703602607,
              35.217532839
            ]
          ]
        ]
      },
      "properties": {
        "polygon_uuid": "8fd6996f-9cc3-4fba-a55f-4ce7b277bae4",
        "daicho_shubetsu_cd": "FUD25"
      }
    },
    {
      "type": "Feature",
      "geometry": {
        "type": "Polygon",
        "coordinates": [
          [
            [
              132.696917842,
              35.215446147
            ],
            [
              132.697052738,
              35.215669904
            ],
            [
              132.697115009,
              35.215772146
            ],
            [
              132.69716546,
              35.215736448
            ],
            [
              132.697197849,
              35.215729497
            ],
            [
              132.69709555,
              35.215541735
            ],
            [
              132.697082492,
              35.215520587
            ],
            [
              132.697079363,
              35.215497765
            ],
            [
              132.697106701,
              35.215182532
            ],
            [
              132.697045753,
              35.215208489
            ],
            [
              132.697031704,
              35.215225647
            ],
            [
              132.696957292,
              35.215244322
            ],
            [
              132.696840888,
              35.215261712
            ],
            [
              132.696844196,
              35.215311854
            ],
            [
              132.69684774,
              35.215319156
            ],
            [
              132.696874414,
              35.215374113
            ],
            [
              132.696917842,
              35.215446147
            ]
          ]
        ]
      },
      "properties": {
        "polygon_uuid": "c0c19f72-911d-4e1e-931d-4e7f23e47694",
        "daicho_shubetsu_cd": "FUD25"
      }
    },
    {
      "type": "Feature",
      "geometry": {
        "type": "Polygon",
        "coordinates": [
          [
            [
              132.70829185,
              35.217870783
            ],
            [
              132.708249732,
              35.217810604
            ],
            [
              132.708201248,
              35.217754309
            ],
            [
              132.708064691,
              35.217646539
            ],
            [
              132.707992742,
              35.217608154
            ],
            [
              132.707903953,
              35.217590745
            ],
            [
              132.707817204,
              35.217596551
            ],
            [
              132.707773873,
              35.217606036
            ],
            [
              132.707732578,
              35.21763796
            ],
            [
              132.707699819,
              35.217676813
            ],
            [
              132.707696396,
              35.21772947
            ],
            [
              132.707715616,
              35.217782801
            ],
            [
              132.707768636,
              35.217811981
            ],
            [
              132.707800797,
              35.217824998
            ],
            [
              132.707885808,
              35.217841649
            ],
            [
              132.707953912,
              35.217869214
            ],
            [
              132.708024964,
              35.217914571
            ],
            [
              132.708107505,
              35.217985423
            ],
            [
              132.708131134,
              35.217992285
            ],
            [
              132.708169026,
              35.217984357
            ],
            [
              132.708226466,
              35.217968617
            ],
            [
              132.70826873,
              35.217940559
            ],
            [
              132.708285499,
              35.217908744
            ],
            [
              132.70829185,
              35.217870783
            ]
          ]
        ]
      },
      "properties": {
        "polygon_uuid": "9e1c1cb4-c1da-4aa8-897b-5307744382cf",
        "daicho_shubetsu_cd": "FUD25"
      }
    },
    {
      "type": "Feature",
      "geometry": {
        "type": "Polygon",
        "coordinates": [
          [
            [
              132.702099214,
              35.217964193
            ],
            [
              132.702125815,
              35.217992719
            ],
            [
              132.702148516,
              35.218001908
            ],
            [
              132.702177815,
              35.218010294
            ],
            [
              132.702210769,
              35.218016096
            ],
            [
              132.702365985,
              35.218165207
            ],
            [
              132.702529359,
              35.218328247
            ],
            [
              132.702588099,
              35.218366695
            ],
            [
              132.702587498,
              35.217986275
            ],
            [
              132.702390178,
              35.217972555
            ],
            [
              132.702114637,
              35.21795984
            ],
            [
              132.702099214,
              35.217964193
            ]
          ]
        ]
      },
      "properties": {
        "polygon_uuid": "709ecb95-1ff1-4182-a958-58b76ce2c856",
        "daicho_shubetsu_cd": "FUD25"
      }
    },
    {
      "type": "Feature",
      "geometry": {
        "type": "Polygon",
        "coordinates": [
          [
            [
              132.691682708,
              35.219502593
            ],
            [
              132.691835552,
              35.219452315
            ],
            [
              132.691990777,
              35.219354615
            ],
            [
              132.69213524,
              35.219254757
            ],
            [
              132.692274335,
              35.219156024
            ],
            [
              132.69219186,
              35.219075895
            ],
            [
              132.692116416,
              35.219044248
            ],
            [
              132.692035905,
              35.219060033
            ],
            [
              132.691920964,
              35.21915425
            ],
            [
              132.691726933,
              35.219276374
            ],
            [
              132.691710212,
              35.219392217
            ],
            [
              132.691682708,
              35.219502593
            ]
          ]
        ]
      },
      "properties": {
        "polygon_uuid": "02473350-6661-452d-ad00-5e45e62a5cbe",
        "daicho_shubetsu_cd": "FUD25"
      }
    },
    {
      "type": "Feature",
      "geometry": {
        "type": "Polygon",
        "coordinates": [
          [
            [
              132.696103405,
              35.217331767
            ],
            [
              132.696126772,
              35.217313665
            ],
            [
              132.696139522,
              35.217287512
            ],
            [
              132.696121491,
              35.21726557
            ],
            [
              132.696045451,
              35.217186793
            ],
            [
              132.695981899,
              35.217107295
            ],
            [
              132.695963926,
              35.217129698
            ],
            [
              132.695921612,
              35.217143477
            ],
            [
              132.695890545,
              35.217154486
            ],
            [
              132.695831574,
              35.217153657
            ],
            [
              132.695798427,
              35.217150539
            ],
            [
              132.695702524,
              35.217233635
            ],
            [
              132.695721925,
              35.217251335
            ],
            [
              132.695745233,
              35.217269719
            ],
            [
              132.695778419,
              35.217278817
            ],
            [
              132.695878381,
              35.217266418
            ],
            [
              132.695942032,
              35.217273752
            ],
            [
              132.696103405,
              35.217331767
            ]
          ]
        ]
      },
      "properties": {
        "polygon_uuid": "98dc2a98-59c3-4a79-a585-60e4d9894886",
        "daicho_shubetsu_cd": "FUD25"
      }
    },
    {
      "type": "Feature",
      "geometry": {
        "type": "Polygon",
        "coordinates": [
          [
            [
              132.707335135,
              35.218305217
            ],
            [
              132.707361466,
              35.218406384
            ],
            [
              132.707377553,
              35.218414053
            ],
            [
              132.707391682,
              35.218410894
            ],
            [
              132.707427344,
              35.218382866
            ],
            [
              132.707461175,
              35.21836336
            ],
            [
              132.707508279,
              35.218353861
            ],
            [
              132.707556399,
              35.218355193
            ],
            [
              132.707644169,
              35.218360995
            ],
            [
              132.707660005,
              35.218360924
            ],
            [
              132.70742786,
              35.217941843
            ],
            [
              132.707403526,
              35.217951229
            ],
            [
              132.707355896,
              35.217976875
            ],
            [
              132.707326771,
              35.21799481
            ],
            [
              132.707293873,
              35.218012762
            ],
            [
              132.707269225,
              35.218041819
            ],
            [
              132.707261404,
              35.218084374
            ],
            [
              132.707270996,
              35.21810833
            ],
            [
              132.707317527,
              35.218154571
            ],
            [
              132.70734048,
              35.218201691
            ],
            [
              132.707341162,
              35.218304649
            ],
            [
              132.707335135,
              35.218305217
            ]
          ]
        ]
      },
      "properties": {
        "polygon_uuid": "08f13cdc-fc41-473d-adb0-61a0497a2344",
        "daicho_shubetsu_cd": "FUD25"
      }
    },
    {
      "type": "Feature",
      "geometry": {
        "type": "Polygon",
        "coordinates": [
          [
            [
              132.696057032,
              35.221277607
            ],
            [
              132.696202735,
              35.221230618
            ],
            [
              132.696253529,
              35.221205766
            ],
            [
              132.696267399,
              35.221191958
            ],
            [
              132.696325905,
              35.221204318
            ],
            [
              132.696327093,
              35.221195634
            ],
            [
              132.696341527,
              35.22115168
            ],
            [
              132.696392002,
              35.22109399
            ],
            [
              132.696450287,
              35.221040466
            ],
            [
              132.69630506,
              35.221101191
            ],
            [
              132.696245082,
              35.2211089
            ],
            [
              132.696127169,
              35.221116862
            ],
            [
              132.696049482,
              35.221115048
            ],
            [
              132.696040753,
              35.221136923
            ],
            [
              132.696049251,
              35.221208047
            ],
            [
              132.696057032,
              35.221277607
            ]
          ]
        ]
      },
      "properties": {
        "polygon_uuid": "c525e311-ffb9-432d-b6cd-69fe937f85e1",
        "daicho_shubetsu_cd": "FUD25"
      }
    },
    {
      "type": "Feature",
      "geometry": {
        "type": "Polygon",
        "coordinates": [
          [
            [
              132.702684023,
              35.217721957
            ],
            [
              132.70267306,
              35.217654854
            ],
            [
              132.702646468,
              35.217627878
            ],
            [
              132.702670629,
              35.217572032
            ],
            [
              132.702703451,
              35.217542469
            ],
            [
              132.702722119,
              35.217512195
            ],
            [
              132.702636976,
              35.217475413
            ],
            [
              132.702601212,
              35.217487957
            ],
            [
              132.702554168,
              35.217506745
            ],
            [
              132.702476873,
              35.217554987
            ],
            [
              132.702464663,
              35.217567671
            ],
            [
              132.702392564,
              35.217642558
            ],
            [
              132.702343868,
              35.217696963
            ],
            [
              132.702335515,
              35.217717902
            ],
            [
              132.702331018,
              35.217751211
            ],
            [
              132.702365376,
              35.217786222
            ],
            [
              132.702398158,
              35.217783899
            ],
            [
              132.702433272,
              35.217781411
            ],
            [
              132.702525616,
              35.217765519
            ],
            [
              132.702593514,
              35.217762122
            ],
            [
              132.702619973,
              35.217768972
            ],
            [
              132.702653172,
              35.217796695
            ],
            [
              132.702689231,
              35.217829049
            ],
            [
              132.702729175,
              35.217853378
            ],
            [
              132.702726344,
              35.217845633
            ],
            [
              132.702684023,
              35.217721957
            ]
          ],
          [
            [
              132.702627665,
              35.217659699
            ],
            [
              132.702527236,
              35.217758689
            ],
            [
              132.70249757,
              35.217742305
            ],
            [
              132.702602377,
              35.217642454
            ],
            [
              132.702627665,
              35.217659699
            ]
          ]
        ]
      },
      "properties": {
        "polygon_uuid": "10fa5c41-502c-4c32-97e4-6a751ec04dea",
        "daicho_shubetsu_cd": "FUD25"
      }
    },
    {
      "type": "Feature",
      "geometry": {
        "type": "Polygon",
        "coordinates": [
          [
            [
              132.696241103,
              35.215548318
            ],
            [
              132.696232696,
              35.215522439
            ],
            [
              132.696226543,
              35.215493106
            ],
            [
              132.696249252,
              35.21547017
            ],
            [
              132.6963071,
              35.215441938
            ],
            [
              132.696285279,
              35.215412102
            ],
            [
              132.696231172,
              35.215343832
            ],
            [
              132.696145471,
              35.215307506
            ],
            [
              132.696068862,
              35.215293977
            ],
            [
              132.695970544,
              35.215304193
            ],
            [
              132.695943824,
              35.215321437
            ],
            [
              132.695944004,
              35.215349165
            ],
            [
              132.69596103,
              35.21536948
            ],
            [
              132.695998978,
              35.215397858
            ],
            [
              132.695996076,
              35.215410104
            ],
            [
              132.695960184,
              35.215392319
            ],
            [
              132.695857178,
              35.215365085
            ],
            [
              132.695860956,
              35.215416277
            ],
            [
              132.695961586,
              35.215433711
            ],
            [
              132.696038914,
              35.215466637
            ],
            [
              132.696118259,
              35.215484716
            ],
            [
              132.696186015,
              35.215512149
            ],
            [
              132.696241103,
              35.215548318
            ]
          ]
        ]
      },
      "properties": {
        "polygon_uuid": "3fdad65e-a0f7-401b-a47d-6b24e1ae9f84",
        "daicho_shubetsu_cd": "FUD25"
      }
    },
    {
      "type": "Feature",
      "geometry": {
        "type": "Polygon",
        "coordinates": [
          [
            [
              132.696004761,
              35.222101956
            ],
            [
              132.696001603,
              35.222089796
            ],
            [
              132.695982232,
              35.222009116
            ],
            [
              132.695897521,
              35.222052109
            ],
            [
              132.695931595,
              35.222139597
            ],
            [
              132.696004761,
              35.222101956
            ]
          ]
        ]
      },
      "properties": {
        "polygon_uuid": "12111818-b536-4396-8b64-6cfb5f797340",
        "daicho_shubetsu_cd": "FUD25"
      }
    },
    {
      "type": "Feature",
      "geometry": {
        "type": "Polygon",
        "coordinates": [
          [
            [
              132.704893597,
              35.218908381
            ],
            [
              132.705366085,
              35.218767608
            ],
            [
              132.7053632,
              35.218753598
            ],
            [
              132.705339924,
              35.218652965
            ],
            [
              132.705322887,
              35.218644525
            ],
            [
              132.705284226,
              35.21864702
            ],
            [
              132.704835604,
              35.21877287
            ],
            [
              132.704864874,
              35.21885768
            ],
            [
              132.704893597,
              35.218908381
            ]
          ]
        ]
      },
      "properties": {
        "polygon_uuid": "f5502ac0-f514-43fd-81cb-6ed8937f09e6",
        "daicho_shubetsu_cd": "FUD25"
      }
    },
    {
      "type": "Feature",
      "geometry": {
        "type": "Polygon",
        "coordinates": [
          [
            [
              132.703562701,
              35.216186074
            ],
            [
              132.703619082,
              35.216126318
            ],
            [
              132.703654774,
              35.216102936
            ],
            [
              132.703704656,
              35.216085683
            ],
            [
              132.703746643,
              35.216049684
            ],
            [
              132.703756311,
              35.216013643
            ],
            [
              132.703707456,
              35.215834318
            ],
            [
              132.703705002,
              35.215839952
            ],
            [
              132.703666515,
              35.215868767
            ],
            [
              132.703628855,
              35.215879772
            ],
            [
              132.703537391,
              35.215885597
            ],
            [
              132.703403596,
              35.215909414
            ],
            [
              132.70334808,
              35.215930562
            ],
            [
              132.703237148,
              35.215988341
            ],
            [
              132.703247445,
              35.216024214
            ],
            [
              132.703314595,
              35.21604086
            ],
            [
              132.703368489,
              35.216059974
            ],
            [
              132.703464129,
              35.216115289
            ],
            [
              132.703562701,
              35.216186074
            ]
          ]
        ]
      },
      "properties": {
        "polygon_uuid": "176330b1-406f-4f2e-9947-72ffc3821eeb",
        "daicho_shubetsu_cd": "FUD25"
      }
    },
    {
      "type": "Feature",
      "geometry": {
        "type": "Polygon",
        "coordinates": [
          [
            [
              132.709718207,
              35.218971012
            ],
            [
              132.709691974,
              35.218998225
            ],
            [
              132.709643886,
              35.219001537
            ],
            [
              132.709588868,
              35.219097778
            ],
            [
              132.709446374,
              35.219374013
            ],
            [
              132.709564873,
              35.219460959
            ],
            [
              132.709648123,
              35.219496197
            ],
            [
              132.709708543,
              35.219502893
            ],
            [
              132.709770689,
              35.219485584
            ],
            [
              132.70982896,
              35.219452808
            ],
            [
              132.709862574,
              35.219400789
            ],
            [
              132.70988026,
              35.219365099
            ],
            [
              132.709881873,
              35.219324062
            ],
            [
              132.709869733,
              35.219201027
            ],
            [
              132.709855412,
              35.219033877
            ],
            [
              132.70982138,
              35.219023191
            ],
            [
              132.709769343,
              35.219000201
            ],
            [
              132.709718207,
              35.218971012
            ]
          ]
        ]
      },
      "properties": {
        "polygon_uuid": "82538ba2-9d47-4764-8830-7631e384e688",
        "daicho_shubetsu_cd": "FUD25"
      }
    },
    {
      "type": "Feature",
      "geometry": {
        "type": "Polygon",
        "coordinates": [
          [
            [
              132.696539735,
              35.215141659
            ],
            [
              132.696243802,
              35.215021434
            ],
            [
              132.696145464,
              35.215028389
            ],
            [
              132.696137805,
              35.215073279
            ],
            [
              132.696158801,
              35.215092761
            ],
            [
              132.696191679,
              35.215105666
            ],
            [
              132.696233523,
              35.215121793
            ],
            [
              132.696298471,
              35.215176152
            ],
            [
              132.696329505,
              35.215211085
            ],
            [
              132.696371417,
              35.215237816
            ],
            [
              132.696400432,
              35.215267865
            ],
            [
              132.696444629,
              35.215340256
            ],
            [
              132.696505168,
              35.215327758
            ],
            [
              132.696530179,
              35.215200421
            ],
            [
              132.696539735,
              35.215141659
            ]
          ]
        ]
      },
      "properties": {
        "polygon_uuid": "d07630b4-95e8-4ac0-b871-77322612a84b",
        "daicho_shubetsu_cd": "FUD25"
      }
    },
    {
      "type": "Feature",
      "geometry": {
        "type": "Polygon",
        "coordinates": [
          [
            [
              132.696703202,
              35.216380214
            ],
            [
              132.69675111,
              35.216215763
            ],
            [
              132.696755576,
              35.216182926
            ],
            [
              132.696761543,
              35.216139055
            ],
            [
              132.696761213,
              35.216069811
            ],
            [
              132.696731322,
              35.215994621
            ],
            [
              132.696686365,
              35.215938294
            ],
            [
              132.696664195,
              35.216094979
            ],
            [
              132.696639006,
              35.216142548
            ],
            [
              132.696609693,
              35.216160792
            ],
            [
              132.696557697,
              35.216313322
            ],
            [
              132.696640444,
              35.216353738
            ],
            [
              132.696703202,
              35.216380214
            ]
          ]
        ]
      },
      "properties": {
        "polygon_uuid": "654d83e5-87fc-4f74-bdef-798958ab1f12",
        "daicho_shubetsu_cd": "FUD25"
      }
    },
    {
      "type": "Feature",
      "geometry": {
        "type": "Polygon",
        "coordinates": [
          [
            [
              132.711471361,
              35.21700454
            ],
            [
              132.711423758,
              35.217027398
            ],
            [
              132.711379251,
              35.217037179
            ],
            [
              132.711270102,
              35.217061185
            ],
            [
              132.711183297,
              35.217093799
            ],
            [
              132.711130504,
              35.217134098
            ],
            [
              132.711084415,
              35.217224881
            ],
            [
              132.711055253,
              35.217307749
            ],
            [
              132.711016244,
              35.217346244
            ],
            [
              132.710982348,
              35.217355976
            ],
            [
              132.710874552,
              35.217405344
            ],
            [
              132.710808179,
              35.217493022
            ],
            [
              132.710793511,
              35.217566341
            ],
            [
              132.71088769,
              35.217483856
            ],
            [
              132.710937005,
              35.217452281
            ],
            [
              132.710989258,
              35.217436951
            ],
            [
              132.71108532,
              35.217413294
            ],
            [
              132.711172916,
              35.21739316
            ],
            [
              132.711263365,
              35.217376495
            ],
            [
              132.71140754,
              35.21714128
            ],
            [
              132.711627502,
              35.217206176
            ],
            [
              132.711733591,
              35.217203513
            ],
            [
              132.711623966,
              35.217121378
            ],
            [
              132.711471361,
              35.21700454
            ]
          ]
        ]
      },
      "properties": {
        "polygon_uuid": "a2d54353-8b01-4492-b0f1-7aa60c799c76",
        "daicho_shubetsu_cd": "FUD25"
      }
    },
    {
      "type": "Feature",
      "geometry": {
        "type": "Polygon",
        "coordinates": [
          [
            [
              132.710767281,
              35.217666685
            ],
            [
              132.710815458,
              35.217646454
            ],
            [
              132.710864421,
              35.217588753
            ],
            [
              132.71092946,
              35.217554496
            ],
            [
              132.711027901,
              35.217516168
            ],
            [
              132.711077161,
              35.217502883
            ],
            [
              132.711159954,
              35.217505123
            ],
            [
              132.711215712,
              35.217511405
            ],
            [
              132.711304872,
              35.217525449
            ],
            [
              132.711523654,
              35.217208782
            ],
            [
              132.711627502,
              35.217206176
            ],
            [
              132.71140754,
              35.21714128
            ],
            [
              132.711263365,
              35.217376495
            ],
            [
              132.711172916,
              35.21739316
            ],
            [
              132.71108532,
              35.217413294
            ],
            [
              132.710989258,
              35.217436951
            ],
            [
              132.710937005,
              35.217452281
            ],
            [
              132.71088769,
              35.217483856
            ],
            [
              132.710793511,
              35.217566341
            ],
            [
              132.710780451,
              35.217631622
            ],
            [
              132.710767281,
              35.217666685
            ]
          ]
        ]
      },
      "properties": {
        "polygon_uuid": "b06b29c4-5f39-494f-8915-7fb7d7bcc51d",
        "daicho_shubetsu_cd": "FUD25"
      }
    },
    {
      "type": "Feature",
      "geometry": {
        "type": "Polygon",
        "coordinates": [
          [
            [
              132.696698048,
              35.220974359
            ],
            [
              132.696668722,
              35.220930938
            ],
            [
              132.696645598,
              35.221001123
            ],
            [
              132.69659481,
              35.221080391
            ],
            [
              132.696530393,
              35.221157141
            ],
            [
              132.696452584,
              35.221267458
            ],
            [
              132.696448613,
              35.221300984
            ],
            [
              132.696463411,
              35.221322399
            ],
            [
              132.696511802,
              35.221357414
            ],
            [
              132.69651065,
              35.221387671
            ],
            [
              132.696535763,
              35.22138527
            ],
            [
              132.69653894,
              35.221337141
            ],
            [
              132.696648046,
              35.22117477
            ],
            [
              132.696614341,
              35.221143987
            ],
            [
              132.696668093,
              35.221037212
            ],
            [
              132.696698048,
              35.220974359
            ]
          ]
        ]
      },
      "properties": {
        "polygon_uuid": "62485a00-e54d-468b-aece-81dca2668dbd",
        "daicho_shubetsu_cd": "FUD25"
      }
    },
    {
      "type": "Feature",
      "geometry": {
        "type": "Polygon",
        "coordinates": [
          [
            [
              132.695692118,
              35.222323242
            ],
            [
              132.695638675,
              35.222119088
            ],
            [
              132.695611358,
              35.222023837
            ],
            [
              132.695523042,
              35.221967516
            ],
            [
              132.695477414,
              35.221954828
            ],
            [
              132.695444417,
              35.221952395
            ],
            [
              132.695412897,
              35.221935779
            ],
            [
              132.695395338,
              35.221892036
            ],
            [
              132.695405269,
              35.222019636
            ],
            [
              132.695419838,
              35.222086589
            ],
            [
              132.695426529,
              35.22214971
            ],
            [
              132.695410207,
              35.222296703
            ],
            [
              132.695375912,
              35.222336244
            ],
            [
              132.695395604,
              35.222399148
            ],
            [
              132.695462562,
              35.222391123
            ],
            [
              132.695576157,
              35.222363272
            ],
            [
              132.695692118,
              35.222323242
            ]
          ]
        ]
      },
      "properties": {
        "polygon_uuid": "3683c366-3d40-4c25-b250-880b9add8062",
        "daicho_shubetsu_cd": "FUD25"
      }
    },
    {
      "type": "Feature",
      "geometry": {
        "type": "Polygon",
        "coordinates": [
          [
            [
              132.70611956,
              35.22004846
            ],
            [
              132.706253214,
              35.220026874
            ],
            [
              132.70627667,
              35.220003358
            ],
            [
              132.706336987,
              35.21994569
            ],
            [
              132.706344887,
              35.219856628
            ],
            [
              132.70648969,
              35.219784761
            ],
            [
              132.706573911,
              35.219700333
            ],
            [
              132.706578598,
              35.219691377
            ],
            [
              132.706333495,
              35.219791808
            ],
            [
              132.706278971,
              35.219820694
            ],
            [
              132.706269458,
              35.219826354
            ],
            [
              132.706222591,
              35.219854234
            ],
            [
              132.706083177,
              35.219885047
            ],
            [
              132.705895972,
              35.21991703
            ],
            [
              132.705903473,
              35.219952544
            ],
            [
              132.705914551,
              35.219991246
            ],
            [
              132.705949149,
              35.220016119
            ],
            [
              132.705969926,
              35.220033788
            ],
            [
              132.706003438,
              35.220043326
            ],
            [
              132.706035993,
              35.220056906
            ],
            [
              132.70606355,
              35.220058398
            ],
            [
              132.706087154,
              35.220057485
            ],
            [
              132.706104836,
              35.22005337
            ],
            [
              132.70611956,
              35.22004846
            ]
          ]
        ]
      },
      "properties": {
        "polygon_uuid": "05bb49aa-5ec9-4f0d-b78a-885adf0f317b",
        "daicho_shubetsu_cd": "FUD25"
      }
    },
    {
      "type": "Feature",
      "geometry": {
        "type": "Polygon",
        "coordinates": [
          [
            [
              132.709397049,
              35.219705383
            ],
            [
              132.709403622,
              35.21955904
            ],
            [
              132.709412559,
              35.219490273
            ],
            [
              132.709413307,
              35.219454899
            ],
            [
              132.70926844,
              35.219429161
            ],
            [
              132.709114604,
              35.219419012
            ],
            [
              132.708958047,
              35.219425133
            ],
            [
              132.708944496,
              35.219461233
            ],
            [
              132.70892633,
              35.219566598
            ],
            [
              132.708890055,
              35.219644176
            ],
            [
              132.708862213,
              35.219713199
            ],
            [
              132.708864553,
              35.219781313
            ],
            [
              132.70888459,
              35.219815286
            ],
            [
              132.708933674,
              35.219819711
            ],
            [
              132.709007208,
              35.219812414
            ],
            [
              132.709233289,
              35.219763404
            ],
            [
              132.709345258,
              35.21971955
            ],
            [
              132.709397049,
              35.219705383
            ]
          ]
        ]
      },
      "properties": {
        "polygon_uuid": "55d26f0b-2243-47c7-b98c-8d88a1926edc",
        "daicho_shubetsu_cd": "FUD25"
      }
    },
    {
      "type": "Feature",
      "geometry": {
        "type": "Polygon",
        "coordinates": [
          [
            [
              132.690261441,
              35.219064196
            ],
            [
              132.690297522,
              35.219088227
            ],
            [
              132.690331858,
              35.219103759
            ],
            [
              132.690366582,
              35.219117657
            ],
            [
              132.69040005,
              35.219122086
            ],
            [
              132.690435455,
              35.219118012
            ],
            [
              132.690469815,
              35.219137465
            ],
            [
              132.690501782,
              35.219155948
            ],
            [
              132.690528454,
              35.219155832
            ],
            [
              132.690564936,
              35.219195531
            ],
            [
              132.690603424,
              35.219175763
            ],
            [
              132.690644178,
              35.219152215
            ],
            [
              132.69060959,
              35.219066609
            ],
            [
              132.69055561,
              35.2190296
            ],
            [
              132.690501824,
              35.219022972
            ],
            [
              132.690447473,
              35.219021248
            ],
            [
              132.690374655,
              35.219026463
            ],
            [
              132.690261441,
              35.219064196
            ]
          ]
        ]
      },
      "properties": {
        "polygon_uuid": "53b91e5b-8cd6-4615-be61-8df834b0366c",
        "daicho_shubetsu_cd": "FUD25"
      }
    },
    {
      "type": "Feature",
      "geometry": {
        "type": "Polygon",
        "coordinates": [
          [
            [
              132.696423593,
              35.216085562
            ],
            [
              132.696453294,
              35.216068306
            ],
            [
              132.696431602,
              35.21601894
            ],
            [
              132.696442923,
              35.215899774
            ],
            [
              132.696370238,
              35.21588272
            ],
            [
              132.696340354,
              35.215937446
            ],
            [
              132.696331718,
              35.216004488
            ],
            [
              132.696340143,
              35.216090005
            ],
            [
              132.69636401,
              35.216092347
            ],
            [
              132.696423593,
              35.216085562
            ]
          ]
        ]
      },
      "properties": {
        "polygon_uuid": "82533d02-c25a-4388-a506-8e7361818a1a",
        "daicho_shubetsu_cd": "FUD25"
      }
    },
    {
      "type": "Feature",
      "geometry": {
        "type": "Polygon",
        "coordinates": [
          [
            [
              132.705316811,
              35.219127837
            ],
            [
              132.705400848,
              35.218936443
            ],
            [
              132.705366085,
              35.218767608
            ],
            [
              132.704893597,
              35.218908381
            ],
            [
              132.70491737,
              35.218950343
            ],
            [
              132.704998443,
              35.219025314
            ],
            [
              132.705055283,
              35.219061446
            ],
            [
              132.70511017,
              35.219087523
            ],
            [
              132.705195207,
              35.219108046
            ],
            [
              132.705245271,
              35.219117888
            ],
            [
              132.705272684,
              35.219126282
            ],
            [
              132.705316811,
              35.219127837
            ]
          ]
        ]
      },
      "properties": {
        "polygon_uuid": "5a22bb49-ccc0-44c3-9c3d-8f90dc2c0710",
        "daicho_shubetsu_cd": "FUD25"
      }
    },
    {
      "type": "Feature",
      "geometry": {
        "type": "Polygon",
        "coordinates": [
          [
            [
              132.695191703,
              35.222266165
            ],
            [
              132.695212866,
              35.222139044
            ],
            [
              132.695122907,
              35.221779813
            ],
            [
              132.695085364,
              35.221803174
            ],
            [
              132.695046127,
              35.221807212
            ],
            [
              132.694987986,
              35.221802311
            ],
            [
              132.694912643,
              35.221809084
            ],
            [
              132.694930261,
              35.221861847
            ],
            [
              132.694961295,
              35.222046008
            ],
            [
              132.694936342,
              35.222073181
            ],
            [
              132.694908257,
              35.222101658
            ],
            [
              132.694784088,
              35.222127962
            ],
            [
              132.694824461,
              35.222178049
            ],
            [
              132.694883591,
              35.222222402
            ],
            [
              132.695011395,
              35.222313348
            ],
            [
              132.695041301,
              35.222323528
            ],
            [
              132.695072645,
              35.222313081
            ],
            [
              132.695150978,
              35.222283097
            ],
            [
              132.695191703,
              35.222266165
            ]
          ]
        ]
      },
      "properties": {
        "polygon_uuid": "45c59996-57db-4a34-988a-9118f34b1371",
        "daicho_shubetsu_cd": "FUD25"
      }
    },
    {
      "type": "Feature",
      "geometry": {
        "type": "Polygon",
        "coordinates": [
          [
            [
              132.70328108,
              35.217031551
            ],
            [
              132.703241362,
              35.217016631
            ],
            [
              132.703210256,
              35.217020252
            ],
            [
              132.703170752,
              35.217037846
            ],
            [
              132.703069203,
              35.217088229
            ],
            [
              132.702991594,
              35.217121086
            ],
            [
              132.702925351,
              35.217160861
            ],
            [
              132.702873134,
              35.217181995
            ],
            [
              132.702782798,
              35.21721607
            ],
            [
              132.702777215,
              35.217227706
            ],
            [
              132.702761902,
              35.217266095
            ],
            [
              132.702943537,
              35.217344253
            ],
            [
              132.703008343,
              35.217301001
            ],
            [
              132.703087329,
              35.217262331
            ],
            [
              132.703145312,
              35.217257429
            ],
            [
              132.703210354,
              35.217250173
            ],
            [
              132.703290808,
              35.217219625
            ],
            [
              132.70328108,
              35.217031551
            ]
          ]
        ]
      },
      "properties": {
        "polygon_uuid": "9dad02a2-48c4-4657-9252-926a397f9694",
        "daicho_shubetsu_cd": "FUD25"
      }
    },
    {
      "type": "Feature",
      "geometry": {
        "type": "Polygon",
        "coordinates": [
          [
            [
              132.705049762,
              35.217985359
            ],
            [
              132.7050637,
              35.217978898
            ],
            [
              132.705100697,
              35.217958704
            ],
            [
              132.704911117,
              35.217734759
            ],
            [
              132.704720014,
              35.217888888
            ],
            [
              132.704556715,
              35.218016573
            ],
            [
              132.704540785,
              35.218032901
            ],
            [
              132.704546568,
              35.218051455
            ],
            [
              132.704578911,
              35.21809234
            ],
            [
              132.704606365,
              35.218106927
            ],
            [
              132.704668056,
              35.218088012
            ],
            [
              132.70474156,
              35.218075109
            ],
            [
              132.704822214,
              35.218051967
            ],
            [
              132.704916987,
              35.218046901
            ],
            [
              132.705049762,
              35.217985359
            ]
          ]
        ]
      },
      "properties": {
        "polygon_uuid": "1c52369d-ca79-45b7-a0ca-93b91e3b0c10",
        "daicho_shubetsu_cd": "FUD25"
      }
    },
    {
      "type": "Feature",
      "geometry": {
        "type": "Polygon",
        "coordinates": [
          [
            [
              132.697443297,
              35.218117155
            ],
            [
              132.697371001,
              35.218003294
            ],
            [
              132.697228153,
              35.217839721
            ],
            [
              132.697164423,
              35.217820427
            ],
            [
              132.697136767,
              35.217846646
            ],
            [
              132.697179692,
              35.217926926
            ],
            [
              132.697328421,
              35.218179642
            ],
            [
              132.697443297,
              35.218117155
            ]
          ]
        ]
      },
      "properties": {
        "polygon_uuid": "590cce17-cbcd-4c83-9850-9543ea5cbebc",
        "daicho_shubetsu_cd": "FUD25"
      }
    },
    {
      "type": "Feature",
      "geometry": {
        "type": "Polygon",
        "coordinates": [
          [
            [
              132.707650162,
              35.217616218
            ],
            [
              132.707617931,
              35.217592363
            ],
            [
              132.707572416,
              35.217556956
            ],
            [
              132.707535278,
              35.21750448
            ],
            [
              132.70749187,
              35.217502351
            ],
            [
              132.70732475,
              35.217479873
            ],
            [
              132.707230885,
              35.21755074
            ],
            [
              132.707258903,
              35.217650479
            ],
            [
              132.707299482,
              35.217652621
            ],
            [
              132.707402287,
              35.217649839
            ],
            [
              132.707507103,
              35.217665628
            ],
            [
              132.707568639,
              35.217698642
            ],
            [
              132.707650162,
              35.217616218
            ]
          ]
        ]
      },
      "properties": {
        "polygon_uuid": "0452cfcf-c46d-466a-b4d9-957b0697c5f9",
        "daicho_shubetsu_cd": "FUD25"
      }
    },
    {
      "type": "Feature",
      "geometry": {
        "type": "Polygon",
        "coordinates": [
          [
            [
              132.696104669,
              35.215791089
            ],
            [
              132.696054158,
              35.215869093
            ],
            [
              132.695981959,
              35.215999083
            ],
            [
              132.695978835,
              35.21602333
            ],
            [
              132.695977145,
              35.216036451
            ],
            [
              132.696070298,
              35.216072347
            ],
            [
              132.696086055,
              35.216051207
            ],
            [
              132.696139369,
              35.215997147
            ],
            [
              132.696186935,
              35.215976142
            ],
            [
              132.696233002,
              35.21595392
            ],
            [
              132.696295386,
              35.215892316
            ],
            [
              132.696300044,
              35.215884177
            ],
            [
              132.696291855,
              35.215847512
            ],
            [
              132.696254617,
              35.215786996
            ],
            [
              132.696225832,
              35.215793248
            ],
            [
              132.696200916,
              35.21579866
            ],
            [
              132.696130333,
              35.215794891
            ],
            [
              132.696104669,
              35.215791089
            ]
          ]
        ]
      },
      "properties": {
        "polygon_uuid": "39cd110b-fb8f-4c50-9047-96036acdce3e",
        "daicho_shubetsu_cd": "FUD25"
      }
    },
    {
      "type": "Feature",
      "geometry": {
        "type": "Polygon",
        "coordinates": [
          [
            [
              132.696499364,
              35.220904782
            ],
            [
              132.696450287,
              35.221040466
            ],
            [
              132.696392002,
              35.22109399
            ],
            [
              132.696341527,
              35.22115168
            ],
            [
              132.696327093,
              35.221195634
            ],
            [
              132.696325905,
              35.221204318
            ],
            [
              132.696321095,
              35.221239478
            ],
            [
              132.696324696,
              35.221268845
            ],
            [
              132.696325517,
              35.221275546
            ],
            [
              132.696350869,
              35.221309802
            ],
            [
              132.696387826,
              35.221357755
            ],
            [
              132.696463411,
              35.221322399
            ],
            [
              132.696448613,
              35.221300984
            ],
            [
              132.696452584,
              35.221267458
            ],
            [
              132.696530393,
              35.221157141
            ],
            [
              132.69659481,
              35.221080391
            ],
            [
              132.696645598,
              35.221001123
            ],
            [
              132.696668722,
              35.220930938
            ],
            [
              132.69665822,
              35.220915388
            ],
            [
              132.696610949,
              35.220891538
            ],
            [
              132.696568034,
              35.220893444
            ],
            [
              132.696540017,
              35.22093223
            ],
            [
              132.696499364,
              35.220904782
            ]
          ]
        ]
      },
      "properties": {
        "polygon_uuid": "77e245ee-643d-4aad-b479-9897c9b47e41",
        "daicho_shubetsu_cd": "FUD25"
      }
    },
    {
      "type": "Feature",
      "geometry": {
        "type": "Polygon",
        "coordinates": [
          [
            [
              132.703875031,
              35.21772111
            ],
            [
              132.703914375,
              35.21770996
            ],
            [
              132.703944459,
              35.217694343
            ],
            [
              132.703964151,
              35.21767645
            ],
            [
              132.703983598,
              35.2176214
            ],
            [
              132.704036926,
              35.21743445
            ],
            [
              132.703943376,
              35.217410124
            ],
            [
              132.703858988,
              35.217376287
            ],
            [
              132.70374701,
              35.217637003
            ],
            [
              132.703771224,
              35.217654968
            ],
            [
              132.703832882,
              35.217706562
            ],
            [
              132.703875031,
              35.21772111
            ]
          ]
        ]
      },
      "properties": {
        "polygon_uuid": "c01e880f-3b33-4ce0-87cb-9aad548c23c8",
        "daicho_shubetsu_cd": "FUD25"
      }
    },
    {
      "type": "Feature",
      "geometry": {
        "type": "Polygon",
        "coordinates": [
          [
            [
              132.691655989,
              35.219825741
            ],
            [
              132.691768143,
              35.219893952
            ],
            [
              132.691877548,
              35.219820953
            ],
            [
              132.691839584,
              35.219767705
            ],
            [
              132.691783749,
              35.219720903
            ],
            [
              132.691724304,
              35.219762814
            ],
            [
              132.691655989,
              35.219825741
            ]
          ]
        ]
      },
      "properties": {
        "polygon_uuid": "dcacbd78-743b-402a-a929-9c644768aac0",
        "daicho_shubetsu_cd": "FUD25"
      }
    },
    {
      "type": "Feature",
      "geometry": {
        "type": "Polygon",
        "coordinates": [
          [
            [
              132.703939228,
              35.217738541
            ],
            [
              132.704019,
              35.217749088
            ],
            [
              132.704062495,
              35.217764378
            ],
            [
              132.704098479,
              35.21778512
            ],
            [
              132.704157153,
              35.217813504
            ],
            [
              132.704199659,
              35.217821831
            ],
            [
              132.704258322,
              35.217793131
            ],
            [
              132.704275072,
              35.21775822
            ],
            [
              132.704270475,
              35.217704824
            ],
            [
              132.704230496,
              35.217650424
            ],
            [
              132.70420163,
              35.217564623
            ],
            [
              132.704186826,
              35.217479273
            ],
            [
              132.704063385,
              35.217441331
            ],
            [
              132.704036926,
              35.21743445
            ],
            [
              132.703983598,
              35.2176214
            ],
            [
              132.703964151,
              35.21767645
            ],
            [
              132.703944459,
              35.217694343
            ],
            [
              132.703914375,
              35.21770996
            ],
            [
              132.703875031,
              35.21772111
            ],
            [
              132.703917031,
              35.217735606
            ],
            [
              132.703939228,
              35.217738541
            ]
          ]
        ]
      },
      "properties": {
        "polygon_uuid": "8b788ea7-41f7-4cb1-85ab-9cea350896f9",
        "daicho_shubetsu_cd": "FUD25"
      }
    },
    {
      "type": "Feature",
      "geometry": {
        "type": "Polygon",
        "coordinates": [
          [
            [
              132.711694019,
              35.21676825
            ],
            [
              132.711464596,
              35.216898178
            ],
            [
              132.711607399,
              35.216987239
            ],
            [
              132.711715053,
              35.217057298
            ],
            [
              132.711767344,
              35.217100609
            ],
            [
              132.711877955,
              35.217136689
            ],
            [
              132.711985501,
              35.217031695
            ],
            [
              132.711871444,
              35.216956439
            ],
            [
              132.711760361,
              35.216849817
            ],
            [
              132.711694019,
              35.21676825
            ]
          ]
        ]
      },
      "properties": {
        "polygon_uuid": "217b127f-01c8-4ca0-a808-9f024274ade5",
        "daicho_shubetsu_cd": "FUD25"
      }
    },
    {
      "type": "Feature",
      "geometry": {
        "type": "Polygon",
        "coordinates": [
          [
            [
              132.691122862,
              35.219291244
            ],
            [
              132.690942845,
              35.218933755
            ],
            [
              132.690786019,
              35.218930342
            ],
            [
              132.690740712,
              35.218944509
            ],
            [
              132.690965999,
              35.21938543
            ],
            [
              132.691022421,
              35.219384084
            ],
            [
              132.691094617,
              35.219328642
            ],
            [
              132.691122862,
              35.219291244
            ]
          ]
        ]
      },
      "properties": {
        "polygon_uuid": "778c2684-44bf-4f3d-a11d-a97093e545f3",
        "daicho_shubetsu_cd": "FUD25"
      }
    },
    {
      "type": "Feature",
      "geometry": {
        "type": "Polygon",
        "coordinates": [
          [
            [
              132.702836261,
              35.218287173
            ],
            [
              132.702876192,
              35.218263604
            ],
            [
              132.702927958,
              35.218245569
            ],
            [
              132.702910141,
              35.218043028
            ],
            [
              132.70290057,
              35.218022168
            ],
            [
              132.702870822,
              35.218011435
            ],
            [
              132.702815937,
              35.217985356
            ],
            [
              132.702768542,
              35.21795073
            ],
            [
              132.702745556,
              35.217898189
            ],
            [
              132.702729175,
              35.217853378
            ],
            [
              132.702689231,
              35.217829049
            ],
            [
              132.702653172,
              35.217796695
            ],
            [
              132.702619973,
              35.217768972
            ],
            [
              132.702593514,
              35.217762122
            ],
            [
              132.702525616,
              35.217765519
            ],
            [
              132.702433272,
              35.217781411
            ],
            [
              132.702398158,
              35.217783899
            ],
            [
              132.702390178,
              35.217972555
            ],
            [
              132.702587498,
              35.217986275
            ],
            [
              132.702620459,
              35.217988568
            ],
            [
              132.702757281,
              35.217994155
            ],
            [
              132.702802754,
              35.218023371
            ],
            [
              132.70284484,
              35.218111438
            ],
            [
              132.702855001,
              35.218222095
            ],
            [
              132.702836261,
              35.218287173
            ]
          ]
        ]
      },
      "properties": {
        "polygon_uuid": "3fb1f753-8108-4a45-b5ad-a9a7d55caf81",
        "daicho_shubetsu_cd": "FUD25"
      }
    },
    {
      "type": "Feature",
      "geometry": {
        "type": "Polygon",
        "coordinates": [
          [
            [
              132.703509769,
              35.216267467
            ],
            [
              132.703483879,
              35.216203714
            ],
            [
              132.703398616,
              35.216148354
            ],
            [
              132.703287998,
              35.216110524
            ],
            [
              132.703183232,
              35.216101698
            ],
            [
              132.70307571,
              35.216104497
            ],
            [
              132.702998065,
              35.21613155
            ],
            [
              132.702897894,
              35.216176118999996
            ],
            [
              132.702834542,
              35.216225172
            ],
            [
              132.702836224,
              35.216265807
            ],
            [
              132.702864684,
              35.216290066
            ],
            [
              132.703046018,
              35.216322938
            ],
            [
              132.703218772,
              35.216341914
            ],
            [
              132.703295202,
              35.216345058
            ],
            [
              132.703368733,
              35.216337765
            ],
            [
              132.703454793,
              35.216299064
            ],
            [
              132.703509769,
              35.216267467
            ]
          ]
        ]
      },
      "properties": {
        "polygon_uuid": "1102a473-be6f-422e-8dbe-ad238398020a",
        "daicho_shubetsu_cd": "FUD25"
      }
    },
    {
      "type": "Feature",
      "geometry": {
        "type": "Polygon",
        "coordinates": [
          [
            [
              132.702210424,
              35.217020216
            ],
            [
              132.702211993,
              35.216975682
            ],
            [
              132.701934672,
              35.216976909
            ],
            [
              132.701636822,
              35.216969824
            ],
            [
              132.701383721,
              35.216974761
            ],
            [
              132.701326824,
              35.216955155
            ],
            [
              132.701292581,
              35.216984328
            ],
            [
              132.70134406,
              35.21702916
            ],
            [
              132.701364634,
              35.217044344
            ],
            [
              132.701441915,
              35.217050113
            ],
            [
              132.701521147,
              35.21706962
            ],
            [
              132.701598563,
              35.217096239
            ],
            [
              132.701665793,
              35.21713031
            ],
            [
              132.701679767,
              35.217132539
            ],
            [
              132.701773573,
              35.217103867
            ],
            [
              132.701798905,
              35.217135068
            ],
            [
              132.702077702,
              35.217075028
            ],
            [
              132.702210424,
              35.217020216
            ]
          ]
        ]
      },
      "properties": {
        "polygon_uuid": "38244a3a-f397-47b8-a9f8-ae5ba4fc9e1c",
        "daicho_shubetsu_cd": "FUD25"
      }
    },
    {
      "type": "Feature",
      "geometry": {
        "type": "Polygon",
        "coordinates": [
          [
            [
              132.707660005,
              35.218360924
            ],
            [
              132.707706428,
              35.218360716
            ],
            [
              132.707739357,
              35.218347409
            ],
            [
              132.707790075,
              35.218313894
            ],
            [
              132.707820897,
              35.218267307
            ],
            [
              132.707839306,
              35.218198326
            ],
            [
              132.707779158,
              35.218120637
            ],
            [
              132.70770887,
              35.218048181
            ],
            [
              132.707599896,
              35.21797435
            ],
            [
              132.707505214,
              35.217922131
            ],
            [
              132.707442105,
              35.217936348
            ],
            [
              132.70742786,
              35.217941843
            ],
            [
              132.707660005,
              35.218360924
            ]
          ]
        ]
      },
      "properties": {
        "polygon_uuid": "831b67ac-3738-461d-8503-b147edf06d21",
        "daicho_shubetsu_cd": "FUD25"
      }
    },
    {
      "type": "Feature",
      "geometry": {
        "type": "Polygon",
        "coordinates": [
          [
            [
              132.711865905,
              35.217717771
            ],
            [
              132.711812299,
              35.217729066
            ],
            [
              132.711758141,
              35.217724084
            ],
            [
              132.711691276,
              35.217723079
            ],
            [
              132.711614885,
              35.217703028
            ],
            [
              132.711570095,
              35.217670569
            ],
            [
              132.711547669,
              35.217649769
            ],
            [
              132.711523478,
              35.217602848
            ],
            [
              132.711494641,
              35.217575544
            ],
            [
              132.711446764,
              35.217557471
            ],
            [
              132.71137019,
              35.217532994
            ],
            [
              132.711304872,
              35.217525449
            ],
            [
              132.711215712,
              35.217511405
            ],
            [
              132.711159954,
              35.217505123
            ],
            [
              132.711077161,
              35.217502883
            ],
            [
              132.711027901,
              35.217516168
            ],
            [
              132.71092946,
              35.217554496
            ],
            [
              132.710864421,
              35.217588753
            ],
            [
              132.710815458,
              35.217646454
            ],
            [
              132.710767281,
              35.217666685
            ],
            [
              132.710732522,
              35.217706032
            ],
            [
              132.710717348,
              35.217768015
            ],
            [
              132.71070893,
              35.217833447
            ],
            [
              132.710612631,
              35.217997363
            ],
            [
              132.710572664,
              35.218082986
            ],
            [
              132.710619038,
              35.21811413
            ],
            [
              132.710660734,
              35.218137805
            ],
            [
              132.710797619,
              35.217874123
            ],
            [
              132.710925141,
              35.217687754
            ],
            [
              132.710974339,
              35.217638762
            ],
            [
              132.711026624,
              35.217628076
            ],
            [
              132.711212131,
              35.217649305
            ],
            [
              132.711393426,
              35.217675197
            ],
            [
              132.711549367,
              35.217718622
            ],
            [
              132.71159477,
              35.217736998
            ],
            [
              132.711638728,
              35.217750734
            ],
            [
              132.711737768,
              35.217749127
            ],
            [
              132.71180442,
              35.21777089
            ],
            [
              132.711845761,
              35.217800163
            ],
            [
              132.711864635,
              35.217727224
            ],
            [
              132.711865905,
              35.217717771
            ]
          ]
        ]
      },
      "properties": {
        "polygon_uuid": "323ea8bc-dac6-46c1-ad35-b17c4ab3ffdd",
        "daicho_shubetsu_cd": "FUD25"
      }
    },
    {
      "type": "Feature",
      "geometry": {
        "type": "Polygon",
        "coordinates": [
          [
            [
              132.696866916,
              35.218135226
            ],
            [
              132.696839381,
              35.218112149
            ],
            [
              132.696758698,
              35.21806683
            ],
            [
              132.696642694,
              35.218023842
            ],
            [
              132.6965923,
              35.218017538
            ],
            [
              132.696515481,
              35.218022949
            ],
            [
              132.696459044,
              35.21803842
            ],
            [
              132.696399169,
              35.218068404
            ],
            [
              132.696450062,
              35.21815155
            ],
            [
              132.696499403,
              35.21813176
            ],
            [
              132.696581528,
              35.218127052
            ],
            [
              132.696757614,
              35.218171952
            ],
            [
              132.69680533,
              35.218173918
            ],
            [
              132.696866916,
              35.218135226
            ]
          ]
        ]
      },
      "properties": {
        "polygon_uuid": "50157abf-7991-4bfc-8220-b550caec3550",
        "daicho_shubetsu_cd": "FUD25"
      }
    },
    {
      "type": "Feature",
      "geometry": {
        "type": "Polygon",
        "coordinates": [
          [
            [
              132.690627355,
              35.21857123
            ],
            [
              132.690706721,
              35.218683448
            ],
            [
              132.690760794,
              35.218735035
            ],
            [
              132.690885065,
              35.218838137
            ],
            [
              132.691012454,
              35.218854477
            ],
            [
              132.691122721,
              35.218803434
            ],
            [
              132.690974827,
              35.218798056
            ],
            [
              132.69092356,
              35.218765202
            ],
            [
              132.690815553,
              35.218684079
            ],
            [
              132.690729207,
              35.218628222
            ],
            [
              132.690672417,
              35.218550612
            ],
            [
              132.690627355,
              35.21857123
            ]
          ]
        ]
      },
      "properties": {
        "polygon_uuid": "b1014e22-d91a-43e1-b44d-b60d64890e08",
        "daicho_shubetsu_cd": "FUD25"
      }
    },
    {
      "type": "Feature",
      "geometry": {
        "type": "Polygon",
        "coordinates": [
          [
            [
              132.710559546,
              35.217857204
            ],
            [
              132.710497292,
              35.217823974
            ],
            [
              132.710422589,
              35.217841292
            ],
            [
              132.710371761,
              35.217865886
            ],
            [
              132.710253339,
              35.218011425
            ],
            [
              132.710145955,
              35.218141238
            ],
            [
              132.710155664,
              35.218164708
            ],
            [
              132.710228975,
              35.218177443
            ],
            [
              132.710335647,
              35.218179577
            ],
            [
              132.710559546,
              35.217857204
            ]
          ]
        ]
      },
      "properties": {
        "polygon_uuid": "52a12475-59a6-4586-90ae-b6469530b77b",
        "daicho_shubetsu_cd": "FUD25"
      }
    },
    {
      "type": "Feature",
      "geometry": {
        "type": "Polygon",
        "coordinates": [
          [
            [
              132.704870076,
              35.21549463
            ],
            [
              132.704920871,
              35.215414834
            ],
            [
              132.704972488,
              35.215303127
            ],
            [
              132.704883124,
              35.215234673
            ],
            [
              132.704819722,
              35.215310773
            ],
            [
              132.704791051,
              35.215369111
            ],
            [
              132.704707727,
              35.215464702
            ],
            [
              132.704599785,
              35.215546467
            ],
            [
              132.704500868,
              35.21561043
            ],
            [
              132.704517222,
              35.215641681
            ],
            [
              132.704558561,
              35.215687946
            ],
            [
              132.704574248,
              35.215706456
            ],
            [
              132.704702458,
              35.215610336
            ],
            [
              132.704870076,
              35.21549463
            ]
          ]
        ]
      },
      "properties": {
        "polygon_uuid": "2931552f-8ccf-409e-b4b6-bb14a9fef41c",
        "daicho_shubetsu_cd": "FUD25"
      }
    },
    {
      "type": "Feature",
      "geometry": {
        "type": "Polygon",
        "coordinates": [
          [
            [
              132.707346584,
              35.219006665
            ],
            [
              132.707372811,
              35.218892549
            ],
            [
              132.707400079,
              35.218736824
            ],
            [
              132.707348481,
              35.218604848
            ],
            [
              132.707295501,
              35.218612727
            ],
            [
              132.707271959,
              35.218619026
            ],
            [
              132.707207854,
              35.218625505
            ],
            [
              132.707124867,
              35.218629747
            ],
            [
              132.707101202,
              35.218617465
            ],
            [
              132.706703857,
              35.218770821
            ],
            [
              132.706692359,
              35.218822412
            ],
            [
              132.706688691,
              35.21883887
            ],
            [
              132.707198635,
              35.21896893
            ],
            [
              132.707346584,
              35.219006665
            ]
          ]
        ]
      },
      "properties": {
        "polygon_uuid": "33333547-3b10-4c2c-95d4-bc7b6f86d200",
        "daicho_shubetsu_cd": "FUD25"
      }
    },
    {
      "type": "Feature",
      "geometry": {
        "type": "Polygon",
        "coordinates": [
          [
            [
              132.703355549,
              35.218020501
            ],
            [
              132.703389877,
              35.217990845
            ],
            [
              132.703513151,
              35.21788595
            ],
            [
              132.703605009,
              35.217796516
            ],
            [
              132.703651808,
              35.21774057
            ],
            [
              132.703706936,
              35.217607269
            ],
            [
              132.703683063,
              35.217589557
            ],
            [
              132.703602607,
              35.217532839
            ],
            [
              132.703580029,
              35.217542229
            ],
            [
              132.703550719,
              35.217603903
            ],
            [
              132.703501822,
              35.21769934
            ],
            [
              132.703479489,
              35.217729113
            ],
            [
              132.703304105,
              35.217887505
            ],
            [
              132.703221592,
              35.217963737
            ],
            [
              132.703217406,
              35.217973219
            ],
            [
              132.703295237,
              35.218019053
            ],
            [
              132.703309758,
              35.218023893
            ],
            [
              132.703355549,
              35.218020501
            ]
          ]
        ]
      },
      "properties": {
        "polygon_uuid": "235fc26c-6ffd-4f09-9458-c15f4cda7094",
        "daicho_shubetsu_cd": "FUD25"
      }
    },
    {
      "type": "Feature",
      "geometry": {
        "type": "Polygon",
        "coordinates": [
          [
            [
              132.710480576,
              35.218955922
            ],
            [
              132.710476115,
              35.218923427
            ],
            [
              132.710432126,
              35.218905045
            ],
            [
              132.71033241,
              35.218805629
            ],
            [
              132.710242802,
              35.218736358
            ],
            [
              132.71018314,
              35.218701789
            ],
            [
              132.710129332,
              35.218696224
            ],
            [
              132.710088359,
              35.218705699
            ],
            [
              132.710026409,
              35.218752425
            ],
            [
              132.709952072,
              35.218851463
            ],
            [
              132.709924361,
              35.218939839
            ],
            [
              132.709935148,
              35.21907217
            ],
            [
              132.709981695,
              35.219049897
            ],
            [
              132.710025522,
              35.219043895
            ],
            [
              132.710058067,
              35.219043749
            ],
            [
              132.710097501,
              35.219015702
            ],
            [
              132.710146863,
              35.218991095
            ],
            [
              132.710211813,
              35.218969902
            ],
            [
              132.710305141,
              35.218960193
            ],
            [
              132.710398491,
              35.218953967
            ],
            [
              132.710480576,
              35.218955922
            ]
          ]
        ]
      },
      "properties": {
        "polygon_uuid": "8522e40b-d2ee-4a98-b0e2-c72952b8647a",
        "daicho_shubetsu_cd": "FUD25"
      }
    },
    {
      "type": "Feature",
      "geometry": {
        "type": "Polygon",
        "coordinates": [
          [
            [
              132.705707182,
              35.219368651
            ],
            [
              132.705672229,
              35.219218623
            ],
            [
              132.705469787,
              35.219276036
            ],
            [
              132.705427551,
              35.219308738
            ],
            [
              132.705482991,
              35.219418421
            ],
            [
              132.705707182,
              35.219368651
            ]
          ]
        ]
      },
      "properties": {
        "polygon_uuid": "a4aeb0d6-e491-4804-bb88-c832bd006058",
        "daicho_shubetsu_cd": "FUD25"
      }
    },
    {
      "type": "Feature",
      "geometry": {
        "type": "Polygon",
        "coordinates": [
          [
            [
              132.704386988,
              35.215735325
            ],
            [
              132.70436614,
              35.21568947
            ],
            [
              132.704336205,
              35.215655928
            ],
            [
              132.704322067,
              35.215636135
            ],
            [
              132.704304785,
              35.21561194
            ],
            [
              132.70428021,
              35.215533087
            ],
            [
              132.704203222,
              35.215445176
            ],
            [
              132.704130648,
              35.215382793
            ],
            [
              132.704119045,
              35.215386422
            ],
            [
              132.704108055,
              35.21538986
            ],
            [
              132.704081393,
              35.215423654
            ],
            [
              132.703981432,
              35.21555684
            ],
            [
              132.703968608,
              35.215575501
            ],
            [
              132.704082465,
              35.215801045
            ],
            [
              132.704108173,
              35.215900913
            ],
            [
              132.704125794,
              35.215894411
            ],
            [
              132.704187939,
              35.215877103
            ],
            [
              132.704273478,
              35.215831049
            ],
            [
              132.704359878,
              35.215772605
            ],
            [
              132.704386988,
              35.215735325
            ]
          ]
        ]
      },
      "properties": {
        "polygon_uuid": "459e6207-c51f-4184-b0b3-cda3c1e289f2",
        "daicho_shubetsu_cd": "FUD25"
      }
    },
    {
      "type": "Feature",
      "geometry": {
        "type": "Polygon",
        "coordinates": [
          [
            [
              132.696572286,
              35.222094486
            ],
            [
              132.696551261,
              35.222048885
            ],
            [
              132.696519888,
              35.22200073
            ],
            [
              132.696468265,
              35.222020553
            ],
            [
              132.696342743,
              35.222039145
            ],
            [
              132.696278996,
              35.222069322
            ],
            [
              132.696323031,
              35.222078581
            ],
            [
              132.696344044,
              35.222089659
            ],
            [
              132.696379742,
              35.222104968
            ],
            [
              132.69641856,
              35.222116826
            ],
            [
              132.696454186,
              35.222120967
            ],
            [
              132.696512734,
              35.222107822
            ],
            [
              132.696572286,
              35.222094486
            ]
          ]
        ]
      },
      "properties": {
        "polygon_uuid": "e123f851-0330-40b2-a56b-ce0c1e159507",
        "daicho_shubetsu_cd": "FUD25"
      }
    },
    {
      "type": "Feature",
      "geometry": {
        "type": "Polygon",
        "coordinates": [
          [
            [
              132.695981899,
              35.217107295
            ],
            [
              132.69596229,
              35.217082765
            ],
            [
              132.695930177,
              35.217034787
            ],
            [
              132.695874725,
              35.216912696
            ],
            [
              132.69581415,
              35.216918335
            ],
            [
              132.695750859,
              35.216919936
            ],
            [
              132.695680709,
              35.216920903
            ],
            [
              132.695639201,
              35.216924063
            ],
            [
              132.695619059,
              35.216926798
            ],
            [
              132.695595653,
              35.216923591
            ],
            [
              132.695556606,
              35.216933357
            ],
            [
              132.695610161,
              35.216984741
            ],
            [
              132.695639313,
              35.217003474
            ],
            [
              132.695604227,
              35.217002304
            ],
            [
              132.695548218,
              35.217004366
            ],
            [
              132.69558908,
              35.217017325
            ],
            [
              132.695635994,
              35.217048926
            ],
            [
              132.695669999,
              35.217082217
            ],
            [
              132.695798427,
              35.217150539
            ],
            [
              132.695831574,
              35.217153657
            ],
            [
              132.695890545,
              35.217154486
            ],
            [
              132.695921612,
              35.217143477
            ],
            [
              132.695963926,
              35.217129698
            ],
            [
              132.695981899,
              35.217107295
            ]
          ]
        ]
      },
      "properties": {
        "polygon_uuid": "454d71e1-e1a8-4f92-b311-cef990998994",
        "daicho_shubetsu_cd": "FUD25"
      }
    },
    {
      "type": "Feature",
      "geometry": {
        "type": "Polygon",
        "coordinates": [
          [
            [
              132.69489332,
              35.222341295
            ],
            [
              132.694908931,
              35.222326621
            ],
            [
              132.694810084,
              35.222260894
            ],
            [
              132.694787843,
              35.222244087
            ],
            [
              132.694713833,
              35.22222018
            ],
            [
              132.694679232,
              35.222212599
            ],
            [
              132.694633192,
              35.222217095
            ],
            [
              132.694597649,
              35.222225842
            ],
            [
              132.694555802,
              35.22223118
            ],
            [
              132.694505535,
              35.222229681
            ],
            [
              132.69444159,
              35.222217931
            ],
            [
              132.694365311,
              35.222200641
            ],
            [
              132.694303689,
              35.222318091
            ],
            [
              132.694428661,
              35.222375971
            ],
            [
              132.694484269,
              35.222393772
            ],
            [
              132.694534526,
              35.222393552
            ],
            [
              132.694640229,
              35.222386218
            ],
            [
              132.694750053,
              35.222368556
            ],
            [
              132.69489332,
              35.222341295
            ]
          ]
        ]
      },
      "properties": {
        "polygon_uuid": "0e908674-0a99-49c5-9fb0-d00ae6094f64",
        "daicho_shubetsu_cd": "FUD25"
      }
    },
    {
      "type": "Feature",
      "geometry": {
        "type": "Polygon",
        "coordinates": [
          [
            [
              132.705618942,
              35.219133256
            ],
            [
              132.705616808,
              35.219100427
            ],
            [
              132.705607832,
              35.219026924
            ],
            [
              132.705610433,
              35.218973582
            ],
            [
              132.705400848,
              35.218936443
            ],
            [
              132.705316811,
              35.219127837
            ],
            [
              132.705331186,
              35.219128344
            ],
            [
              132.705406425,
              35.21923639
            ],
            [
              132.705419652,
              35.219239427
            ],
            [
              132.705444178,
              35.219239318
            ],
            [
              132.705563654,
              35.219189241
            ],
            [
              132.705594661,
              35.219170523
            ],
            [
              132.705618942,
              35.219133256
            ]
          ]
        ]
      },
      "properties": {
        "polygon_uuid": "b4fa5787-e64e-42e2-b16a-d16114628036",
        "daicho_shubetsu_cd": "FUD25"
      }
    },
    {
      "type": "Feature",
      "geometry": {
        "type": "Polygon",
        "coordinates": [
          [
            [
              132.705610433,
              35.218973582
            ],
            [
              132.705611155,
              35.218958784
            ],
            [
              132.705650612,
              35.218791393
            ],
            [
              132.705659544,
              35.218715487
            ],
            [
              132.705645703,
              35.218619555
            ],
            [
              132.705644559,
              35.218610376
            ],
            [
              132.705559705,
              35.218590612
            ],
            [
              132.705458174,
              35.218643706
            ],
            [
              132.705407516,
              35.218686509
            ],
            [
              132.705389491,
              35.218734902
            ],
            [
              132.7053632,
              35.218753598
            ],
            [
              132.705366085,
              35.218767608
            ],
            [
              132.705400848,
              35.218936443
            ],
            [
              132.705610433,
              35.218973582
            ]
          ]
        ]
      },
      "properties": {
        "polygon_uuid": "f89a1521-3042-46db-a2a0-d3b0f5e93cfc",
        "daicho_shubetsu_cd": "FUD25"
      }
    },
    {
      "type": "Feature",
      "geometry": {
        "type": "Polygon",
        "coordinates": [
          [
            [
              132.69187855,
              35.220450019
            ],
            [
              132.692032874,
              35.220536351
            ],
            [
              132.692146536,
              35.22028248
            ],
            [
              132.692221012,
              35.220105235
            ],
            [
              132.692173809,
              35.220086542
            ],
            [
              132.692063553,
              35.22007379
            ],
            [
              132.691937267,
              35.22007544
            ],
            [
              132.691923015,
              35.220121995
            ],
            [
              132.691897209,
              35.220287493
            ],
            [
              132.691882698,
              35.220398548
            ],
            [
              132.69187855,
              35.220450019
            ]
          ]
        ]
      },
      "properties": {
        "polygon_uuid": "fb52d3f3-825f-4e7a-ba33-d856de0c3345",
        "daicho_shubetsu_cd": "FUD25"
      }
    },
    {
      "type": "Feature",
      "geometry": {
        "type": "Polygon",
        "coordinates": [
          [
            [
              132.696104669,
              35.215791089
            ],
            [
              132.696130333,
              35.215794891
            ],
            [
              132.696200916,
              35.21579866
            ],
            [
              132.696225832,
              35.215793248
            ],
            [
              132.696216677,
              35.215722513
            ],
            [
              132.69598698,
              35.215740889
            ],
            [
              132.696012975,
              35.215780724
            ],
            [
              132.696044785,
              35.215782216
            ],
            [
              132.696104669,
              35.215791089
            ]
          ]
        ]
      },
      "properties": {
        "polygon_uuid": "1a1350b1-a65c-461d-a03e-d91e9c557319",
        "daicho_shubetsu_cd": "FUD25"
      }
    },
    {
      "type": "Feature",
      "geometry": {
        "type": "Polygon",
        "coordinates": [
          [
            [
              132.696703202,
              35.216380214
            ],
            [
              132.696768789,
              35.216407884
            ],
            [
              132.69680542,
              35.216233256
            ],
            [
              132.696755576,
              35.216182926
            ],
            [
              132.69675111,
              35.216215763
            ],
            [
              132.696703202,
              35.216380214
            ]
          ]
        ]
      },
      "properties": {
        "polygon_uuid": "7848efc4-f948-40c1-a5e9-da5743090ff8",
        "daicho_shubetsu_cd": "FUD25"
      }
    },
    {
      "type": "Feature",
      "geometry": {
        "type": "Polygon",
        "coordinates": [
          [
            [
              132.705049762,
              35.217985359
            ],
            [
              132.705121959,
              35.21805188
            ],
            [
              132.705228527,
              35.218118757
            ],
            [
              132.705385534,
              35.218072222
            ],
            [
              132.705549181,
              35.218023719
            ],
            [
              132.705525951,
              35.217998977
            ],
            [
              132.705443483,
              35.217938961
            ],
            [
              132.705345427,
              35.217875531
            ],
            [
              132.70527196,
              35.217844158
            ],
            [
              132.705267382,
              35.217842203
            ],
            [
              132.705176624,
              35.21791726
            ],
            [
              132.705100697,
              35.217958704
            ],
            [
              132.7050637,
              35.217978898
            ],
            [
              132.705049762,
              35.217985359
            ]
          ]
        ]
      },
      "properties": {
        "polygon_uuid": "850785dc-38fd-4418-940f-da5f95d86ae8",
        "daicho_shubetsu_cd": "FUD25"
      }
    },
    {
      "type": "Feature",
      "geometry": {
        "type": "Polygon",
        "coordinates": [
          [
            [
              132.69187855,
              35.220450019
            ],
            [
              132.691824211,
              35.220496563
            ],
            [
              132.691794459,
              35.220605699
            ],
            [
              132.691796474,
              35.220640238
            ],
            [
              132.691811226,
              35.220705592
            ],
            [
              132.691780469,
              35.220797828
            ],
            [
              132.691766272,
              35.22082185
            ],
            [
              132.691886111,
              35.220854774
            ],
            [
              132.691969298,
              35.220836772
            ],
            [
              132.691995892,
              35.220793656
            ],
            [
              132.691986139,
              35.220739672
            ],
            [
              132.691980325,
              35.220671338
            ],
            [
              132.691982371,
              35.220636372
            ],
            [
              132.691985166,
              35.220588625
            ],
            [
              132.692053128,
              35.220547681
            ],
            [
              132.692032874,
              35.220536351
            ],
            [
              132.69187855,
              35.220450019
            ]
          ]
        ]
      },
      "properties": {
        "polygon_uuid": "052d3bae-42ac-417b-849e-e727e6058ebb",
        "daicho_shubetsu_cd": "FUD25"
      }
    },
    {
      "type": "Feature",
      "geometry": {
        "type": "Polygon",
        "coordinates": [
          [
            [
              132.706084519,
              35.218288027
            ],
            [
              132.706073953,
              35.21825943
            ],
            [
              132.706055871,
              35.218235513
            ],
            [
              132.706029285,
              35.21820931
            ],
            [
              132.705957264,
              35.218160086
            ],
            [
              132.705824816,
              35.218102614
            ],
            [
              132.705742609,
              35.218082078
            ],
            [
              132.705716237,
              35.218088389
            ],
            [
              132.705694689,
              35.218110935
            ],
            [
              132.705722363,
              35.218158808
            ],
            [
              132.705795044,
              35.218222944
            ],
            [
              132.705866433,
              35.218311353
            ],
            [
              132.705890529,
              35.218337943
            ],
            [
              132.705929106,
              35.218384098
            ],
            [
              132.705942683,
              35.218411519
            ],
            [
              132.705950561,
              35.218445247
            ],
            [
              132.705964993,
              35.218472806
            ],
            [
              132.705989397,
              35.218454117
            ],
            [
              132.706015574,
              35.21841839
            ],
            [
              132.706064125,
              35.218342307
            ],
            [
              132.706084519,
              35.218288027
            ]
          ]
        ]
      },
      "properties": {
        "polygon_uuid": "4309ba42-1b08-4c50-b2b2-ea031ce00033",
        "daicho_shubetsu_cd": "FUD25"
      }
    },
    {
      "type": "Feature",
      "geometry": {
        "type": "Polygon",
        "coordinates": [
          [
            [
              132.701654842,
              35.217205461
            ],
            [
              132.701565514,
              35.217137731
            ],
            [
              132.701283328,
              35.217070165
            ],
            [
              132.701227072,
              35.217058715
            ],
            [
              132.701126674,
              35.217092876
            ],
            [
              132.701085781,
              35.217122646
            ],
            [
              132.701109309,
              35.217258104
            ],
            [
              132.701136318,
              35.217284822
            ],
            [
              132.701268584,
              35.217251208
            ],
            [
              132.701375064,
              35.217249361
            ],
            [
              132.701437951,
              35.217249083
            ],
            [
              132.701513379,
              35.217243246
            ],
            [
              132.701588763,
              35.217230526
            ],
            [
              132.701654842,
              35.217205461
            ]
          ]
        ]
      },
      "properties": {
        "polygon_uuid": "8ee651fb-89a5-4811-9240-ebaa1376b5a4",
        "daicho_shubetsu_cd": "FUD25"
      }
    },
    {
      "type": "Feature",
      "geometry": {
        "type": "Polygon",
        "coordinates": [
          [
            [
              132.69756354,
              35.217984985
            ],
            [
              132.697370405,
              35.217628073
            ],
            [
              132.697311091,
              35.217472832
            ],
            [
              132.697202622,
              35.21750158
            ],
            [
              132.697210301,
              35.217663572
            ],
            [
              132.697258534,
              35.217744916
            ],
            [
              132.697336171,
              35.217865279
            ],
            [
              132.697453519,
              35.217978943
            ],
            [
              132.69756354,
              35.217984985
            ]
          ]
        ]
      },
      "properties": {
        "polygon_uuid": "c63b5023-4abf-4aba-986a-ecf82b46741a",
        "daicho_shubetsu_cd": "FUD25"
      }
    },
    {
      "type": "Feature",
      "geometry": {
        "type": "Polygon",
        "coordinates": [
          [
            [
              132.690672417,
              35.218550612
            ],
            [
              132.690729207,
              35.218628222
            ],
            [
              132.690815553,
              35.218684079
            ],
            [
              132.69092356,
              35.218765202
            ],
            [
              132.690974827,
              35.218798056
            ],
            [
              132.691122721,
              35.218803434
            ],
            [
              132.691229182,
              35.218751186
            ],
            [
              132.691161878,
              35.218746425
            ],
            [
              132.691075821,
              35.218735772
            ],
            [
              132.690923798,
              35.218634994
            ],
            [
              132.690917732,
              35.21863135
            ],
            [
              132.690725864,
              35.218516078
            ],
            [
              132.690707108,
              35.218534599
            ],
            [
              132.690672417,
              35.218550612
            ]
          ]
        ]
      },
      "properties": {
        "polygon_uuid": "7777f90f-18a4-464f-aa4c-efdb471a5be7",
        "daicho_shubetsu_cd": "FUD25"
      }
    },
    {
      "type": "Feature",
      "geometry": {
        "type": "Polygon",
        "coordinates": [
          [
            [
              132.712614402,
              35.217373567
            ],
            [
              132.712552305,
              35.217371083
            ],
            [
              132.712456532,
              35.217332323
            ],
            [
              132.712230731,
              35.217210543
            ],
            [
              132.71218496,
              35.217189847
            ],
            [
              132.712124469,
              35.21719012
            ],
            [
              132.712050347,
              35.21721484
            ],
            [
              132.71199854,
              35.217243813
            ],
            [
              132.711966657,
              35.217290765
            ],
            [
              132.711975654,
              35.217323851
            ],
            [
              132.711982977,
              35.217350784
            ],
            [
              132.712547629,
              35.217518938
            ],
            [
              132.712614402,
              35.217373567
            ]
          ]
        ]
      },
      "properties": {
        "polygon_uuid": "b7dc6130-6961-4545-a6f7-f4bbb4794cb7",
        "daicho_shubetsu_cd": "FUD25"
      }
    },
    {
      "type": "Feature",
      "geometry": {
        "type": "Polygon",
        "coordinates": [
          [
            [
              132.69625095,
              35.215578633
            ],
            [
              132.696241103,
              35.215548318
            ],
            [
              132.696186015,
              35.215512149
            ],
            [
              132.696118259,
              35.215484716
            ],
            [
              132.696038914,
              35.215466637
            ],
            [
              132.69602637,
              35.215483254
            ],
            [
              132.695998102,
              35.215475877
            ],
            [
              132.695929389,
              35.215457604
            ],
            [
              132.695885211,
              35.215550096
            ],
            [
              132.695924533,
              35.215574884
            ],
            [
              132.695963304,
              35.215577161
            ],
            [
              132.696089506,
              35.215575794
            ],
            [
              132.696135272,
              35.215583749
            ],
            [
              132.69625095,
              35.215578633
            ]
          ]
        ]
      },
      "properties": {
        "polygon_uuid": "cccd2ac4-b588-41c8-afd0-f6402d26e311",
        "daicho_shubetsu_cd": "FUD25"
      }
    },
    {
      "type": "Feature",
      "geometry": {
        "type": "Polygon",
        "coordinates": [
          [
            [
              132.711494641,
              35.217575544
            ],
            [
              132.711734693,
              35.217345001
            ],
            [
              132.711771069,
              35.217309565
            ],
            [
              132.711892625,
              35.217304367
            ],
            [
              132.711798462,
              35.217268213
            ],
            [
              132.711748757,
              35.217214876
            ],
            [
              132.711733591,
              35.217203513
            ],
            [
              132.711627502,
              35.217206176
            ],
            [
              132.711523654,
              35.217208782
            ],
            [
              132.711304872,
              35.217525449
            ],
            [
              132.71137019,
              35.217532994
            ],
            [
              132.711446764,
              35.217557471
            ],
            [
              132.711494641,
              35.217575544
            ]
          ]
        ]
      },
      "properties": {
        "polygon_uuid": "ea49d649-b883-4e18-bc4c-fc60d7640ad2",
        "daicho_shubetsu_cd": "FUD25"
      }
    },
    {
      "type": "Feature",
      "geometry": {
        "type": "Polygon",
        "coordinates": [
          [
            [
              132.703592983,
              35.218050212
            ],
            [
              132.70355177,
              35.218043254
            ],
            [
              132.703493687,
              35.218057775
            ],
            [
              132.703442864,
              35.218062615
            ],
            [
              132.703381151,
              35.218058985
            ],
            [
              132.703326211,
              35.218045847
            ],
            [
              132.703321686,
              35.218049756
            ],
            [
              132.703292751,
              35.218080808
            ],
            [
              132.703342887,
              35.218112042
            ],
            [
              132.703412922,
              35.218146568
            ],
            [
              132.703456401,
              35.218159536
            ],
            [
              132.70347716,
              35.218160218
            ],
            [
              132.70350914,
              35.218146142
            ],
            [
              132.703568151,
              35.2180824
            ],
            [
              132.703592983,
              35.218050212
            ]
          ]
        ]
      },
      "properties": {
        "polygon_uuid": "d7571761-a672-4b43-a208-fda88eb62603",
        "daicho_shubetsu_cd": "FUD25"
      }
    },
    {
      "type": "Feature",
      "geometry": {
        "type": "Polygon",
        "coordinates": [
          [
            [
              132.705549181,
              35.218023719
            ],
            [
              132.705385534,
              35.218072222
            ],
            [
              132.705414317,
              35.218463425
            ],
            [
              132.705461572,
              35.21847263
            ],
            [
              132.705471154,
              35.21846293
            ],
            [
              132.705533209,
              35.218431687
            ],
            [
              132.705583066,
              35.218410564
            ],
            [
              132.70563298,
              35.218397955
            ],
            [
              132.705667909,
              35.21840167
            ],
            [
              132.705729195,
              35.218406293
            ],
            [
              132.705723976,
              35.21833045
            ],
            [
              132.70569493,
              35.218256504
            ],
            [
              132.705652836,
              35.218167664
            ],
            [
              132.705594353,
              35.21807183
            ],
            [
              132.705549181,
              35.218023719
            ]
          ]
        ]
      },
      "properties": {
        "polygon_uuid": "413b16a8-7003-4d41-bc17-fde6f9ff23b9",
        "daicho_shubetsu_cd": "FUD25"
      }
    },
    {
      "type": "Feature",
      "geometry": {
        "type": "Polygon",
        "coordinates": [
          [
            [
              132.691502231,
              35.218547176
            ],
            [
              132.691685901,
              35.218607203
            ],
            [
              132.691846058,
              35.218649508
            ],
            [
              132.691964316,
              35.218653406
            ],
            [
              132.692075786,
              35.218646307
            ],
            [
              132.692086293,
              35.218608773
            ],
            [
              132.692065749,
              35.218548221
            ],
            [
              132.692002378,
              35.218513545
            ],
            [
              132.691773594,
              35.218454668
            ],
            [
              132.691529877,
              35.21837193
            ],
            [
              132.691464605,
              35.218459315
            ],
            [
              132.691502231,
              35.218547176
            ]
          ]
        ]
      },
      "properties": {
        "polygon_uuid": "29648d35-78fc-4837-afa0-fe786fc14495",
        "daicho_shubetsu_cd": "FUD25"
      }
    },
    {
      "type": "Feature",
      "geometry": {
        "type": "Polygon",
        "coordinates": [
          [
            [
              132.696278996,
              35.222069322
            ],
            [
              132.696342743,
              35.222039145
            ],
            [
              132.696468265,
              35.222020553
            ],
            [
              132.696519888,
              35.22200073
            ],
            [
              132.696482392,
              35.221943176
            ],
            [
              132.696294027,
              35.221954298
            ],
            [
              132.696237562,
              35.221965715
            ],
            [
              132.696190467,
              35.221980353
            ],
            [
              132.696273677,
              35.222056458
            ],
            [
              132.696278996,
              35.222069322
            ]
          ]
        ]
      },
      "properties": {
        "polygon_uuid": "bd9f05df-1af1-43c6-b5f4-ff327b455cd9",
        "daicho_shubetsu_cd": "FUD25"
      }
    },
    {
      "type": "Feature",
      "geometry": {
        "type": "Polygon",
        "coordinates": [
          [
            [
              132.696387826,
              35.221357755
            ],
            [
              132.696350869,
              35.221309802
            ],
            [
              132.696325517,
              35.221275546
            ],
            [
              132.696324696,
              35.221268845
            ],
            [
              132.696301545,
              35.221294853
            ],
            [
              132.696294024,
              35.221318943
            ],
            [
              132.69631247,
              35.221364686
            ],
            [
              132.696318187,
              35.221385282
            ],
            [
              132.69631619,
              35.221400183
            ],
            [
              132.696180179,
              35.221523356
            ],
            [
              132.696139144,
              35.221540955
            ],
            [
              132.696146096,
              35.221644027
            ],
            [
              132.696152092,
              35.221657258
            ],
            [
              132.696410618,
              35.221404369
            ],
            [
              132.696387826,
              35.221357755
            ]
          ]
        ]
      },
      "properties": {
        "polygon_uuid": "ef719069-d806-4805-9acd-ff4d17e8db06",
        "daicho_shubetsu_cd": "FUD25"
      }
    },
    {
      "type": "Feature",
      "geometry": {
        "type": "Polygon",
        "coordinates": [
          [
            [
              132.696008149,
              35.216257103
            ],
            [
              132.696037929,
              35.216250175
            ],
            [
              132.696087104,
              35.216247513
            ],
            [
              132.696152605,
              35.216233769
            ],
            [
              132.696179318,
              35.216215302
            ],
            [
              132.696238686,
              35.216180102
            ],
            [
              132.696300482,
              35.216055051
            ],
            [
              132.696295896,
              35.216010607
            ],
            [
              132.696279615,
              35.215951958
            ],
            [
              132.696280392,
              35.215918516
            ],
            [
              132.696295386,
              35.215892316
            ],
            [
              132.696233002,
              35.21595392
            ],
            [
              132.696186935,
              35.215976142
            ],
            [
              132.696139369,
              35.215997147
            ],
            [
              132.696086055,
              35.216051207
            ],
            [
              132.696070298,
              35.216072347
            ],
            [
              132.696047633,
              35.216102755
            ],
            [
              132.696025686,
              35.216166465
            ],
            [
              132.696008149,
              35.216257103
            ]
          ]
        ]
      },
      "properties": {
        "polygon_uuid": "d64186fe-31eb-4f37-a00b-ff9d833cc4a8",
        "daicho_shubetsu_cd": "FUD25"
      }
    }
  ]
}