{
  "type": "FeatureCollection",
  "features": [
    {
      "type": "Feature",
      "geometry": {
        "type": "Polygon",
        "coordinates": [
          [
            [
              132.715383455,
              35.255451265
            ],
            [
              132.715423401,
              35.255107675
            ],
            [
              132.715406225,
              35.25510667
            ],
            [
              132.715404722,
              35.255079594
            ],
            [
              132.715134882,
              35.255054924
            ],
            [
              132.715074597,
              35.255478664
            ],
            [
              132.715157849,
              35.255485871
            ],
            [
              132.715312314,
              35.255477587
            ],
            [
              132.715345331,
              35.255477437
            ],
            [
              132.715383455,
              35.255451265
            ]
          ]
        ]
      },
      "properties": {
        "polygon_uuid": "f835b91c-a527-4c1f-a32e-05d6de81378f",
        "daicho_shubetsu_cd": "FUD25"
      }
    },
    {
      "type": "Feature",
      "geometry": {
        "type": "Polygon",
        "coordinates": [
          [
            [
              132.719970687,
              35.247196283
            ],
            [
              132.720215175,
              35.247205583
            ],
            [
              132.720184018,
              35.247161863
            ],
            [
              132.720139386,
              35.247130832
            ],
            [
              132.720129608,
              35.247118322
            ],
            [
              132.719940747,
              35.247112797
            ],
            [
              132.719938713,
              35.247140047
            ],
            [
              132.719942121,
              35.247174736
            ],
            [
              132.71994793,
              35.24720152
            ],
            [
              132.719970687,
              35.247196283
            ]
          ]
        ]
      },
      "properties": {
        "polygon_uuid": "ec34bdd0-9e45-4cbc-8041-06e08f27fa93",
        "daicho_shubetsu_cd": "FUD25"
      }
    },
    {
      "type": "Feature",
      "geometry": {
        "type": "Polygon",
        "coordinates": [
          [
            [
              132.713310515,
              35.253833776
            ],
            [
              132.713016758,
              35.253684657
            ],
            [
              132.71300403,
              35.253689739
            ],
            [
              132.712994805,
              35.253693423
            ],
            [
              132.712913595,
              35.253793454
            ],
            [
              132.712914742,
              35.25383317
            ],
            [
              132.712928321,
              35.253888719
            ],
            [
              132.712947062,
              35.253926189
            ],
            [
              132.712952582,
              35.253961552
            ],
            [
              132.712934534,
              35.254027354
            ],
            [
              132.712976678,
              35.25400983
            ],
            [
              132.713316717,
              35.253906464
            ],
            [
              132.713310515,
              35.253833776
            ]
          ]
        ]
      },
      "properties": {
        "polygon_uuid": "d607696f-fb9a-44eb-b1b9-0783f3c60444",
        "daicho_shubetsu_cd": "FUD25"
      }
    },
    {
      "type": "Feature",
      "geometry": {
        "type": "Polygon",
        "coordinates": [
          [
            [
              132.713697352,
              35.250906232
            ],
            [
              132.713347868,
              35.250908245
            ],
            [
              132.71336725,
              35.250994535
            ],
            [
              132.713375227,
              35.251062366
            ],
            [
              132.713388,
              35.251284421
            ],
            [
              132.713410729,
              35.251308997
            ],
            [
              132.71345184,
              35.251270764
            ],
            [
              132.713648211,
              35.251018972
            ],
            [
              132.71367667,
              35.250963316
            ],
            [
              132.713697352,
              35.250906232
            ]
          ]
        ]
      },
      "properties": {
        "polygon_uuid": "9eb6c53d-9817-4b07-afe6-082d7322edde",
        "daicho_shubetsu_cd": "FUD25"
      }
    },
    {
      "type": "Feature",
      "geometry": {
        "type": "Polygon",
        "coordinates": [
          [
            [
              132.713615058,
              35.25424773
            ],
            [
              132.713565565,
              35.254219788
            ],
            [
              132.713518259,
              35.254255389
            ],
            [
              132.713431888,
              35.254373499
            ],
            [
              132.713446029,
              35.25438138
            ],
            [
              132.713497097,
              35.254381871
            ],
            [
              132.713537602,
              35.254382411
            ],
            [
              132.713615058,
              35.25424773
            ]
          ]
        ]
      },
      "properties": {
        "polygon_uuid": "1fa801fa-405e-4362-8789-0e8a56448481",
        "daicho_shubetsu_cd": "FUD25"
      }
    },
    {
      "type": "Feature",
      "geometry": {
        "type": "Polygon",
        "coordinates": [
          [
            [
              132.713286024,
              35.250362148
            ],
            [
              132.713290754,
              35.250288449
            ],
            [
              132.71329368,
              35.250164013
            ],
            [
              132.713306626,
              35.250038502
            ],
            [
              132.713306198,
              35.24997475
            ],
            [
              132.713311142,
              35.249899647
            ],
            [
              132.713286313,
              35.249899917
            ],
            [
              132.712955876,
              35.249903515
            ],
            [
              132.712952981,
              35.249924209
            ],
            [
              132.712915948,
              35.250009725
            ],
            [
              132.712896692,
              35.250129095
            ],
            [
              132.712904517,
              35.250174305
            ],
            [
              132.712952481,
              35.250223446
            ],
            [
              132.71314108,
              35.250307943
            ],
            [
              132.713286024,
              35.250362148
            ]
          ]
        ]
      },
      "properties": {
        "polygon_uuid": "e593d127-af04-42cd-be84-0e936c3c98bc",
        "daicho_shubetsu_cd": "FUD25"
      }
    },
    {
      "type": "Feature",
      "geometry": {
        "type": "Polygon",
        "coordinates": [
          [
            [
              132.713196915,
              35.249314564
            ],
            [
              132.713223016,
              35.249357608
            ],
            [
              132.713238978,
              35.249494814
            ],
            [
              132.713227908,
              35.249525638
            ],
            [
              132.713273474,
              35.249526096
            ],
            [
              132.713306079,
              35.249528005
            ],
            [
              132.713382673,
              35.249547197
            ],
            [
              132.713478187,
              35.249583784
            ],
            [
              132.713516493,
              35.249501347
            ],
            [
              132.713529688,
              35.249412854
            ],
            [
              132.713496655,
              35.249347193
            ],
            [
              132.713481372,
              35.249311271
            ],
            [
              132.713196915,
              35.249314564
            ]
          ]
        ]
      },
      "properties": {
        "polygon_uuid": "49793f41-e60a-498e-bcd5-11ef517b7175",
        "daicho_shubetsu_cd": "FUD25"
      }
    },
    {
      "type": "Feature",
      "geometry": {
        "type": "Polygon",
        "coordinates": [
          [
            [
              132.721924196,
              35.247290222
            ],
            [
              132.721702214,
              35.247308583
            ],
            [
              132.721622812,
              35.247438078
            ],
            [
              132.721656457,
              35.247458538
            ],
            [
              132.721760487,
              35.247514457
            ],
            [
              132.721826644,
              35.247444743
            ],
            [
              132.721893674,
              35.247348129
            ],
            [
              132.721924196,
              35.247290222
            ]
          ]
        ]
      },
      "properties": {
        "polygon_uuid": "c65b3b2d-078f-4858-aeac-13b5470c5cfa",
        "daicho_shubetsu_cd": "FUD25"
      }
    },
    {
      "type": "Feature",
      "geometry": {
        "type": "Polygon",
        "coordinates": [
          [
            [
              132.712582124,
              35.250295168
            ],
            [
              132.712707569,
              35.250146515
            ],
            [
              132.712685048,
              35.25012812
            ],
            [
              132.7124643,
              35.249922428
            ],
            [
              132.712277279,
              35.250050231
            ],
            [
              132.712253704,
              35.250086328
            ],
            [
              132.712266515,
              35.250150573
            ],
            [
              132.712313274,
              35.250206919
            ],
            [
              132.712421565,
              35.25027944
            ],
            [
              132.712476844,
              35.2502977
            ],
            [
              132.712515737,
              35.250302666
            ],
            [
              132.712540807,
              35.250302552
            ],
            [
              132.712582124,
              35.250295168
            ]
          ]
        ]
      },
      "properties": {
        "polygon_uuid": "e722678b-db5e-4ac3-b222-150ee6e8fa35",
        "daicho_shubetsu_cd": "FUD25"
      }
    },
    {
      "type": "Feature",
      "geometry": {
        "type": "Polygon",
        "coordinates": [
          [
            [
              132.712632637,
              35.253436952
            ],
            [
              132.713067706,
              35.253140014
            ],
            [
              132.713092349,
              35.253138459
            ],
            [
              132.713116927,
              35.253127515
            ],
            [
              132.713103667,
              35.25311963
            ],
            [
              132.713028474,
              35.253066527
            ],
            [
              132.712979788,
              35.253016146
            ],
            [
              132.712809538,
              35.253033164
            ],
            [
              132.712736955,
              35.253041074
            ],
            [
              132.712681642,
              35.253064074
            ],
            [
              132.712657994,
              35.253082597
            ],
            [
              132.712639919,
              35.253144427
            ],
            [
              132.712601862,
              35.253180348
            ],
            [
              132.712582372,
              35.253228101
            ],
            [
              132.712581414,
              35.253282271
            ],
            [
              132.71259005,
              35.253388396
            ],
            [
              132.712632637,
              35.253436952
            ]
          ]
        ]
      },
      "properties": {
        "polygon_uuid": "26daac69-aa0f-4b72-ab03-1ad4e1a68e2d",
        "daicho_shubetsu_cd": "FUD25"
      }
    },
    {
      "type": "Feature",
      "geometry": {
        "type": "Polygon",
        "coordinates": [
          [
            [
              132.718899404,
              35.246105512
            ],
            [
              132.718832714,
              35.246096706
            ],
            [
              132.71875179,
              35.246094473
            ],
            [
              132.718704251,
              35.246102498
            ],
            [
              132.718652059,
              35.246126162
            ],
            [
              132.718612778,
              35.246182303
            ],
            [
              132.71855774,
              35.246254133
            ],
            [
              132.718502445,
              35.246288223
            ],
            [
              132.718447327,
              35.24634834
            ],
            [
              132.718417485,
              35.246392725
            ],
            [
              132.718463729,
              35.246427653
            ],
            [
              132.718505046,
              35.246437876
            ],
            [
              132.718584136,
              35.246403677
            ],
            [
              132.718679179,
              35.246382421
            ],
            [
              132.71877416,
              35.246352056
            ],
            [
              132.718826299,
              35.246320583
            ],
            [
              132.718865562,
              35.246261839
            ],
            [
              132.718879354,
              35.246190196
            ],
            [
              132.718899677,
              35.246145855
            ],
            [
              132.718899404,
              35.246105512
            ]
          ]
        ]
      },
      "properties": {
        "polygon_uuid": "9f968169-78f2-4a30-b7cf-1cf84f3ee277",
        "daicho_shubetsu_cd": "FUD25"
      }
    },
    {
      "type": "Feature",
      "geometry": {
        "type": "Polygon",
        "coordinates": [
          [
            [
              132.715451903,
              35.25509886
            ],
            [
              132.715418424,
              35.255374362
            ],
            [
              132.71542818,
              35.25545015
            ],
            [
              132.715453397,
              35.255468451
            ],
            [
              132.715596882,
              35.255465047
            ],
            [
              132.715623275,
              35.255099742
            ],
            [
              132.715451903,
              35.25509886
            ]
          ]
        ]
      },
      "properties": {
        "polygon_uuid": "99c6eec3-45ab-4d58-b218-21d87113bcbc",
        "daicho_shubetsu_cd": "FUD25"
      }
    },
    {
      "type": "Feature",
      "geometry": {
        "type": "Polygon",
        "coordinates": [
          [
            [
              132.721991766,
              35.247148789
            ],
            [
              132.721729401,
              35.247143256
            ],
            [
              132.721695629,
              35.247309128
            ],
            [
              132.721702214,
              35.247308583
            ],
            [
              132.721924196,
              35.247290222
            ],
            [
              132.721950057,
              35.247241153
            ],
            [
              132.721991766,
              35.247148789
            ]
          ]
        ]
      },
      "properties": {
        "polygon_uuid": "5c59386d-9c1b-40bc-ae41-2284181714da",
        "daicho_shubetsu_cd": "FUD25"
      }
    },
    {
      "type": "Feature",
      "geometry": {
        "type": "Polygon",
        "coordinates": [
          [
            [
              132.719792251,
              35.247577094
            ],
            [
              132.719711454,
              35.2472694
            ],
            [
              132.719622399,
              35.247296306
            ],
            [
              132.719561087,
              35.247300924
            ],
            [
              132.71961287,
              35.247450787
            ],
            [
              132.719645501,
              35.247583384
            ],
            [
              132.719792251,
              35.247577094
            ]
          ]
        ]
      },
      "properties": {
        "polygon_uuid": "af0fd959-12ae-46de-ac09-236ab0742adc",
        "daicho_shubetsu_cd": "FUD25"
      }
    },
    {
      "type": "Feature",
      "geometry": {
        "type": "Polygon",
        "coordinates": [
          [
            [
              132.721212164,
              35.253063628
            ],
            [
              132.721201517,
              35.25291641
            ],
            [
              132.721187986,
              35.25292058
            ],
            [
              132.721149358,
              35.252920756
            ],
            [
              132.720807742,
              35.252913953
            ],
            [
              132.720672066,
              35.252917011
            ],
            [
              132.72062854,
              35.252925335
            ],
            [
              132.720605837,
              35.252936814
            ],
            [
              132.720613014,
              35.25297253
            ],
            [
              132.7206481,
              35.253034118
            ],
            [
              132.720740385,
              35.253058883
            ],
            [
              132.720853374,
              35.253069739
            ],
            [
              132.721082419,
              35.253065035
            ],
            [
              132.721174526,
              35.253063801
            ],
            [
              132.721212164,
              35.253063628
            ]
          ]
        ]
      },
      "properties": {
        "polygon_uuid": "a98e2268-0056-4d26-9339-26a3a41aefd3",
        "daicho_shubetsu_cd": "FUD25"
      }
    },
    {
      "type": "Feature",
      "geometry": {
        "type": "Polygon",
        "coordinates": [
          [
            [
              132.712858146,
              35.250737278
            ],
            [
              132.712831523,
              35.250752346
            ],
            [
              132.712795215,
              35.250772438
            ],
            [
              132.712768975,
              35.250798075
            ],
            [
              132.712752872,
              35.250826941
            ],
            [
              132.712723322,
              35.25092024
            ],
            [
              132.712729495,
              35.250935159
            ],
            [
              132.712784332,
              35.250960819
            ],
            [
              132.712968693,
              35.250833824
            ],
            [
              132.712941248,
              35.250811638
            ],
            [
              132.712911981,
              35.250794831
            ],
            [
              132.712875313,
              35.250761116
            ],
            [
              132.712858146,
              35.250737278
            ]
          ]
        ]
      },
      "properties": {
        "polygon_uuid": "54b22faf-7f3a-4740-a70b-2aed53b0c0ee",
        "daicho_shubetsu_cd": "FUD25"
      }
    },
    {
      "type": "Feature",
      "geometry": {
        "type": "Polygon",
        "coordinates": [
          [
            [
              132.716691593,
              35.25069677
            ],
            [
              132.71675131,
              35.25068859
            ],
            [
              132.716716124,
              35.250617574
            ],
            [
              132.716664097,
              35.250622555
            ],
            [
              132.716691593,
              35.25069677
            ]
          ]
        ]
      },
      "properties": {
        "polygon_uuid": "d7af8f58-44ba-43b5-9dd4-343ca89ee9ab",
        "daicho_shubetsu_cd": "FUD25"
      }
    },
    {
      "type": "Feature",
      "geometry": {
        "type": "Polygon",
        "coordinates": [
          [
            [
              132.72346964,
              35.246147212
            ],
            [
              132.723459944,
              35.2461139
            ],
            [
              132.723440765,
              35.246093165
            ],
            [
              132.723406909,
              35.246013933
            ],
            [
              132.723377456,
              35.245882623
            ],
            [
              132.72336727,
              35.245785063
            ],
            [
              132.723245865,
              35.245894942
            ],
            [
              132.723149368,
              35.246021699
            ],
            [
              132.723053864,
              35.246128301
            ],
            [
              132.723287096,
              35.246364091
            ],
            [
              132.723350272,
              35.246323022
            ],
            [
              132.723401792,
              35.246278536
            ],
            [
              132.723457311,
              35.246200194
            ],
            [
              132.72346964,
              35.246147212
            ]
          ]
        ]
      },
      "properties": {
        "polygon_uuid": "05aab72c-7fe4-4f27-8df2-3a5ed35b6f60",
        "daicho_shubetsu_cd": "FUD25"
      }
    },
    {
      "type": "Feature",
      "geometry": {
        "type": "Polygon",
        "coordinates": [
          [
            [
              132.712979788,
              35.253016146
            ],
            [
              132.713028474,
              35.253066527
            ],
            [
              132.713103667,
              35.25311963
            ],
            [
              132.713116927,
              35.253127515
            ],
            [
              132.713150813,
              35.253128319
            ],
            [
              132.713212529,
              35.253063646
            ],
            [
              132.71330716,
              35.253029678
            ],
            [
              132.7133067,
              35.25296126
            ],
            [
              132.713258804,
              35.252891715
            ],
            [
              132.713184159,
              35.252979254
            ],
            [
              132.713028555,
              35.252987094
            ],
            [
              132.713023384,
              35.253003728
            ],
            [
              132.712979788,
              35.253016146
            ]
          ]
        ]
      },
      "properties": {
        "polygon_uuid": "24f62172-96ef-4033-a7cc-3e8eda3f4fd4",
        "daicho_shubetsu_cd": "FUD25"
      }
    },
    {
      "type": "Feature",
      "geometry": {
        "type": "Polygon",
        "coordinates": [
          [
            [
              132.719859177,
              35.246098078
            ],
            [
              132.719848984,
              35.246075056
            ],
            [
              132.7198165,
              35.246057756
            ],
            [
              132.719545364,
              35.246175832
            ],
            [
              132.719515983,
              35.246158174
            ],
            [
              132.719519284,
              35.246192166
            ],
            [
              132.719530013,
              35.246214675
            ],
            [
              132.719577758,
              35.246237015
            ],
            [
              132.719631825,
              35.246255856
            ],
            [
              132.719659347,
              35.246259201
            ],
            [
              132.719669798,
              35.246240933
            ],
            [
              132.719684417,
              35.246213102
            ],
            [
              132.719726484,
              35.246178205
            ],
            [
              132.71978018,
              35.246142387
            ],
            [
              132.719821261,
              35.246117905
            ],
            [
              132.719859177,
              35.246098078
            ]
          ]
        ]
      },
      "properties": {
        "polygon_uuid": "f3ce640d-63bc-4c41-8c8d-3e993bb982c7",
        "daicho_shubetsu_cd": "FUD25"
      }
    },
    {
      "type": "Feature",
      "geometry": {
        "type": "Polygon",
        "coordinates": [
          [
            [
              132.719674967,
              35.24636524
            ],
            [
              132.719624971,
              35.246322954
            ],
            [
              132.719595819,
              35.246335591
            ],
            [
              132.719531253,
              35.246380081
            ],
            [
              132.719556852,
              35.246415234
            ],
            [
              132.719572756,
              35.246421235
            ],
            [
              132.719589678,
              35.246421158
            ],
            [
              132.71961083,
              35.24642106
            ],
            [
              132.719629749,
              35.246403622
            ],
            [
              132.719674967,
              35.24636524
            ]
          ]
        ]
      },
      "properties": {
        "polygon_uuid": "9dcbab0a-6908-463c-837c-41048d44233f",
        "daicho_shubetsu_cd": "FUD25"
      }
    },
    {
      "type": "Feature",
      "geometry": {
        "type": "Polygon",
        "coordinates": [
          [
            [
              132.71972309,
              35.247265885
            ],
            [
              132.719711454,
              35.2472694
            ],
            [
              132.719792251,
              35.247577094
            ],
            [
              132.719804101,
              35.247576586
            ],
            [
              132.719890826,
              35.247576189
            ],
            [
              132.72003258,
              35.247580747
            ],
            [
              132.720035612,
              35.247559911
            ],
            [
              132.720018301,
              35.247502726
            ],
            [
              132.719895011,
              35.247528566
            ],
            [
              132.719882196,
              35.247510405
            ],
            [
              132.719849445,
              35.24751576
            ],
            [
              132.719837581,
              35.247481977
            ],
            [
              132.719814889,
              35.247410935
            ],
            [
              132.719786489,
              35.247278319
            ],
            [
              132.719789375,
              35.247238142
            ],
            [
              132.719747333,
              35.247253627
            ],
            [
              132.71972309,
              35.247265885
            ]
          ]
        ]
      },
      "properties": {
        "polygon_uuid": "c882a211-1b41-423a-b33b-44ca9cdb3db9",
        "daicho_shubetsu_cd": "FUD25"
      }
    },
    {
      "type": "Feature",
      "geometry": {
        "type": "Polygon",
        "coordinates": [
          [
            [
              132.715755494,
              35.255446631
            ],
            [
              132.715787179,
              35.255100586
            ],
            [
              132.715753109,
              35.25510041
            ],
            [
              132.715623275,
              35.255099742
            ],
            [
              132.715596882,
              35.255465047
            ],
            [
              132.7156792,
              35.255463093
            ],
            [
              132.715755494,
              35.255446631
            ]
          ]
        ]
      },
      "properties": {
        "polygon_uuid": "65b50e46-e90b-4ce6-bc9c-49a7bcaad1e4",
        "daicho_shubetsu_cd": "FUD25"
      }
    },
    {
      "type": "Feature",
      "geometry": {
        "type": "Polygon",
        "coordinates": [
          [
            [
              132.715074597,
              35.255478664
            ],
            [
              132.715134882,
              35.255054924
            ],
            [
              132.715009593,
              35.255043469
            ],
            [
              132.715016795,
              35.25493619
            ],
            [
              132.714862185,
              35.254922807
            ],
            [
              132.714854647,
              35.254980256
            ],
            [
              132.714798216,
              35.255425751
            ],
            [
              132.714853785,
              35.255440666
            ],
            [
              132.715074597,
              35.255478664
            ]
          ]
        ]
      },
      "properties": {
        "polygon_uuid": "603a222d-ebb7-4c50-924d-4e97e4e99c93",
        "daicho_shubetsu_cd": "FUD25"
      }
    },
    {
      "type": "Feature",
      "geometry": {
        "type": "Polygon",
        "coordinates": [
          [
            [
              132.712251574,
              35.249711781
            ],
            [
              132.712191264,
              35.249690802
            ],
            [
              132.712003735,
              35.249640918
            ],
            [
              132.711946777,
              35.249621293
            ],
            [
              132.711845564,
              35.249607354
            ],
            [
              132.711797812,
              35.249589745
            ],
            [
              132.711780355,
              35.249603535
            ],
            [
              132.711779207,
              35.24968169
            ],
            [
              132.711792141,
              35.249741273
            ],
            [
              132.711834884,
              35.249759589
            ],
            [
              132.711919594,
              35.249805138
            ],
            [
              132.711983435,
              35.249854209
            ],
            [
              132.712049692,
              35.249889559
            ],
            [
              132.712079785,
              35.249890794
            ],
            [
              132.712166749,
              35.249800174
            ],
            [
              132.712251574,
              35.249711781
            ]
          ]
        ]
      },
      "properties": {
        "polygon_uuid": "b43ff24b-8e93-411c-853e-4ec89fb56ba6",
        "daicho_shubetsu_cd": "FUD25"
      }
    },
    {
      "type": "Feature",
      "geometry": {
        "type": "Polygon",
        "coordinates": [
          [
            [
              132.707604727,
              35.254673771
            ],
            [
              132.707476284,
              35.254536508
            ],
            [
              132.707412797,
              35.254465412
            ],
            [
              132.707322615,
              35.2544412
            ],
            [
              132.707166632,
              35.254449281
            ],
            [
              132.70713219,
              35.254459281
            ],
            [
              132.707132296,
              35.254475279
            ],
            [
              132.707134025,
              35.254509731
            ],
            [
              132.707164161,
              35.254529287
            ],
            [
              132.707228749,
              35.254540075
            ],
            [
              132.707228994,
              35.254576995
            ],
            [
              132.707188714,
              35.254611634
            ],
            [
              132.707251826,
              35.25462612
            ],
            [
              132.70738427,
              35.254688294
            ],
            [
              132.707552616,
              35.254734308
            ],
            [
              132.707604727,
              35.254673771
            ]
          ]
        ]
      },
      "properties": {
        "polygon_uuid": "26a88723-9673-4872-ae79-503fa3fa1370",
        "daicho_shubetsu_cd": "FUD25"
      }
    },
    {
      "type": "Feature",
      "geometry": {
        "type": "Polygon",
        "coordinates": [
          [
            [
              132.721433394,
              35.25339616
            ],
            [
              132.721350427,
              35.25328523
            ],
            [
              132.721222182,
              35.25336138
            ],
            [
              132.721193612,
              35.253406187
            ],
            [
              132.721279174,
              35.253461856
            ],
            [
              132.721312711,
              35.253441391
            ],
            [
              132.721364045,
              35.253415968
            ],
            [
              132.721433394,
              35.25339616
            ]
          ]
        ]
      },
      "properties": {
        "polygon_uuid": "e3ff801b-a655-46e0-9ffa-518b8470a59f",
        "daicho_shubetsu_cd": "FUD25"
      }
    },
    {
      "type": "Feature",
      "geometry": {
        "type": "Polygon",
        "coordinates": [
          [
            [
              132.719530013,
              35.246214675
            ],
            [
              132.719474842,
              35.246178106
            ],
            [
              132.719382673,
              35.2461551
            ],
            [
              132.719247124,
              35.246129691
            ],
            [
              132.719139138,
              35.246113699
            ],
            [
              132.719037538,
              35.246103752
            ],
            [
              132.718958591,
              35.246106748
            ],
            [
              132.718951338,
              35.246160236
            ],
            [
              132.718957189,
              35.24617802
            ],
            [
              132.7189785,
              35.246201349
            ],
            [
              132.719022725,
              35.246211027
            ],
            [
              132.719191059,
              35.246236288
            ],
            [
              132.719274445,
              35.246257834
            ],
            [
              132.719303579,
              35.246265363
            ],
            [
              132.719465785,
              35.246322753
            ],
            [
              132.719484934,
              35.246327418
            ],
            [
              132.719500746,
              35.246331269
            ],
            [
              132.719514691,
              35.24627994
            ],
            [
              132.719530013,
              35.246214675
            ]
          ]
        ]
      },
      "properties": {
        "polygon_uuid": "c7ea0396-2125-41d2-bf0e-51df4cca709f",
        "daicho_shubetsu_cd": "FUD25"
      }
    },
    {
      "type": "Feature",
      "geometry": {
        "type": "Polygon",
        "coordinates": [
          [
            [
              132.72030092,
              35.246383982
            ],
            [
              132.720163252,
              35.246202454
            ],
            [
              132.720062324,
              35.24622252
            ],
            [
              132.720060358,
              35.246256803
            ],
            [
              132.720201361,
              35.246428938
            ],
            [
              132.720216822,
              35.246425658
            ],
            [
              132.72030092,
              35.246383982
            ]
          ]
        ]
      },
      "properties": {
        "polygon_uuid": "35147857-d7fe-46b0-ac9e-5346b884c3b2",
        "daicho_shubetsu_cd": "FUD25"
      }
    },
    {
      "type": "Feature",
      "geometry": {
        "type": "Polygon",
        "coordinates": [
          [
            [
              132.719570869,
              35.246756752
            ],
            [
              132.719605593,
              35.246760753
            ],
            [
              132.719638731,
              35.246760601
            ],
            [
              132.719696531,
              35.246758024
            ],
            [
              132.719756332,
              35.246738662
            ],
            [
              132.719831605,
              35.246713447
            ],
            [
              132.719879495,
              35.24670513
            ],
            [
              132.7199265,
              35.24670053
            ],
            [
              132.719889388,
              35.246664642
            ],
            [
              132.719845908,
              35.246647488
            ],
            [
              132.7196814,
              35.246668035
            ],
            [
              132.719658121,
              35.246666406
            ],
            [
              132.719611488,
              35.246652159
            ],
            [
              132.719573234,
              35.246625726
            ],
            [
              132.719539891,
              35.246595801
            ],
            [
              132.719523715,
              35.246546254
            ],
            [
              132.719487027,
              35.246558449
            ],
            [
              132.719499913,
              35.246586261
            ],
            [
              132.719526741,
              35.246644162
            ],
            [
              132.719537996,
              35.246672881
            ],
            [
              132.719570869,
              35.246756752
            ]
          ]
        ]
      },
      "properties": {
        "polygon_uuid": "62f3ae1a-a61b-44fe-b42c-5572ac9e47d9",
        "daicho_shubetsu_cd": "FUD25"
      }
    },
    {
      "type": "Feature",
      "geometry": {
        "type": "Polygon",
        "coordinates": [
          [
            [
              132.7191909,
              35.24979927
            ],
            [
              132.719280389,
              35.249826578
            ],
            [
              132.719430482,
              35.249500533
            ],
            [
              132.719466724,
              35.249430266
            ],
            [
              132.71924279,
              35.249389362
            ],
            [
              132.719239524,
              35.249415511
            ],
            [
              132.719205809,
              35.249434752
            ],
            [
              132.719149836,
              35.249447154
            ],
            [
              132.719136782,
              35.249549593
            ],
            [
              132.719104208,
              35.249804872
            ],
            [
              132.7191909,
              35.24979927
            ]
          ]
        ]
      },
      "properties": {
        "polygon_uuid": "3ab8750f-aa5e-4fe7-9bd9-55fb92c978c1",
        "daicho_shubetsu_cd": "FUD25"
      }
    },
    {
      "type": "Feature",
      "geometry": {
        "type": "Polygon",
        "coordinates": [
          [
            [
              132.711246923,
              35.24876151
            ],
            [
              132.711247881,
              35.248777204
            ],
            [
              132.71121051,
              35.248812334
            ],
            [
              132.711174365,
              35.248843346
            ],
            [
              132.711154502,
              35.248872227
            ],
            [
              132.71115216,
              35.248896917
            ],
            [
              132.711153633,
              35.248929816
            ],
            [
              132.711177992,
              35.249011282
            ],
            [
              132.711173636,
              35.24905142
            ],
            [
              132.711176309,
              35.249061299
            ],
            [
              132.711179111,
              35.249105504
            ],
            [
              132.71119438,
              35.249139368
            ],
            [
              132.711215813,
              35.249157781
            ],
            [
              132.711262475,
              35.249199732
            ],
            [
              132.711281573,
              35.249243862
            ],
            [
              132.711281891,
              35.249300664
            ],
            [
              132.711326369,
              35.249224405
            ],
            [
              132.711317298,
              35.249180229
            ],
            [
              132.711274391,
              35.249137233
            ],
            [
              132.711247847,
              35.249104448
            ],
            [
              132.711253895,
              35.249071515
            ],
            [
              132.711267511,
              35.249045746
            ],
            [
              132.71126225,
              35.249008751
            ],
            [
              132.711255858,
              35.248990271
            ],
            [
              132.711258207,
              35.248966609
            ],
            [
              132.711256733,
              35.24893371
            ],
            [
              132.711283912,
              35.248873946
            ],
            [
              132.711319994,
              35.248833681
            ],
            [
              132.711371891,
              35.248764389
            ],
            [
              132.711362796,
              35.248753113
            ],
            [
              132.711340212,
              35.248750129
            ],
            [
              132.711246923,
              35.24876151
            ]
          ]
        ]
      },
      "properties": {
        "polygon_uuid": "9421c47b-3fdd-4f94-ba55-6159fe4bb230",
        "daicho_shubetsu_cd": "FUD25"
      }
    },
    {
      "type": "Feature",
      "geometry": {
        "type": "Polygon",
        "coordinates": [
          [
            [
              132.71982191,
              35.252490177
            ],
            [
              132.719762921,
              35.252181037
            ],
            [
              132.719740427,
              35.252146648
            ],
            [
              132.719356265,
              35.252213328
            ],
            [
              132.719330439,
              35.25223475
            ],
            [
              132.719382033,
              35.252547982
            ],
            [
              132.71940437,
              35.252559038
            ],
            [
              132.719792422,
              35.252518716
            ],
            [
              132.71982191,
              35.252490177
            ]
          ]
        ]
      },
      "properties": {
        "polygon_uuid": "180d01ab-7d5e-4cec-a054-618a29c544e2",
        "daicho_shubetsu_cd": "FUD25"
      }
    },
    {
      "type": "Feature",
      "geometry": {
        "type": "Polygon",
        "coordinates": [
          [
            [
              132.712906237,
              35.253584549
            ],
            [
              132.713001213,
              35.253443413
            ],
            [
              132.71301291,
              35.253415195
            ],
            [
              132.713016638,
              35.253380512
            ],
            [
              132.713036324,
              35.253362006
            ],
            [
              132.713117925,
              35.253341149
            ],
            [
              132.713140314,
              35.253332516
            ],
            [
              132.713148053,
              35.253305037
            ],
            [
              132.713142213,
              35.25322201
            ],
            [
              132.713126138,
              35.253188139
            ],
            [
              132.713055691,
              35.25318629
            ],
            [
              132.713067706,
              35.253140014
            ],
            [
              132.712632637,
              35.253436952
            ],
            [
              132.712683024,
              35.253467058
            ],
            [
              132.712775845,
              35.253522972
            ],
            [
              132.712887235,
              35.253575049
            ],
            [
              132.712906237,
              35.253584549
            ]
          ]
        ]
      },
      "properties": {
        "polygon_uuid": "4dc7339d-b6f1-4edf-8eca-65097b8306be",
        "daicho_shubetsu_cd": "FUD25"
      }
    },
    {
      "type": "Feature",
      "geometry": {
        "type": "Polygon",
        "coordinates": [
          [
            [
              132.718460192,
              35.246803982
            ],
            [
              132.718525482,
              35.246796095
            ],
            [
              132.718572028,
              35.246797617
            ],
            [
              132.718578098,
              35.246756812
            ],
            [
              132.718617297,
              35.246715494
            ],
            [
              132.718654089,
              35.246682357
            ],
            [
              132.718701558,
              35.24666392
            ],
            [
              132.718766071,
              35.246663626
            ],
            [
              132.718835985,
              35.246679791
            ],
            [
              132.718922961,
              35.246716703
            ],
            [
              132.718976952,
              35.246724264
            ],
            [
              132.719290922,
              35.246752303
            ],
            [
              132.719307224,
              35.246726963
            ],
            [
              132.719297467,
              35.246710994
            ],
            [
              132.719273305,
              35.246671447
            ],
            [
              132.719215246,
              35.246576417
            ],
            [
              132.719199806,
              35.246577326
            ],
            [
              132.719032261,
              35.246587198
            ],
            [
              132.719007873,
              35.246608558
            ],
            [
              132.718849398,
              35.246633575
            ],
            [
              132.718782822,
              35.246641688
            ],
            [
              132.718759479,
              35.246630515
            ],
            [
              132.718724018,
              35.246622537
            ],
            [
              132.718679693,
              35.246636621
            ],
            [
              132.718599685,
              35.246691647
            ],
            [
              132.718542975,
              35.246750904
            ],
            [
              132.718515554,
              35.246762307
            ],
            [
              132.71848493,
              35.246769389
            ],
            [
              132.718468056,
              35.246776406
            ],
            [
              132.718460192,
              35.246803982
            ]
          ]
        ]
      },
      "properties": {
        "polygon_uuid": "6af7c5c4-befc-4149-bae5-654da5027bbf",
        "daicho_shubetsu_cd": "FUD25"
      }
    },
    {
      "type": "Feature",
      "geometry": {
        "type": "Polygon",
        "coordinates": [
          [
            [
              132.721695629,
              35.247309128
            ],
            [
              132.72165762,
              35.247318846
            ],
            [
              132.721524581,
              35.247351558
            ],
            [
              132.721507771,
              35.247368119
            ],
            [
              132.721622812,
              35.247438078
            ],
            [
              132.721702214,
              35.247308583
            ],
            [
              132.721695629,
              35.247309128
            ]
          ]
        ]
      },
      "properties": {
        "polygon_uuid": "42e02cc5-3970-4eda-81c3-664fbf9b993d",
        "daicho_shubetsu_cd": "FUD25"
      }
    },
    {
      "type": "Feature",
      "geometry": {
        "type": "Polygon",
        "coordinates": [
          [
            [
              132.710717712,
              35.255783775
            ],
            [
              132.710704181,
              35.25574801
            ],
            [
              132.710683998,
              35.255711498
            ],
            [
              132.710624909,
              35.255678275
            ],
            [
              132.710529735,
              35.255786177
            ],
            [
              132.710442955,
              35.255871456
            ],
            [
              132.710311576,
              35.255960829
            ],
            [
              132.710220168,
              35.25606404
            ],
            [
              132.710218393,
              35.25608274
            ],
            [
              132.710229895,
              35.256099043
            ],
            [
              132.710259334,
              35.256099689
            ],
            [
              132.710333182,
              35.256068206
            ],
            [
              132.710451455,
              35.256006928
            ],
            [
              132.710543123,
              35.255942655
            ],
            [
              132.710662122,
              35.255847885
            ],
            [
              132.710717712,
              35.255783775
            ]
          ]
        ]
      },
      "properties": {
        "polygon_uuid": "dca53903-ddbe-4fa5-aa7e-6731aa205be2",
        "daicho_shubetsu_cd": "FUD25"
      }
    },
    {
      "type": "Feature",
      "geometry": {
        "type": "Polygon",
        "coordinates": [
          [
            [
              132.713799791,
              35.253714584
            ],
            [
              132.713832056,
              35.253688533
            ],
            [
              132.713860989,
              35.253669787
            ],
            [
              132.713890807,
              35.25365288
            ],
            [
              132.713926797,
              35.253636828
            ],
            [
              132.713944153,
              35.253599195
            ],
            [
              132.713898883,
              35.253544512
            ],
            [
              132.713850106,
              35.253492012
            ],
            [
              132.713791794,
              35.253461943
            ],
            [
              132.7137714,
              35.253440369
            ],
            [
              132.713733216,
              35.253392154
            ],
            [
              132.713710876,
              35.253343145
            ],
            [
              132.713709124,
              35.253254301
            ],
            [
              132.713691526,
              35.253190465
            ],
            [
              132.713672878,
              35.253166717
            ],
            [
              132.713647757,
              35.253162497
            ],
            [
              132.713623971,
              35.253160438
            ],
            [
              132.713621999,
              35.253209631
            ],
            [
              132.713590363,
              35.25321844
            ],
            [
              132.713598753,
              35.253446273
            ],
            [
              132.713733265,
              35.25364122
            ],
            [
              132.713799791,
              35.253714584
            ]
          ]
        ]
      },
      "properties": {
        "polygon_uuid": "2e1c4be9-2557-43a0-86d8-68864addfceb",
        "daicho_shubetsu_cd": "FUD25"
      }
    },
    {
      "type": "Feature",
      "geometry": {
        "type": "Polygon",
        "coordinates": [
          [
            [
              132.72106059,
              35.247196521
            ],
            [
              132.721050723,
              35.247145376
            ],
            [
              132.721015592,
              35.247111699
            ],
            [
              132.720951342,
              35.247052651
            ],
            [
              132.72091448,
              35.247047254
            ],
            [
              132.720836114,
              35.247066694
            ],
            [
              132.720673638,
              35.247115932
            ],
            [
              132.720582874,
              35.247164843
            ],
            [
              132.72055491,
              35.247185642
            ],
            [
              132.72057053,
              35.247202265
            ],
            [
              132.720586159,
              35.247220479
            ],
            [
              132.720611501,
              35.247241828
            ],
            [
              132.720634917,
              35.247278292
            ],
            [
              132.720698379,
              35.247278868
            ],
            [
              132.720798663,
              35.247250646
            ],
            [
              132.72106059,
              35.247196521
            ]
          ]
        ]
      },
      "properties": {
        "polygon_uuid": "de7f0b2d-8f19-4c51-ad2b-6a6274a2e08d",
        "daicho_shubetsu_cd": "FUD25"
      }
    },
    {
      "type": "Feature",
      "geometry": {
        "type": "Polygon",
        "coordinates": [
          [
            [
              132.713792589,
              35.253720758
            ],
            [
              132.713799791,
              35.253714584
            ],
            [
              132.713733265,
              35.25364122
            ],
            [
              132.713598753,
              35.253446273
            ],
            [
              132.713576784,
              35.253414432
            ],
            [
              132.713367381,
              35.253435601
            ],
            [
              132.713583476,
              35.253840257
            ],
            [
              132.713605852,
              35.253839322
            ],
            [
              132.713634895,
              35.253837745
            ],
            [
              132.71365335,
              35.253832606
            ],
            [
              132.713688411,
              35.253809337
            ],
            [
              132.713715438,
              35.253769494
            ],
            [
              132.713792589,
              35.253720758
            ]
          ]
        ]
      },
      "properties": {
        "polygon_uuid": "21d6e6fe-8bd7-448f-b594-6b6868b4153c",
        "daicho_shubetsu_cd": "FUD25"
      }
    },
    {
      "type": "Feature",
      "geometry": {
        "type": "Polygon",
        "coordinates": [
          [
            [
              132.722142227,
              35.253322487
            ],
            [
              132.722110803,
              35.253327767
            ],
            [
              132.721929016,
              35.253356809
            ],
            [
              132.721807632,
              35.253373976
            ],
            [
              132.721870201,
              35.25351163
            ],
            [
              132.721886014,
              35.253506502
            ],
            [
              132.721903854,
              35.253540364
            ],
            [
              132.721884509,
              35.253544064
            ],
            [
              132.721886447,
              35.253570055
            ],
            [
              132.722237621,
              35.253428343
            ],
            [
              132.722236215,
              35.2534245
            ],
            [
              132.722218489,
              35.253407249
            ],
            [
              132.72219727,
              35.253394347
            ],
            [
              132.722142227,
              35.253322487
            ]
          ]
        ]
      },
      "properties": {
        "polygon_uuid": "4d61dbf1-a6e8-45a7-b946-6f42095e5341",
        "daicho_shubetsu_cd": "FUD25"
      }
    },
    {
      "type": "Feature",
      "geometry": {
        "type": "Polygon",
        "coordinates": [
          [
            [
              132.7201008,
              35.247052028
            ],
            [
              132.720039565,
              35.247067926
            ],
            [
              132.720008889,
              35.247067198
            ],
            [
              132.719872463,
              35.24706869
            ],
            [
              132.719799554,
              35.247078567
            ],
            [
              132.719762693,
              35.247078928
            ],
            [
              132.719771387,
              35.247107842
            ],
            [
              132.719940747,
              35.247112797
            ],
            [
              132.720129608,
              35.247118322
            ],
            [
              132.720119115,
              35.247104896
            ],
            [
              132.720222431,
              35.24705234
            ],
            [
              132.720198035,
              35.24704204
            ],
            [
              132.7201008,
              35.247052028
            ]
          ]
        ]
      },
      "properties": {
        "polygon_uuid": "acc5b4a0-9e64-4eae-be2a-700c99821ad1",
        "daicho_shubetsu_cd": "FUD25"
      }
    },
    {
      "type": "Feature",
      "geometry": {
        "type": "Polygon",
        "coordinates": [
          [
            [
              132.721235041,
              35.253670319
            ],
            [
              132.721115522,
              35.25357337
            ],
            [
              132.721112128,
              35.253592163
            ],
            [
              132.721163507,
              35.253638148
            ],
            [
              132.721230988,
              35.253721615
            ],
            [
              132.721314255,
              35.253859777
            ],
            [
              132.721350502,
              35.253946275
            ],
            [
              132.72136054,
              35.25398974
            ],
            [
              132.721475704,
              35.253933841
            ],
            [
              132.721441669,
              35.253888201
            ],
            [
              132.72135648,
              35.253790372
            ],
            [
              132.721235041,
              35.253670319
            ]
          ]
        ]
      },
      "properties": {
        "polygon_uuid": "b1dd0994-f562-4479-b024-73b5f65eab38",
        "daicho_shubetsu_cd": "FUD25"
      }
    },
    {
      "type": "Feature",
      "geometry": {
        "type": "Polygon",
        "coordinates": [
          [
            [
              132.710441859,
              35.255737801
            ],
            [
              132.710519033,
              35.255783068
            ],
            [
              132.710585622,
              35.255713007
            ],
            [
              132.710613059,
              35.255657879
            ],
            [
              132.710617804,
              35.255633709
            ],
            [
              132.710593137,
              35.255613697
            ],
            [
              132.710441859,
              35.255737801
            ]
          ]
        ]
      },
      "properties": {
        "polygon_uuid": "e38e2402-96de-445a-84e8-7415a426034d",
        "daicho_shubetsu_cd": "FUD25"
      }
    },
    {
      "type": "Feature",
      "geometry": {
        "type": "Polygon",
        "coordinates": [
          [
            [
              132.719350517,
              35.248059837
            ],
            [
              132.719201286,
              35.247786235
            ],
            [
              132.719165818,
              35.247805599
            ],
            [
              132.719098719,
              35.247892668
            ],
            [
              132.718976373,
              35.248098854
            ],
            [
              132.71888647,
              35.248254569
            ],
            [
              132.718874966,
              35.24827371
            ],
            [
              132.718898304,
              35.248284014
            ],
            [
              132.718939475,
              35.248272547
            ],
            [
              132.718995247,
              35.248230647
            ],
            [
              132.719214478,
              35.24811859
            ],
            [
              132.719350517,
              35.248059837
            ]
          ]
        ]
      },
      "properties": {
        "polygon_uuid": "6972dbe3-475f-4720-a0bf-75dda7a276aa",
        "daicho_shubetsu_cd": "FUD25"
      }
    },
    {
      "type": "Feature",
      "geometry": {
        "type": "Polygon",
        "coordinates": [
          [
            [
              132.720457152,
              35.246306561
            ],
            [
              132.720363549,
              35.246172247
            ],
            [
              132.720163252,
              35.246202454
            ],
            [
              132.72030092,
              35.246383982
            ],
            [
              132.720457152,
              35.246306561
            ]
          ]
        ]
      },
      "properties": {
        "polygon_uuid": "2314375e-0088-4fdf-8afd-7a41fdb9c167",
        "daicho_shubetsu_cd": "FUD25"
      }
    },
    {
      "type": "Feature",
      "geometry": {
        "type": "Polygon",
        "coordinates": [
          [
            [
              132.716000844,
              35.255101685
            ],
            [
              132.715787179,
              35.255100586
            ],
            [
              132.715755494,
              35.255446631
            ],
            [
              132.715771513,
              35.255443175
            ],
            [
              132.715847914,
              35.255413579
            ],
            [
              132.715887249,
              35.255371151
            ],
            [
              132.715977599,
              35.255255911
            ],
            [
              132.716023317,
              35.255180955
            ],
            [
              132.71599025,
              35.255173523
            ],
            [
              132.716000844,
              35.255101685
            ]
          ]
        ]
      },
      "properties": {
        "polygon_uuid": "1162b201-5470-4f51-8cef-7babb89b7b6c",
        "daicho_shubetsu_cd": "FUD25"
      }
    },
    {
      "type": "Feature",
      "geometry": {
        "type": "Polygon",
        "coordinates": [
          [
            [
              132.712968532,
              35.249813084
            ],
            [
              132.713027232,
              35.249775784
            ],
            [
              132.713082055,
              35.249726177
            ],
            [
              132.713110782,
              35.249710623
            ],
            [
              132.713135583,
              35.249590837
            ],
            [
              132.713177988,
              35.249558769
            ],
            [
              132.713227908,
              35.249525638
            ],
            [
              132.713238978,
              35.249494814
            ],
            [
              132.713223016,
              35.249357608
            ],
            [
              132.713196915,
              35.249314564
            ],
            [
              132.713112184,
              35.249318256
            ],
            [
              132.713032085,
              35.24932908
            ],
            [
              132.71297395,
              35.249354752
            ],
            [
              132.712940231,
              35.249347514
            ],
            [
              132.71294767,
              35.249522816
            ],
            [
              132.71293266,
              35.249659294
            ],
            [
              132.7129557,
              35.249730143
            ],
            [
              132.712968532,
              35.249813084
            ]
          ]
        ]
      },
      "properties": {
        "polygon_uuid": "5a21ad24-80cf-4dee-82a9-7cd8d5468b9c",
        "daicho_shubetsu_cd": "FUD25"
      }
    },
    {
      "type": "Feature",
      "geometry": {
        "type": "Polygon",
        "coordinates": [
          [
            [
              132.718615836,
              35.24780606
            ],
            [
              132.718581608,
              35.247813245
            ],
            [
              132.718576724,
              35.247826444
            ],
            [
              132.718552653,
              35.247916209
            ],
            [
              132.718642481,
              35.247957444
            ],
            [
              132.718642548,
              35.247967277
            ],
            [
              132.718686376,
              35.247983852
            ],
            [
              132.71870172,
              35.247958909
            ],
            [
              132.718693606,
              35.247901309
            ],
            [
              132.718689864,
              35.24785493
            ],
            [
              132.718687826,
              35.247807137
            ],
            [
              132.718615836,
              35.24780606
            ]
          ]
        ]
      },
      "properties": {
        "polygon_uuid": "39594884-fc0c-4f7a-9a79-812b5ed0880c",
        "daicho_shubetsu_cd": "FUD25"
      }
    },
    {
      "type": "Feature",
      "geometry": {
        "type": "Polygon",
        "coordinates": [
          [
            [
              132.722131034,
              35.253299525
            ],
            [
              132.722021616,
              35.253143686
            ],
            [
              132.721989733,
              35.253116208
            ],
            [
              132.721921211,
              35.253099204
            ],
            [
              132.721844887,
              35.253091014
            ],
            [
              132.722003973,
              35.253317769
            ],
            [
              132.722131034,
              35.253299525
            ]
          ]
        ]
      },
      "properties": {
        "polygon_uuid": "e0e71ee4-3bd0-407a-98fc-82f0e51b0d05",
        "daicho_shubetsu_cd": "FUD25"
      }
    },
    {
      "type": "Feature",
      "geometry": {
        "type": "Polygon",
        "coordinates": [
          [
            [
              132.713060041,
              35.254716529
            ],
            [
              132.713177928,
              35.254747941
            ],
            [
              132.7132,
              35.254730052
            ],
            [
              132.713226233,
              35.254703211
            ],
            [
              132.713238239,
              35.254655491
            ],
            [
              132.712887996,
              35.254583808
            ],
            [
              132.712871209,
              35.25465455
            ],
            [
              132.712877507,
              35.254674743
            ],
            [
              132.713060041,
              35.254716529
            ]
          ]
        ]
      },
      "properties": {
        "polygon_uuid": "10b9eb52-e232-4dc2-9e8a-8616cbe73d16",
        "daicho_shubetsu_cd": "FUD25"
      }
    },
    {
      "type": "Feature",
      "geometry": {
        "type": "Polygon",
        "coordinates": [
          [
            [
              132.715721977,
              35.254877622
            ],
            [
              132.715737185,
              35.254986458
            ],
            [
              132.716126078,
              35.254985553
            ],
            [
              132.716026406,
              35.254846631
            ],
            [
              132.715724108,
              35.254845863
            ],
            [
              132.715721977,
              35.254877622
            ]
          ]
        ]
      },
      "properties": {
        "polygon_uuid": "9cdc2f87-427f-4011-9b8a-86204b370aa5",
        "daicho_shubetsu_cd": "FUD25"
      }
    },
    {
      "type": "Feature",
      "geometry": {
        "type": "Polygon",
        "coordinates": [
          [
            [
              132.716141063,
              35.255006439
            ],
            [
              132.716126078,
              35.254985553
            ],
            [
              132.715737185,
              35.254986458
            ],
            [
              132.715753109,
              35.25510041
            ],
            [
              132.715787179,
              35.255100586
            ],
            [
              132.716000844,
              35.255101685
            ],
            [
              132.716002879,
              35.255087884
            ],
            [
              132.716066314,
              35.255094095
            ],
            [
              132.716141063,
              35.255006439
            ]
          ]
        ]
      },
      "properties": {
        "polygon_uuid": "7bfdbf07-373a-46c0-9b3c-8813a6328999",
        "daicho_shubetsu_cd": "FUD25"
      }
    },
    {
      "type": "Feature",
      "geometry": {
        "type": "Polygon",
        "coordinates": [
          [
            [
              132.716491703,
              35.254367361
            ],
            [
              132.716477553,
              35.254358037
            ],
            [
              132.715953614,
              35.254478135
            ],
            [
              132.715951306,
              35.254504913
            ],
            [
              132.715964717,
              35.254535186
            ],
            [
              132.716131026,
              35.254651427
            ],
            [
              132.716263202,
              35.254667438
            ],
            [
              132.716289405,
              35.254636264
            ],
            [
              132.716321869,
              35.254619506
            ],
            [
              132.716365925,
              35.254624361
            ],
            [
              132.716394176,
              35.254635788
            ],
            [
              132.716491703,
              35.254367361
            ]
          ]
        ]
      },
      "properties": {
        "polygon_uuid": "a5af7a3a-ed86-4f4a-b5f0-8a8b7cb80c4c",
        "daicho_shubetsu_cd": "FUD25"
      }
    },
    {
      "type": "Feature",
      "geometry": {
        "type": "Polygon",
        "coordinates": [
          [
            [
              132.722196082,
              35.253641143
            ],
            [
              132.722175818,
              35.253605329
            ],
            [
              132.722172168,
              35.253586568
            ],
            [
              132.722184302,
              35.253558346
            ],
            [
              132.722240814,
              35.253453368
            ],
            [
              132.722240701,
              35.253436757
            ],
            [
              132.722237621,
              35.253428343
            ],
            [
              132.721886447,
              35.253570055
            ],
            [
              132.721884123,
              35.253615838
            ],
            [
              132.721932924,
              35.253671224
            ],
            [
              132.72194249,
              35.253653847
            ],
            [
              132.722001106,
              35.253727965
            ],
            [
              132.722054919,
              35.253743607
            ],
            [
              132.722118633,
              35.253661705
            ],
            [
              132.72218007,
              35.253633257
            ],
            [
              132.722196082,
              35.253641143
            ]
          ]
        ]
      },
      "properties": {
        "polygon_uuid": "8a7c10bc-51b2-4cda-b3a5-8ae2bab5d113",
        "daicho_shubetsu_cd": "FUD25"
      }
    },
    {
      "type": "Feature",
      "geometry": {
        "type": "Polygon",
        "coordinates": [
          [
            [
              132.722668806,
              35.253517626
            ],
            [
              132.722506131,
              35.253275757
            ],
            [
              132.722425251,
              35.25332565
            ],
            [
              132.722303367,
              35.25339843
            ],
            [
              132.722237621,
              35.253428343
            ],
            [
              132.722240701,
              35.253436757
            ],
            [
              132.722240814,
              35.253453368
            ],
            [
              132.722184302,
              35.253558346
            ],
            [
              132.722172168,
              35.253586568
            ],
            [
              132.722175818,
              35.253605329
            ],
            [
              132.722196082,
              35.253641143
            ],
            [
              132.722245442,
              35.253665456
            ],
            [
              132.722309015,
              35.253691886
            ],
            [
              132.722338093,
              35.253695364
            ],
            [
              132.722415747,
              35.253670331
            ],
            [
              132.722498348,
              35.25360874
            ],
            [
              132.722633844,
              35.253548528
            ],
            [
              132.722668806,
              35.253517626
            ]
          ]
        ]
      },
      "properties": {
        "polygon_uuid": "505e2d4f-8f08-44f5-bf2e-8ae97137790c",
        "daicho_shubetsu_cd": "FUD25"
      }
    },
    {
      "type": "Feature",
      "geometry": {
        "type": "Polygon",
        "coordinates": [
          [
            [
              132.707175778,
              35.254629271
            ],
            [
              132.707128015,
              35.254598689
            ],
            [
              132.707100553,
              35.254579381
            ],
            [
              132.707056881,
              35.254588544
            ],
            [
              132.707007673,
              35.254587269
            ],
            [
              132.706949394,
              35.254592014
            ],
            [
              132.70690651500001,
              35.254599296
            ],
            [
              132.706970219,
              35.254703209
            ],
            [
              132.706988532,
              35.254723372
            ],
            [
              132.707028599,
              35.254720204
            ],
            [
              132.707055346,
              35.254719239
            ],
            [
              132.707105482,
              35.254737886
            ],
            [
              132.707138069,
              35.254740641
            ],
            [
              132.707159954,
              35.254743532
            ],
            [
              132.707181691,
              35.254724005
            ],
            [
              132.707175778,
              35.254629271
            ]
          ]
        ]
      },
      "properties": {
        "polygon_uuid": "c7c8fd0d-3d32-4af3-85cb-8b20555d773b",
        "daicho_shubetsu_cd": "FUD25"
      }
    },
    {
      "type": "Feature",
      "geometry": {
        "type": "Polygon",
        "coordinates": [
          [
            [
              132.718552653,
              35.247916209
            ],
            [
              132.718394705,
              35.247816918
            ],
            [
              132.718364434,
              35.247823997
            ],
            [
              132.718353737,
              35.247824126
            ],
            [
              132.718301055,
              35.247890446
            ],
            [
              132.718224225,
              35.247839675
            ],
            [
              132.71818359,
              35.247878036
            ],
            [
              132.718170358,
              35.24790239
            ],
            [
              132.718170538,
              35.247928996
            ],
            [
              132.718179848,
              35.247950355
            ],
            [
              132.718225248,
              35.247990637
            ],
            [
              132.718298937,
              35.248043516
            ],
            [
              132.718373264,
              35.248086558
            ],
            [
              132.718422655,
              35.248091539
            ],
            [
              132.718552653,
              35.247916209
            ]
          ]
        ]
      },
      "properties": {
        "polygon_uuid": "35e89e21-728c-4b94-bc06-8c41e88e473c",
        "daicho_shubetsu_cd": "FUD25"
      }
    },
    {
      "type": "Feature",
      "geometry": {
        "type": "Polygon",
        "coordinates": [
          [
            [
              132.718383626,
              35.24639815
            ],
            [
              132.718399558,
              35.246376596
            ],
            [
              132.718451902,
              35.246297404
            ],
            [
              132.718542747,
              35.246138963
            ],
            [
              132.718565488,
              35.24611342
            ],
            [
              132.71851283,
              35.246086144
            ],
            [
              132.718528288,
              35.246026207
            ],
            [
              132.71851361,
              35.246017833
            ],
            [
              132.718499621,
              35.246009853
            ],
            [
              132.718431929,
              35.246002235
            ],
            [
              132.718339638,
              35.246362213
            ],
            [
              132.718383626,
              35.24639815
            ]
          ]
        ]
      },
      "properties": {
        "polygon_uuid": "4c88e848-459e-439f-bee6-8d16d7cb93d6",
        "daicho_shubetsu_cd": "FUD25"
      }
    },
    {
      "type": "Feature",
      "geometry": {
        "type": "Polygon",
        "coordinates": [
          [
            [
              132.719492949,
              35.246051731
            ],
            [
              132.719510188,
              35.246098504
            ],
            [
              132.719512931,
              35.246126742
            ],
            [
              132.719515983,
              35.246158174
            ],
            [
              132.719545364,
              35.246175832
            ],
            [
              132.7198165,
              35.246057756
            ],
            [
              132.719811833,
              35.24605527
            ],
            [
              132.719792678,
              35.246038006
            ],
            [
              132.719791533,
              35.246031467
            ],
            [
              132.719738847,
              35.246010966
            ],
            [
              132.719701779,
              35.246003327
            ],
            [
              132.719670104,
              35.246011281
            ],
            [
              132.719620579,
              35.246038403
            ],
            [
              132.719577348,
              35.246057689
            ],
            [
              132.719529804,
              35.246064846
            ],
            [
              132.719492949,
              35.246051731
            ]
          ]
        ]
      },
      "properties": {
        "polygon_uuid": "5d8533a9-de79-4ef6-8d8a-8eb037f40a56",
        "daicho_shubetsu_cd": "FUD25"
      }
    },
    {
      "type": "Feature",
      "geometry": {
        "type": "Polygon",
        "coordinates": [
          [
            [
              132.71962951,
              35.246598864
            ],
            [
              132.719610572,
              35.246586297
            ],
            [
              132.719550044,
              35.246529649
            ],
            [
              132.719523715,
              35.246546254
            ],
            [
              132.719539891,
              35.246595801
            ],
            [
              132.719573234,
              35.246625726
            ],
            [
              132.719611488,
              35.246652159
            ],
            [
              132.719658121,
              35.246666406
            ],
            [
              132.7196814,
              35.246668035
            ],
            [
              132.719845908,
              35.246647488
            ],
            [
              132.719850607,
              35.246600665
            ],
            [
              132.719828318,
              35.246599361
            ],
            [
              132.719763224,
              35.246603876
            ],
            [
              132.71970504,
              35.246616795
            ],
            [
              132.719665623,
              35.246616976
            ],
            [
              132.719646705,
              35.24660722
            ],
            [
              132.719638126,
              35.246605854
            ],
            [
              132.71962951,
              35.246598864
            ]
          ]
        ]
      },
      "properties": {
        "polygon_uuid": "a2f5630e-af64-4fb2-ba27-8ff34cdcd17c",
        "daicho_shubetsu_cd": "FUD25"
      }
    },
    {
      "type": "Feature",
      "geometry": {
        "type": "Polygon",
        "coordinates": [
          [
            [
              132.713171473,
              35.250863909
            ],
            [
              132.713149943,
              35.250834545
            ],
            [
              132.713073126,
              35.250782448
            ],
            [
              132.713037759,
              35.250742504
            ],
            [
              132.712979655,
              35.250676955
            ],
            [
              132.71292955,
              35.250682323
            ],
            [
              132.712884465,
              35.250697635
            ],
            [
              132.712858146,
              35.250737278
            ],
            [
              132.712875313,
              35.250761116
            ],
            [
              132.712911981,
              35.250794831
            ],
            [
              132.712941248,
              35.250811638
            ],
            [
              132.712968693,
              35.250833824
            ],
            [
              132.712989958,
              35.250848953
            ],
            [
              132.713096804,
              35.250892688
            ],
            [
              132.713132882,
              35.250905935
            ],
            [
              132.713171473,
              35.250863909
            ]
          ]
        ]
      },
      "properties": {
        "polygon_uuid": "9ea079c5-0787-4d69-93f9-9409c80e06e8",
        "daicho_shubetsu_cd": "FUD25"
      }
    },
    {
      "type": "Feature",
      "geometry": {
        "type": "Polygon",
        "coordinates": [
          [
            [
              132.709279712,
              35.256317255
            ],
            [
              132.709391978,
              35.255998497
            ],
            [
              132.709295006,
              35.25598024
            ],
            [
              132.709079827,
              35.255961345
            ],
            [
              132.708993063,
              35.255978088
            ],
            [
              132.708904867,
              35.25599367
            ],
            [
              132.708830866,
              35.256002179
            ],
            [
              132.708760117,
              35.25607142
            ],
            [
              132.708833091,
              35.256122493
            ],
            [
              132.709017445,
              35.256217459
            ],
            [
              132.709153199,
              35.256285774
            ],
            [
              132.709279712,
              35.256317255
            ]
          ]
        ]
      },
      "properties": {
        "polygon_uuid": "b365d76f-eee1-40a0-a3a2-951271b44c73",
        "daicho_shubetsu_cd": "FUD25"
      }
    },
    {
      "type": "Feature",
      "geometry": {
        "type": "Polygon",
        "coordinates": [
          [
            [
              132.719819172,
              35.248863743
            ],
            [
              132.7198945,
              35.248735208
            ],
            [
              132.719976159,
              35.248611632
            ],
            [
              132.720103341,
              35.248494788
            ],
            [
              132.720111672,
              35.248475662
            ],
            [
              132.720076618,
              35.248453264
            ],
            [
              132.720012085,
              35.248450956
            ],
            [
              132.719867302,
              35.248468104
            ],
            [
              132.719761699,
              35.248492012
            ],
            [
              132.719757675,
              35.248522397
            ],
            [
              132.719560808,
              35.248664502
            ],
            [
              132.71952834,
              35.248711502
            ],
            [
              132.719819172,
              35.248863743
            ]
          ]
        ]
      },
      "properties": {
        "polygon_uuid": "48a60508-1bfe-457a-8159-98567c97ae86",
        "daicho_shubetsu_cd": "FUD25"
      }
    },
    {
      "type": "Feature",
      "geometry": {
        "type": "Polygon",
        "coordinates": [
          [
            [
              132.722032058,
              35.253089199
            ],
            [
              132.722069844,
              35.253006425
            ],
            [
              132.721731804,
              35.252942332
            ],
            [
              132.721705405,
              35.252992826
            ],
            [
              132.721712483,
              35.253013918
            ],
            [
              132.721758309,
              35.253034394
            ],
            [
              132.721823891,
              35.253064968
            ],
            [
              132.721946907,
              35.253093652
            ],
            [
              132.721990476,
              35.253091828
            ],
            [
              132.722032058,
              35.253089199
            ]
          ]
        ]
      },
      "properties": {
        "polygon_uuid": "764b7f2c-9f72-43b2-9f46-98f8d0f73343",
        "daicho_shubetsu_cd": "FUD25"
      }
    },
    {
      "type": "Feature",
      "geometry": {
        "type": "Polygon",
        "coordinates": [
          [
            [
              132.719214099,
              35.249944925
            ],
            [
              132.719199466,
              35.249814848
            ],
            [
              132.7191909,
              35.24979927
            ],
            [
              132.719104208,
              35.249804872
            ],
            [
              132.71904452,
              35.25020512
            ],
            [
              132.719084758,
              35.250211876
            ],
            [
              132.719214099,
              35.249944925
            ]
          ]
        ]
      },
      "properties": {
        "polygon_uuid": "b4b7cd44-09a0-4f43-8974-9c75709a7d14",
        "daicho_shubetsu_cd": "FUD25"
      }
    },
    {
      "type": "Feature",
      "geometry": {
        "type": "Polygon",
        "coordinates": [
          [
            [
              132.722003973,
              35.253317769
            ],
            [
              132.721844887,
              35.253091014
            ],
            [
              132.721775101,
              35.253083526
            ],
            [
              132.721665038,
              35.253066156
            ],
            [
              132.721634617,
              35.253074468
            ],
            [
              132.721815375,
              35.253344847
            ],
            [
              132.722003973,
              35.253317769
            ]
          ]
        ]
      },
      "properties": {
        "polygon_uuid": "3833f0de-fc1a-456d-b1a1-ac20309796d9",
        "daicho_shubetsu_cd": "FUD25"
      }
    },
    {
      "type": "Feature",
      "geometry": {
        "type": "Polygon",
        "coordinates": [
          [
            [
              132.721815375,
              35.253344847
            ],
            [
              132.721634617,
              35.253074468
            ],
            [
              132.721613628,
              35.253080204
            ],
            [
              132.721506681,
              35.253083944
            ],
            [
              132.721423565,
              35.253096512
            ],
            [
              132.721621099,
              35.253368373
            ],
            [
              132.721815375,
              35.253344847
            ]
          ]
        ]
      },
      "properties": {
        "polygon_uuid": "32412a40-2e80-4bbf-a9e4-ac83d9bf0157",
        "daicho_shubetsu_cd": "FUD25"
      }
    },
    {
      "type": "Feature",
      "geometry": {
        "type": "Polygon",
        "coordinates": [
          [
            [
              132.719700117,
              35.247962034
            ],
            [
              132.719619794,
              35.247672136
            ],
            [
              132.719479291,
              35.247696204
            ],
            [
              132.719474913,
              35.247674534
            ],
            [
              132.71939363,
              35.247697463
            ],
            [
              132.719401157,
              35.247715649
            ],
            [
              132.719327283,
              35.247739412
            ],
            [
              132.719325056,
              35.247722937
            ],
            [
              132.71925968,
              35.247754354
            ],
            [
              132.719201286,
              35.247786235
            ],
            [
              132.719350517,
              35.248059837
            ],
            [
              132.719642398,
              35.247973587
            ],
            [
              132.719700117,
              35.247962034
            ]
          ]
        ]
      },
      "properties": {
        "polygon_uuid": "e29d4c04-8ab1-424f-803f-b680120e0a05",
        "daicho_shubetsu_cd": "FUD25"
      }
    },
    {
      "type": "Feature",
      "geometry": {
        "type": "Polygon",
        "coordinates": [
          [
            [
              132.706988532,
              35.254723372
            ],
            [
              132.706970219,
              35.254703209
            ],
            [
              132.70690651500001,
              35.254599296
            ],
            [
              132.706866011,
              35.254621946
            ],
            [
              132.706842075,
              35.254632445
            ],
            [
              132.706849582,
              35.254653741
            ],
            [
              132.706836995,
              35.254679207
            ],
            [
              132.706817081,
              35.254698727
            ],
            [
              132.706749099,
              35.254746297
            ],
            [
              132.706774159,
              35.25475439
            ],
            [
              132.706790287,
              35.254773188
            ],
            [
              132.706825518,
              35.25480667
            ],
            [
              132.70688677,
              35.254842497
            ],
            [
              132.706926855,
              35.254853805
            ],
            [
              132.706988623,
              35.254816608
            ],
            [
              132.707012476,
              35.254793528
            ],
            [
              132.706988532,
              35.254723372
            ]
          ]
        ]
      },
      "properties": {
        "polygon_uuid": "ba512893-ded5-4d74-b8e0-b7d1c3ae83cf",
        "daicho_shubetsu_cd": "FUD25"
      }
    },
    {
      "type": "Feature",
      "geometry": {
        "type": "Polygon",
        "coordinates": [
          [
            [
              132.721712483,
              35.253013918
            ],
            [
              132.721705405,
              35.252992826
            ],
            [
              132.721731804,
              35.252942332
            ],
            [
              132.721686334,
              35.252927777
            ],
            [
              132.721295819,
              35.252901398
            ],
            [
              132.721252233,
              35.252900786
            ],
            [
              132.721201517,
              35.25291641
            ],
            [
              132.721212164,
              35.253063628
            ],
            [
              132.721255633,
              35.25304718
            ],
            [
              132.721392311,
              35.253045741
            ],
            [
              132.721453681,
              35.253039772
            ],
            [
              132.72156453,
              35.253027076
            ],
            [
              132.721643661,
              35.253011276
            ],
            [
              132.721712483,
              35.253013918
            ]
          ]
        ]
      },
      "properties": {
        "polygon_uuid": "1a286666-13ad-4bbd-9ca3-b9e8402dc7c1",
        "daicho_shubetsu_cd": "FUD25"
      }
    },
    {
      "type": "Feature",
      "geometry": {
        "type": "Polygon",
        "coordinates": [
          [
            [
              132.722341348,
              35.253126778
            ],
            [
              132.722320249,
              35.253101315
            ],
            [
              132.722284398,
              35.253073042
            ],
            [
              132.722168221,
              35.253030514
            ],
            [
              132.722069844,
              35.253006425
            ],
            [
              132.722032058,
              35.253089199
            ],
            [
              132.722055874,
              35.253095589
            ],
            [
              132.722080779,
              35.2531166
            ],
            [
              132.722213254,
              35.253224864
            ],
            [
              132.722341348,
              35.253126778
            ]
          ]
        ]
      },
      "properties": {
        "polygon_uuid": "0d03859f-7e7b-4f73-89ef-ba9771f4808f",
        "daicho_shubetsu_cd": "FUD25"
      }
    },
    {
      "type": "Feature",
      "geometry": {
        "type": "Polygon",
        "coordinates": [
          [
            [
              132.711246923,
              35.24876151
            ],
            [
              132.711223414,
              35.248745163
            ],
            [
              132.711194079,
              35.24873227
            ],
            [
              132.711159758,
              35.248723513
            ],
            [
              132.711133802,
              35.248716088
            ],
            [
              132.711101212,
              35.248716235
            ],
            [
              132.711067789,
              35.248717071
            ],
            [
              132.710996818,
              35.248726303
            ],
            [
              132.710970237,
              35.248742844
            ],
            [
              132.711025122,
              35.24875966
            ],
            [
              132.711059138,
              35.248785214
            ],
            [
              132.711073064,
              35.248805717
            ],
            [
              132.711077099,
              35.248846832
            ],
            [
              132.711092348,
              35.248877612
            ],
            [
              132.711117926,
              35.248953591
            ],
            [
              132.711166026,
              35.249023298
            ],
            [
              132.711173636,
              35.24905142
            ],
            [
              132.711177992,
              35.249011282
            ],
            [
              132.711153633,
              35.248929816
            ],
            [
              132.71115216,
              35.248896917
            ],
            [
              132.711154502,
              35.248872227
            ],
            [
              132.711174365,
              35.248843346
            ],
            [
              132.71121051,
              35.248812334
            ],
            [
              132.711247881,
              35.248777204
            ],
            [
              132.711246923,
              35.24876151
            ]
          ]
        ]
      },
      "properties": {
        "polygon_uuid": "ab4e27a0-1887-47d7-8cca-c1884233fe31",
        "daicho_shubetsu_cd": "FUD25"
      }
    },
    {
      "type": "Feature",
      "geometry": {
        "type": "Polygon",
        "coordinates": [
          [
            [
              132.713258241,
              35.253756813
            ],
            [
              132.713268425,
              35.253745734
            ],
            [
              132.713268275,
              35.253723347
            ],
            [
              132.713242462,
              35.253681575
            ],
            [
              132.713212072,
              35.253613825
            ],
            [
              132.713199513,
              35.253579216
            ],
            [
              132.713206241,
              35.253532242
            ],
            [
              132.713198114,
              35.253501946
            ],
            [
              132.71313709,
              35.253508026
            ],
            [
              132.71311887,
              35.253417111
            ],
            [
              132.713152278,
              35.253409737
            ],
            [
              132.713145148,
              35.25339677
            ],
            [
              132.71310457,
              35.253385398
            ],
            [
              132.713092975,
              35.253363062
            ],
            [
              132.713104309,
              35.2533464
            ],
            [
              132.713117925,
              35.253341149
            ],
            [
              132.713036324,
              35.253362006
            ],
            [
              132.713016638,
              35.253380512
            ],
            [
              132.71301291,
              35.253415195
            ],
            [
              132.713001213,
              35.253443413
            ],
            [
              132.712906237,
              35.253584549
            ],
            [
              132.713083352,
              35.253673105
            ],
            [
              132.713258241,
              35.253756813
            ]
          ]
        ]
      },
      "properties": {
        "polygon_uuid": "bcb6a197-2915-4c19-a530-c2f41eac1fdd",
        "daicho_shubetsu_cd": "FUD25"
      }
    },
    {
      "type": "Feature",
      "geometry": {
        "type": "Polygon",
        "coordinates": [
          [
            [
              132.720235615,
              35.247358113
            ],
            [
              132.720240283,
              35.247319505
            ],
            [
              132.720245289,
              35.247277837
            ],
            [
              132.720215175,
              35.247205583
            ],
            [
              132.719970687,
              35.247196283
            ],
            [
              132.720000507,
              35.247312336
            ],
            [
              132.720021689,
              35.247316577
            ],
            [
              132.720040193,
              35.247393711
            ],
            [
              132.720235615,
              35.247358113
            ]
          ]
        ]
      },
      "properties": {
        "polygon_uuid": "da72dfda-2204-491f-bb78-c5c422107a27",
        "daicho_shubetsu_cd": "FUD25"
      }
    },
    {
      "type": "Feature",
      "geometry": {
        "type": "Polygon",
        "coordinates": [
          [
            [
              132.717430977,
              35.250749114
            ],
            [
              132.717432247,
              35.250624171
            ],
            [
              132.717415131,
              35.250595616
            ],
            [
              132.717364301,
              35.250663658
            ],
            [
              132.717339513,
              35.250704895
            ],
            [
              132.717291353,
              35.250711441
            ],
            [
              132.717311532,
              35.250760069
            ],
            [
              132.717341241,
              35.250773816
            ],
            [
              132.717378223,
              35.250768442
            ],
            [
              132.717430977,
              35.250749114
            ]
          ]
        ]
      },
      "properties": {
        "polygon_uuid": "87963c81-863f-4234-bd2e-c7eda7588d68",
        "daicho_shubetsu_cd": "FUD25"
      }
    },
    {
      "type": "Feature",
      "geometry": {
        "type": "Polygon",
        "coordinates": [
          [
            [
              132.712940688,
              35.254242534
            ],
            [
              132.713310797,
              35.254315728
            ],
            [
              132.713307047,
              35.254281801
            ],
            [
              132.713296839,
              35.254203849
            ],
            [
              132.713306189,
              35.254153975
            ],
            [
              132.713317149,
              35.254081704
            ],
            [
              132.713307933,
              35.254020359
            ],
            [
              132.71330324,
              35.253977047
            ],
            [
              132.71330801,
              35.25392161
            ],
            [
              132.71297982,
              35.254019506
            ],
            [
              132.71293423,
              35.254113959
            ],
            [
              132.712938344,
              35.254136691
            ],
            [
              132.712938533,
              35.254164856
            ],
            [
              132.712942837,
              35.254215752
            ],
            [
              132.712940688,
              35.254242534
            ]
          ]
        ]
      },
      "properties": {
        "polygon_uuid": "52116158-ccea-4d12-a362-c81a58ec587b",
        "daicho_shubetsu_cd": "FUD25"
      }
    },
    {
      "type": "Feature",
      "geometry": {
        "type": "Polygon",
        "coordinates": [
          [
            [
              132.718232189,
              35.249109715
            ],
            [
              132.71830419,
              35.249112199
            ],
            [
              132.718308922,
              35.249051721
            ],
            [
              132.718355148,
              35.249044481
            ],
            [
              132.718303333,
              35.248985667
            ],
            [
              132.718250051,
              35.248963415
            ],
            [
              132.718193961,
              35.249032562
            ],
            [
              132.718204568,
              35.249080316
            ],
            [
              132.718232189,
              35.249109715
            ]
          ]
        ]
      },
      "properties": {
        "polygon_uuid": "7ec1d1de-e20e-45bd-b795-ca59f5b61662",
        "daicho_shubetsu_cd": "FUD25"
      }
    },
    {
      "type": "Feature",
      "geometry": {
        "type": "Polygon",
        "coordinates": [
          [
            [
              132.721398165,
              35.247708623
            ],
            [
              132.72145819,
              35.247585147
            ],
            [
              132.721436207,
              35.247569926
            ],
            [
              132.721450911,
              35.247549566
            ],
            [
              132.721354076,
              35.247497246
            ],
            [
              132.721236178,
              35.247621578
            ],
            [
              132.721234988,
              35.247734534
            ],
            [
              132.721329056,
              35.247725426
            ],
            [
              132.721398165,
              35.247708623
            ]
          ]
        ]
      },
      "properties": {
        "polygon_uuid": "96628ff9-5450-41c2-80f3-cdd158cb79b8",
        "daicho_shubetsu_cd": "FUD25"
      }
    },
    {
      "type": "Feature",
      "geometry": {
        "type": "Polygon",
        "coordinates": [
          [
            [
              132.719466724,
              35.249430266
            ],
            [
              132.719487898,
              35.249389214
            ],
            [
              132.71954668,
              35.249304683
            ],
            [
              132.719557006,
              35.249272217
            ],
            [
              132.719556889,
              35.249254865
            ],
            [
              132.719542974,
              35.249230635
            ],
            [
              132.71945489,
              35.249186789
            ],
            [
              132.719392301,
              35.249159311
            ],
            [
              132.719348897,
              35.249153436
            ],
            [
              132.719315076,
              35.249157061
            ],
            [
              132.719268859,
              35.249218425
            ],
            [
              132.719244946,
              35.249279269
            ],
            [
              132.719243361,
              35.249357362
            ],
            [
              132.719243537,
              35.24938339
            ],
            [
              132.71924279,
              35.249389362
            ],
            [
              132.719466724,
              35.249430266
            ]
          ]
        ]
      },
      "properties": {
        "polygon_uuid": "95686dee-e267-4bf9-9440-ce7df877acd8",
        "daicho_shubetsu_cd": "FUD25"
      }
    },
    {
      "type": "Feature",
      "geometry": {
        "type": "Polygon",
        "coordinates": [
          [
            [
              132.707574411,
              35.255620832
            ],
            [
              132.707522036,
              35.255613451
            ],
            [
              132.707382796,
              35.255615458
            ],
            [
              132.707246211,
              35.255636144
            ],
            [
              132.707205794,
              35.25565017
            ],
            [
              132.707222789,
              35.255677611
            ],
            [
              132.707280218,
              35.255681837
            ],
            [
              132.707359561,
              35.255675097
            ],
            [
              132.707515565,
              35.255655708
            ],
            [
              132.707562807,
              35.255652728
            ],
            [
              132.707574411,
              35.255620832
            ]
          ]
        ]
      },
      "properties": {
        "polygon_uuid": "e1190599-569e-4e8e-964e-dcb25f0fa88e",
        "daicho_shubetsu_cd": "FUD25"
      }
    },
    {
      "type": "Feature",
      "geometry": {
        "type": "Polygon",
        "coordinates": [
          [
            [
              132.722142227,
              35.253322487
            ],
            [
              132.72219727,
              35.253394347
            ],
            [
              132.722218489,
              35.253407249
            ],
            [
              132.722236215,
              35.2534245
            ],
            [
              132.722237621,
              35.253428343
            ],
            [
              132.722303367,
              35.25339843
            ],
            [
              132.722425251,
              35.25332565
            ],
            [
              132.722506131,
              35.253275757
            ],
            [
              132.722444786,
              35.253188652
            ],
            [
              132.722412024,
              35.253161359
            ],
            [
              132.722370283,
              35.253168015
            ],
            [
              132.722283554,
              35.253226623
            ],
            [
              132.722198602,
              35.253292733
            ],
            [
              132.722154769,
              35.253320379
            ],
            [
              132.722142227,
              35.253322487
            ]
          ]
        ]
      },
      "properties": {
        "polygon_uuid": "da65de49-c94d-40be-8a2c-e06b7f7d417d",
        "daicho_shubetsu_cd": "FUD25"
      }
    },
    {
      "type": "Feature",
      "geometry": {
        "type": "Polygon",
        "coordinates": [
          [
            [
              132.715721977,
              35.254877622
            ],
            [
              132.715619937,
              35.254887947
            ],
            [
              132.715606507,
              35.254854788
            ],
            [
              132.715541875,
              35.254801638
            ],
            [
              132.715494337,
              35.254802575
            ],
            [
              132.715469175,
              35.254977067
            ],
            [
              132.715737185,
              35.254986458
            ],
            [
              132.715721977,
              35.254877622
            ]
          ]
        ]
      },
      "properties": {
        "polygon_uuid": "acd2fb3d-7cc5-4152-9f08-e344b62944a8",
        "daicho_shubetsu_cd": "FUD25"
      }
    },
    {
      "type": "Feature",
      "geometry": {
        "type": "Polygon",
        "coordinates": [
          [
            [
              132.72026382,
              35.24704783
            ],
            [
              132.720222431,
              35.24705234
            ],
            [
              132.720119115,
              35.247104896
            ],
            [
              132.720129608,
              35.247118322
            ],
            [
              132.720139386,
              35.247130832
            ],
            [
              132.720184018,
              35.247161863
            ],
            [
              132.720215175,
              35.247205583
            ],
            [
              132.720245289,
              35.247277837
            ],
            [
              132.720274512,
              35.247220439
            ],
            [
              132.720276102,
              35.247143213
            ],
            [
              132.720277911,
              35.247098089
            ],
            [
              132.72026382,
              35.24704783
            ]
          ]
        ]
      },
      "properties": {
        "polygon_uuid": "35c32790-a7fe-49c6-9d88-e603d8ffe475",
        "daicho_shubetsu_cd": "FUD25"
      }
    },
    {
      "type": "Feature",
      "geometry": {
        "type": "Polygon",
        "coordinates": [
          [
            [
              132.712811159,
              35.250740896
            ],
            [
              132.712841872,
              35.250687095
            ],
            [
              132.712820441,
              35.250661702
            ],
            [
              132.712736658,
              35.250605734
            ],
            [
              132.712699017,
              35.250601879
            ],
            [
              132.712668187,
              35.250638241
            ],
            [
              132.712720924,
              35.250698373
            ],
            [
              132.712778361,
              35.250727629
            ],
            [
              132.712811159,
              35.250740896
            ]
          ]
        ]
      },
      "properties": {
        "polygon_uuid": "fcbc6ac2-dbc9-44fd-ab39-e62ca196c73d",
        "daicho_shubetsu_cd": "FUD25"
      }
    },
    {
      "type": "Feature",
      "geometry": {
        "type": "Polygon",
        "coordinates": [
          [
            [
              132.716472274,
              35.251314158
            ],
            [
              132.71641783,
              35.251243973
            ],
            [
              132.716371099,
              35.251226074
            ],
            [
              132.716271037,
              35.251302998
            ],
            [
              132.716211543,
              35.251277849
            ],
            [
              132.716096852,
              35.251301777
            ],
            [
              132.71594984,
              35.25135654
            ],
            [
              132.715952525,
              35.251468827
            ],
            [
              132.715958641,
              35.251517832
            ],
            [
              132.715987723,
              35.251541426
            ],
            [
              132.716028224,
              35.251542824
            ],
            [
              132.716076492,
              35.251552095
            ],
            [
              132.716123647,
              35.251539558
            ],
            [
              132.716190841,
              35.251525081
            ],
            [
              132.716239269,
              35.251509424
            ],
            [
              132.716266952,
              35.251501985
            ],
            [
              132.716298575,
              35.25149128
            ],
            [
              132.71651921,
              35.251362242
            ],
            [
              132.716472274,
              35.251314158
            ]
          ]
        ]
      },
      "properties": {
        "polygon_uuid": "24cf7e0f-de60-4635-9cb8-e7bd88f128a1",
        "daicho_shubetsu_cd": "FUD25"
      }
    },
    {
      "type": "Feature",
      "geometry": {
        "type": "Polygon",
        "coordinates": [
          [
            [
              132.715451903,
              35.25509886
            ],
            [
              132.715623275,
              35.255099742
            ],
            [
              132.715753109,
              35.25510041
            ],
            [
              132.715737185,
              35.254986458
            ],
            [
              132.715469175,
              35.254977067
            ],
            [
              132.715453461,
              35.255086043
            ],
            [
              132.715451903,
              35.25509886
            ]
          ]
        ]
      },
      "properties": {
        "polygon_uuid": "40205709-d483-4bef-8f42-e9a097d9c026",
        "daicho_shubetsu_cd": "FUD25"
      }
    },
    {
      "type": "Feature",
      "geometry": {
        "type": "Polygon",
        "coordinates": [
          [
            [
              132.7199265,
              35.24670053
            ],
            [
              132.720003508,
              35.246692995
            ],
            [
              132.72000822,
              35.246660003
            ],
            [
              132.719995915,
              35.246613208
            ],
            [
              132.719999278,
              35.246536718
            ],
            [
              132.719944551,
              35.246553839
            ],
            [
              132.719850607,
              35.246600665
            ],
            [
              132.719845908,
              35.246647488
            ],
            [
              132.719889388,
              35.246664642
            ],
            [
              132.7199265,
              35.24670053
            ]
          ]
        ]
      },
      "properties": {
        "polygon_uuid": "6a46dd80-1c69-4162-9261-f6663175e5f2",
        "daicho_shubetsu_cd": "FUD25"
      }
    },
    {
      "type": "Feature",
      "geometry": {
        "type": "Polygon",
        "coordinates": [
          [
            [
              132.720060358,
              35.246256803
            ],
            [
              132.719976167,
              35.246325735
            ],
            [
              132.720106941,
              35.246461059
            ],
            [
              132.72012292,
              35.246459057
            ],
            [
              132.720131084,
              35.246462073
            ],
            [
              132.720201361,
              35.246428938
            ],
            [
              132.720060358,
              35.246256803
            ]
          ]
        ]
      },
      "properties": {
        "polygon_uuid": "df6153ba-3831-40d7-ac34-f7d459b53c8e",
        "daicho_shubetsu_cd": "FUD25"
      }
    },
    {
      "type": "Feature",
      "geometry": {
        "type": "Polygon",
        "coordinates": [
          [
            [
              132.721621099,
              35.253368373
            ],
            [
              132.721423565,
              35.253096512
            ],
            [
              132.721314576,
              35.253091325
            ],
            [
              132.72119078,
              35.253093517
            ],
            [
              132.721136282,
              35.253090516
            ],
            [
              132.721079947,
              35.253108649
            ],
            [
              132.721035432,
              35.253116978
            ],
            [
              132.721154237,
              35.253254555
            ],
            [
              132.721102839,
              35.253290428
            ],
            [
              132.721175315,
              35.253315283
            ],
            [
              132.721222182,
              35.25336138
            ],
            [
              132.721350427,
              35.25328523
            ],
            [
              132.721433394,
              35.25339616
            ],
            [
              132.721515503,
              35.253381159
            ],
            [
              132.721621099,
              35.253368373
            ]
          ]
        ]
      },
      "properties": {
        "polygon_uuid": "776609b5-452a-49dc-b639-fbd49ca4d836",
        "daicho_shubetsu_cd": "FUD25"
      }
    },
    {
      "type": "Feature",
      "geometry": {
        "type": "Polygon",
        "coordinates": [
          [
            [
              132.712809538,
              35.253033164
            ],
            [
              132.712979788,
              35.253016146
            ],
            [
              132.713023384,
              35.253003728
            ],
            [
              132.713028555,
              35.252987094
            ],
            [
              132.712987523,
              35.252907836
            ],
            [
              132.712964603,
              35.252903607
            ],
            [
              132.712929198,
              35.252875601
            ],
            [
              132.712900524,
              35.252875892
            ],
            [
              132.712844973,
              35.252884193
            ],
            [
              132.712766555,
              35.252911001
            ],
            [
              132.712805777,
              35.252983044
            ],
            [
              132.712809538,
              35.253033164
            ]
          ]
        ]
      },
      "properties": {
        "polygon_uuid": "2041ee3e-95ba-453e-9cfc-fd31c6ca0a42",
        "daicho_shubetsu_cd": "FUD25"
      }
    }
  ]
}