{
  "type": "FeatureCollection",
  "features": [
    {
      "type": "Feature",
      "geometry": {
        "type": "Polygon",
        "coordinates": [
          [
            [
              132.895193867,
              35.49725112
            ],
            [
              132.895302425,
              35.497248085
            ],
            [
              132.895313393,
              35.497248872
            ],
            [
              132.895371106,
              35.49669089
            ],
            [
              132.895288706,
              35.496681291
            ],
            [
              132.895229289,
              35.496894218
            ],
            [
              132.895203321,
              35.497057053
            ],
            [
              132.895193867,
              35.49725112
            ]
          ]
        ]
      },
      "properties": {
        "polygon_uuid": "0ab8d40b-2969-4b54-8257-00f9c3988174",
        "daicho_shubetsu_cd": "FUD25"
      }
    },
    {
      "type": "Feature",
      "geometry": {
        "type": "Polygon",
        "coordinates": [
          [
            [
              132.895410389,
              35.497855912
            ],
            [
              132.89543509,
              35.497859676
            ],
            [
              132.895457043,
              35.497863623
            ],
            [
              132.89550448,
              35.497317237
            ],
            [
              132.895458691,
              35.497310782
            ],
            [
              132.895292637,
              35.497314841
            ],
            [
              132.895248193,
              35.497842669
            ],
            [
              132.895355484,
              35.497852754
            ],
            [
              132.895410389,
              35.497855912
            ]
          ]
        ]
      },
      "properties": {
        "polygon_uuid": "6e853c72-c73c-4012-af5f-023d52130e86",
        "daicho_shubetsu_cd": "FUD25"
      }
    },
    {
      "type": "Feature",
      "geometry": {
        "type": "Polygon",
        "coordinates": [
          [
            [
              132.895313393,
              35.497248872
            ],
            [
              132.895435314,
              35.497247062
            ],
            [
              132.895464336,
              35.497252449
            ],
            [
              132.895523409,
              35.496693335
            ],
            [
              132.895471269,
              35.496692528
            ],
            [
              132.895427301,
              35.496684941
            ],
            [
              132.895371106,
              35.49669089
            ],
            [
              132.895313393,
              35.497248872
            ]
          ]
        ]
      },
      "properties": {
        "polygon_uuid": "199cf140-f88c-49de-a76e-02bd2ab52dd3",
        "daicho_shubetsu_cd": "FUD25"
      }
    },
    {
      "type": "Feature",
      "geometry": {
        "type": "Polygon",
        "coordinates": [
          [
            [
              132.896252327,
              35.501349392
            ],
            [
              132.896343582,
              35.501540014
            ],
            [
              132.896419715,
              35.501638227
            ],
            [
              132.896477815,
              35.501679284
            ],
            [
              132.896541505,
              35.501710628
            ],
            [
              132.896572059,
              35.501687224
            ],
            [
              132.896426035,
              35.501402065
            ],
            [
              132.896379746,
              35.501310395
            ],
            [
              132.896350557,
              35.50129953
            ],
            [
              132.896330013,
              35.501324289
            ],
            [
              132.896252327,
              35.501349392
            ]
          ]
        ]
      },
      "properties": {
        "polygon_uuid": "514bbee0-1fa7-47ab-9d17-031a9eb9bba4",
        "daicho_shubetsu_cd": "FUD25"
      }
    },
    {
      "type": "Feature",
      "geometry": {
        "type": "Polygon",
        "coordinates": [
          [
            [
              132.893721985,
              35.497756001
            ],
            [
              132.893840507,
              35.497752422
            ],
            [
              132.893889903,
              35.497753246
            ],
            [
              132.89397637,
              35.497757212
            ],
            [
              132.894040816,
              35.497753459
            ],
            [
              132.894151854,
              35.497743813
            ],
            [
              132.894214908,
              35.497737824
            ],
            [
              132.894047335,
              35.497677908
            ],
            [
              132.89386263,
              35.497572898
            ],
            [
              132.893721985,
              35.497756001
            ]
          ]
        ]
      },
      "properties": {
        "polygon_uuid": "ccfc45d1-3127-46f4-a54b-035941094b9d",
        "daicho_shubetsu_cd": "FUD25"
      }
    },
    {
      "type": "Feature",
      "geometry": {
        "type": "Polygon",
        "coordinates": [
          [
            [
              132.896252327,
              35.501349392
            ],
            [
              132.896330013,
              35.501324289
            ],
            [
              132.896350557,
              35.50129953
            ],
            [
              132.896379746,
              35.501310395
            ],
            [
              132.896337479,
              35.501230807
            ],
            [
              132.896284919,
              35.501162323
            ],
            [
              132.896227351,
              35.501114249
            ],
            [
              132.896163732,
              35.501085753
            ],
            [
              132.896160671,
              35.501093424
            ],
            [
              132.896134617,
              35.501084235
            ],
            [
              132.896233602,
              35.501346107
            ],
            [
              132.896252327,
              35.501349392
            ]
          ]
        ]
      },
      "properties": {
        "polygon_uuid": "180e0544-74bb-4b69-888c-07af5ba6ad02",
        "daicho_shubetsu_cd": "FUD25"
      }
    },
    {
      "type": "Feature",
      "geometry": {
        "type": "Polygon",
        "coordinates": [
          [
            [
              132.892841575,
              35.49525431
            ],
            [
              132.892903406,
              35.495285577
            ],
            [
              132.892963764,
              35.495316104
            ],
            [
              132.893037552,
              35.49520133
            ],
            [
              132.893074651,
              35.495167125
            ],
            [
              132.892979297,
              35.495123323
            ],
            [
              132.892895932,
              35.495202182
            ],
            [
              132.892841575,
              35.49525431
            ]
          ]
        ]
      },
      "properties": {
        "polygon_uuid": "7f53a775-d824-42fd-aad5-0a75e10de082",
        "daicho_shubetsu_cd": "FUD25"
      }
    },
    {
      "type": "Feature",
      "geometry": {
        "type": "Polygon",
        "coordinates": [
          [
            [
              132.898281951,
              35.50198794
            ],
            [
              132.898334485,
              35.502041568
            ],
            [
              132.898420177,
              35.502123302
            ],
            [
              132.898513986,
              35.502179951
            ],
            [
              132.898559395,
              35.502198498
            ],
            [
              132.898696149,
              35.502096721
            ],
            [
              132.898754696,
              35.502052544
            ],
            [
              132.898693359,
              35.501989258
            ],
            [
              132.898480538,
              35.501820018
            ],
            [
              132.898423519,
              35.501874953
            ],
            [
              132.898281951,
              35.50198794
            ]
          ]
        ]
      },
      "properties": {
        "polygon_uuid": "be6bed37-b47a-4de4-99fc-0c683396d8b4",
        "daicho_shubetsu_cd": "FUD25"
      }
    },
    {
      "type": "Feature",
      "geometry": {
        "type": "Polygon",
        "coordinates": [
          [
            [
              132.8953707,
              35.493565579
            ],
            [
              132.895174077,
              35.493431898
            ],
            [
              132.895171757,
              35.493488653
            ],
            [
              132.895188836,
              35.493577304
            ],
            [
              132.895204498,
              35.493659305
            ],
            [
              132.895218624,
              35.493721347
            ],
            [
              132.895247491,
              35.49376333
            ],
            [
              132.895285833,
              35.493803038
            ],
            [
              132.895327813,
              35.493795018
            ],
            [
              132.895397968,
              35.493723477
            ],
            [
              132.895436736,
              35.493619286
            ],
            [
              132.8953707,
              35.493565579
            ]
          ]
        ]
      },
      "properties": {
        "polygon_uuid": "18c8fb26-6c9d-4d10-b7e5-0edc06a7f3cf",
        "daicho_shubetsu_cd": "FUD25"
      }
    },
    {
      "type": "Feature",
      "geometry": {
        "type": "Polygon",
        "coordinates": [
          [
            [
              132.889535707,
              35.495002924
            ],
            [
              132.889458149,
              35.494926469
            ],
            [
              132.8894086,
              35.494846888
            ],
            [
              132.889262824,
              35.494827792
            ],
            [
              132.889212353,
              35.494847324
            ],
            [
              132.889167746,
              35.494932405
            ],
            [
              132.889188976,
              35.495009508
            ],
            [
              132.889223124,
              35.495081687
            ],
            [
              132.889241347,
              35.495101276
            ],
            [
              132.889310658,
              35.495115283
            ],
            [
              132.88949957,
              35.495108164
            ],
            [
              132.889526276,
              35.49506067
            ],
            [
              132.889535707,
              35.495002924
            ]
          ]
        ]
      },
      "properties": {
        "polygon_uuid": "2a5262dd-83dc-4b9f-83f2-113e421a2f1c",
        "daicho_shubetsu_cd": "FUD25"
      }
    },
    {
      "type": "Feature",
      "geometry": {
        "type": "Polygon",
        "coordinates": [
          [
            [
              132.898559395,
              35.502198498
            ],
            [
              132.898584435,
              35.502236492
            ],
            [
              132.898627585,
              35.502304667
            ],
            [
              132.898643124,
              35.502353937
            ],
            [
              132.898644822,
              35.502389828
            ],
            [
              132.898651885,
              35.502412224
            ],
            [
              132.898697688,
              35.502470285
            ],
            [
              132.898796669,
              35.502531699
            ],
            [
              132.898867889,
              35.502581293
            ],
            [
              132.899006038,
              35.50271539
            ],
            [
              132.899101483,
              35.502671698
            ],
            [
              132.89889183,
              35.502247204
            ],
            [
              132.898835443,
              35.502156671
            ],
            [
              132.898754696,
              35.502052544
            ],
            [
              132.898696149,
              35.502096721
            ],
            [
              132.898559395,
              35.502198498
            ]
          ]
        ]
      },
      "properties": {
        "polygon_uuid": "efaef6e1-44e9-4531-af08-1351e5638188",
        "daicho_shubetsu_cd": "FUD25"
      }
    },
    {
      "type": "Feature",
      "geometry": {
        "type": "Polygon",
        "coordinates": [
          [
            [
              132.892614736,
              35.497221158
            ],
            [
              132.892693613,
              35.497243169
            ],
            [
              132.892760572,
              35.497264457
            ],
            [
              132.892822096,
              35.49729176
            ],
            [
              132.892869632,
              35.49728923
            ],
            [
              132.892836893,
              35.497106779
            ],
            [
              132.892810977,
              35.49707253
            ],
            [
              132.892775026,
              35.497041332
            ],
            [
              132.892660922,
              35.496964233
            ],
            [
              132.892614603,
              35.496966155
            ],
            [
              132.892552352,
              35.496996651
            ],
            [
              132.892614736,
              35.497221158
            ]
          ]
        ]
      },
      "properties": {
        "polygon_uuid": "8904c84c-271e-47ca-94da-137f0a8cc1f7",
        "daicho_shubetsu_cd": "FUD25"
      }
    },
    {
      "type": "Feature",
      "geometry": {
        "type": "Polygon",
        "coordinates": [
          [
            [
              132.894274722,
              35.493574631
            ],
            [
              132.894187847,
              35.493614569
            ],
            [
              132.894111632,
              35.493671202
            ],
            [
              132.89418072,
              35.493742909
            ],
            [
              132.894240396,
              35.493842164
            ],
            [
              132.894248702,
              35.4938387
            ],
            [
              132.894275089,
              35.493843972
            ],
            [
              132.894311569,
              35.493837775
            ],
            [
              132.89433991,
              35.493820275
            ],
            [
              132.894444095,
              35.493767582
            ],
            [
              132.894345565,
              35.493675897
            ],
            [
              132.894274722,
              35.493574631
            ]
          ]
        ]
      },
      "properties": {
        "polygon_uuid": "37f41c79-e63f-4a45-92b5-148d9f539816",
        "daicho_shubetsu_cd": "FUD25"
      }
    },
    {
      "type": "Feature",
      "geometry": {
        "type": "Polygon",
        "coordinates": [
          [
            [
              132.895298515,
              35.493335514
            ],
            [
              132.895231587,
              35.493284885
            ],
            [
              132.895192216,
              35.493337488
            ],
            [
              132.895181705,
              35.493375272
            ],
            [
              132.895180649,
              35.49340856
            ],
            [
              132.895174077,
              35.493431898
            ],
            [
              132.8953707,
              35.493565579
            ],
            [
              132.895436736,
              35.493619286
            ],
            [
              132.895523966,
              35.493544172
            ],
            [
              132.895536305,
              35.493506993
            ],
            [
              132.895473404,
              35.493451014
            ],
            [
              132.895406355,
              35.493407828
            ],
            [
              132.895298515,
              35.493335514
            ]
          ]
        ]
      },
      "properties": {
        "polygon_uuid": "a7154206-2de4-4cf6-bb92-1736028310e4",
        "daicho_shubetsu_cd": "FUD25"
      }
    },
    {
      "type": "Feature",
      "geometry": {
        "type": "Polygon",
        "coordinates": [
          [
            [
              132.897640986,
              35.501126871
            ],
            [
              132.898164669,
              35.501603332
            ],
            [
              132.898186776,
              35.501598188
            ],
            [
              132.898215042,
              35.501560394
            ],
            [
              132.898250063,
              35.501451898
            ],
            [
              132.898095587,
              35.501280279
            ],
            [
              132.897982025,
              35.501163165
            ],
            [
              132.89792662,
              35.501105162
            ],
            [
              132.897889324,
              35.501077339
            ],
            [
              132.897812144,
              35.501039072
            ],
            [
              132.897640986,
              35.501126871
            ]
          ]
        ]
      },
      "properties": {
        "polygon_uuid": "1ec9adeb-8925-4cde-8572-173dd1357b08",
        "daicho_shubetsu_cd": "FUD25"
      }
    },
    {
      "type": "Feature",
      "geometry": {
        "type": "Polygon",
        "coordinates": [
          [
            [
              132.894645537,
              35.49432832
            ],
            [
              132.894610705,
              35.494346259
            ],
            [
              132.894549066,
              35.494397417
            ],
            [
              132.894555555,
              35.494445722
            ],
            [
              132.894593594,
              35.494471136
            ],
            [
              132.894749777,
              35.494371392
            ],
            [
              132.894711828,
              35.494295726
            ],
            [
              132.894650634,
              35.494325622
            ],
            [
              132.894645537,
              35.49432832
            ]
          ]
        ]
      },
      "properties": {
        "polygon_uuid": "083b63ec-35a9-4062-8488-19c1d77083cb",
        "daicho_shubetsu_cd": "FUD25"
      }
    },
    {
      "type": "Feature",
      "geometry": {
        "type": "Polygon",
        "coordinates": [
          [
            [
              132.896606436,
              35.501353841
            ],
            [
              132.896442686,
              35.501405137
            ],
            [
              132.896583786,
              35.501674777
            ],
            [
              132.896631537,
              35.501722081
            ],
            [
              132.896799434,
              35.501763628
            ],
            [
              132.896816889,
              35.501758106
            ],
            [
              132.896606436,
              35.501353841
            ]
          ]
        ]
      },
      "properties": {
        "polygon_uuid": "531eed48-1423-4853-bee6-1b16507fe889",
        "daicho_shubetsu_cd": "FUD25"
      }
    },
    {
      "type": "Feature",
      "geometry": {
        "type": "Polygon",
        "coordinates": [
          [
            [
              132.892991874,
              35.497430274
            ],
            [
              132.893024294,
              35.497475703
            ],
            [
              132.893050219,
              35.497510701
            ],
            [
              132.893230243,
              35.497295398
            ],
            [
              132.893203966,
              35.497271996
            ],
            [
              132.893130885,
              35.497230925
            ],
            [
              132.892991874,
              35.497430274
            ]
          ]
        ]
      },
      "properties": {
        "polygon_uuid": "7d5b2afd-03db-49ae-b0b6-1c3febea2e59",
        "daicho_shubetsu_cd": "FUD25"
      }
    },
    {
      "type": "Feature",
      "geometry": {
        "type": "Polygon",
        "coordinates": [
          [
            [
              132.897110814,
              35.501750892
            ],
            [
              132.897138455,
              35.501773163
            ],
            [
              132.897527115,
              35.501866546
            ],
            [
              132.897667667,
              35.501933758
            ],
            [
              132.897768144,
              35.501918938
            ],
            [
              132.897849348,
              35.501896755
            ],
            [
              132.897841651,
              35.501854917
            ],
            [
              132.897712285,
              35.501810824
            ],
            [
              132.897176523,
              35.501633815
            ],
            [
              132.897144465,
              35.501628773
            ],
            [
              132.897117501,
              35.501681293
            ],
            [
              132.897110814,
              35.501750892
            ]
          ]
        ]
      },
      "properties": {
        "polygon_uuid": "498f14d6-984c-489d-b5cd-1f22d50b930d",
        "daicho_shubetsu_cd": "FUD25"
      }
    },
    {
      "type": "Feature",
      "geometry": {
        "type": "Polygon",
        "coordinates": [
          [
            [
              132.895780254,
              35.496874304
            ],
            [
              132.895794624,
              35.497078356
            ],
            [
              132.895814812,
              35.497140533
            ],
            [
              132.895840672,
              35.497223669
            ],
            [
              132.895862963,
              35.497299263
            ],
            [
              132.895921814,
              35.497321627
            ],
            [
              132.895983775,
              35.497346496
            ],
            [
              132.896051794,
              35.497358706
            ],
            [
              132.896111794,
              35.497364244
            ],
            [
              132.896104913,
              35.497088283
            ],
            [
              132.896093317,
              35.496989635
            ],
            [
              132.896084909,
              35.496924323
            ],
            [
              132.896074357,
              35.496855698
            ],
            [
              132.895780254,
              35.496874304
            ]
          ]
        ]
      },
      "properties": {
        "polygon_uuid": "f485c0de-d5f2-4c59-8847-21744c4ab524",
        "daicho_shubetsu_cd": "FUD25"
      }
    },
    {
      "type": "Feature",
      "geometry": {
        "type": "Polygon",
        "coordinates": [
          [
            [
              132.889241072,
              35.495711218
            ],
            [
              132.889216647,
              35.495606759
            ],
            [
              132.889179381,
              35.495565529
            ],
            [
              132.889080725,
              35.495627276
            ],
            [
              132.888990486,
              35.495694076
            ],
            [
              132.889001093,
              35.495709292
            ],
            [
              132.88905149,
              35.495766056
            ],
            [
              132.889093415,
              35.4958111
            ],
            [
              132.889105888,
              35.495819237
            ],
            [
              132.889241072,
              35.495711218
            ]
          ]
        ]
      },
      "properties": {
        "polygon_uuid": "51f0a71a-e203-4386-a322-2265fc3e73ed",
        "daicho_shubetsu_cd": "FUD25"
      }
    },
    {
      "type": "Feature",
      "geometry": {
        "type": "Polygon",
        "coordinates": [
          [
            [
              132.893739606,
              35.494183029
            ],
            [
              132.893790284,
              35.494284614
            ],
            [
              132.893888195,
              35.494243622
            ],
            [
              132.893918728,
              35.494231827
            ],
            [
              132.893875936,
              35.494143296
            ],
            [
              132.893841806,
              35.494069318
            ],
            [
              132.89372036,
              35.494111945
            ],
            [
              132.893739606,
              35.494183029
            ]
          ]
        ]
      },
      "properties": {
        "polygon_uuid": "988371e0-3e53-48ee-9873-22c363d0d9ba",
        "daicho_shubetsu_cd": "FUD25"
      }
    },
    {
      "type": "Feature",
      "geometry": {
        "type": "Polygon",
        "coordinates": [
          [
            [
              132.895868549,
              35.493632704
            ],
            [
              132.896013212,
              35.493818549
            ],
            [
              132.896068595,
              35.493807213
            ],
            [
              132.89609704,
              35.493791915
            ],
            [
              132.896136807,
              35.493727046
            ],
            [
              132.896127917,
              35.493673473
            ],
            [
              132.89617604,
              35.493603053
            ],
            [
              132.896170656,
              35.493550119
            ],
            [
              132.896148776,
              35.493489848
            ],
            [
              132.896051769,
              35.493517711
            ],
            [
              132.895954888,
              35.493588425
            ],
            [
              132.895868549,
              35.493632704
            ]
          ]
        ]
      },
      "properties": {
        "polygon_uuid": "c5a9e223-0860-4ae9-9b50-23d6a421b4ba",
        "daicho_shubetsu_cd": "FUD25"
      }
    },
    {
      "type": "Feature",
      "geometry": {
        "type": "Polygon",
        "coordinates": [
          [
            [
              132.896975893,
              35.501123271
            ],
            [
              132.897353124,
              35.50096504
            ],
            [
              132.897320084,
              35.500836297
            ],
            [
              132.897303195,
              35.500789279
            ],
            [
              132.896862928,
              35.500955744
            ],
            [
              132.896910303,
              35.501036236
            ],
            [
              132.896975893,
              35.501123271
            ]
          ]
        ]
      },
      "properties": {
        "polygon_uuid": "3b3b535b-a1c2-47b2-9c0d-25f771380fda",
        "daicho_shubetsu_cd": "FUD25"
      }
    },
    {
      "type": "Feature",
      "geometry": {
        "type": "Polygon",
        "coordinates": [
          [
            [
              132.895801277,
              35.495731998
            ],
            [
              132.896108627,
              35.4957174
            ],
            [
              132.896112154,
              35.495624541
            ],
            [
              132.896106884,
              35.495524595
            ],
            [
              132.896099092,
              35.495387171
            ],
            [
              132.896056422,
              35.495255315
            ],
            [
              132.895851142,
              35.495247629
            ],
            [
              132.895835015,
              35.495366609
            ],
            [
              132.895816051,
              35.495545109
            ],
            [
              132.895801277,
              35.495731998
            ]
          ]
        ]
      },
      "properties": {
        "polygon_uuid": "e9128c70-fc49-4905-9fdd-2c95018efe5f",
        "daicho_shubetsu_cd": "FUD25"
      }
    },
    {
      "type": "Feature",
      "geometry": {
        "type": "Polygon",
        "coordinates": [
          [
            [
              132.896627466,
              35.502180178
            ],
            [
              132.896632214,
              35.502199595
            ],
            [
              132.896647274,
              35.502246624
            ],
            [
              132.896696142,
              35.50228971
            ],
            [
              132.896770781,
              35.502343304
            ],
            [
              132.896810536,
              35.502447434
            ],
            [
              132.89691033,
              35.502465669
            ],
            [
              132.896906238,
              35.502422616
            ],
            [
              132.896916073,
              35.502371747
            ],
            [
              132.89691508,
              35.502355431
            ],
            [
              132.89689941,
              35.502342062
            ],
            [
              132.896861362,
              35.502281709
            ],
            [
              132.896860713,
              35.50221326
            ],
            [
              132.896902885,
              35.502138015
            ],
            [
              132.896842094,
              35.502145221
            ],
            [
              132.896627466,
              35.502180178
            ]
          ]
        ]
      },
      "properties": {
        "polygon_uuid": "d22c240f-52a3-466a-b8c5-2db2dfb9f9ac",
        "daicho_shubetsu_cd": "FUD25"
      }
    },
    {
      "type": "Feature",
      "geometry": {
        "type": "Polygon",
        "coordinates": [
          [
            [
              132.895605513,
              35.496190961
            ],
            [
              132.895564288,
              35.496183357
            ],
            [
              132.895544167,
              35.496233965
            ],
            [
              132.895564243,
              35.496261393
            ],
            [
              132.895533669,
              35.496319169
            ],
            [
              132.895475983,
              35.496413011
            ],
            [
              132.895395852,
              35.49655351
            ],
            [
              132.895364586,
              35.496635974
            ],
            [
              132.89543207,
              35.496645185
            ],
            [
              132.89549129,
              35.496651767
            ],
            [
              132.895577284,
              35.496654239
            ],
            [
              132.895599132,
              35.496642888
            ],
            [
              132.895615466,
              35.496628579
            ],
            [
              132.895623431,
              35.496578066
            ],
            [
              132.895618166,
              35.496528582
            ],
            [
              132.895622691,
              35.496421973
            ],
            [
              132.895605513,
              35.496190961
            ]
          ]
        ]
      },
      "properties": {
        "polygon_uuid": "95e99b69-d8f9-4c1c-b9e0-2f30b7ff0ff5",
        "daicho_shubetsu_cd": "FUD25"
      }
    },
    {
      "type": "Feature",
      "geometry": {
        "type": "Polygon",
        "coordinates": [
          [
            [
              132.894104777,
              35.495743781
            ],
            [
              132.894201166,
              35.495780691
            ],
            [
              132.894301824,
              35.495806864
            ],
            [
              132.894382868,
              35.495836726
            ],
            [
              132.894431072,
              35.495856074
            ],
            [
              132.894451906,
              35.495870582
            ],
            [
              132.894444541,
              35.495837645
            ],
            [
              132.894436816,
              35.495739097
            ],
            [
              132.894198699,
              35.495719459
            ],
            [
              132.894063075,
              35.495719038
            ],
            [
              132.894104777,
              35.495743781
            ]
          ]
        ]
      },
      "properties": {
        "polygon_uuid": "5ee39e90-046c-4eac-a984-301195cfd1c7",
        "daicho_shubetsu_cd": "FUD25"
      }
    },
    {
      "type": "Feature",
      "geometry": {
        "type": "Polygon",
        "coordinates": [
          [
            [
              132.895822565,
              35.494425203
            ],
            [
              132.895863512,
              35.494410074
            ],
            [
              132.895903552,
              35.494392248
            ],
            [
              132.895924654,
              35.494325555
            ],
            [
              132.895816055,
              35.494317336
            ],
            [
              132.895827278,
              35.494358316
            ],
            [
              132.895822565,
              35.494425203
            ]
          ]
        ]
      },
      "properties": {
        "polygon_uuid": "25fffe22-1b00-4bd4-b42b-31fa976f33e3",
        "daicho_shubetsu_cd": "FUD25"
      }
    },
    {
      "type": "Feature",
      "geometry": {
        "type": "Polygon",
        "coordinates": [
          [
            [
              132.896014184,
              35.493451935
            ],
            [
              132.895928612,
              35.493282484
            ],
            [
              132.895822,
              35.493362444
            ],
            [
              132.895746886,
              35.493442405
            ],
            [
              132.89573477,
              35.493493288
            ],
            [
              132.89579567,
              35.493568516
            ],
            [
              132.895868549,
              35.493632704
            ],
            [
              132.895954888,
              35.493588425
            ],
            [
              132.896051769,
              35.493517711
            ],
            [
              132.896014184,
              35.493451935
            ]
          ]
        ]
      },
      "properties": {
        "polygon_uuid": "9dd0a1c1-11d0-4cb1-922d-32b601d2d954",
        "daicho_shubetsu_cd": "FUD25"
      }
    },
    {
      "type": "Feature",
      "geometry": {
        "type": "Polygon",
        "coordinates": [
          [
            [
              132.889870577,
              35.495064876
            ],
            [
              132.889872499,
              35.495220317
            ],
            [
              132.889871802,
              35.495313577
            ],
            [
              132.889871053,
              35.495413347
            ],
            [
              132.889857797,
              35.495479092
            ],
            [
              132.889828615,
              35.495535025
            ],
            [
              132.889998965,
              35.495439104
            ],
            [
              132.890134572,
              35.495396599
            ],
            [
              132.890167253,
              35.495335056
            ],
            [
              132.890253439,
              35.495271136
            ],
            [
              132.890278657,
              35.495259943
            ],
            [
              132.89020246,
              35.495218341
            ],
            [
              132.890134118,
              35.495181028
            ],
            [
              132.890006029,
              35.495100283
            ],
            [
              132.889870577,
              35.495064876
            ]
          ]
        ]
      },
      "properties": {
        "polygon_uuid": "04569b51-ad42-4c39-a2c1-331ff89ea490",
        "daicho_shubetsu_cd": "FUD25"
      }
    },
    {
      "type": "Feature",
      "geometry": {
        "type": "Polygon",
        "coordinates": [
          [
            [
              132.893245715,
              35.493045988
            ],
            [
              132.893180344,
              35.493083064
            ],
            [
              132.8931695,
              35.493214353
            ],
            [
              132.893264765,
              35.493218062
            ],
            [
              132.893342252,
              35.493241465
            ],
            [
              132.893478136,
              35.493339682
            ],
            [
              132.89352519,
              35.493293033
            ],
            [
              132.893562403,
              35.493229612
            ],
            [
              132.893572674,
              35.493156007
            ],
            [
              132.893326263,
              35.49310602
            ],
            [
              132.893245715,
              35.493045988
            ]
          ]
        ]
      },
      "properties": {
        "polygon_uuid": "2870e334-f09e-4607-97c5-350132a19274",
        "daicho_shubetsu_cd": "FUD25"
      }
    },
    {
      "type": "Feature",
      "geometry": {
        "type": "Polygon",
        "coordinates": [
          [
            [
              132.899937457,
              35.503084436
            ],
            [
              132.899752094,
              35.503250354
            ],
            [
              132.899725615,
              35.503281838
            ],
            [
              132.899799047,
              35.503390457
            ],
            [
              132.899805973,
              35.503389657
            ],
            [
              132.899908925,
              35.503526042
            ],
            [
              132.899937557,
              35.503556534
            ],
            [
              132.899976587,
              35.503523387
            ],
            [
              132.900230316,
              35.503303672
            ],
            [
              132.899990019,
              35.503131236
            ],
            [
              132.899937457,
              35.503084436
            ]
          ]
        ]
      },
      "properties": {
        "polygon_uuid": "885d106f-43d7-4b4f-9d67-36b04ece129a",
        "daicho_shubetsu_cd": "FUD25"
      }
    },
    {
      "type": "Feature",
      "geometry": {
        "type": "Polygon",
        "coordinates": [
          [
            [
              132.89996349,
              35.502870325
            ],
            [
              132.900071491,
              35.503014023
            ],
            [
              132.900330925,
              35.503178713
            ],
            [
              132.900502229,
              35.503307814
            ],
            [
              132.900531274,
              35.503333442
            ],
            [
              132.90052751,
              35.503260338
            ],
            [
              132.90046149,
              35.503209815
            ],
            [
              132.900377301,
              35.503155353
            ],
            [
              132.900255204,
              35.503069091
            ],
            [
              132.900018103,
              35.502876352
            ],
            [
              132.899987819,
              35.502865317
            ],
            [
              132.89996349,
              35.502870325
            ]
          ]
        ]
      },
      "properties": {
        "polygon_uuid": "b93e1ad3-74d4-49e6-acae-38f038619a21",
        "daicho_shubetsu_cd": "FUD25"
      }
    },
    {
      "type": "Feature",
      "geometry": {
        "type": "Polygon",
        "coordinates": [
          [
            [
              132.893603712,
              35.498074535
            ],
            [
              132.893793622,
              35.498000803
            ],
            [
              132.893856947,
              35.497973838
            ],
            [
              132.893904522,
              35.497975546
            ],
            [
              132.893955761,
              35.49797773
            ],
            [
              132.894085618,
              35.497981751
            ],
            [
              132.894094493,
              35.497900919
            ],
            [
              132.894106213,
              35.49783129
            ],
            [
              132.894001933,
              35.497829674
            ],
            [
              132.893852341,
              35.497823844
            ],
            [
              132.893713564,
              35.497889098
            ],
            [
              132.893603712,
              35.498074535
            ]
          ]
        ]
      },
      "properties": {
        "polygon_uuid": "86e79e0a-f999-4605-b24e-3a1690854cbb",
        "daicho_shubetsu_cd": "FUD25"
      }
    },
    {
      "type": "Feature",
      "geometry": {
        "type": "Polygon",
        "coordinates": [
          [
            [
              132.896533864,
              35.497466557
            ],
            [
              132.896566749,
              35.497508555
            ],
            [
              132.896613148,
              35.497479656
            ],
            [
              132.896732365,
              35.497440777
            ],
            [
              132.896857393,
              35.497399477
            ],
            [
              132.896967622,
              35.497363814
            ],
            [
              132.896941182,
              35.497322463
            ],
            [
              132.896838376,
              35.497332061
            ],
            [
              132.896705663,
              35.497372131
            ],
            [
              132.896595533,
              35.497408592
            ],
            [
              132.896558757,
              35.497442164
            ],
            [
              132.896533864,
              35.497466557
            ]
          ]
        ]
      },
      "properties": {
        "polygon_uuid": "38bacbb3-dea6-44f6-9fc4-3b2e97435a58",
        "daicho_shubetsu_cd": "FUD25"
      }
    },
    {
      "type": "Feature",
      "geometry": {
        "type": "Polygon",
        "coordinates": [
          [
            [
              132.893647846,
              35.494324402
            ],
            [
              132.893625871,
              35.49427413
            ],
            [
              132.893557253,
              35.494032441
            ],
            [
              132.893498874,
              35.494061393
            ],
            [
              132.893342014,
              35.494182337
            ],
            [
              132.893432942,
              35.494306632
            ],
            [
              132.893485078,
              35.494375139
            ],
            [
              132.893525776,
              35.494362452
            ],
            [
              132.893647846,
              35.494324402
            ]
          ]
        ]
      },
      "properties": {
        "polygon_uuid": "20f25f62-90d0-422b-b3af-3c4a45b71ffb",
        "daicho_shubetsu_cd": "FUD25"
      }
    },
    {
      "type": "Feature",
      "geometry": {
        "type": "Polygon",
        "coordinates": [
          [
            [
              132.893976924,
              35.493452248
            ],
            [
              132.89406592,
              35.493480611
            ],
            [
              132.894081686,
              35.493485256
            ],
            [
              132.894122141,
              35.493445893
            ],
            [
              132.894171309,
              35.493398058
            ],
            [
              132.894165452,
              35.493318051
            ],
            [
              132.894198194,
              35.493231881
            ],
            [
              132.894180145,
              35.493232378
            ],
            [
              132.894041578,
              35.49324465
            ],
            [
              132.893944767,
              35.493276502
            ],
            [
              132.893936396,
              35.493307352
            ],
            [
              132.893925576,
              35.493376778
            ],
            [
              132.893912675,
              35.493414226
            ],
            [
              132.893976924,
              35.493452248
            ]
          ]
        ]
      },
      "properties": {
        "polygon_uuid": "32ae2149-b953-43b5-92aa-3da0c80446b0",
        "daicho_shubetsu_cd": "FUD25"
      }
    },
    {
      "type": "Feature",
      "geometry": {
        "type": "Polygon",
        "coordinates": [
          [
            [
              132.893152689,
              35.495441381
            ],
            [
              132.893213792,
              35.495447541
            ],
            [
              132.893269017,
              35.495453865
            ],
            [
              132.893315048,
              35.495446587
            ],
            [
              132.893340771,
              35.495387608
            ],
            [
              132.893392346,
              35.495313206
            ],
            [
              132.893395995,
              35.495266615
            ],
            [
              132.893395401,
              35.495227524
            ],
            [
              132.893280264,
              35.495199398
            ],
            [
              132.893226519,
              35.495189299
            ],
            [
              132.893197352,
              35.495247394
            ],
            [
              132.893143165,
              35.495324553
            ],
            [
              132.893096872,
              35.495419528
            ],
            [
              132.893152689,
              35.495441381
            ]
          ]
        ]
      },
      "properties": {
        "polygon_uuid": "53e96f2f-7994-4cdf-85b6-3dce564a2c0f",
        "daicho_shubetsu_cd": "FUD25"
      }
    },
    {
      "type": "Feature",
      "geometry": {
        "type": "Polygon",
        "coordinates": [
          [
            [
              132.895825854,
              35.496114717
            ],
            [
              132.89606627,
              35.496103288
            ],
            [
              132.896103933,
              35.495922742
            ],
            [
              132.896104455,
              35.49573885
            ],
            [
              132.896008435,
              35.495743001
            ],
            [
              132.895951662,
              35.495741558
            ],
            [
              132.895916767,
              35.49574534
            ],
            [
              132.895822914,
              35.495747693
            ],
            [
              132.895824304,
              35.495943073
            ],
            [
              132.895825854,
              35.496114717
            ]
          ]
        ]
      },
      "properties": {
        "polygon_uuid": "408f1a9c-8696-44c8-a617-4076a208ec5f",
        "daicho_shubetsu_cd": "FUD25"
      }
    },
    {
      "type": "Feature",
      "geometry": {
        "type": "Polygon",
        "coordinates": [
          [
            [
              132.89205799,
              35.494680512
            ],
            [
              132.892094253,
              35.494711621
            ],
            [
              132.892174099,
              35.494698881
            ],
            [
              132.892164764,
              35.49465799
            ],
            [
              132.892156259,
              35.494626261
            ],
            [
              132.892138803,
              35.494596421
            ],
            [
              132.892070935,
              35.494528381
            ],
            [
              132.892021912,
              35.494561677
            ],
            [
              132.891951318,
              35.494606104
            ],
            [
              132.892003297,
              35.494652238
            ],
            [
              132.89205799,
              35.494680512
            ]
          ]
        ]
      },
      "properties": {
        "polygon_uuid": "8ee4f7b7-979d-412a-bf64-417d9ce85481",
        "daicho_shubetsu_cd": "FUD25"
      }
    },
    {
      "type": "Feature",
      "geometry": {
        "type": "Polygon",
        "coordinates": [
          [
            [
              132.889635351,
              35.495192186
            ],
            [
              132.889661179,
              35.495153817
            ],
            [
              132.889695266,
              35.495109295
            ],
            [
              132.889742431,
              35.495058249
            ],
            [
              132.889769138,
              35.495019967
            ],
            [
              132.889728538,
              35.494964774
            ],
            [
              132.88960662,
              35.494900288
            ],
            [
              132.88960906,
              35.494964628
            ],
            [
              132.889601798,
              35.495027843
            ],
            [
              132.889588512,
              35.495058985
            ],
            [
              132.889562231,
              35.495126453
            ],
            [
              132.889564482,
              35.49515563
            ],
            [
              132.889594606,
              35.495182468
            ],
            [
              132.889635351,
              35.495192186
            ]
          ]
        ]
      },
      "properties": {
        "polygon_uuid": "5f570c22-d4ef-440d-bcca-434d03cdbfb6",
        "daicho_shubetsu_cd": "FUD25"
      }
    },
    {
      "type": "Feature",
      "geometry": {
        "type": "Polygon",
        "coordinates": [
          [
            [
              132.894323779,
              35.494074922
            ],
            [
              132.894363225,
              35.494136812
            ],
            [
              132.894486754,
              35.494195974
            ],
            [
              132.894544363,
              35.494277136
            ],
            [
              132.894579742,
              35.494313998
            ],
            [
              132.894619118,
              35.494289907
            ],
            [
              132.894650634,
              35.494325622
            ],
            [
              132.894711828,
              35.494295726
            ],
            [
              132.894661863,
              35.494219257
            ],
            [
              132.894638781,
              35.494166884
            ],
            [
              132.894618579,
              35.494132984
            ],
            [
              132.894624656,
              35.494104842
            ],
            [
              132.894692441,
              35.494003973
            ],
            [
              132.894697625,
              35.493983064
            ],
            [
              132.894727565,
              35.49389339
            ],
            [
              132.894706701,
              35.493899495
            ],
            [
              132.89459864,
              35.493950933
            ],
            [
              132.894558425,
              35.493967086
            ],
            [
              132.894323779,
              35.494074922
            ]
          ]
        ]
      },
      "properties": {
        "polygon_uuid": "430450cd-b8cb-4c96-b54f-45d44abd47cf",
        "daicho_shubetsu_cd": "FUD25"
      }
    },
    {
      "type": "Feature",
      "geometry": {
        "type": "Polygon",
        "coordinates": [
          [
            [
              132.892360598,
              35.497183494
            ],
            [
              132.892552943,
              35.497214499
            ],
            [
              132.892614736,
              35.497221158
            ],
            [
              132.892552352,
              35.496996651
            ],
            [
              132.892317008,
              35.49701472
            ],
            [
              132.892360598,
              35.497183494
            ]
          ]
        ]
      },
      "properties": {
        "polygon_uuid": "1eeb71db-e123-4d86-87ff-460704754035",
        "daicho_shubetsu_cd": "FUD25"
      }
    },
    {
      "type": "Feature",
      "geometry": {
        "type": "Polygon",
        "coordinates": [
          [
            [
              132.889241072,
              35.495711218
            ],
            [
              132.88935538,
              35.495843497
            ],
            [
              132.889462724,
              35.495771529
            ],
            [
              132.889515094,
              35.495737242
            ],
            [
              132.889241072,
              35.495711218
            ]
          ]
        ]
      },
      "properties": {
        "polygon_uuid": "d2607a5e-d612-4019-9829-469e732c80e1",
        "daicho_shubetsu_cd": "FUD25"
      }
    },
    {
      "type": "Feature",
      "geometry": {
        "type": "Polygon",
        "coordinates": [
          [
            [
              132.888738748,
              35.495700791
            ],
            [
              132.888862823,
              35.495859251
            ],
            [
              132.888917219,
              35.495908919
            ],
            [
              132.888948773,
              35.495942072
            ],
            [
              132.889006308,
              35.495992852
            ],
            [
              132.889064971,
              35.496018064
            ],
            [
              132.889184131,
              35.49596956
            ],
            [
              132.889188766,
              35.495926285
            ],
            [
              132.889132326,
              35.49589749
            ],
            [
              132.889027837,
              35.495818054
            ],
            [
              132.888966449,
              35.495739965
            ],
            [
              132.888885231,
              35.495634782
            ],
            [
              132.888848017,
              35.4956334
            ],
            [
              132.888822625,
              35.49563996
            ],
            [
              132.888764236,
              35.495680331
            ],
            [
              132.888738748,
              35.495700791
            ]
          ]
        ]
      },
      "properties": {
        "polygon_uuid": "b4ad1b91-18db-4cfc-9d1a-483979b0e180",
        "daicho_shubetsu_cd": "FUD25"
      }
    },
    {
      "type": "Feature",
      "geometry": {
        "type": "Polygon",
        "coordinates": [
          [
            [
              132.891800856,
              35.497527137
            ],
            [
              132.891625069,
              35.497301088
            ],
            [
              132.891563081,
              35.497327962
            ],
            [
              132.891436563,
              35.497396037
            ],
            [
              132.891524489,
              35.49750985
            ],
            [
              132.891585751,
              35.497541893
            ],
            [
              132.891632348,
              35.497553768
            ],
            [
              132.891716398,
              35.497560056
            ],
            [
              132.891800856,
              35.497527137
            ]
          ]
        ]
      },
      "properties": {
        "polygon_uuid": "5e7232bd-f558-4b8b-8d25-487dd3960990",
        "daicho_shubetsu_cd": "FUD25"
      }
    },
    {
      "type": "Feature",
      "geometry": {
        "type": "Polygon",
        "coordinates": [
          [
            [
              132.889735301,
              35.49361002
            ],
            [
              132.889712481,
              35.493648659
            ],
            [
              132.889706292,
              35.493708588
            ],
            [
              132.889740264,
              35.49371313
            ],
            [
              132.889785415,
              35.493694931
            ],
            [
              132.889827123,
              35.493700846
            ],
            [
              132.889963722,
              35.493783534
            ],
            [
              132.890012028,
              35.493784308
            ],
            [
              132.890156876,
              35.493734217
            ],
            [
              132.890240907,
              35.493674161
            ],
            [
              132.890205356,
              35.49362377
            ],
            [
              132.890116546,
              35.493583222
            ],
            [
              132.890057692,
              35.493637623
            ],
            [
              132.890002216,
              35.493628905
            ],
            [
              132.889861713,
              35.493604084
            ],
            [
              132.889735301,
              35.49361002
            ]
          ]
        ]
      },
      "properties": {
        "polygon_uuid": "649590e9-2c6e-475e-ac2b-4bf114f0e5a1",
        "daicho_shubetsu_cd": "FUD25"
      }
    },
    {
      "type": "Feature",
      "geometry": {
        "type": "Polygon",
        "coordinates": [
          [
            [
              132.896085468,
              35.500806529
            ],
            [
              132.896076523,
              35.500837663
            ],
            [
              132.896122438,
              35.500946641
            ],
            [
              132.896204502,
              35.501041267
            ],
            [
              132.896270331,
              35.501060645
            ],
            [
              132.896322458,
              35.501093302
            ],
            [
              132.896374648,
              35.501133008
            ],
            [
              132.896718614,
              35.501006037
            ],
            [
              132.896579557,
              35.500800445
            ],
            [
              132.896518149,
              35.500685259
            ],
            [
              132.89650233,
              35.500655437
            ],
            [
              132.896085468,
              35.500806529
            ]
          ]
        ]
      },
      "properties": {
        "polygon_uuid": "20ed374c-47a8-4a76-861f-4c48906a5494",
        "daicho_shubetsu_cd": "FUD25"
      }
    },
    {
      "type": "Feature",
      "geometry": {
        "type": "Polygon",
        "coordinates": [
          [
            [
              132.894830514,
              35.494465633
            ],
            [
              132.894859725,
              35.494595438
            ],
            [
              132.894904817,
              35.494605849
            ],
            [
              132.8949594,
              35.494609187
            ],
            [
              132.894976213,
              35.494595863
            ],
            [
              132.894997826,
              35.494573951
            ],
            [
              132.895013868,
              35.49456232
            ],
            [
              132.895030002,
              35.494552925
            ],
            [
              132.895059258,
              35.494537675
            ],
            [
              132.895139645,
              35.49448432
            ],
            [
              132.895118894,
              35.494466791
            ],
            [
              132.895106118,
              35.494449484
            ],
            [
              132.895183931,
              35.494396647
            ],
            [
              132.895165272,
              35.494374514
            ],
            [
              132.895111771,
              35.494325334
            ],
            [
              132.895001927,
              35.494391094
            ],
            [
              132.894935288,
              35.494415699
            ],
            [
              132.894864296,
              35.494443916
            ],
            [
              132.894830514,
              35.494465633
            ]
          ]
        ]
      },
      "properties": {
        "polygon_uuid": "49c0d5e4-0d30-44f9-bc63-4cdec998782b",
        "daicho_shubetsu_cd": "FUD25"
      }
    },
    {
      "type": "Feature",
      "geometry": {
        "type": "Polygon",
        "coordinates": [
          [
            [
              132.890259448,
              35.493660909
            ],
            [
              132.890335435,
              35.493678803
            ],
            [
              132.890442354,
              35.493663064
            ],
            [
              132.890479873,
              35.493616502
            ],
            [
              132.890573747,
              35.49358477
            ],
            [
              132.890638107,
              35.493511964
            ],
            [
              132.89064167,
              35.49340927
            ],
            [
              132.89055416,
              35.493400628
            ],
            [
              132.890421188,
              35.493447261
            ],
            [
              132.890373373,
              35.493485255
            ],
            [
              132.890314452,
              35.493539694
            ],
            [
              132.890288053,
              35.493595772
            ],
            [
              132.890259448,
              35.493660909
            ]
          ]
        ]
      },
      "properties": {
        "polygon_uuid": "b2aae511-f708-4ae1-92aa-4fac10c857fb",
        "daicho_shubetsu_cd": "FUD25"
      }
    },
    {
      "type": "Feature",
      "geometry": {
        "type": "Polygon",
        "coordinates": [
          [
            [
              132.896627466,
              35.502180178
            ],
            [
              132.896842094,
              35.502145221
            ],
            [
              132.896902885,
              35.502138015
            ],
            [
              132.896936785,
              35.502069454
            ],
            [
              132.896961223,
              35.501996286
            ],
            [
              132.896974179,
              35.501925882
            ],
            [
              132.89668694,
              35.501835418
            ],
            [
              132.896671824,
              35.501868022
            ],
            [
              132.896694627,
              35.501944348
            ],
            [
              132.896685029,
              35.501998335
            ],
            [
              132.896677353,
              35.502008846
            ],
            [
              132.896635387,
              35.502043046
            ],
            [
              132.896625652,
              35.502081809
            ],
            [
              132.896627466,
              35.502180178
            ]
          ]
        ]
      },
      "properties": {
        "polygon_uuid": "6ec0989c-21ef-4687-9e93-502fd03bd109",
        "daicho_shubetsu_cd": "FUD25"
      }
    },
    {
      "type": "Feature",
      "geometry": {
        "type": "Polygon",
        "coordinates": [
          [
            [
              132.890520474,
              35.494486347
            ],
            [
              132.890416881,
              35.494392149
            ],
            [
              132.890254009,
              35.494344819
            ],
            [
              132.890212755,
              35.494272604
            ],
            [
              132.890238094,
              35.494127952
            ],
            [
              132.890168298,
              35.494131996
            ],
            [
              132.890056458,
              35.494144451
            ],
            [
              132.88996201,
              35.494162521
            ],
            [
              132.89013496,
              35.49430834
            ],
            [
              132.890172148,
              35.494380697
            ],
            [
              132.890191125,
              35.494429918
            ],
            [
              132.890279706,
              35.494497866
            ],
            [
              132.890367627,
              35.494537225
            ],
            [
              132.890393865,
              35.494533972
            ],
            [
              132.890506624,
              35.494507581
            ],
            [
              132.890520474,
              35.494486347
            ]
          ]
        ]
      },
      "properties": {
        "polygon_uuid": "37779380-d497-4db8-9db4-506b6e45ff45",
        "daicho_shubetsu_cd": "FUD25"
      }
    },
    {
      "type": "Feature",
      "geometry": {
        "type": "Polygon",
        "coordinates": [
          [
            [
              132.896862928,
              35.500955744
            ],
            [
              132.897303195,
              35.500789279
            ],
            [
              132.897250737,
              35.500753695
            ],
            [
              132.897170944,
              35.500729496
            ],
            [
              132.897092573,
              35.500710898
            ],
            [
              132.897033472,
              35.500695749
            ],
            [
              132.89676076,
              35.500813814
            ],
            [
              132.896803145,
              35.500868597
            ],
            [
              132.896832279,
              35.500904322
            ],
            [
              132.896862928,
              35.500955744
            ]
          ]
        ]
      },
      "properties": {
        "polygon_uuid": "5624511d-f1f4-41ac-9a91-516ec813f96b",
        "daicho_shubetsu_cd": "FUD25"
      }
    },
    {
      "type": "Feature",
      "geometry": {
        "type": "Polygon",
        "coordinates": [
          [
            [
              132.895741472,
              35.493059922
            ],
            [
              132.895689373,
              35.492999626
            ],
            [
              132.895519497,
              35.493092174
            ],
            [
              132.895320855,
              35.493189812
            ],
            [
              132.895351334,
              35.493231512
            ],
            [
              132.895397869,
              35.493277351
            ],
            [
              132.89545201,
              35.49331461
            ],
            [
              132.895550187,
              35.493387354
            ],
            [
              132.895574578,
              35.49340173
            ],
            [
              132.895651936,
              35.493349266
            ],
            [
              132.895775533,
              35.493257765
            ],
            [
              132.895802935,
              35.493190273
            ],
            [
              132.895818218,
              35.493144957
            ],
            [
              132.89581565,
              35.493108914
            ],
            [
              132.895774265,
              35.493077385
            ],
            [
              132.895741472,
              35.493059922
            ]
          ]
        ]
      },
      "properties": {
        "polygon_uuid": "a272d657-1ef5-4243-8365-537e80c3d642",
        "daicho_shubetsu_cd": "FUD25"
      }
    },
    {
      "type": "Feature",
      "geometry": {
        "type": "Polygon",
        "coordinates": [
          [
            [
              132.895810089,
              35.496495479
            ],
            [
              132.895802863,
              35.496643613
            ],
            [
              132.895780254,
              35.496874304
            ],
            [
              132.896074357,
              35.496855698
            ],
            [
              132.896053496,
              35.496596661
            ],
            [
              132.896059648,
              35.496481629
            ],
            [
              132.895810089,
              35.496495479
            ]
          ]
        ]
      },
      "properties": {
        "polygon_uuid": "4a71f0f9-fd5a-491b-832e-53c4e545c56e",
        "daicho_shubetsu_cd": "FUD25"
      }
    },
    {
      "type": "Feature",
      "geometry": {
        "type": "Polygon",
        "coordinates": [
          [
            [
              132.892807334,
              35.494800213
            ],
            [
              132.892779456,
              35.494818318
            ],
            [
              132.892568953,
              35.494906971
            ],
            [
              132.892544633,
              35.49491139
            ],
            [
              132.892624383,
              35.495025675
            ],
            [
              132.89264779,
              35.495082972
            ],
            [
              132.892899075,
              35.494957259
            ],
            [
              132.892895885,
              35.494933879
            ],
            [
              132.892873513,
              35.494865219
            ],
            [
              132.892856445,
              35.494768094
            ],
            [
              132.892807334,
              35.494800213
            ]
          ]
        ]
      },
      "properties": {
        "polygon_uuid": "1f8b2e48-2e54-4e25-a7b9-5444283bbaf0",
        "daicho_shubetsu_cd": "FUD25"
      }
    },
    {
      "type": "Feature",
      "geometry": {
        "type": "Polygon",
        "coordinates": [
          [
            [
              132.897196322,
              35.501536584
            ],
            [
              132.897734758,
              35.501302207
            ],
            [
              132.89771113,
              35.501268693
            ],
            [
              132.897615506,
              35.501187651
            ],
            [
              132.897547714,
              35.501125235
            ],
            [
              132.897047789,
              35.501336
            ],
            [
              132.897062708,
              35.50139927
            ],
            [
              132.897071407,
              35.501450825
            ],
            [
              132.897098262,
              35.501487312
            ],
            [
              132.897156494,
              35.501522702
            ],
            [
              132.897196322,
              35.501536584
            ]
          ]
        ]
      },
      "properties": {
        "polygon_uuid": "80ab31a7-6363-4972-9c3c-548e2f538321",
        "daicho_shubetsu_cd": "FUD25"
      }
    },
    {
      "type": "Feature",
      "geometry": {
        "type": "Polygon",
        "coordinates": [
          [
            [
              132.889816602,
              35.497175709
            ],
            [
              132.88982624,
              35.497128531
            ],
            [
              132.889779605,
              35.497129558
            ],
            [
              132.889659992,
              35.497151965
            ],
            [
              132.889651263,
              35.497198391
            ],
            [
              132.889635397,
              35.497265053
            ],
            [
              132.88963364,
              35.497298395
            ],
            [
              132.889628906,
              35.497331493
            ],
            [
              132.889667844,
              35.49735372
            ],
            [
              132.889653422,
              35.497394522
            ],
            [
              132.889777415,
              35.497420692
            ],
            [
              132.889796768,
              35.497345272
            ],
            [
              132.889752135,
              35.497318185
            ],
            [
              132.889757833,
              35.497295997
            ],
            [
              132.889813205,
              35.497204899
            ],
            [
              132.889816602,
              35.497175709
            ]
          ]
        ]
      },
      "properties": {
        "polygon_uuid": "9267ea58-2832-4445-a8a0-59dcf697188d",
        "daicho_shubetsu_cd": "FUD25"
      }
    },
    {
      "type": "Feature",
      "geometry": {
        "type": "Polygon",
        "coordinates": [
          [
            [
              132.89021798,
              35.494865861
            ],
            [
              132.890174379,
              35.494860412
            ],
            [
              132.890137477,
              35.494897818
            ],
            [
              132.890101028,
              35.494912939
            ],
            [
              132.890042307,
              35.494934545
            ],
            [
              132.889944785,
              35.494975691
            ],
            [
              132.889869788,
              35.495001442
            ],
            [
              132.889870577,
              35.495064876
            ],
            [
              132.890006029,
              35.495100283
            ],
            [
              132.890134118,
              35.495181028
            ],
            [
              132.89020246,
              35.495218341
            ],
            [
              132.890278657,
              35.495259943
            ],
            [
              132.89030357,
              35.49520397
            ],
            [
              132.890343196,
              35.495133517
            ],
            [
              132.890306035,
              35.495065424
            ],
            [
              132.890254314,
              35.494993031
            ],
            [
              132.890254314,
              35.494942164
            ],
            [
              132.89021798,
              35.494865861
            ]
          ]
        ]
      },
      "properties": {
        "polygon_uuid": "f811a5db-df9d-45d2-83a1-5b944539e099",
        "daicho_shubetsu_cd": "FUD25"
      }
    },
    {
      "type": "Feature",
      "geometry": {
        "type": "Polygon",
        "coordinates": [
          [
            [
              132.899543918,
              35.502986856
            ],
            [
              132.899565695,
              35.502967651
            ],
            [
              132.899724102,
              35.502809373
            ],
            [
              132.899624121,
              35.502677594
            ],
            [
              132.899564701,
              35.502630835
            ],
            [
              132.899392474,
              35.502701412
            ],
            [
              132.899332348,
              35.502727955
            ],
            [
              132.899311509,
              35.502749772
            ],
            [
              132.899312641,
              35.502773699
            ],
            [
              132.899340439,
              35.502813171
            ],
            [
              132.89942607,
              35.502875478
            ],
            [
              132.899494389,
              35.502945371
            ],
            [
              132.899516285,
              35.502965707
            ],
            [
              132.899543918,
              35.502986856
            ]
          ]
        ]
      },
      "properties": {
        "polygon_uuid": "cce2776f-e96b-4046-a00d-5cdb38a5541c",
        "daicho_shubetsu_cd": "FUD25"
      }
    },
    {
      "type": "Feature",
      "geometry": {
        "type": "Polygon",
        "coordinates": [
          [
            [
              132.89432646,
              35.500488993
            ],
            [
              132.89453724,
              35.500379824
            ],
            [
              132.894537047,
              35.500358512
            ],
            [
              132.894424379,
              35.500328554
            ],
            [
              132.894301891,
              35.500293327
            ],
            [
              132.89432646,
              35.500488993
            ]
          ]
        ]
      },
      "properties": {
        "polygon_uuid": "47ea380e-c5df-4f7e-8cf6-5e51c9dae0b6",
        "daicho_shubetsu_cd": "FUD25"
      }
    },
    {
      "type": "Feature",
      "geometry": {
        "type": "Polygon",
        "coordinates": [
          [
            [
              132.894323779,
              35.494074922
            ],
            [
              132.894154002,
              35.494171876
            ],
            [
              132.89419018,
              35.494196391
            ],
            [
              132.894231522,
              35.494155935
            ],
            [
              132.894269771,
              35.494183791
            ],
            [
              132.894232608,
              35.494225139
            ],
            [
              132.894345182,
              35.494301419
            ],
            [
              132.894404423,
              35.494315281
            ],
            [
              132.894436554,
              35.49433481
            ],
            [
              132.894475356,
              35.494358736
            ],
            [
              132.894549066,
              35.494397417
            ],
            [
              132.894610705,
              35.494346259
            ],
            [
              132.894579742,
              35.494313998
            ],
            [
              132.894544363,
              35.494277136
            ],
            [
              132.894486754,
              35.494195974
            ],
            [
              132.894363225,
              35.494136812
            ],
            [
              132.894323779,
              35.494074922
            ]
          ]
        ]
      },
      "properties": {
        "polygon_uuid": "40b914bb-4b61-4f63-aac1-5fb1765f0443",
        "daicho_shubetsu_cd": "FUD25"
      }
    },
    {
      "type": "Feature",
      "geometry": {
        "type": "Polygon",
        "coordinates": [
          [
            [
              132.889473415,
              35.493770316
            ],
            [
              132.88958619,
              35.493766702
            ],
            [
              132.889624956,
              35.49376546
            ],
            [
              132.889658209,
              35.493763267
            ],
            [
              132.889702459,
              35.493753157
            ],
            [
              132.889706292,
              35.493708588
            ],
            [
              132.889712481,
              35.493648659
            ],
            [
              132.889735301,
              35.49361002
            ],
            [
              132.889745341,
              35.493575356
            ],
            [
              132.889724091,
              35.493558726
            ],
            [
              132.88968027,
              35.493547071
            ],
            [
              132.889600969,
              35.493511575
            ],
            [
              132.88950684,
              35.493512895
            ],
            [
              132.889444287,
              35.493525042
            ],
            [
              132.889476737,
              35.493688809
            ],
            [
              132.889473415,
              35.493770316
            ]
          ]
        ]
      },
      "properties": {
        "polygon_uuid": "3f59efb9-5cc0-45f0-b11d-62fee470399b",
        "daicho_shubetsu_cd": "FUD25"
      }
    },
    {
      "type": "Feature",
      "geometry": {
        "type": "Polygon",
        "coordinates": [
          [
            [
              132.890275794,
              35.494640346
            ],
            [
              132.890244607,
              35.494604365
            ],
            [
              132.890222241,
              35.494630036
            ],
            [
              132.890191301,
              35.494635014
            ],
            [
              132.890105053,
              35.494658496
            ],
            [
              132.890144606,
              35.494716436
            ],
            [
              132.890170227,
              35.494771881
            ],
            [
              132.890188912,
              35.494825895
            ],
            [
              132.890219797,
              35.494829528
            ],
            [
              132.890250681,
              35.494865861
            ],
            [
              132.890277931,
              35.494938529
            ],
            [
              132.890279748,
              35.494978497
            ],
            [
              132.890290043,
              35.495012035
            ],
            [
              132.890328619,
              35.495057951
            ],
            [
              132.890363137,
              35.495100787
            ],
            [
              132.89039982,
              35.495112351
            ],
            [
              132.890439919,
              35.49510079
            ],
            [
              132.890509065,
              35.495006015
            ],
            [
              132.890564478,
              35.494945099
            ],
            [
              132.89050162,
              35.494940038
            ],
            [
              132.890428261,
              35.494917513
            ],
            [
              132.890410718,
              35.494828806
            ],
            [
              132.890380214,
              35.494764628
            ],
            [
              132.890275794,
              35.494640346
            ]
          ]
        ]
      },
      "properties": {
        "polygon_uuid": "d34723f1-a068-4f29-ba9f-643c24afe948",
        "daicho_shubetsu_cd": "FUD25"
      }
    },
    {
      "type": "Feature",
      "geometry": {
        "type": "Polygon",
        "coordinates": [
          [
            [
              132.889641008,
              35.493251428
            ],
            [
              132.889622469,
              35.493267429
            ],
            [
              132.889600232,
              35.49328773
            ],
            [
              132.889571874,
              35.493326163
            ],
            [
              132.889698637,
              35.493345451
            ],
            [
              132.889740498,
              35.49334617
            ],
            [
              132.889872814,
              35.493351489
            ],
            [
              132.889922787,
              35.4933408
            ],
            [
              132.889956564,
              35.493310917
            ],
            [
              132.890059436,
              35.493282798
            ],
            [
              132.890072268,
              35.493280332
            ],
            [
              132.890008606,
              35.493198375
            ],
            [
              132.889988302,
              35.493220868
            ],
            [
              132.88993601,
              35.4932296
            ],
            [
              132.889750738,
              35.493237937
            ],
            [
              132.889696282,
              35.493248652
            ],
            [
              132.889641008,
              35.493251428
            ]
          ]
        ]
      },
      "properties": {
        "polygon_uuid": "58c0d17a-3d4a-4069-b107-648f046e67a2",
        "daicho_shubetsu_cd": "FUD25"
      }
    },
    {
      "type": "Feature",
      "geometry": {
        "type": "Polygon",
        "coordinates": [
          [
            [
              132.89311898,
              35.493391965
            ],
            [
              132.89321877,
              35.493444044
            ],
            [
              132.893307441,
              35.493380712
            ],
            [
              132.893370193,
              35.493421384
            ],
            [
              132.893463902,
              35.493353785
            ],
            [
              132.893337246,
              35.49325835
            ],
            [
              132.893256318,
              35.493233553
            ],
            [
              132.893173002,
              35.493234956
            ],
            [
              132.893147046,
              35.493240755
            ],
            [
              132.893145718,
              35.493271265
            ],
            [
              132.893087543,
              35.493273488
            ],
            [
              132.89311898,
              35.493391965
            ]
          ]
        ]
      },
      "properties": {
        "polygon_uuid": "2865c691-194c-4fdd-be39-65ff45a4db9e",
        "daicho_shubetsu_cd": "FUD25"
      }
    },
    {
      "type": "Feature",
      "geometry": {
        "type": "Polygon",
        "coordinates": [
          [
            [
              132.89060819,
              35.4942403
            ],
            [
              132.890633419,
              35.494288184
            ],
            [
              132.890724469,
              35.494359938
            ],
            [
              132.890770748,
              35.494391435
            ],
            [
              132.890843633,
              35.494421618
            ],
            [
              132.890874467,
              35.494368062
            ],
            [
              132.890894561,
              35.494278281
            ],
            [
              132.890901563,
              35.494186443
            ],
            [
              132.890880017,
              35.494111846
            ],
            [
              132.890877473,
              35.494060447
            ],
            [
              132.890898434,
              35.493991275
            ],
            [
              132.890837867,
              35.494006042
            ],
            [
              132.890809168,
              35.494026081
            ],
            [
              132.890745717,
              35.494042515
            ],
            [
              132.890658304,
              35.494054125
            ],
            [
              132.890667154,
              35.494120396
            ],
            [
              132.890656993,
              35.49415141
            ],
            [
              132.89062721,
              35.494178279
            ],
            [
              132.890611835,
              35.494210398
            ],
            [
              132.89060819,
              35.4942403
            ]
          ]
        ]
      },
      "properties": {
        "polygon_uuid": "5554d912-97ab-4913-991a-677ab7849ea7",
        "daicho_shubetsu_cd": "FUD25"
      }
    },
    {
      "type": "Feature",
      "geometry": {
        "type": "Polygon",
        "coordinates": [
          [
            [
              132.893994373,
              35.493925888
            ],
            [
              132.894016939,
              35.493978714
            ],
            [
              132.894087511,
              35.494082574
            ],
            [
              132.894099527,
              35.494111346
            ],
            [
              132.894116714,
              35.494137586
            ],
            [
              132.894154002,
              35.494171876
            ],
            [
              132.894323779,
              35.494074922
            ],
            [
              132.894285615,
              35.494014931
            ],
            [
              132.894265611,
              35.493984574
            ],
            [
              132.894221318,
              35.493934643
            ],
            [
              132.894147303,
              35.493870549
            ],
            [
              132.893994373,
              35.493925888
            ]
          ]
        ]
      },
      "properties": {
        "polygon_uuid": "a9c07204-23fe-47f1-bb3a-684f020b45b4",
        "daicho_shubetsu_cd": "FUD25"
      }
    },
    {
      "type": "Feature",
      "geometry": {
        "type": "Polygon",
        "coordinates": [
          [
            [
              132.895493154,
              35.497253397
            ],
            [
              132.895556604,
              35.49724431
            ],
            [
              132.895711601,
              35.49724113
            ],
            [
              132.89567375,
              35.497151605
            ],
            [
              132.895659221,
              35.49706194
            ],
            [
              132.895656714,
              35.4969363
            ],
            [
              132.895688962,
              35.496709478
            ],
            [
              132.895621682,
              35.496703153
            ],
            [
              132.895536558,
              35.496695814
            ],
            [
              132.895493154,
              35.497253397
            ]
          ]
        ]
      },
      "properties": {
        "polygon_uuid": "802df16d-a767-476b-90c1-6853ae04912c",
        "daicho_shubetsu_cd": "FUD25"
      }
    },
    {
      "type": "Feature",
      "geometry": {
        "type": "Polygon",
        "coordinates": [
          [
            [
              132.890875099,
              35.494443351
            ],
            [
              132.890895774,
              35.494465203
            ],
            [
              132.890936128,
              35.494538928
            ],
            [
              132.890986435,
              35.494590709
            ],
            [
              132.891076304,
              35.494690558
            ],
            [
              132.891176082,
              35.494794159
            ],
            [
              132.891198976,
              35.494753613
            ],
            [
              132.891064445,
              35.494598579
            ],
            [
              132.891319572,
              35.494520188
            ],
            [
              132.891229932,
              35.494422529
            ],
            [
              132.890875099,
              35.494443351
            ]
          ]
        ]
      },
      "properties": {
        "polygon_uuid": "c2358872-e15b-4505-be14-69144c7e6c46",
        "daicho_shubetsu_cd": "FUD25"
      }
    },
    {
      "type": "Feature",
      "geometry": {
        "type": "Polygon",
        "coordinates": [
          [
            [
              132.894692441,
              35.494003973
            ],
            [
              132.894801805,
              35.49409833
            ],
            [
              132.894895751,
              35.494184713
            ],
            [
              132.895001927,
              35.494391094
            ],
            [
              132.895111771,
              35.494325334
            ],
            [
              132.895119936,
              35.494252334
            ],
            [
              132.895087066,
              35.494212197
            ],
            [
              132.895010061,
              35.494125575
            ],
            [
              132.894926396,
              35.494046325
            ],
            [
              132.894847134,
              35.49400507
            ],
            [
              132.894727565,
              35.49389339
            ],
            [
              132.894697625,
              35.493983064
            ],
            [
              132.894692441,
              35.494003973
            ]
          ]
        ]
      },
      "properties": {
        "polygon_uuid": "039a896f-a98a-4f2a-86a3-6c08e66b9f3a",
        "daicho_shubetsu_cd": "FUD25"
      }
    },
    {
      "type": "Feature",
      "geometry": {
        "type": "Polygon",
        "coordinates": [
          [
            [
              132.897047789,
              35.501336
            ],
            [
              132.897547714,
              35.501125235
            ],
            [
              132.89742492,
              35.501015092
            ],
            [
              132.897353124,
              35.50096504
            ],
            [
              132.896975893,
              35.501123271
            ],
            [
              132.896991572,
              35.501188247
            ],
            [
              132.897047789,
              35.501336
            ]
          ]
        ]
      },
      "properties": {
        "polygon_uuid": "3ebfceb7-4dae-49f6-a3e8-6d83ede0be57",
        "daicho_shubetsu_cd": "FUD25"
      }
    },
    {
      "type": "Feature",
      "geometry": {
        "type": "Polygon",
        "coordinates": [
          [
            [
              132.89548602,
              35.498467373
            ],
            [
              132.895509889,
              35.498527812
            ],
            [
              132.895540425,
              35.498566895
            ],
            [
              132.895590115,
              35.498600252
            ],
            [
              132.895632876,
              35.498625797
            ],
            [
              132.89568442,
              35.498662989
            ],
            [
              132.895704384,
              35.498644438
            ],
            [
              132.895740816,
              35.498576903
            ],
            [
              132.895799363,
              35.498375726
            ],
            [
              132.895846035,
              35.498225337
            ],
            [
              132.895906293,
              35.498061735
            ],
            [
              132.89597914,
              35.497924981
            ],
            [
              132.89577678,
              35.497848792
            ],
            [
              132.895727987,
              35.497914719
            ],
            [
              132.895621251,
              35.498172844
            ],
            [
              132.895518073,
              35.498370694
            ],
            [
              132.89548602,
              35.498467373
            ]
          ]
        ]
      },
      "properties": {
        "polygon_uuid": "d0f2c122-1b4f-4709-baae-6e0c751b3aca",
        "daicho_shubetsu_cd": "FUD25"
      }
    },
    {
      "type": "Feature",
      "geometry": {
        "type": "Polygon",
        "coordinates": [
          [
            [
              132.888990486,
              35.495694076
            ],
            [
              132.889080725,
              35.495627276
            ],
            [
              132.88902519,
              35.495500018
            ],
            [
              132.88895625,
              35.495427968
            ],
            [
              132.888841816,
              35.495452827
            ],
            [
              132.888871857,
              35.495489109
            ],
            [
              132.888927712,
              35.495604061
            ],
            [
              132.888990486,
              35.495694076
            ]
          ]
        ]
      },
      "properties": {
        "polygon_uuid": "4cfe1c00-d838-4fe0-a605-73d54b9ba915",
        "daicho_shubetsu_cd": "FUD25"
      }
    },
    {
      "type": "Feature",
      "geometry": {
        "type": "Polygon",
        "coordinates": [
          [
            [
              132.890776955,
              35.494719124
            ],
            [
              132.890656315,
              35.494635674
            ],
            [
              132.890584744,
              35.494565397
            ],
            [
              132.890562349,
              35.49454015
            ],
            [
              132.890445432,
              35.494542397
            ],
            [
              132.890350908,
              35.494570159
            ],
            [
              132.890244607,
              35.494604365
            ],
            [
              132.890275794,
              35.494640346
            ],
            [
              132.890380214,
              35.494764628
            ],
            [
              132.890410718,
              35.494828806
            ],
            [
              132.890428261,
              35.494917513
            ],
            [
              132.89050162,
              35.494940038
            ],
            [
              132.890564478,
              35.494945099
            ],
            [
              132.890655941,
              35.494900583
            ],
            [
              132.890718179,
              35.49485324
            ],
            [
              132.89080716,
              35.494769836
            ],
            [
              132.890776955,
              35.494719124
            ]
          ]
        ]
      },
      "properties": {
        "polygon_uuid": "eb7e0248-591c-48ca-a88e-73f0008a7162",
        "daicho_shubetsu_cd": "FUD25"
      }
    },
    {
      "type": "Feature",
      "geometry": {
        "type": "Polygon",
        "coordinates": [
          [
            [
              132.893050219,
              35.497510701
            ],
            [
              132.893155378,
              35.497607777
            ],
            [
              132.89320635,
              35.497648492
            ],
            [
              132.893277311,
              35.497690889
            ],
            [
              132.893338718,
              35.497707943
            ],
            [
              132.893363116,
              35.497705985
            ],
            [
              132.89360265,
              35.497411911
            ],
            [
              132.893568634,
              35.497395454
            ],
            [
              132.893451664,
              35.497355769
            ],
            [
              132.893399219,
              35.497349262
            ],
            [
              132.893345801,
              35.497330603
            ],
            [
              132.893230243,
              35.497295398
            ],
            [
              132.893050219,
              35.497510701
            ]
          ]
        ]
      },
      "properties": {
        "polygon_uuid": "54c3846b-e8b4-48ff-a4cb-795b12ba27e4",
        "daicho_shubetsu_cd": "FUD25"
      }
    },
    {
      "type": "Feature",
      "geometry": {
        "type": "Polygon",
        "coordinates": [
          [
            [
              132.898858435,
              35.493131345
            ],
            [
              132.898860765,
              35.493183043
            ],
            [
              132.898890919,
              35.493226967
            ],
            [
              132.898941391,
              35.493255559
            ],
            [
              132.899131078,
              35.493305765
            ],
            [
              132.899199684,
              35.493314032
            ],
            [
              132.899210567,
              35.493281547
            ],
            [
              132.898977292,
              35.49316549
            ],
            [
              132.898971238,
              35.493138911
            ],
            [
              132.899049095,
              35.492990434
            ],
            [
              132.898962105,
              35.492979989
            ],
            [
              132.898887037,
              35.493004126
            ],
            [
              132.898848186,
              35.493026464
            ],
            [
              132.898841258,
              35.49308278
            ],
            [
              132.898858435,
              35.493131345
            ]
          ]
        ]
      },
      "properties": {
        "polygon_uuid": "6a3840eb-e96b-4e55-a23b-79ed032cae4a",
        "daicho_shubetsu_cd": "FUD25"
      }
    },
    {
      "type": "Feature",
      "geometry": {
        "type": "Polygon",
        "coordinates": [
          [
            [
              132.891046453,
              35.493987602
            ],
            [
              132.891056817,
              35.494190623
            ],
            [
              132.891092109,
              35.494190474
            ],
            [
              132.891135274,
              35.494200518
            ],
            [
              132.891210809,
              35.49418192
            ],
            [
              132.891244112,
              35.494111268
            ],
            [
              132.891328526,
              35.494112998
            ],
            [
              132.891340159,
              35.494027531
            ],
            [
              132.89132697,
              35.494012133
            ],
            [
              132.891245842,
              35.493990743
            ],
            [
              132.891140116,
              35.493977315
            ],
            [
              132.891064456,
              35.493983105
            ],
            [
              132.891046453,
              35.493987602
            ]
          ]
        ]
      },
      "properties": {
        "polygon_uuid": "5c7b793d-012c-425c-937d-7a43ca0e075f",
        "daicho_shubetsu_cd": "FUD25"
      }
    },
    {
      "type": "Feature",
      "geometry": {
        "type": "Polygon",
        "coordinates": [
          [
            [
              132.889507418,
              35.495584171
            ],
            [
              132.88950792,
              35.495640207
            ],
            [
              132.889516176,
              35.495688192
            ],
            [
              132.889530227,
              35.495727336
            ],
            [
              132.889647766,
              35.495636928
            ],
            [
              132.889507418,
              35.495584171
            ]
          ]
        ]
      },
      "properties": {
        "polygon_uuid": "5972493d-e07f-4962-9377-7afe19d668a0",
        "daicho_shubetsu_cd": "FUD25"
      }
    },
    {
      "type": "Feature",
      "geometry": {
        "type": "Polygon",
        "coordinates": [
          [
            [
              132.894183309,
              35.495536987
            ],
            [
              132.894154381,
              35.495443436
            ],
            [
              132.894021873,
              35.495452589
            ],
            [
              132.89400723,
              35.495549783
            ],
            [
              132.894183309,
              35.495536987
            ]
          ]
        ]
      },
      "properties": {
        "polygon_uuid": "f0638ab9-7dc6-44e9-9054-7c484c1ae958",
        "daicho_shubetsu_cd": "FUD25"
      }
    },
    {
      "type": "Feature",
      "geometry": {
        "type": "Polygon",
        "coordinates": [
          [
            [
              132.894706701,
              35.493899495
            ],
            [
              132.894659169,
              35.493834823
            ],
            [
              132.894563172,
              35.493845148
            ],
            [
              132.89450568,
              35.493871192
            ],
            [
              132.894558425,
              35.493967086
            ],
            [
              132.89459864,
              35.493950933
            ],
            [
              132.894706701,
              35.493899495
            ]
          ]
        ]
      },
      "properties": {
        "polygon_uuid": "614fc876-c6cb-4e7f-b8ca-7c5e022df2cd",
        "daicho_shubetsu_cd": "FUD25"
      }
    },
    {
      "type": "Feature",
      "geometry": {
        "type": "Polygon",
        "coordinates": [
          [
            [
              132.891800856,
              35.497527137
            ],
            [
              132.891845013,
              35.497511054
            ],
            [
              132.89187359,
              35.497491955
            ],
            [
              132.891903685,
              35.497449848
            ],
            [
              132.891927446,
              35.497363219
            ],
            [
              132.891790602,
              35.497206285
            ],
            [
              132.891731204,
              35.497203965
            ],
            [
              132.891675322,
              35.49724469
            ],
            [
              132.891641328,
              35.497278552
            ],
            [
              132.891625069,
              35.497301088
            ],
            [
              132.891800856,
              35.497527137
            ]
          ]
        ]
      },
      "properties": {
        "polygon_uuid": "b9a8980c-659a-4950-9fc5-7cf947af8600",
        "daicho_shubetsu_cd": "FUD25"
      }
    },
    {
      "type": "Feature",
      "geometry": {
        "type": "Polygon",
        "coordinates": [
          [
            [
              132.89009506,
              35.49476724
            ],
            [
              132.890020196,
              35.49478943
            ],
            [
              132.889911848,
              35.494821555
            ],
            [
              132.889959801,
              35.494929343
            ],
            [
              132.890055337,
              35.494894176
            ],
            [
              132.89009342,
              35.494884303
            ],
            [
              132.890136713,
              35.494837244
            ],
            [
              132.890143451,
              35.494784708
            ],
            [
              132.89009506,
              35.49476724
            ]
          ]
        ]
      },
      "properties": {
        "polygon_uuid": "627882bb-947e-4f4c-b659-80644383fb0a",
        "daicho_shubetsu_cd": "FUD25"
      }
    },
    {
      "type": "Feature",
      "geometry": {
        "type": "Polygon",
        "coordinates": [
          [
            [
              132.894198699,
              35.495719459
            ],
            [
              132.894183309,
              35.495536987
            ],
            [
              132.89400723,
              35.495549783
            ],
            [
              132.894007969,
              35.495660454
            ],
            [
              132.894063075,
              35.495719038
            ],
            [
              132.894198699,
              35.495719459
            ]
          ]
        ]
      },
      "properties": {
        "polygon_uuid": "7beb91fd-856d-4e35-9826-8166afb58093",
        "daicho_shubetsu_cd": "FUD25"
      }
    },
    {
      "type": "Feature",
      "geometry": {
        "type": "Polygon",
        "coordinates": [
          [
            [
              132.895729425,
              35.495639931
            ],
            [
              132.895761075,
              35.495618934
            ],
            [
              132.895769217,
              35.495469114
            ],
            [
              132.895774224,
              35.495415456
            ],
            [
              132.895762301,
              35.49538691
            ],
            [
              132.895707825,
              35.495382469
            ],
            [
              132.895669293,
              35.495388581
            ],
            [
              132.895702882,
              35.495540727
            ],
            [
              132.895729425,
              35.495639931
            ]
          ]
        ]
      },
      "properties": {
        "polygon_uuid": "cf313a1f-c323-4037-8d9a-82f0b8610cdf",
        "daicho_shubetsu_cd": "FUD25"
      }
    },
    {
      "type": "Feature",
      "geometry": {
        "type": "Polygon",
        "coordinates": [
          [
            [
              132.889910503,
              35.495992923
            ],
            [
              132.889919571,
              35.496034075
            ],
            [
              132.889925235,
              35.496060667
            ],
            [
              132.88995682,
              35.49608661
            ],
            [
              132.889977968,
              35.496105509
            ],
            [
              132.890005295,
              35.496125296
            ],
            [
              132.890057781,
              35.496163221
            ],
            [
              132.890105458,
              35.496211957
            ],
            [
              132.890150906,
              35.496248583
            ],
            [
              132.890216648,
              35.496304534
            ],
            [
              132.890252181,
              35.496323269
            ],
            [
              132.890292686,
              35.496311629
            ],
            [
              132.890352755,
              35.4962828
            ],
            [
              132.890043952,
              35.496022203
            ],
            [
              132.8899529,
              35.495985554
            ],
            [
              132.889910503,
              35.495992923
            ]
          ]
        ]
      },
      "properties": {
        "polygon_uuid": "a1334fd7-dc1a-41e3-829f-8526841154da",
        "daicho_shubetsu_cd": "FUD25"
      }
    },
    {
      "type": "Feature",
      "geometry": {
        "type": "Polygon",
        "coordinates": [
          [
            [
              132.894062373,
              35.49350405
            ],
            [
              132.89399092,
              35.493580313
            ],
            [
              132.893926365,
              35.493656544
            ],
            [
              132.893866997,
              35.49367218
            ],
            [
              132.893865907,
              35.49369554
            ],
            [
              132.893890799,
              35.493744894
            ],
            [
              132.894004696,
              35.493712733
            ],
            [
              132.894111632,
              35.493671202
            ],
            [
              132.894187847,
              35.493614569
            ],
            [
              132.894062373,
              35.49350405
            ]
          ]
        ]
      },
      "properties": {
        "polygon_uuid": "2a5417ec-2956-4c42-8eb2-861c0fae705e",
        "daicho_shubetsu_cd": "FUD25"
      }
    },
    {
      "type": "Feature",
      "geometry": {
        "type": "Polygon",
        "coordinates": [
          [
            [
              132.893890799,
              35.493744894
            ],
            [
              132.89392455,
              35.493793181
            ],
            [
              132.893958304,
              35.49384969
            ],
            [
              132.894018711,
              35.493829362
            ],
            [
              132.894032974,
              35.49387316
            ],
            [
              132.89397531,
              35.493897175
            ],
            [
              132.893994373,
              35.493925888
            ],
            [
              132.894147303,
              35.493870549
            ],
            [
              132.894069826,
              35.493804369
            ],
            [
              132.894004696,
              35.493712733
            ],
            [
              132.893890799,
              35.493744894
            ]
          ]
        ]
      },
      "properties": {
        "polygon_uuid": "dbd79d6d-c2e0-41a3-b2e2-8a284ecbbb40",
        "daicho_shubetsu_cd": "FUD25"
      }
    },
    {
      "type": "Feature",
      "geometry": {
        "type": "Polygon",
        "coordinates": [
          [
            [
              132.896085468,
              35.500806529
            ],
            [
              132.89650233,
              35.500655437
            ],
            [
              132.896445978,
              35.500593698
            ],
            [
              132.896363198,
              35.500542591
            ],
            [
              132.896301637,
              35.50051155
            ],
            [
              132.896202286,
              35.500448576
            ],
            [
              132.896114776,
              35.500481266
            ],
            [
              132.895978921,
              35.50052846
            ],
            [
              132.895981817,
              35.500591844
            ],
            [
              132.896013931,
              35.500666626
            ],
            [
              132.896051489,
              35.50074006
            ],
            [
              132.896085468,
              35.500806529
            ]
          ]
        ]
      },
      "properties": {
        "polygon_uuid": "a589003b-fd4c-459c-b94f-8aaa732400b2",
        "daicho_shubetsu_cd": "FUD25"
      }
    },
    {
      "type": "Feature",
      "geometry": {
        "type": "Polygon",
        "coordinates": [
          [
            [
              132.89426285,
              35.494972906
            ],
            [
              132.894073163,
              35.494995703
            ],
            [
              132.894074882,
              35.495049644
            ],
            [
              132.894071551,
              35.495090506
            ],
            [
              132.894077015,
              35.495149467
            ],
            [
              132.894081179,
              35.495179425
            ],
            [
              132.894068914,
              35.495205661
            ],
            [
              132.894181026,
              35.495233462
            ],
            [
              132.89434938,
              35.495175747
            ],
            [
              132.894333897,
              35.495144758
            ],
            [
              132.894302909,
              35.495080118
            ],
            [
              132.89426285,
              35.494972906
            ]
          ]
        ]
      },
      "properties": {
        "polygon_uuid": "d69e0ad2-9380-4e2d-acd0-8b001d5ea636",
        "daicho_shubetsu_cd": "FUD25"
      }
    },
    {
      "type": "Feature",
      "geometry": {
        "type": "Polygon",
        "coordinates": [
          [
            [
              132.893867703,
              35.493811709
            ],
            [
              132.893901898,
              35.493802327
            ],
            [
              132.893854931,
              35.493709262
            ],
            [
              132.893726255,
              35.493714003
            ],
            [
              132.89364376,
              35.493724432
            ],
            [
              132.893621115,
              35.493736088
            ],
            [
              132.893732133,
              35.49384894
            ],
            [
              132.893867703,
              35.493811709
            ]
          ]
        ]
      },
      "properties": {
        "polygon_uuid": "0aed75af-3ea3-463c-9ba1-8d127d6e185a",
        "daicho_shubetsu_cd": "FUD25"
      }
    },
    {
      "type": "Feature",
      "geometry": {
        "type": "Polygon",
        "coordinates": [
          [
            [
              132.891046453,
              35.493987602
            ],
            [
              132.890914316,
              35.494020646
            ],
            [
              132.890899377,
              35.494060748
            ],
            [
              132.890902604,
              35.494112053
            ],
            [
              132.890923617,
              35.494191177
            ],
            [
              132.891056817,
              35.494190623
            ],
            [
              132.891046453,
              35.493987602
            ]
          ]
        ]
      },
      "properties": {
        "polygon_uuid": "9cbac1d2-0902-4f11-b33a-8d671a3068fd",
        "daicho_shubetsu_cd": "FUD25"
      }
    },
    {
      "type": "Feature",
      "geometry": {
        "type": "Polygon",
        "coordinates": [
          [
            [
              132.89414351,
              35.494184415
            ],
            [
              132.894125821,
              35.494294528
            ],
            [
              132.894204243,
              35.494289776
            ],
            [
              132.894273837,
              35.494300357
            ],
            [
              132.894319513,
              35.494310472
            ],
            [
              132.89414351,
              35.494184415
            ]
          ]
        ]
      },
      "properties": {
        "polygon_uuid": "cbd8a89a-522d-4e91-9d74-8d711c5df9b8",
        "daicho_shubetsu_cd": "FUD25"
      }
    },
    {
      "type": "Feature",
      "geometry": {
        "type": "Polygon",
        "coordinates": [
          [
            [
              132.89109487,
              35.494204591
            ],
            [
              132.891092109,
              35.494190474
            ],
            [
              132.891056817,
              35.494190623
            ],
            [
              132.890923617,
              35.494191177
            ],
            [
              132.89091536,
              35.494285656
            ],
            [
              132.890903532,
              35.494335952
            ],
            [
              132.891119365,
              35.494329007
            ],
            [
              132.89109487,
              35.494204591
            ]
          ]
        ]
      },
      "properties": {
        "polygon_uuid": "b329ee75-2b0e-4b7a-a289-8ee2ad58e26b",
        "daicho_shubetsu_cd": "FUD25"
      }
    },
    {
      "type": "Feature",
      "geometry": {
        "type": "Polygon",
        "coordinates": [
          [
            [
              132.889521011,
              35.494027066
            ],
            [
              132.889541315,
              35.493934941
            ],
            [
              132.889561499,
              35.493852316
            ],
            [
              132.88958619,
              35.493766702
            ],
            [
              132.889473415,
              35.493770316
            ],
            [
              132.889476737,
              35.493688809
            ],
            [
              132.889346601,
              35.493710229
            ],
            [
              132.889343456,
              35.493776251
            ],
            [
              132.889334714,
              35.493840163
            ],
            [
              132.889470972,
              35.493839892
            ],
            [
              132.889474389,
              35.49392585
            ],
            [
              132.889482641,
              35.493964486
            ],
            [
              132.889521011,
              35.494027066
            ]
          ]
        ]
      },
      "properties": {
        "polygon_uuid": "f8a45e27-ebb3-4fff-b743-8f53d770db95",
        "daicho_shubetsu_cd": "FUD25"
      }
    },
    {
      "type": "Feature",
      "geometry": {
        "type": "Polygon",
        "coordinates": [
          [
            [
              132.891967682,
              35.495062988
            ],
            [
              132.892049002,
              35.495092643
            ],
            [
              132.892123999,
              35.495135458
            ],
            [
              132.892142761,
              35.49510983
            ],
            [
              132.892159064,
              35.495087328
            ],
            [
              132.892210997,
              35.495036711
            ],
            [
              132.892286292,
              35.494964529
            ],
            [
              132.892283124,
              35.494932043
            ],
            [
              132.89224615,
              35.494872684
            ],
            [
              132.892192221,
              35.49481541
            ],
            [
              132.892159176,
              35.494806883
            ],
            [
              132.892077223,
              35.494860736
            ],
            [
              132.892051935,
              35.49489187
            ],
            [
              132.892041082,
              35.494938904
            ],
            [
              132.892005973,
              35.494990394
            ],
            [
              132.891986644,
              35.495026235
            ],
            [
              132.891967682,
              35.495062988
            ]
          ]
        ]
      },
      "properties": {
        "polygon_uuid": "6de469dc-4c5f-4acc-9c4f-905841e38186",
        "daicho_shubetsu_cd": "FUD25"
      }
    },
    {
      "type": "Feature",
      "geometry": {
        "type": "Polygon",
        "coordinates": [
          [
            [
              132.900255204,
              35.503069091
            ],
            [
              132.900269786,
              35.503012907
            ],
            [
              132.90027638,
              35.502983697
            ],
            [
              132.900179651,
              35.502907995
            ],
            [
              132.90007644,
              35.502873843
            ],
            [
              132.900003433,
              35.502841751
            ],
            [
              132.900018103,
              35.502876352
            ],
            [
              132.900255204,
              35.503069091
            ]
          ]
        ]
      },
      "properties": {
        "polygon_uuid": "744fd790-d99e-4b65-8b04-91521011d278",
        "daicho_shubetsu_cd": "FUD25"
      }
    },
    {
      "type": "Feature",
      "geometry": {
        "type": "Polygon",
        "coordinates": [
          [
            [
              132.894711828,
              35.494295726
            ],
            [
              132.894749777,
              35.494371392
            ],
            [
              132.894760194,
              35.494392471
            ],
            [
              132.894817219,
              35.494442659
            ],
            [
              132.894830514,
              35.494465633
            ],
            [
              132.894864296,
              35.494443916
            ],
            [
              132.894935288,
              35.494415699
            ],
            [
              132.895001927,
              35.494391094
            ],
            [
              132.894895751,
              35.494184713
            ],
            [
              132.894801805,
              35.49409833
            ],
            [
              132.894692441,
              35.494003973
            ],
            [
              132.894624656,
              35.494104842
            ],
            [
              132.894618579,
              35.494132984
            ],
            [
              132.894638781,
              35.494166884
            ],
            [
              132.894661863,
              35.494219257
            ],
            [
              132.894711828,
              35.494295726
            ]
          ]
        ]
      },
      "properties": {
        "polygon_uuid": "22f747df-9ec9-44fb-a351-92372b04a0b4",
        "daicho_shubetsu_cd": "FUD25"
      }
    },
    {
      "type": "Feature",
      "geometry": {
        "type": "Polygon",
        "coordinates": [
          [
            [
              132.894147303,
              35.493870549
            ],
            [
              132.894221318,
              35.493934643
            ],
            [
              132.894265611,
              35.493984574
            ],
            [
              132.894285615,
              35.494014931
            ],
            [
              132.894323779,
              35.494074922
            ],
            [
              132.894558425,
              35.493967086
            ],
            [
              132.89450568,
              35.493871192
            ],
            [
              132.894466361,
              35.493805693
            ],
            [
              132.894444095,
              35.493767582
            ],
            [
              132.89433991,
              35.493820275
            ],
            [
              132.894311569,
              35.493837775
            ],
            [
              132.894275089,
              35.493843972
            ],
            [
              132.894248702,
              35.4938387
            ],
            [
              132.894240396,
              35.493842164
            ],
            [
              132.894147303,
              35.493870549
            ]
          ]
        ]
      },
      "properties": {
        "polygon_uuid": "84778b68-805d-4146-ab32-9280bee354a7",
        "daicho_shubetsu_cd": "FUD25"
      }
    },
    {
      "type": "Feature",
      "geometry": {
        "type": "Polygon",
        "coordinates": [
          [
            [
              132.892991874,
              35.497430274
            ],
            [
              132.893130885,
              35.497230925
            ],
            [
              132.892984785,
              35.497155514
            ],
            [
              132.892946292,
              35.497146771
            ],
            [
              132.892945635,
              35.497373708
            ],
            [
              132.892962387,
              35.497405769
            ],
            [
              132.892991874,
              35.497430274
            ]
          ]
        ]
      },
      "properties": {
        "polygon_uuid": "7d7be016-e18a-4331-955e-93f051f4226b",
        "daicho_shubetsu_cd": "FUD25"
      }
    },
    {
      "type": "Feature",
      "geometry": {
        "type": "Polygon",
        "coordinates": [
          [
            [
              132.89459843,
              35.496391659
            ],
            [
              132.894686813,
              35.496456197
            ],
            [
              132.894732551,
              35.49644281
            ],
            [
              132.894776492,
              35.49642864
            ],
            [
              132.894781774,
              35.496371059
            ],
            [
              132.894711067,
              35.496362045
            ],
            [
              132.894359488,
              35.496151276
            ],
            [
              132.894309105,
              35.496193091
            ],
            [
              132.894507398,
              35.496337608
            ],
            [
              132.89459843,
              35.496391659
            ]
          ]
        ]
      },
      "properties": {
        "polygon_uuid": "aac92be7-1465-444a-8ec0-99f37590deeb",
        "daicho_shubetsu_cd": "FUD25"
      }
    },
    {
      "type": "Feature",
      "geometry": {
        "type": "Polygon",
        "coordinates": [
          [
            [
              132.88989774,
              35.496576996
            ],
            [
              132.889848619,
              35.496619459
            ],
            [
              132.889805071,
              35.496708272
            ],
            [
              132.889937512,
              35.496757236
            ],
            [
              132.88995916,
              35.496756262
            ],
            [
              132.890006391,
              35.496733209
            ],
            [
              132.890040142,
              35.496701802
            ],
            [
              132.890031476,
              35.49665547
            ],
            [
              132.889969264,
              35.496617892
            ],
            [
              132.88989774,
              35.496576996
            ]
          ]
        ]
      },
      "properties": {
        "polygon_uuid": "5bd8d862-deb5-4390-a83e-9c2dfb9e3627",
        "daicho_shubetsu_cd": "FUD25"
      }
    },
    {
      "type": "Feature",
      "geometry": {
        "type": "Polygon",
        "coordinates": [
          [
            [
              132.891919448,
              35.495151548
            ],
            [
              132.891942275,
              35.49520791
            ],
            [
              132.891966579,
              35.495267913
            ],
            [
              132.892103362,
              35.495313873
            ],
            [
              132.892079027,
              35.495249111
            ],
            [
              132.89208545,
              35.495207051
            ],
            [
              132.892123999,
              35.495135458
            ],
            [
              132.892049002,
              35.495092643
            ],
            [
              132.891967682,
              35.495062988
            ],
            [
              132.891919448,
              35.495151548
            ]
          ]
        ]
      },
      "properties": {
        "polygon_uuid": "3c7e4911-9fbf-474d-b4c8-9d282c2622ab",
        "daicho_shubetsu_cd": "FUD25"
      }
    },
    {
      "type": "Feature",
      "geometry": {
        "type": "Polygon",
        "coordinates": [
          [
            [
              132.889521011,
              35.494027066
            ],
            [
              132.889664698,
              35.493940758
            ],
            [
              132.889718313,
              35.493919658
            ],
            [
              132.889735683,
              35.493904963
            ],
            [
              132.889739489,
              35.493884975
            ],
            [
              132.889733314,
              35.493863011
            ],
            [
              132.889702459,
              35.493753157
            ],
            [
              132.889658209,
              35.493763267
            ],
            [
              132.889624956,
              35.49376546
            ],
            [
              132.88958619,
              35.493766702
            ],
            [
              132.889561499,
              35.493852316
            ],
            [
              132.889541315,
              35.493934941
            ],
            [
              132.889521011,
              35.494027066
            ]
          ]
        ]
      },
      "properties": {
        "polygon_uuid": "789c9a52-88df-4408-9aba-a067b0a7a37a",
        "daicho_shubetsu_cd": "FUD25"
      }
    },
    {
      "type": "Feature",
      "geometry": {
        "type": "Polygon",
        "coordinates": [
          [
            [
              132.894576991,
              35.495517552
            ],
            [
              132.894613368,
              35.495682494
            ],
            [
              132.894746809,
              35.495695736
            ],
            [
              132.894724444,
              35.495497311
            ],
            [
              132.894721951,
              35.495475089
            ],
            [
              132.894740781,
              35.49541069
            ],
            [
              132.894589344,
              35.495424321
            ],
            [
              132.894557473,
              35.495427181
            ],
            [
              132.894576991,
              35.495517552
            ]
          ]
        ]
      },
      "properties": {
        "polygon_uuid": "f01557f4-3179-4670-81c7-a2a9e29a5df4",
        "daicho_shubetsu_cd": "FUD25"
      }
    },
    {
      "type": "Feature",
      "geometry": {
        "type": "Polygon",
        "coordinates": [
          [
            [
              132.895889958,
              35.500043704
            ],
            [
              132.895966585,
              35.500016282
            ],
            [
              132.896044427,
              35.499976543
            ],
            [
              132.896086753,
              35.49995385
            ],
            [
              132.896157878,
              35.499925769
            ],
            [
              132.89619187,
              35.499895996
            ],
            [
              132.896166963,
              35.49962407
            ],
            [
              132.896133633,
              35.499579394
            ],
            [
              132.896095068,
              35.499562799
            ],
            [
              132.895869808,
              35.499776296
            ],
            [
              132.895845378,
              35.499805613
            ],
            [
              132.895821334,
              35.499838434
            ],
            [
              132.895846512,
              35.499993106
            ],
            [
              132.895889958,
              35.500043704
            ]
          ]
        ]
      },
      "properties": {
        "polygon_uuid": "c0d48268-3dac-4847-a047-a2ee4f8dc27b",
        "daicho_shubetsu_cd": "FUD25"
      }
    },
    {
      "type": "Feature",
      "geometry": {
        "type": "Polygon",
        "coordinates": [
          [
            [
              132.889241072,
              35.495711218
            ],
            [
              132.889515094,
              35.495737242
            ],
            [
              132.889498022,
              35.495688265
            ],
            [
              132.889494149,
              35.495674898
            ],
            [
              132.889330232,
              35.495649993
            ],
            [
              132.889242812,
              35.495583213
            ],
            [
              132.889179381,
              35.495565529
            ],
            [
              132.889216647,
              35.495606759
            ],
            [
              132.889241072,
              35.495711218
            ]
          ]
        ]
      },
      "properties": {
        "polygon_uuid": "0c8860ff-7025-4a9d-a151-a3db0de26025",
        "daicho_shubetsu_cd": "FUD25"
      }
    },
    {
      "type": "Feature",
      "geometry": {
        "type": "Polygon",
        "coordinates": [
          [
            [
              132.896606436,
              35.501353841
            ],
            [
              132.896816889,
              35.501758106
            ],
            [
              132.896952508,
              35.501787084
            ],
            [
              132.896999931,
              35.501745777
            ],
            [
              132.897015945,
              35.501634621
            ],
            [
              132.896976894,
              35.501605842
            ],
            [
              132.896946341,
              35.50157584
            ],
            [
              132.896904576,
              35.50151031
            ],
            [
              132.896836937,
              35.501306783
            ],
            [
              132.896810763,
              35.50128914
            ],
            [
              132.896606436,
              35.501353841
            ]
          ]
        ]
      },
      "properties": {
        "polygon_uuid": "cce2bd1a-a494-4acb-a40b-a44a1e1b86ea",
        "daicho_shubetsu_cd": "FUD25"
      }
    },
    {
      "type": "Feature",
      "geometry": {
        "type": "Polygon",
        "coordinates": [
          [
            [
              132.895648037,
              35.500265057
            ],
            [
              132.895538367,
              35.500274695
            ],
            [
              132.895434138,
              35.500127232
            ],
            [
              132.895349266,
              35.500174658
            ],
            [
              132.895105288,
              35.500258134
            ],
            [
              132.89511112,
              35.500296244
            ],
            [
              132.895228166,
              35.50034378
            ],
            [
              132.895203577,
              35.500376474
            ],
            [
              132.895284934,
              35.500406395
            ],
            [
              132.895349204,
              35.5004406
            ],
            [
              132.895402799,
              35.500450373
            ],
            [
              132.895447359,
              35.500460257
            ],
            [
              132.895492611,
              35.50045774
            ],
            [
              132.895539296,
              35.500461946
            ],
            [
              132.895595604,
              35.500468337
            ],
            [
              132.895698577,
              35.50047669
            ],
            [
              132.895737449,
              35.500442902
            ],
            [
              132.895648037,
              35.500265057
            ]
          ]
        ]
      },
      "properties": {
        "polygon_uuid": "ff5801e0-631f-4acf-b753-a4ab6e43ca13",
        "daicho_shubetsu_cd": "FUD25"
      }
    },
    {
      "type": "Feature",
      "geometry": {
        "type": "Polygon",
        "coordinates": [
          [
            [
              132.893625871,
              35.49427413
            ],
            [
              132.893681533,
              35.494251955
            ],
            [
              132.893704827,
              35.494308305
            ],
            [
              132.893748977,
              35.494301909
            ],
            [
              132.893790284,
              35.494284614
            ],
            [
              132.893739606,
              35.494183029
            ],
            [
              132.89372036,
              35.494111945
            ],
            [
              132.893677206,
              35.493952542
            ],
            [
              132.893573291,
              35.493981047
            ],
            [
              132.893543956,
              35.493989093
            ],
            [
              132.893557253,
              35.494032441
            ],
            [
              132.893625871,
              35.49427413
            ]
          ]
        ]
      },
      "properties": {
        "polygon_uuid": "1c8a83ca-1556-4862-a395-a4c42b9ce05e",
        "daicho_shubetsu_cd": "FUD25"
      }
    },
    {
      "type": "Feature",
      "geometry": {
        "type": "Polygon",
        "coordinates": [
          [
            [
              132.890735204,
              35.494855184
            ],
            [
              132.890812906,
              35.494877839
            ],
            [
              132.890832144,
              35.494891785
            ],
            [
              132.890865461,
              35.494915949
            ],
            [
              132.890887039,
              35.494923867
            ],
            [
              132.890912579,
              35.495013936
            ],
            [
              132.890978644,
              35.495073715
            ],
            [
              132.89098959,
              35.495039334
            ],
            [
              132.890959482,
              35.494976112
            ],
            [
              132.890955414,
              35.494926804
            ],
            [
              132.890902438,
              35.494884856
            ],
            [
              132.890880928,
              35.494854788
            ],
            [
              132.890860025,
              35.494827678
            ],
            [
              132.890805405,
              35.49479356
            ],
            [
              132.890769063,
              35.494820066
            ],
            [
              132.890735204,
              35.494855184
            ]
          ]
        ]
      },
      "properties": {
        "polygon_uuid": "c55c0f3c-5e07-4c62-ba48-a4f9971f8c99",
        "daicho_shubetsu_cd": "FUD25"
      }
    },
    {
      "type": "Feature",
      "geometry": {
        "type": "Polygon",
        "coordinates": [
          [
            [
              132.89441263,
              35.497800487
            ],
            [
              132.894450524,
              35.497872586
            ],
            [
              132.894482119,
              35.497953173
            ],
            [
              132.894560389,
              35.497961115
            ],
            [
              132.894613846,
              35.497955744
            ],
            [
              132.894722923,
              35.497956768
            ],
            [
              132.894852425,
              35.497940841
            ],
            [
              132.894769295,
              35.497850468
            ],
            [
              132.894696975,
              35.497840283
            ],
            [
              132.894670545,
              35.497800053
            ],
            [
              132.894568938,
              35.497790569
            ],
            [
              132.894503059,
              35.497787601
            ],
            [
              132.89441263,
              35.497800487
            ]
          ]
        ]
      },
      "properties": {
        "polygon_uuid": "637d5072-2a4d-4b2a-9557-a7e855384fef",
        "daicho_shubetsu_cd": "FUD25"
      }
    },
    {
      "type": "Feature",
      "geometry": {
        "type": "Polygon",
        "coordinates": [
          [
            [
              132.899937457,
              35.503084436
            ],
            [
              132.899885009,
              35.502990847
            ],
            [
              132.899868908,
              35.502879875
            ],
            [
              132.899787066,
              35.502849304
            ],
            [
              132.899724102,
              35.502809373
            ],
            [
              132.899565695,
              35.502967651
            ],
            [
              132.899543918,
              35.502986856
            ],
            [
              132.899583356,
              35.503066833
            ],
            [
              132.899629214,
              35.503135996
            ],
            [
              132.899636585,
              35.503134437
            ],
            [
              132.899650137,
              35.503154356
            ],
            [
              132.89966473,
              35.503184463
            ],
            [
              132.899710497,
              35.503244947
            ],
            [
              132.899725615,
              35.503281838
            ],
            [
              132.899752094,
              35.503250354
            ],
            [
              132.899937457,
              35.503084436
            ]
          ]
        ]
      },
      "properties": {
        "polygon_uuid": "c0a606f3-0ba7-463e-b676-a9dbd63fbbce",
        "daicho_shubetsu_cd": "FUD25"
      }
    },
    {
      "type": "Feature",
      "geometry": {
        "type": "Polygon",
        "coordinates": [
          [
            [
              132.893932609,
              35.494742888
            ],
            [
              132.893961829,
              35.494803976
            ],
            [
              132.89398248,
              35.494837885
            ],
            [
              132.894014039,
              35.494850553
            ],
            [
              132.894050072,
              35.494846554
            ],
            [
              132.894067363,
              35.49481544
            ],
            [
              132.894076188,
              35.494768495
            ],
            [
              132.894045261,
              35.494723301
            ],
            [
              132.893932609,
              35.494742888
            ]
          ]
        ]
      },
      "properties": {
        "polygon_uuid": "8fdc3cd9-03d9-483b-8df6-a9e510b200e6",
        "daicho_shubetsu_cd": "FUD25"
      }
    },
    {
      "type": "Feature",
      "geometry": {
        "type": "Polygon",
        "coordinates": [
          [
            [
              132.894004696,
              35.493712733
            ],
            [
              132.894069826,
              35.493804369
            ],
            [
              132.894147303,
              35.493870549
            ],
            [
              132.894240396,
              35.493842164
            ],
            [
              132.89418072,
              35.493742909
            ],
            [
              132.894111632,
              35.493671202
            ],
            [
              132.894004696,
              35.493712733
            ]
          ]
        ]
      },
      "properties": {
        "polygon_uuid": "da09b5a6-a259-481f-a5b2-aa1fbad1371e",
        "daicho_shubetsu_cd": "FUD25"
      }
    },
    {
      "type": "Feature",
      "geometry": {
        "type": "Polygon",
        "coordinates": [
          [
            [
              132.900548594,
              35.503412698
            ],
            [
              132.900584468,
              35.503377199
            ],
            [
              132.900531274,
              35.503333442
            ],
            [
              132.900502229,
              35.503307814
            ],
            [
              132.900330925,
              35.503178713
            ],
            [
              132.900071491,
              35.503014023
            ],
            [
              132.89996349,
              35.502870325
            ],
            [
              132.899942361,
              35.502864704
            ],
            [
              132.899909903,
              35.502861675
            ],
            [
              132.899868908,
              35.502879875
            ],
            [
              132.899885009,
              35.502990847
            ],
            [
              132.899937457,
              35.503084436
            ],
            [
              132.899990019,
              35.503131236
            ],
            [
              132.900230316,
              35.503303672
            ],
            [
              132.900266232,
              35.50333038
            ],
            [
              132.900376701,
              35.503408243
            ],
            [
              132.900474761,
              35.503479448
            ],
            [
              132.900491386,
              35.503462399
            ],
            [
              132.900520812,
              35.503436846
            ],
            [
              132.900548594,
              35.503412698
            ]
          ]
        ]
      },
      "properties": {
        "polygon_uuid": "c5be329e-5e24-42c8-8010-af38a4e04a17",
        "daicho_shubetsu_cd": "FUD25"
      }
    },
    {
      "type": "Feature",
      "geometry": {
        "type": "Polygon",
        "coordinates": [
          [
            [
              132.894137502,
              35.497992419
            ],
            [
              132.894206239,
              35.497997358
            ],
            [
              132.894290464,
              35.498006325
            ],
            [
              132.894342984,
              35.498015482
            ],
            [
              132.894427012,
              35.49800251
            ],
            [
              132.894469127,
              35.497981591
            ],
            [
              132.894443878,
              35.497920038
            ],
            [
              132.894397858,
              35.497837293
            ],
            [
              132.894283589,
              35.497835386
            ],
            [
              132.894142761,
              35.497826627
            ],
            [
              132.894127587,
              35.497969576
            ],
            [
              132.894137502,
              35.497992419
            ]
          ]
        ]
      },
      "properties": {
        "polygon_uuid": "787ab9af-f873-465d-95ba-af952b3d9411",
        "daicho_shubetsu_cd": "FUD25"
      }
    },
    {
      "type": "Feature",
      "geometry": {
        "type": "Polygon",
        "coordinates": [
          [
            [
              132.89232492,
              35.495401234
            ],
            [
              132.892400595,
              35.495368606
            ],
            [
              132.892476138,
              35.495331735
            ],
            [
              132.892463669,
              35.495315612
            ],
            [
              132.8923921,
              35.495205209
            ],
            [
              132.892294391,
              35.495008322
            ],
            [
              132.892230072,
              35.495058293
            ],
            [
              132.89215865,
              35.49513597
            ],
            [
              132.892140286,
              35.495234823
            ],
            [
              132.892190068,
              35.495339918
            ],
            [
              132.89224756,
              35.495397261
            ],
            [
              132.89232492,
              35.495401234
            ]
          ]
        ]
      },
      "properties": {
        "polygon_uuid": "5937c015-ff67-4c4c-ae43-b1091241bbb2",
        "daicho_shubetsu_cd": "FUD25"
      }
    },
    {
      "type": "Feature",
      "geometry": {
        "type": "Polygon",
        "coordinates": [
          [
            [
              132.895938195,
              35.494791122
            ],
            [
              132.895974007,
              35.494750967
            ],
            [
              132.896015178,
              35.494703384
            ],
            [
              132.896069527,
              35.494612823
            ],
            [
              132.896117486,
              35.494532558
            ],
            [
              132.896142183,
              35.494438692
            ],
            [
              132.896164092,
              35.494389111
            ],
            [
              132.896181897,
              35.494357941
            ],
            [
              132.89617538,
              35.494337271
            ],
            [
              132.896166137,
              35.494315138
            ],
            [
              132.896125482,
              35.494319822
            ],
            [
              132.89609517,
              35.49434811
            ],
            [
              132.896060208,
              35.494382344
            ],
            [
              132.896015262,
              35.494412495
            ],
            [
              132.895976723,
              35.494451188
            ],
            [
              132.895935439,
              35.494486199
            ],
            [
              132.895906762,
              35.494515365
            ],
            [
              132.895859287,
              35.494565945
            ],
            [
              132.895831714,
              35.494617145
            ],
            [
              132.895814015,
              35.494660149
            ],
            [
              132.895811744,
              35.494708977
            ],
            [
              132.895807503,
              35.49474014
            ],
            [
              132.895805941,
              35.494767514
            ],
            [
              132.895815379,
              35.494811095
            ],
            [
              132.895825547,
              35.49483544
            ],
            [
              132.895858277,
              35.494854472
            ],
            [
              132.895905142,
              35.494836438
            ],
            [
              132.895938195,
              35.494791122
            ]
          ]
        ]
      },
      "properties": {
        "polygon_uuid": "a4af9d82-0049-4b1b-b69b-b13ea1526f21",
        "daicho_shubetsu_cd": "FUD25"
      }
    },
    {
      "type": "Feature",
      "geometry": {
        "type": "Polygon",
        "coordinates": [
          [
            [
              132.889521011,
              35.494027066
            ],
            [
              132.889482641,
              35.493964486
            ],
            [
              132.889369214,
              35.493981853
            ],
            [
              132.889357536,
              35.493980322
            ],
            [
              132.889308477,
              35.493848392
            ],
            [
              132.889242188,
              35.493869182
            ],
            [
              132.889213474,
              35.493961439
            ],
            [
              132.889174909,
              35.49409022
            ],
            [
              132.88926537,
              35.494094568
            ],
            [
              132.889307953,
              35.494093091
            ],
            [
              132.889362162,
              35.494040016
            ],
            [
              132.889448914,
              35.494039498
            ],
            [
              132.889521011,
              35.494027066
            ]
          ]
        ]
      },
      "properties": {
        "polygon_uuid": "7071eca9-63b6-4f0a-b0f1-b630457badb5",
        "daicho_shubetsu_cd": "FUD25"
      }
    },
    {
      "type": "Feature",
      "geometry": {
        "type": "Polygon",
        "coordinates": [
          [
            [
              132.891448194,
              35.494066934
            ],
            [
              132.891403685,
              35.494047863
            ],
            [
              132.891356163,
              35.494025029
            ],
            [
              132.891347514,
              35.494115101
            ],
            [
              132.891428964,
              35.494132974
            ],
            [
              132.89152014,
              35.494152501
            ],
            [
              132.891539282,
              35.494109201
            ],
            [
              132.891558696,
              35.494089867
            ],
            [
              132.891531241,
              35.49408288
            ],
            [
              132.891512446,
              35.494074533
            ],
            [
              132.891491873,
              35.49407365
            ],
            [
              132.89147336,
              35.494071618
            ],
            [
              132.891448194,
              35.494066934
            ]
          ]
        ]
      },
      "properties": {
        "polygon_uuid": "3aa46a3d-bc9f-493d-9706-bbca8d0e70e3",
        "daicho_shubetsu_cd": "FUD25"
      }
    },
    {
      "type": "Feature",
      "geometry": {
        "type": "Polygon",
        "coordinates": [
          [
            [
              132.894073163,
              35.494995703
            ],
            [
              132.894077362,
              35.494896007
            ],
            [
              132.894024575,
              35.49494371
            ],
            [
              132.893990766,
              35.494982215
            ],
            [
              132.893970769,
              35.495020908
            ],
            [
              132.893965588,
              35.495061781
            ],
            [
              132.893961751,
              35.495089485
            ],
            [
              132.893950482,
              35.495129993
            ],
            [
              132.893957132,
              35.495155851
            ],
            [
              132.894006667,
              35.495179251
            ],
            [
              132.893994026,
              35.495176691
            ],
            [
              132.894050351,
              35.495201059
            ],
            [
              132.894068914,
              35.495205661
            ],
            [
              132.894081179,
              35.495179425
            ],
            [
              132.894077015,
              35.495149467
            ],
            [
              132.894071551,
              35.495090506
            ],
            [
              132.894074882,
              35.495049644
            ],
            [
              132.894073163,
              35.494995703
            ]
          ]
        ]
      },
      "properties": {
        "polygon_uuid": "bd69ef6c-a57e-4a33-9841-bbea3bd279fc",
        "daicho_shubetsu_cd": "FUD25"
      }
    },
    {
      "type": "Feature",
      "geometry": {
        "type": "Polygon",
        "coordinates": [
          [
            [
              132.890520474,
              35.494486347
            ],
            [
              132.890594431,
              35.494493155
            ],
            [
              132.890771561,
              35.494468524
            ],
            [
              132.890824498,
              35.494438594
            ],
            [
              132.890715397,
              35.494368528
            ],
            [
              132.89062221,
              35.494294389
            ],
            [
              132.890595,
              35.494244381
            ],
            [
              132.890599268,
              35.494210203
            ],
            [
              132.890617652,
              35.494173126
            ],
            [
              132.890644185,
              35.494148954
            ],
            [
              132.890653716,
              35.494119008
            ],
            [
              132.89064463,
              35.494055938
            ],
            [
              132.890614806,
              35.494059903
            ],
            [
              132.890530017,
              35.494074003
            ],
            [
              132.890413995,
              35.49410338
            ],
            [
              132.890340258,
              35.494115892
            ],
            [
              132.890238094,
              35.494127952
            ],
            [
              132.890212755,
              35.494272604
            ],
            [
              132.890254009,
              35.494344819
            ],
            [
              132.890416881,
              35.494392149
            ],
            [
              132.890520474,
              35.494486347
            ]
          ]
        ]
      },
      "properties": {
        "polygon_uuid": "529e52f6-baa4-4eeb-8480-bc001cf19ba2",
        "daicho_shubetsu_cd": "FUD25"
      }
    },
    {
      "type": "Feature",
      "geometry": {
        "type": "Polygon",
        "coordinates": [
          [
            [
              132.89221337,
              35.494608236
            ],
            [
              132.892215765,
              35.494678069
            ],
            [
              132.892322054,
              35.494797475
            ],
            [
              132.892451127,
              35.494894882
            ],
            [
              132.892521507,
              35.494891608
            ],
            [
              132.892657058,
              35.494841146
            ],
            [
              132.892759277,
              35.494788956
            ],
            [
              132.892497618,
              35.49461181
            ],
            [
              132.892628562,
              35.494497278
            ],
            [
              132.892460509,
              35.494386588
            ],
            [
              132.892324439,
              35.494516718
            ],
            [
              132.89221337,
              35.494608236
            ]
          ]
        ]
      },
      "properties": {
        "polygon_uuid": "0d2db94d-0eaa-43be-84cd-bf10065bfd99",
        "daicho_shubetsu_cd": "FUD25"
      }
    },
    {
      "type": "Feature",
      "geometry": {
        "type": "Polygon",
        "coordinates": [
          [
            [
              132.892841062,
              35.493964429
            ],
            [
              132.892845465,
              35.494017728
            ],
            [
              132.892860513,
              35.494165104
            ],
            [
              132.892879971,
              35.494226777
            ],
            [
              132.892912913,
              35.494263094
            ],
            [
              132.893069327,
              35.49409108
            ],
            [
              132.893057644,
              35.494012775
            ],
            [
              132.892841062,
              35.493964429
            ]
          ]
        ]
      },
      "properties": {
        "polygon_uuid": "2bf6a74e-636f-440a-b153-bf917970bc03",
        "daicho_shubetsu_cd": "FUD25"
      }
    },
    {
      "type": "Feature",
      "geometry": {
        "type": "Polygon",
        "coordinates": [
          [
            [
              132.895364567,
              35.498253895
            ],
            [
              132.895490309,
              35.498312555
            ],
            [
              132.895535715,
              35.498175406
            ],
            [
              132.895584014,
              35.497998284
            ],
            [
              132.895593211,
              35.497953352
            ],
            [
              132.895553164,
              35.497924423
            ],
            [
              132.895557338,
              35.497870046
            ],
            [
              132.895457043,
              35.497863623
            ],
            [
              132.89543509,
              35.497859676
            ],
            [
              132.895410389,
              35.497855912
            ],
            [
              132.895364567,
              35.498253895
            ]
          ]
        ]
      },
      "properties": {
        "polygon_uuid": "0a93cf45-ec69-4351-8289-c70417cdb40a",
        "daicho_shubetsu_cd": "FUD25"
      }
    },
    {
      "type": "Feature",
      "geometry": {
        "type": "Polygon",
        "coordinates": [
          [
            [
              132.892784195,
              35.4933257
            ],
            [
              132.892772665,
              35.493341416
            ],
            [
              132.892703792,
              35.49341089
            ],
            [
              132.892727928,
              35.493445062
            ],
            [
              132.892930439,
              35.493537665
            ],
            [
              132.893091664,
              35.493346062
            ],
            [
              132.892927998,
              35.493281276
            ],
            [
              132.892915893,
              35.493290017
            ],
            [
              132.892784195,
              35.4933257
            ]
          ]
        ]
      },
      "properties": {
        "polygon_uuid": "842ef1f7-ef2c-44fa-96f2-c77ee6e9bb87",
        "daicho_shubetsu_cd": "FUD25"
      }
    },
    {
      "type": "Feature",
      "geometry": {
        "type": "Polygon",
        "coordinates": [
          [
            [
              132.891791316,
              35.494115488
            ],
            [
              132.891891998,
              35.494136034
            ],
            [
              132.891998598,
              35.494022535
            ],
            [
              132.891914356,
              35.493917254
            ],
            [
              132.891808088,
              35.494090609
            ],
            [
              132.891791316,
              35.494115488
            ]
          ]
        ]
      },
      "properties": {
        "polygon_uuid": "8bcf60e6-2ad3-4def-9b2a-c9c1420f19e2",
        "daicho_shubetsu_cd": "FUD25"
      }
    },
    {
      "type": "Feature",
      "geometry": {
        "type": "Polygon",
        "coordinates": [
          [
            [
              132.893647846,
              35.494324402
            ],
            [
              132.893525776,
              35.494362452
            ],
            [
              132.893610942,
              35.494453422
            ],
            [
              132.893558803,
              35.494498354
            ],
            [
              132.89379333,
              35.494642637
            ],
            [
              132.893898135,
              35.494595991
            ],
            [
              132.893829077,
              35.494473901
            ],
            [
              132.893748977,
              35.494301909
            ],
            [
              132.893704827,
              35.494308305
            ],
            [
              132.893647846,
              35.494324402
            ]
          ]
        ]
      },
      "properties": {
        "polygon_uuid": "0ebcdc20-4da7-46ea-bae8-ca450909b86c",
        "daicho_shubetsu_cd": "FUD25"
      }
    },
    {
      "type": "Feature",
      "geometry": {
        "type": "Polygon",
        "coordinates": [
          [
            [
              132.89264779,
              35.495082972
            ],
            [
              132.892661474,
              35.495137321
            ],
            [
              132.892680178,
              35.495193663
            ],
            [
              132.89268343,
              35.495203459
            ],
            [
              132.892767321,
              35.495151802
            ],
            [
              132.892914646,
              35.495061076
            ],
            [
              132.892891874,
              35.495012052
            ],
            [
              132.892899075,
              35.494957259
            ],
            [
              132.89264779,
              35.495082972
            ]
          ]
        ]
      },
      "properties": {
        "polygon_uuid": "206b46e0-a1da-495c-ab99-cb64f12a66e1",
        "daicho_shubetsu_cd": "FUD25"
      }
    },
    {
      "type": "Feature",
      "geometry": {
        "type": "Polygon",
        "coordinates": [
          [
            [
              132.89676076,
              35.500813814
            ],
            [
              132.897033472,
              35.500695749
            ],
            [
              132.897008615,
              35.500681114
            ],
            [
              132.896988535,
              35.500665464
            ],
            [
              132.896938883,
              35.500636594
            ],
            [
              132.896842292,
              35.500575474
            ],
            [
              132.896763821,
              35.500545657
            ],
            [
              132.896690807,
              35.500512441
            ],
            [
              132.896608209,
              35.500481528
            ],
            [
              132.896517471,
              35.50046076
            ],
            [
              132.896485614,
              35.500427295
            ],
            [
              132.8964415,
              35.500404002
            ],
            [
              132.89635243,
              35.500415759
            ],
            [
              132.896427009,
              35.500470283
            ],
            [
              132.896500236,
              35.500527058
            ],
            [
              132.8965582,
              35.500564852
            ],
            [
              132.896588595,
              35.500588228
            ],
            [
              132.896623268,
              35.500629529
            ],
            [
              132.896652483,
              35.500674229
            ],
            [
              132.896735731,
              35.500776942
            ],
            [
              132.89676076,
              35.500813814
            ]
          ]
        ]
      },
      "properties": {
        "polygon_uuid": "45230a8e-99b3-4783-b6c2-cb692a2ef8fd",
        "daicho_shubetsu_cd": "FUD25"
      }
    },
    {
      "type": "Feature",
      "geometry": {
        "type": "Polygon",
        "coordinates": [
          [
            [
              132.896374648,
              35.501133008
            ],
            [
              132.896375562,
              35.50117068
            ],
            [
              132.896418644,
              35.501222222
            ],
            [
              132.89647699,
              35.50130522
            ],
            [
              132.896494907,
              35.501314062
            ],
            [
              132.896741989,
              35.501248004
            ],
            [
              132.8967936,
              35.501223757
            ],
            [
              132.896824074,
              35.501201393
            ],
            [
              132.896724783,
              35.501044178
            ],
            [
              132.896718614,
              35.501006037
            ],
            [
              132.896374648,
              35.501133008
            ]
          ]
        ]
      },
      "properties": {
        "polygon_uuid": "cc59a24c-932f-40fb-8abd-ce7463ca1709",
        "daicho_shubetsu_cd": "FUD25"
      }
    },
    {
      "type": "Feature",
      "geometry": {
        "type": "Polygon",
        "coordinates": [
          [
            [
              132.895475616,
              35.497649699
            ],
            [
              132.895690833,
              35.497682493
            ],
            [
              132.895752785,
              35.49748556
            ],
            [
              132.895701434,
              35.497375108
            ],
            [
              132.895659716,
              35.497313093
            ],
            [
              132.89556913,
              35.497308592
            ],
            [
              132.895540352,
              35.497312132
            ],
            [
              132.89550448,
              35.497317237
            ],
            [
              132.895475616,
              35.497649699
            ]
          ]
        ]
      },
      "properties": {
        "polygon_uuid": "5a15ff59-771f-4ddf-b9e9-cee3387f4acf",
        "daicho_shubetsu_cd": "FUD25"
      }
    },
    {
      "type": "Feature",
      "geometry": {
        "type": "Polygon",
        "coordinates": [
          [
            [
              132.893519303,
              35.49357584
            ],
            [
              132.89365209,
              35.493555274
            ],
            [
              132.89367821,
              35.493551223
            ],
            [
              132.893855091,
              35.493558245
            ],
            [
              132.893876625,
              35.493469635
            ],
            [
              132.893884743,
              35.4934465
            ],
            [
              132.893769929,
              35.493451109
            ],
            [
              132.893731952,
              35.493466006
            ],
            [
              132.893665159,
              35.493436141
            ],
            [
              132.893481699,
              35.493470956
            ],
            [
              132.893519303,
              35.49357584
            ]
          ]
        ]
      },
      "properties": {
        "polygon_uuid": "542d1539-a67d-4735-a5f7-d0ac21b815b7",
        "daicho_shubetsu_cd": "FUD25"
      }
    },
    {
      "type": "Feature",
      "geometry": {
        "type": "Polygon",
        "coordinates": [
          [
            [
              132.891791316,
              35.494115488
            ],
            [
              132.891808088,
              35.494090609
            ],
            [
              132.891914356,
              35.493917254
            ],
            [
              132.891805628,
              35.493787493
            ],
            [
              132.891763904,
              35.493886922
            ],
            [
              132.891742068,
              35.493923918
            ],
            [
              132.891706203,
              35.493962206
            ],
            [
              132.891685751,
              35.493988919
            ],
            [
              132.891665542,
              35.494016528
            ],
            [
              132.891649563,
              35.494047445
            ],
            [
              132.891660706,
              35.494054026
            ],
            [
              132.89167255,
              35.494056373
            ],
            [
              132.891685916,
              35.494063544
            ],
            [
              132.891708921,
              35.494074284
            ],
            [
              132.891731924,
              35.494085023
            ],
            [
              132.891751229,
              35.494095181
            ],
            [
              132.891777162,
              35.494102881
            ],
            [
              132.891791316,
              35.494115488
            ]
          ]
        ]
      },
      "properties": {
        "polygon_uuid": "d3fe08a3-46bc-4d7c-b2ee-d141a4baed72",
        "daicho_shubetsu_cd": "FUD25"
      }
    },
    {
      "type": "Feature",
      "geometry": {
        "type": "Polygon",
        "coordinates": [
          [
            [
              132.89109487,
              35.494204591
            ],
            [
              132.891119365,
              35.494329007
            ],
            [
              132.891488926,
              35.49431711
            ],
            [
              132.891479624,
              35.494296352
            ],
            [
              132.891516166,
              35.494166604
            ],
            [
              132.891331927,
              35.494127273
            ],
            [
              132.891257153,
              35.494126207
            ],
            [
              132.891228202,
              35.494190542
            ],
            [
              132.891138876,
              35.49421372
            ],
            [
              132.89109487,
              35.494204591
            ]
          ]
        ]
      },
      "properties": {
        "polygon_uuid": "2fdcab9e-ce5c-480f-a10e-d4937d16d264",
        "daicho_shubetsu_cd": "FUD25"
      }
    },
    {
      "type": "Feature",
      "geometry": {
        "type": "Polygon",
        "coordinates": [
          [
            [
              132.897510284,
              35.501663703
            ],
            [
              132.897795275,
              35.501773045
            ],
            [
              132.897851605,
              35.501781679
            ],
            [
              132.897905079,
              35.50177799
            ],
            [
              132.898028063,
              35.501723392
            ],
            [
              132.898162124,
              35.501648427
            ],
            [
              132.898010085,
              35.501524816
            ],
            [
              132.897958846,
              35.501472396
            ],
            [
              132.897510284,
              35.501663703
            ]
          ]
        ]
      },
      "properties": {
        "polygon_uuid": "f637d183-a529-4e42-af79-d880e9e90dcd",
        "daicho_shubetsu_cd": "FUD25"
      }
    },
    {
      "type": "Feature",
      "geometry": {
        "type": "Polygon",
        "coordinates": [
          [
            [
              132.891176082,
              35.494794159
            ],
            [
              132.891076304,
              35.494690558
            ],
            [
              132.891043392,
              35.494726224
            ],
            [
              132.890956027,
              35.494769675
            ],
            [
              132.890906522,
              35.494799507
            ],
            [
              132.890906752,
              35.494843574
            ],
            [
              132.890930089,
              35.494872115
            ],
            [
              132.89098864,
              35.494916293
            ],
            [
              132.89099502,
              35.494966443
            ],
            [
              132.891022975,
              35.495028183
            ],
            [
              132.891073992,
              35.495099214
            ],
            [
              132.891248055,
              35.494994993
            ],
            [
              132.891239106,
              35.494905499
            ],
            [
              132.891230723,
              35.494850907
            ],
            [
              132.891176082,
              35.494794159
            ]
          ]
        ]
      },
      "properties": {
        "polygon_uuid": "9f72a004-8dfd-4eb9-922a-dc13ccd614b9",
        "daicho_shubetsu_cd": "FUD25"
      }
    },
    {
      "type": "Feature",
      "geometry": {
        "type": "Polygon",
        "coordinates": [
          [
            [
              132.893109513,
              35.495149586
            ],
            [
              132.893127855,
              35.495091546
            ],
            [
              132.893122249,
              35.49507225
            ],
            [
              132.893075585,
              35.495029218
            ],
            [
              132.893046244,
              35.494956831
            ],
            [
              132.892993115,
              35.494982298
            ],
            [
              132.892953437,
              35.49499511
            ],
            [
              132.892912446,
              35.495010134
            ],
            [
              132.89296657,
              35.495085281
            ],
            [
              132.893064498,
              35.495133984
            ],
            [
              132.893109513,
              35.495149586
            ]
          ]
        ]
      },
      "properties": {
        "polygon_uuid": "b8ba7852-0019-4a31-88dc-e0cf39b27dbe",
        "daicho_shubetsu_cd": "FUD25"
      }
    },
    {
      "type": "Feature",
      "geometry": {
        "type": "Polygon",
        "coordinates": [
          [
            [
              132.89268343,
              35.495203459
            ],
            [
              132.892780198,
              35.495223275
            ],
            [
              132.892841575,
              35.49525431
            ],
            [
              132.892895932,
              35.495202182
            ],
            [
              132.892979297,
              35.495123323
            ],
            [
              132.892956198,
              35.495098738
            ],
            [
              132.892914646,
              35.495061076
            ],
            [
              132.892767321,
              35.495151802
            ],
            [
              132.89268343,
              35.495203459
            ]
          ]
        ]
      },
      "properties": {
        "polygon_uuid": "7913e415-78d2-462a-a10b-e20ce643cafa",
        "daicho_shubetsu_cd": "FUD25"
      }
    },
    {
      "type": "Feature",
      "geometry": {
        "type": "Polygon",
        "coordinates": [
          [
            [
              132.890600711,
              35.494556776
            ],
            [
              132.890628019,
              35.494593056
            ],
            [
              132.890692728,
              35.494639805
            ],
            [
              132.890759629,
              35.494683822
            ],
            [
              132.890812041,
              35.49471886
            ],
            [
              132.890842261,
              35.494751313
            ],
            [
              132.890872431,
              35.494778327
            ],
            [
              132.890889691,
              35.494794623
            ],
            [
              132.890937296,
              35.494749052
            ],
            [
              132.891032976,
              35.494715272
            ],
            [
              132.891054899,
              35.494689477
            ],
            [
              132.890971378,
              35.494596811
            ],
            [
              132.890921985,
              35.494545026
            ],
            [
              132.890880983,
              35.494472619
            ],
            [
              132.890852633,
              35.494441837
            ],
            [
              132.890835833,
              35.494468617
            ],
            [
              132.89080405,
              35.494490153
            ],
            [
              132.890748678,
              35.494501698
            ],
            [
              132.890666503,
              35.494507527
            ],
            [
              132.890624156,
              35.494516317
            ],
            [
              132.890600711,
              35.494556776
            ]
          ]
        ]
      },
      "properties": {
        "polygon_uuid": "19f4ddb9-ebc6-409b-ac60-e255a4e15248",
        "daicho_shubetsu_cd": "FUD25"
      }
    },
    {
      "type": "Feature",
      "geometry": {
        "type": "Polygon",
        "coordinates": [
          [
            [
              132.893363116,
              35.497705985
            ],
            [
              132.893511482,
              35.497740066
            ],
            [
              132.89359388,
              35.497749293
            ],
            [
              132.893680797,
              35.497752509
            ],
            [
              132.893721985,
              35.497756001
            ],
            [
              132.89386263,
              35.497572898
            ],
            [
              132.893832009,
              35.497558124
            ],
            [
              132.893791758,
              35.497536891
            ],
            [
              132.893749855,
              35.497508258
            ],
            [
              132.893720356,
              35.497482506
            ],
            [
              132.893675636,
              35.497459341
            ],
            [
              132.89360265,
              35.497411911
            ],
            [
              132.893363116,
              35.497705985
            ]
          ]
        ]
      },
      "properties": {
        "polygon_uuid": "417637b5-3706-442c-8386-e351bb65c56c",
        "daicho_shubetsu_cd": "FUD25"
      }
    },
    {
      "type": "Feature",
      "geometry": {
        "type": "Polygon",
        "coordinates": [
          [
            [
              132.889623254,
              35.493451233
            ],
            [
              132.889641303,
              35.493463959
            ],
            [
              132.88968028,
              35.493477171
            ],
            [
              132.889726417,
              35.493485816
            ],
            [
              132.889758736,
              35.493478696
            ],
            [
              132.889809842,
              35.493455574
            ],
            [
              132.889780258,
              35.493405906
            ],
            [
              132.889692122,
              35.493355108
            ],
            [
              132.889565037,
              35.49333556
            ],
            [
              132.889534077,
              35.493378026
            ],
            [
              132.889514197,
              35.493411147
            ],
            [
              132.889547131,
              35.493417061
            ],
            [
              132.889568097,
              35.493421825
            ],
            [
              132.889595822,
              35.493430214
            ],
            [
              132.889623254,
              35.493451233
            ]
          ]
        ]
      },
      "properties": {
        "polygon_uuid": "226441a5-1690-46cf-88d3-e4008fb79c3e",
        "daicho_shubetsu_cd": "FUD25"
      }
    },
    {
      "type": "Feature",
      "geometry": {
        "type": "Polygon",
        "coordinates": [
          [
            [
              132.893841806,
              35.494069318
            ],
            [
              132.893875936,
              35.494143296
            ],
            [
              132.893918728,
              35.494231827
            ],
            [
              132.894095445,
              35.49416019
            ],
            [
              132.894074126,
              35.494116317
            ],
            [
              132.894015944,
              35.494017178
            ],
            [
              132.893932618,
              35.494037438
            ],
            [
              132.893841806,
              35.494069318
            ]
          ]
        ]
      },
      "properties": {
        "polygon_uuid": "5c81fc1c-e3c0-4970-aaf9-e44747aec15c",
        "daicho_shubetsu_cd": "FUD25"
      }
    },
    {
      "type": "Feature",
      "geometry": {
        "type": "Polygon",
        "coordinates": [
          [
            [
              132.893976924,
              35.493452248
            ],
            [
              132.893912675,
              35.493414226
            ],
            [
              132.893888947,
              35.493480656
            ],
            [
              132.893870268,
              35.493597299
            ],
            [
              132.893865601,
              35.493646928
            ],
            [
              132.893866997,
              35.49367218
            ],
            [
              132.893926365,
              35.493656544
            ],
            [
              132.89399092,
              35.493580313
            ],
            [
              132.894062373,
              35.49350405
            ],
            [
              132.894081686,
              35.493485256
            ],
            [
              132.89406592,
              35.493480611
            ],
            [
              132.893976924,
              35.493452248
            ]
          ]
        ]
      },
      "properties": {
        "polygon_uuid": "4c7ffa4c-84e3-471d-838c-e4b739e064c6",
        "daicho_shubetsu_cd": "FUD25"
      }
    },
    {
      "type": "Feature",
      "geometry": {
        "type": "Polygon",
        "coordinates": [
          [
            [
              132.894531234,
              35.495305688
            ],
            [
              132.894491335,
              35.495237092
            ],
            [
              132.894479323,
              35.495192654
            ],
            [
              132.894462743,
              35.495159286
            ],
            [
              132.894371072,
              35.495172952
            ],
            [
              132.89434938,
              35.495175747
            ],
            [
              132.894181026,
              35.495233462
            ],
            [
              132.894189487,
              35.495289573
            ],
            [
              132.894226385,
              35.495367667
            ],
            [
              132.894401323,
              35.495320721
            ],
            [
              132.894448221,
              35.495330664
            ],
            [
              132.894531234,
              35.495305688
            ]
          ]
        ]
      },
      "properties": {
        "polygon_uuid": "341b2f11-c72a-494f-a033-e6442ce066ff",
        "daicho_shubetsu_cd": "FUD25"
      }
    },
    {
      "type": "Feature",
      "geometry": {
        "type": "Polygon",
        "coordinates": [
          [
            [
              132.895729425,
              35.495639931
            ],
            [
              132.895702882,
              35.495540727
            ],
            [
              132.895669293,
              35.495388581
            ],
            [
              132.895544437,
              35.495391111
            ],
            [
              132.895556589,
              35.495492435
            ],
            [
              132.895564289,
              35.495644008
            ],
            [
              132.895642062,
              35.495643538
            ],
            [
              132.895729425,
              35.495639931
            ]
          ]
        ]
      },
      "properties": {
        "polygon_uuid": "5927e359-663c-4b5b-8eae-e7e8d987a4fb",
        "daicho_shubetsu_cd": "FUD25"
      }
    },
    {
      "type": "Feature",
      "geometry": {
        "type": "Polygon",
        "coordinates": [
          [
            [
              132.89372036,
              35.494111945
            ],
            [
              132.893841806,
              35.494069318
            ],
            [
              132.893932618,
              35.494037438
            ],
            [
              132.894015944,
              35.494017178
            ],
            [
              132.893966698,
              35.493984656
            ],
            [
              132.893901898,
              35.493802327
            ],
            [
              132.893867703,
              35.493811709
            ],
            [
              132.893732133,
              35.49384894
            ],
            [
              132.893691801,
              35.493879832
            ],
            [
              132.893677206,
              35.493952542
            ],
            [
              132.89372036,
              35.494111945
            ]
          ]
        ]
      },
      "properties": {
        "polygon_uuid": "e33508fd-3564-489b-91b0-e83b96554fe7",
        "daicho_shubetsu_cd": "FUD25"
      }
    },
    {
      "type": "Feature",
      "geometry": {
        "type": "Polygon",
        "coordinates": [
          [
            [
              132.89221337,
              35.494608236
            ],
            [
              132.892324439,
              35.494516718
            ],
            [
              132.892460509,
              35.494386588
            ],
            [
              132.892467313,
              35.494372877
            ],
            [
              132.892461048,
              35.494355164
            ],
            [
              132.892397687,
              35.494323927
            ],
            [
              132.892341891,
              35.494304293
            ],
            [
              132.892279749,
              35.494355395
            ],
            [
              132.892185013,
              35.494435976
            ],
            [
              132.892120292,
              35.494501003
            ],
            [
              132.89209628,
              35.494527908
            ],
            [
              132.89216065,
              35.494589232
            ],
            [
              132.89221337,
              35.494608236
            ]
          ]
        ]
      },
      "properties": {
        "polygon_uuid": "a2ad3238-b797-46bd-a15e-e8dbd7e40999",
        "daicho_shubetsu_cd": "FUD25"
      }
    },
    {
      "type": "Feature",
      "geometry": {
        "type": "Polygon",
        "coordinates": [
          [
            [
              132.897842518,
              35.502087326
            ],
            [
              132.898002084,
              35.50209992
            ],
            [
              132.898155798,
              35.502125038
            ],
            [
              132.898210925,
              35.502136544
            ],
            [
              132.898215012,
              35.502108102
            ],
            [
              132.898204533,
              35.502070276
            ],
            [
              132.898079951,
              35.502045497
            ],
            [
              132.897980007,
              35.50201843
            ],
            [
              132.897900389,
              35.502013677
            ],
            [
              132.897884143,
              35.502037709
            ],
            [
              132.897865058,
              35.502051288
            ],
            [
              132.897842518,
              35.502087326
            ]
          ]
        ]
      },
      "properties": {
        "polygon_uuid": "f7d8ac13-8231-46f1-89c3-ec0917599fc8",
        "daicho_shubetsu_cd": "FUD25"
      }
    },
    {
      "type": "Feature",
      "geometry": {
        "type": "Polygon",
        "coordinates": [
          [
            [
              132.895364567,
              35.498253895
            ],
            [
              132.895410389,
              35.497855912
            ],
            [
              132.895355484,
              35.497852754
            ],
            [
              132.895248193,
              35.497842669
            ],
            [
              132.895239929,
              35.497838979
            ],
            [
              132.895218914,
              35.497841349
            ],
            [
              132.895202797,
              35.497839142
            ],
            [
              132.895177156,
              35.497835558
            ],
            [
              132.895155673,
              35.497828727
            ],
            [
              132.895193695,
              35.497962832
            ],
            [
              132.89521059,
              35.498010598
            ],
            [
              132.895208137,
              35.498042775
            ],
            [
              132.895218494,
              35.498075622
            ],
            [
              132.895241865,
              35.498131577
            ],
            [
              132.895298443,
              35.498218744
            ],
            [
              132.895364567,
              35.498253895
            ]
          ]
        ]
      },
      "properties": {
        "polygon_uuid": "f13df610-c9e8-4aa0-a603-ed9a2d81a303",
        "daicho_shubetsu_cd": "FUD25"
      }
    },
    {
      "type": "Feature",
      "geometry": {
        "type": "Polygon",
        "coordinates": [
          [
            [
              132.894171309,
              35.493398058
            ],
            [
              132.894382029,
              35.493407561
            ],
            [
              132.894415745,
              35.493375576
            ],
            [
              132.894468003,
              35.493246165
            ],
            [
              132.894198194,
              35.493231881
            ],
            [
              132.894165452,
              35.493318051
            ],
            [
              132.894171309,
              35.493398058
            ]
          ]
        ]
      },
      "properties": {
        "polygon_uuid": "c2f336fb-655d-488c-b400-efe3bffe09b0",
        "daicho_shubetsu_cd": "FUD25"
      }
    },
    {
      "type": "Feature",
      "geometry": {
        "type": "Polygon",
        "coordinates": [
          [
            [
              132.889179381,
              35.495565529
            ],
            [
              132.889242812,
              35.495583213
            ],
            [
              132.889330232,
              35.495649993
            ],
            [
              132.889494149,
              35.495674898
            ],
            [
              132.889489702,
              35.495582645
            ],
            [
              132.889501464,
              35.495453506
            ],
            [
              132.889520139,
              35.495335475
            ],
            [
              132.889556093,
              35.495222211
            ],
            [
              132.889559761,
              35.495213382
            ],
            [
              132.889517063,
              35.495145947
            ],
            [
              132.889444561,
              35.495144585
            ],
            [
              132.889300704,
              35.49513805
            ],
            [
              132.889295023,
              35.495210566
            ],
            [
              132.889253082,
              35.495273684
            ],
            [
              132.889208802,
              35.495312695
            ],
            [
              132.889200868,
              35.49533908
            ],
            [
              132.889187561,
              35.495368004
            ],
            [
              132.889183251,
              35.495391698
            ],
            [
              132.889186189,
              35.495416827
            ],
            [
              132.889190982,
              35.495447122
            ],
            [
              132.889200271,
              35.495474432
            ],
            [
              132.889205981,
              35.4955062
            ],
            [
              132.889205336,
              35.49553505
            ],
            [
              132.889179381,
              35.495565529
            ]
          ]
        ]
      },
      "properties": {
        "polygon_uuid": "47ad0740-6594-44ad-8ccd-f156ee6eef95",
        "daicho_shubetsu_cd": "FUD25"
      }
    },
    {
      "type": "Feature",
      "geometry": {
        "type": "Polygon",
        "coordinates": [
          [
            [
              132.894799679,
              35.495802388
            ],
            [
              132.894867048,
              35.495939163
            ],
            [
              132.895040868,
              35.495978839
            ],
            [
              132.895069555,
              35.495963468
            ],
            [
              132.895133422,
              35.495931284
            ],
            [
              132.895164024,
              35.495875451
            ],
            [
              132.895167238,
              35.495800705
            ],
            [
              132.895159103,
              35.495761006
            ],
            [
              132.894978378,
              35.495770047
            ],
            [
              132.894884968,
              35.495783684
            ],
            [
              132.894799679,
              35.495802388
            ]
          ]
        ]
      },
      "properties": {
        "polygon_uuid": "0192b1f2-c526-4216-ae7a-f2e1b43767be",
        "daicho_shubetsu_cd": "FUD25"
      }
    },
    {
      "type": "Feature",
      "geometry": {
        "type": "Polygon",
        "coordinates": [
          [
            [
              132.895248193,
              35.497842669
            ],
            [
              132.895292637,
              35.497314841
            ],
            [
              132.895247984,
              35.497309191
            ],
            [
              132.895180528,
              35.497312668
            ],
            [
              132.895167904,
              35.497433911
            ],
            [
              132.895155573,
              35.497587688
            ],
            [
              132.89514996,
              35.497725718
            ],
            [
              132.895155106,
              35.497765903
            ],
            [
              132.895155673,
              35.497828727
            ],
            [
              132.895177156,
              35.497835558
            ],
            [
              132.895202797,
              35.497839142
            ],
            [
              132.895218914,
              35.497841349
            ],
            [
              132.895239929,
              35.497838979
            ],
            [
              132.895248193,
              35.497842669
            ]
          ]
        ]
      },
      "properties": {
        "polygon_uuid": "060f4318-4673-4042-ae6a-f4ae34dd0612",
        "daicho_shubetsu_cd": "FUD25"
      }
    },
    {
      "type": "Feature",
      "geometry": {
        "type": "Polygon",
        "coordinates": [
          [
            [
              132.893557253,
              35.494032441
            ],
            [
              132.893543956,
              35.493989093
            ],
            [
              132.893573291,
              35.493981047
            ],
            [
              132.893533689,
              35.493954289
            ],
            [
              132.89343295,
              35.493886218
            ],
            [
              132.893340279,
              35.494004315
            ],
            [
              132.893267154,
              35.494079994
            ],
            [
              132.893342014,
              35.494182337
            ],
            [
              132.893498874,
              35.494061393
            ],
            [
              132.893557253,
              35.494032441
            ]
          ]
        ]
      },
      "properties": {
        "polygon_uuid": "3b951783-4b54-444a-b679-f5ebc598f5b4",
        "daicho_shubetsu_cd": "FUD25"
      }
    },
    {
      "type": "Feature",
      "geometry": {
        "type": "Polygon",
        "coordinates": [
          [
            [
              132.891119365,
              35.494329007
            ],
            [
              132.890903532,
              35.494335952
            ],
            [
              132.890895251,
              35.494371164
            ],
            [
              132.890860522,
              35.494427953
            ],
            [
              132.890875099,
              35.494443351
            ],
            [
              132.891229932,
              35.494422529
            ],
            [
              132.891319572,
              35.494520188
            ],
            [
              132.891064445,
              35.494598579
            ],
            [
              132.891198976,
              35.494753613
            ],
            [
              132.891176082,
              35.494794159
            ],
            [
              132.891230723,
              35.494850907
            ],
            [
              132.891239106,
              35.494905499
            ],
            [
              132.891248055,
              35.494994993
            ],
            [
              132.891274033,
              35.494980055
            ],
            [
              132.891279404,
              35.494957221
            ],
            [
              132.891280576,
              35.494880227
            ],
            [
              132.891303609,
              35.494772915
            ],
            [
              132.891337072,
              35.494726103
            ],
            [
              132.891400466,
              35.494662743
            ],
            [
              132.89146973,
              35.494598871
            ],
            [
              132.891345593,
              35.494512569
            ],
            [
              132.891411495,
              35.494436385
            ],
            [
              132.891533586,
              35.494515714
            ],
            [
              132.891571884,
              35.494469793
            ],
            [
              132.891594453,
              35.494439768
            ],
            [
              132.891601422,
              35.494416777
            ],
            [
              132.891600572,
              35.494393301
            ],
            [
              132.891593911,
              35.49437946
            ],
            [
              132.891572256,
              35.494365186
            ],
            [
              132.891501454,
              35.494331447
            ],
            [
              132.891488926,
              35.49431711
            ],
            [
              132.891119365,
              35.494329007
            ]
          ]
        ]
      },
      "properties": {
        "polygon_uuid": "8365d934-f937-4fff-a29a-f66e7c1287a1",
        "daicho_shubetsu_cd": "FUD25"
      }
    },
    {
      "type": "Feature",
      "geometry": {
        "type": "Polygon",
        "coordinates": [
          [
            [
              132.894396557,
              35.49345899
            ],
            [
              132.894421118,
              35.493497596
            ],
            [
              132.894509998,
              35.493606874
            ],
            [
              132.894568338,
              35.493599434
            ],
            [
              132.89472049,
              35.493570499
            ],
            [
              132.894764785,
              35.493561573
            ],
            [
              132.894835156,
              35.493550841
            ],
            [
              132.89486218,
              35.493549483
            ],
            [
              132.894890591,
              35.49353975
            ],
            [
              132.894967193,
              35.493526141
            ],
            [
              132.894966783,
              35.493480726
            ],
            [
              132.894935565,
              35.493436369
            ],
            [
              132.894826255,
              35.493469299
            ],
            [
              132.894741003,
              35.493496108
            ],
            [
              132.894698039,
              35.493512501
            ],
            [
              132.894671378,
              35.493473221
            ],
            [
              132.894630568,
              35.49343465
            ],
            [
              132.894493245,
              35.493450271
            ],
            [
              132.894396557,
              35.49345899
            ]
          ]
        ]
      },
      "properties": {
        "polygon_uuid": "272352d0-1453-43d7-95b3-f73a45fabd35",
        "daicho_shubetsu_cd": "FUD25"
      }
    },
    {
      "type": "Feature",
      "geometry": {
        "type": "Polygon",
        "coordinates": [
          [
            [
              132.894070326,
              35.494502851
            ],
            [
              132.89410071,
              35.494520696
            ],
            [
              132.894224954,
              35.494458559
            ],
            [
              132.894302215,
              35.49446043
            ],
            [
              132.894389465,
              35.494390725
            ],
            [
              132.89436671,
              35.494374591
            ],
            [
              132.894280559,
              35.494348485
            ],
            [
              132.894233454,
              35.494347441
            ],
            [
              132.894150162,
              35.494382256
            ],
            [
              132.894090512,
              35.494434685
            ],
            [
              132.894070326,
              35.494502851
            ]
          ]
        ]
      },
      "properties": {
        "polygon_uuid": "6c0465a2-6dc2-4287-9cfb-f75aa9e76eb2",
        "daicho_shubetsu_cd": "FUD25"
      }
    },
    {
      "type": "Feature",
      "geometry": {
        "type": "Polygon",
        "coordinates": [
          [
            [
              132.894994671,
              35.496380025
            ],
            [
              132.895008693,
              35.496413597
            ],
            [
              132.895011178,
              35.496444233
            ],
            [
              132.895012356,
              35.496473396
            ],
            [
              132.895015429,
              35.496502409
            ],
            [
              132.895109602,
              35.496506466
            ],
            [
              132.89521977,
              35.496522906
            ],
            [
              132.895223073,
              35.496483494
            ],
            [
              132.895221197,
              35.496446713
            ],
            [
              132.895228107,
              35.496401795
            ],
            [
              132.895209411,
              35.496357031
            ],
            [
              132.895083455,
              35.496336856
            ],
            [
              132.895068334,
              35.496333581
            ],
            [
              132.895039425,
              35.496322537
            ],
            [
              132.894965063,
              35.496291572
            ],
            [
              132.894982536,
              35.496352002
            ],
            [
              132.894994671,
              35.496380025
            ]
          ]
        ]
      },
      "properties": {
        "polygon_uuid": "6c860cd4-65dc-4689-8cce-fa33fae33efa",
        "daicho_shubetsu_cd": "FUD25"
      }
    },
    {
      "type": "Feature",
      "geometry": {
        "type": "Polygon",
        "coordinates": [
          [
            [
              132.894171309,
              35.493398058
            ],
            [
              132.894122141,
              35.493445893
            ],
            [
              132.894081686,
              35.493485256
            ],
            [
              132.894062373,
              35.49350405
            ],
            [
              132.894187847,
              35.493614569
            ],
            [
              132.894274722,
              35.493574631
            ],
            [
              132.894421118,
              35.493497596
            ],
            [
              132.894396557,
              35.49345899
            ],
            [
              132.894374897,
              35.493435124
            ],
            [
              132.894382029,
              35.493407561
            ],
            [
              132.894171309,
              35.493398058
            ]
          ]
        ]
      },
      "properties": {
        "polygon_uuid": "1bd8a90e-9536-4bbd-a8f9-fa4a4f47a608",
        "daicho_shubetsu_cd": "FUD25"
      }
    },
    {
      "type": "Feature",
      "geometry": {
        "type": "Polygon",
        "coordinates": [
          [
            [
              132.898281951,
              35.50198794
            ],
            [
              132.898423519,
              35.501874953
            ],
            [
              132.898480538,
              35.501820018
            ],
            [
              132.898393006,
              35.501760893
            ],
            [
              132.898318516,
              35.501716468
            ],
            [
              132.898238986,
              35.501721438
            ],
            [
              132.898171976,
              35.501745404
            ],
            [
              132.898065476,
              35.501802146
            ],
            [
              132.897982105,
              35.501837431
            ],
            [
              132.897910908,
              35.501853569
            ],
            [
              132.897898926,
              35.501894031
            ],
            [
              132.897957979,
              35.501900404
            ],
            [
              132.898022531,
              35.501907867
            ],
            [
              132.898118778,
              35.501930844
            ],
            [
              132.89823847,
              35.501967141
            ],
            [
              132.898281951,
              35.50198794
            ]
          ]
        ]
      },
      "properties": {
        "polygon_uuid": "086f956c-7499-49a8-ba07-fa9538cd8148",
        "daicho_shubetsu_cd": "FUD25"
      }
    },
    {
      "type": "Feature",
      "geometry": {
        "type": "Polygon",
        "coordinates": [
          [
            [
              132.897510284,
              35.501663703
            ],
            [
              132.897958846,
              35.501472396
            ],
            [
              132.897823158,
              35.501367865
            ],
            [
              132.897734758,
              35.501302207
            ],
            [
              132.897196322,
              35.501536584
            ],
            [
              132.897248789,
              35.501573289
            ],
            [
              132.897358948,
              35.501617498
            ],
            [
              132.897510284,
              35.501663703
            ]
          ]
        ]
      },
      "properties": {
        "polygon_uuid": "ea8df395-7f99-40a5-ad15-fb8489f5d211",
        "daicho_shubetsu_cd": "FUD25"
      }
    },
    {
      "type": "Feature",
      "geometry": {
        "type": "Polygon",
        "coordinates": [
          [
            [
              132.895825854,
              35.496114717
            ],
            [
              132.895810549,
              35.496394504
            ],
            [
              132.895810089,
              35.496495479
            ],
            [
              132.896059648,
              35.496481629
            ],
            [
              132.896042182,
              35.496370666
            ],
            [
              132.896031718,
              35.496275365
            ],
            [
              132.896032582,
              35.496219265
            ],
            [
              132.896025386,
              35.496181948
            ],
            [
              132.89606627,
              35.496103288
            ],
            [
              132.895825854,
              35.496114717
            ]
          ]
        ]
      },
      "properties": {
        "polygon_uuid": "5bddfd5f-8a71-4c56-97cb-fd6de76e327a",
        "daicho_shubetsu_cd": "FUD25"
      }
    },
    {
      "type": "Feature",
      "geometry": {
        "type": "Polygon",
        "coordinates": [
          [
            [
              132.897640986,
              35.501126871
            ],
            [
              132.897812144,
              35.501039072
            ],
            [
              132.89780287,
              35.501024918
            ],
            [
              132.897799943,
              35.501004742
            ],
            [
              132.897778366,
              35.500979286
            ],
            [
              132.897705115,
              35.500936823
            ],
            [
              132.897663669,
              35.500905099
            ],
            [
              132.897599586,
              35.500873514
            ],
            [
              132.897549817,
              35.500831743
            ],
            [
              132.897471207,
              35.500786781
            ],
            [
              132.897407537,
              35.50080063
            ],
            [
              132.897395632,
              35.500849505
            ],
            [
              132.897404579,
              35.500928547
            ],
            [
              132.897640986,
              35.501126871
            ]
          ]
        ]
      },
      "properties": {
        "polygon_uuid": "efb095e1-d2ed-4c1e-b1e6-fdbc0ecaa78b",
        "daicho_shubetsu_cd": "FUD25"
      }
    }
  ]
}