{
  "type": "FeatureCollection",
  "features": [
    {
      "type": "Feature",
      "geometry": {
        "type": "Polygon",
        "coordinates": [
          [
            [
              132.69921801,
              35.390625537
            ],
            [
              132.699279721,
              35.39061755
            ],
            [
              132.699284157,
              35.390655248
            ],
            [
              132.699330206,
              35.390653331
            ],
            [
              132.699385811,
              35.390671944
            ],
            [
              132.699490514,
              35.390674912
            ],
            [
              132.699618119,
              35.390658062
            ],
            [
              132.699631257,
              35.390427408
            ],
            [
              132.699624942,
              35.390422293
            ],
            [
              132.699300826,
              35.390483728
            ],
            [
              132.699221361,
              35.390504543
            ],
            [
              132.69921801,
              35.390625537
            ]
          ]
        ]
      },
      "properties": {
        "polygon_uuid": "11de08dc-62d4-482f-ba76-00621d248b0f",
        "daicho_shubetsu_cd": "FUD25"
      }
    },
    {
      "type": "Feature",
      "geometry": {
        "type": "Polygon",
        "coordinates": [
          [
            [
              132.700042088,
              35.391026659
            ],
            [
              132.700039703,
              35.390999437
            ],
            [
              132.699721015,
              35.391015618
            ],
            [
              132.699755786,
              35.391349262
            ],
            [
              132.699660043,
              35.391356114
            ],
            [
              132.699682182,
              35.391603111
            ],
            [
              132.69976024,
              35.391599287
            ],
            [
              132.700262367,
              35.391543923
            ],
            [
              132.70024138,
              35.391317846
            ],
            [
              132.700070039,
              35.391321548
            ],
            [
              132.700042088,
              35.391026659
            ]
          ]
        ]
      },
      "properties": {
        "polygon_uuid": "5bc19904-e459-4e6d-9a54-28d5346abf1e",
        "daicho_shubetsu_cd": "FUD25"
      }
    },
    {
      "type": "Feature",
      "geometry": {
        "type": "Polygon",
        "coordinates": [
          [
            [
              132.699262733,
              35.390859498
            ],
            [
              132.699221941,
              35.390864821
            ],
            [
              132.699232713,
              35.390943066
            ],
            [
              132.699370613,
              35.390937443
            ],
            [
              132.699398578,
              35.391241086
            ],
            [
              132.699401219,
              35.391454723
            ],
            [
              132.699532267,
              35.391451108
            ],
            [
              132.699545682,
              35.391606392
            ],
            [
              132.699606402,
              35.391606824
            ],
            [
              132.699682182,
              35.391603111
            ],
            [
              132.699660043,
              35.391356114
            ],
            [
              132.699755786,
              35.391349262
            ],
            [
              132.699721015,
              35.391015618
            ],
            [
              132.699708861,
              35.390842235
            ],
            [
              132.699262733,
              35.390859498
            ]
          ]
        ]
      },
      "properties": {
        "polygon_uuid": "dc00932a-3ab0-4992-a3ab-2a2a32a386f2",
        "daicho_shubetsu_cd": "FUD25"
      }
    },
    {
      "type": "Feature",
      "geometry": {
        "type": "Polygon",
        "coordinates": [
          [
            [
              132.699528345,
              35.391875104
            ],
            [
              132.69956501,
              35.391851387
            ],
            [
              132.699793892,
              35.391837187
            ],
            [
              132.699795752,
              35.391770282
            ],
            [
              132.699892341,
              35.391760433
            ],
            [
              132.6998846,
              35.39163327
            ],
            [
              132.699699435,
              35.391646336
            ],
            [
              132.699559069,
              35.391647897
            ],
            [
              132.699552283,
              35.391665829
            ],
            [
              132.69952113,
              35.391652776
            ],
            [
              132.699528345,
              35.391875104
            ]
          ]
        ]
      },
      "properties": {
        "polygon_uuid": "482b822b-f1d4-4aea-b37a-3d62fbf18740",
        "daicho_shubetsu_cd": "FUD25"
      }
    },
    {
      "type": "Feature",
      "geometry": {
        "type": "Polygon",
        "coordinates": [
          [
            [
              132.699108508,
              35.391896742
            ],
            [
              132.699528345,
              35.391875104
            ],
            [
              132.69952113,
              35.391652776
            ],
            [
              132.699416079,
              35.391600475
            ],
            [
              132.699252689,
              35.391600253
            ],
            [
              132.699017993,
              35.391605057
            ],
            [
              132.699022694,
              35.391620111
            ],
            [
              132.699045898,
              35.391720393
            ],
            [
              132.699088232,
              35.391718472
            ],
            [
              132.699108508,
              35.391896742
            ]
          ]
        ]
      },
      "properties": {
        "polygon_uuid": "249cebd0-f1aa-41fa-b631-584a0dca877e",
        "daicho_shubetsu_cd": "FUD25"
      }
    },
    {
      "type": "Feature",
      "geometry": {
        "type": "Polygon",
        "coordinates": [
          [
            [
              132.699262733,
              35.390859498
            ],
            [
              132.699708861,
              35.390842235
            ],
            [
              132.699721015,
              35.391015618
            ],
            [
              132.700039703,
              35.390999437
            ],
            [
              132.700027374,
              35.390858707
            ],
            [
              132.700025144,
              35.390838143
            ],
            [
              132.700011503,
              35.39083306
            ],
            [
              132.699989278,
              35.390831864
            ],
            [
              132.699989347,
              35.390736424
            ],
            [
              132.699982957,
              35.390719879
            ],
            [
              132.69996611,
              35.390705095
            ],
            [
              132.699940239,
              35.39069778
            ],
            [
              132.699765242,
              35.390703836
            ],
            [
              132.699259755,
              35.390724925
            ],
            [
              132.69926746,
              35.390782325
            ],
            [
              132.699254932,
              35.390787524
            ],
            [
              132.699262733,
              35.390859498
            ]
          ]
        ]
      },
      "properties": {
        "polygon_uuid": "a6a9d7a3-43db-4a59-8887-5d8ecca59d70",
        "daicho_shubetsu_cd": "FUD25"
      }
    },
    {
      "type": "Feature",
      "geometry": {
        "type": "Polygon",
        "coordinates": [
          [
            [
              132.69904613,
              35.390353792
            ],
            [
              132.699048213,
              35.390376727
            ],
            [
              132.699054046,
              35.390382239
            ],
            [
              132.699277224,
              35.390382046
            ],
            [
              132.6992957,
              35.390400161
            ],
            [
              132.699859645,
              35.390296098
            ],
            [
              132.699858529,
              35.390126506
            ],
            [
              132.699739445,
              35.390127031
            ],
            [
              132.699591842,
              35.390121323
            ],
            [
              132.699446954,
              35.390134681
            ],
            [
              132.699448888,
              35.390035035
            ],
            [
              132.699326118,
              35.390030559
            ],
            [
              132.699328789,
              35.39014289
            ],
            [
              132.699320937,
              35.390271092
            ],
            [
              132.699310357,
              35.390278259
            ],
            [
              132.699059146,
              35.390276201
            ],
            [
              132.699051802,
              35.39033478
            ],
            [
              132.69904613,
              35.390353792
            ]
          ]
        ]
      },
      "properties": {
        "polygon_uuid": "ba474018-bb85-4dc2-8a09-817eef486734",
        "daicho_shubetsu_cd": "FUD25"
      }
    },
    {
      "type": "Feature",
      "geometry": {
        "type": "Polygon",
        "coordinates": [
          [
            [
              132.699210092,
              35.390695007
            ],
            [
              132.69921801,
              35.390625537
            ],
            [
              132.699221361,
              35.390504543
            ],
            [
              132.699210952,
              35.390507269
            ],
            [
              132.698872173,
              35.390567912
            ],
            [
              132.698880627,
              35.390739321
            ],
            [
              132.699210092,
              35.390695007
            ]
          ]
        ]
      },
      "properties": {
        "polygon_uuid": "ec8978cb-1e51-4661-9f4d-ac0c8f45ff66",
        "daicho_shubetsu_cd": "FUD25"
      }
    },
    {
      "type": "Feature",
      "geometry": {
        "type": "Polygon",
        "coordinates": [
          [
            [
              132.699387254,
              35.391552927
            ],
            [
              132.699439601,
              35.391553554
            ],
            [
              132.699513177,
              35.391598663
            ],
            [
              132.699532071,
              35.391606295
            ],
            [
              132.699545682,
              35.391606392
            ],
            [
              132.699532267,
              35.391451108
            ],
            [
              132.699401219,
              35.391454723
            ],
            [
              132.699398578,
              35.391241086
            ],
            [
              132.699370613,
              35.390937443
            ],
            [
              132.699232713,
              35.390943066
            ],
            [
              132.699281305,
              35.391296005
            ],
            [
              132.699278149,
              35.391452893
            ],
            [
              132.699381798,
              35.391454321
            ],
            [
              132.699382384,
              35.391543471
            ],
            [
              132.699387254,
              35.391552927
            ]
          ]
        ]
      },
      "properties": {
        "polygon_uuid": "d23715bc-ba76-48d3-8452-d71eb9bc69c0",
        "daicho_shubetsu_cd": "FUD25"
      }
    },
    {
      "type": "Feature",
      "geometry": {
        "type": "Polygon",
        "coordinates": [
          [
            [
              132.702228289,
              35.390665882
            ],
            [
              132.702555496,
              35.390636464
            ],
            [
              132.702611972,
              35.390628498
            ],
            [
              132.702830697,
              35.390630255
            ],
            [
              132.702854934,
              35.390242522
            ],
            [
              132.702635851,
              35.390237708
            ],
            [
              132.702630275,
              35.390284988
            ],
            [
              132.702283448,
              35.390280364
            ],
            [
              132.702228289,
              35.390665882
            ]
          ]
        ]
      },
      "properties": {
        "polygon_uuid": "9dab4a87-7717-45dd-8851-00059efce888",
        "daicho_shubetsu_cd": "FUD25"
      }
    },
    {
      "type": "Feature",
      "geometry": {
        "type": "Polygon",
        "coordinates": [
          [
            [
              132.714497428,
              35.393326257
            ],
            [
              132.714497619,
              35.393407605
            ],
            [
              132.714497974,
              35.39355769
            ],
            [
              132.715183165,
              35.393554614
            ],
            [
              132.715182388,
              35.393325678
            ],
            [
              132.714497428,
              35.393326257
            ]
          ]
        ]
      },
      "properties": {
        "polygon_uuid": "d8fd193c-8eed-47ce-8988-002be0e9b29f",
        "daicho_shubetsu_cd": "FUD25"
      }
    },
    {
      "type": "Feature",
      "geometry": {
        "type": "Polygon",
        "coordinates": [
          [
            [
              132.712421374,
              35.39485372
            ],
            [
              132.712421015,
              35.395156532
            ],
            [
              132.713097008,
              35.39515765
            ],
            [
              132.713097013,
              35.395082673
            ],
            [
              132.71309703,
              35.394853906
            ],
            [
              132.712421374,
              35.39485372
            ]
          ]
        ]
      },
      "properties": {
        "polygon_uuid": "90b4cc9e-93ec-4f12-b63a-018a81ebb438",
        "daicho_shubetsu_cd": "FUD25"
      }
    },
    {
      "type": "Feature",
      "geometry": {
        "type": "Polygon",
        "coordinates": [
          [
            [
              132.710339057,
              35.392647051
            ],
            [
              132.710940814,
              35.39264784
            ],
            [
              132.710942016,
              35.392374182
            ],
            [
              132.710938027,
              35.39206431
            ],
            [
              132.71093033,
              35.392054192
            ],
            [
              132.710336166,
              35.392056086
            ],
            [
              132.710339057,
              35.392647051
            ]
          ]
        ]
      },
      "properties": {
        "polygon_uuid": "31aebe44-09e4-46e9-b14a-01b62925ff5d",
        "daicho_shubetsu_cd": "FUD25"
      }
    },
    {
      "type": "Feature",
      "geometry": {
        "type": "Polygon",
        "coordinates": [
          [
            [
              132.704288579,
              35.394176395
            ],
            [
              132.704214124,
              35.39395303
            ],
            [
              132.70447415,
              35.393883697
            ],
            [
              132.704390477,
              35.393671534
            ],
            [
              132.704243966,
              35.393696067
            ],
            [
              132.704213275,
              35.393589081
            ],
            [
              132.7039874,
              35.393634335
            ],
            [
              132.703984778,
              35.393649968
            ],
            [
              132.703976255,
              35.393660055
            ],
            [
              132.704019749,
              35.393776491
            ],
            [
              132.704167075,
              35.394209904
            ],
            [
              132.704288579,
              35.394176395
            ]
          ]
        ]
      },
      "properties": {
        "polygon_uuid": "7f1cde5d-d414-4a66-85f2-01c933a565e1",
        "daicho_shubetsu_cd": "FUD25"
      }
    },
    {
      "type": "Feature",
      "geometry": {
        "type": "Polygon",
        "coordinates": [
          [
            [
              132.708912462,
              35.395569618
            ],
            [
              132.708912561,
              35.39538622
            ],
            [
              132.708239034,
              35.395388312
            ],
            [
              132.708239168,
              35.39578161
            ],
            [
              132.708912346,
              35.395781385
            ],
            [
              132.708912462,
              35.395569618
            ]
          ]
        ]
      },
      "properties": {
        "polygon_uuid": "2854c79f-ae4c-4941-bd68-0245c3c9f9df",
        "daicho_shubetsu_cd": "FUD25"
      }
    },
    {
      "type": "Feature",
      "geometry": {
        "type": "Polygon",
        "coordinates": [
          [
            [
              132.712412658,
              35.392351346
            ],
            [
              132.712413201,
              35.392713908
            ],
            [
              132.713095218,
              35.392710826
            ],
            [
              132.713095185,
              35.392606595
            ],
            [
              132.713095104,
              35.392355991
            ],
            [
              132.713095103,
              35.392350765
            ],
            [
              132.712412658,
              35.392351346
            ]
          ]
        ]
      },
      "properties": {
        "polygon_uuid": "3eb0eafa-ba4e-4e5d-9a88-02b26b9131b6",
        "daicho_shubetsu_cd": "FUD25"
      }
    },
    {
      "type": "Feature",
      "geometry": {
        "type": "Polygon",
        "coordinates": [
          [
            [
              132.70494508,
              35.393946446
            ],
            [
              132.705259731,
              35.393812191
            ],
            [
              132.705265937,
              35.393789102
            ],
            [
              132.705140769,
              35.393546179
            ],
            [
              132.705031917,
              35.393571214
            ],
            [
              132.705019962,
              35.393549396
            ],
            [
              132.704802125,
              35.393579379
            ],
            [
              132.70494508,
              35.393946446
            ]
          ]
        ]
      },
      "properties": {
        "polygon_uuid": "7e02425b-f559-4ef4-b385-033a6a0ad581",
        "daicho_shubetsu_cd": "FUD25"
      }
    },
    {
      "type": "Feature",
      "geometry": {
        "type": "Polygon",
        "coordinates": [
          [
            [
              132.712961628,
              35.396428865
            ],
            [
              132.712977293,
              35.396488928
            ],
            [
              132.7129926,
              35.396495887
            ],
            [
              132.713304305,
              35.396468705
            ],
            [
              132.713369161,
              35.396468412
            ],
            [
              132.713370921,
              35.396446537
            ],
            [
              132.713379341,
              35.396422289
            ],
            [
              132.713382017,
              35.396394942
            ],
            [
              132.71310215,
              35.396398165
            ],
            [
              132.71308601,
              35.396409172
            ],
            [
              132.712961628,
              35.396428865
            ]
          ]
        ]
      },
      "properties": {
        "polygon_uuid": "8daba999-67b2-4e9d-a02f-04d0bd771565",
        "daicho_shubetsu_cd": "FUD25"
      }
    },
    {
      "type": "Feature",
      "geometry": {
        "type": "Polygon",
        "coordinates": [
          [
            [
              132.711679137,
              35.392352185
            ],
            [
              132.711679118,
              35.392381505
            ],
            [
              132.711678979,
              35.392604047
            ],
            [
              132.712388667,
              35.392603175
            ],
            [
              132.712388862,
              35.39257991
            ],
            [
              132.712386384,
              35.392350168
            ],
            [
              132.711679137,
              35.392352185
            ]
          ]
        ]
      },
      "properties": {
        "polygon_uuid": "111aa257-713b-4b39-8aa4-053770c20c3f",
        "daicho_shubetsu_cd": "FUD25"
      }
    },
    {
      "type": "Feature",
      "geometry": {
        "type": "Polygon",
        "coordinates": [
          [
            [
              132.713814997,
              35.3928615
            ],
            [
              132.713815537,
              35.393030455
            ],
            [
              132.713815611,
              35.393406899
            ],
            [
              132.714497619,
              35.393407605
            ],
            [
              132.714497428,
              35.393326257
            ],
            [
              132.714496856,
              35.393083562
            ],
            [
              132.714496325,
              35.392858428
            ],
            [
              132.713814997,
              35.3928615
            ]
          ]
        ]
      },
      "properties": {
        "polygon_uuid": "d6ff7b35-9f3d-446d-9d3f-05b4674cd078",
        "daicho_shubetsu_cd": "FUD25"
      }
    },
    {
      "type": "Feature",
      "geometry": {
        "type": "Polygon",
        "coordinates": [
          [
            [
              132.701762367,
              35.391820635
            ],
            [
              132.701755735,
              35.392045786
            ],
            [
              132.701989292,
              35.392061896
            ],
            [
              132.701995822,
              35.391667066
            ],
            [
              132.701776547,
              35.39165308
            ],
            [
              132.701766164,
              35.391646776
            ],
            [
              132.701762367,
              35.391820635
            ]
          ]
        ]
      },
      "properties": {
        "polygon_uuid": "0a2fb510-e935-46ad-8302-06f151a133d9",
        "daicho_shubetsu_cd": "FUD25"
      }
    },
    {
      "type": "Feature",
      "geometry": {
        "type": "Polygon",
        "coordinates": [
          [
            [
              132.708906111,
              35.392506083
            ],
            [
              132.70861459,
              35.392507391
            ],
            [
              132.708595544,
              35.392511642
            ],
            [
              132.708349912,
              35.392705278
            ],
            [
              132.708906619,
              35.392705446
            ],
            [
              132.708906564,
              35.392683677
            ],
            [
              132.708906111,
              35.392506083
            ]
          ]
        ]
      },
      "properties": {
        "polygon_uuid": "aa028072-bcbc-4df9-ac52-08baaf7efc4c",
        "daicho_shubetsu_cd": "FUD25"
      }
    },
    {
      "type": "Feature",
      "geometry": {
        "type": "Polygon",
        "coordinates": [
          [
            [
              132.704372565,
              35.396312935
            ],
            [
              132.704202564,
              35.396276222
            ],
            [
              132.704153607,
              35.396350775
            ],
            [
              132.704140447,
              35.396369568
            ],
            [
              132.704140547,
              35.396384676
            ],
            [
              132.704227156,
              35.396422969
            ],
            [
              132.704242575,
              35.396410813
            ],
            [
              132.704307067,
              35.396452831
            ],
            [
              132.704330789,
              35.396468438
            ],
            [
              132.704343022,
              35.396421245
            ],
            [
              132.704366941,
              35.396355264
            ],
            [
              132.704372565,
              35.396312935
            ]
          ]
        ]
      },
      "properties": {
        "polygon_uuid": "95000049-aa1e-4a4f-a912-09115083ab6b",
        "daicho_shubetsu_cd": "FUD25"
      }
    },
    {
      "type": "Feature",
      "geometry": {
        "type": "Polygon",
        "coordinates": [
          [
            [
              132.711233025,
              35.396801164
            ],
            [
              132.711457729,
              35.396833051
            ],
            [
              132.711487699,
              35.396844701
            ],
            [
              132.711547921,
              35.396909699
            ],
            [
              132.711573464,
              35.396921368
            ],
            [
              132.711690845,
              35.396925371
            ],
            [
              132.711863496,
              35.396916434
            ],
            [
              132.711819974,
              35.396700878
            ],
            [
              132.711257991,
              35.396658647
            ],
            [
              132.711233025,
              35.396801164
            ]
          ]
        ]
      },
      "properties": {
        "polygon_uuid": "1526f16c-9d2d-470e-a0b2-09768723bfb4",
        "daicho_shubetsu_cd": "FUD25"
      }
    },
    {
      "type": "Feature",
      "geometry": {
        "type": "Polygon",
        "coordinates": [
          [
            [
              132.701715494,
              35.390108703
            ],
            [
              132.70171237,
              35.390269797
            ],
            [
              132.701675663,
              35.390286919
            ],
            [
              132.70168039,
              35.390305742
            ],
            [
              132.701673636,
              35.390328385
            ],
            [
              132.701788743,
              35.390335414
            ],
            [
              132.701795119,
              35.39026319
            ],
            [
              132.701901944,
              35.390270431
            ],
            [
              132.70188914,
              35.390392216
            ],
            [
              132.702058786,
              35.390400893
            ],
            [
              132.702067357,
              35.39027227
            ],
            [
              132.702259009,
              35.390275887
            ],
            [
              132.702257391,
              35.390115345
            ],
            [
              132.702241622,
              35.390105129
            ],
            [
              132.702210194,
              35.390101839
            ],
            [
              132.701849803,
              35.390109999
            ],
            [
              132.701776003,
              35.390110327
            ],
            [
              132.701715494,
              35.390108703
            ]
          ]
        ]
      },
      "properties": {
        "polygon_uuid": "f344d5ba-ae5d-47ef-9754-0b13dff136a6",
        "daicho_shubetsu_cd": "FUD25"
      }
    },
    {
      "type": "Feature",
      "geometry": {
        "type": "Polygon",
        "coordinates": [
          [
            [
              132.704416699,
              35.392431106
            ],
            [
              132.704598802,
              35.392403648
            ],
            [
              132.704575126,
              35.392243291
            ],
            [
              132.704722501,
              35.392223238
            ],
            [
              132.704743708,
              35.392222458
            ],
            [
              132.704769467,
              35.39221
            ],
            [
              132.704804926,
              35.392199262
            ],
            [
              132.704768331,
              35.392038962
            ],
            [
              132.704355329,
              35.392106926
            ],
            [
              132.704416699,
              35.392431106
            ]
          ]
        ]
      },
      "properties": {
        "polygon_uuid": "1af35d8e-e0a9-4ead-ad57-0b57c3a86ddc",
        "daicho_shubetsu_cd": "FUD25"
      }
    },
    {
      "type": "Feature",
      "geometry": {
        "type": "Polygon",
        "coordinates": [
          [
            [
              132.705433012,
              35.395555508
            ],
            [
              132.705432656,
              35.395851633
            ],
            [
              132.70611106,
              35.395850456
            ],
            [
              132.706110505,
              35.395553364
            ],
            [
              132.705433012,
              35.395555508
            ]
          ]
        ]
      },
      "properties": {
        "polygon_uuid": "53e37224-e2e0-4db3-b0e9-0b66207021fd",
        "daicho_shubetsu_cd": "FUD25"
      }
    },
    {
      "type": "Feature",
      "geometry": {
        "type": "Polygon",
        "coordinates": [
          [
            [
              132.702928336,
              35.393197469
            ],
            [
              132.703337893,
              35.393150351
            ],
            [
              132.70342468,
              35.39313895
            ],
            [
              132.703481555,
              35.393126805
            ],
            [
              132.703457668,
              35.393027003
            ],
            [
              132.703477025,
              35.39302339
            ],
            [
              132.703463503,
              35.392932639
            ],
            [
              132.703609796,
              35.39291171
            ],
            [
              132.703640611,
              35.392903027
            ],
            [
              132.703621484,
              35.392778797
            ],
            [
              132.703555824,
              35.392781734
            ],
            [
              132.703543709,
              35.392786868
            ],
            [
              132.703476568,
              35.392794742
            ],
            [
              132.703475941,
              35.392797114
            ],
            [
              132.703396356,
              35.392810986
            ],
            [
              132.70316872,
              35.392905454
            ],
            [
              132.702935774,
              35.392957037
            ],
            [
              132.702966372,
              35.393081552
            ],
            [
              132.702948121,
              35.393089568
            ],
            [
              132.702898617,
              35.393093314
            ],
            [
              132.702928336,
              35.393197469
            ]
          ]
        ]
      },
      "properties": {
        "polygon_uuid": "57e63c30-60b0-4db8-909e-0bd3663d4079",
        "daicho_shubetsu_cd": "FUD25"
      }
    },
    {
      "type": "Feature",
      "geometry": {
        "type": "Polygon",
        "coordinates": [
          [
            [
              132.708908423,
              35.393414667
            ],
            [
              132.70959636,
              35.393409494
            ],
            [
              132.709598474,
              35.393119538
            ],
            [
              132.708907683,
              35.393124142
            ],
            [
              132.708908212,
              35.393331893
            ],
            [
              132.708908423,
              35.393414667
            ]
          ]
        ]
      },
      "properties": {
        "polygon_uuid": "0f0f2362-b722-42ad-a3a6-0e4218afb776",
        "daicho_shubetsu_cd": "FUD25"
      }
    },
    {
      "type": "Feature",
      "geometry": {
        "type": "Polygon",
        "coordinates": [
          [
            [
              132.714497103,
              35.394615068
            ],
            [
              132.714497126,
              35.394624762
            ],
            [
              132.714497571,
              35.394815363
            ],
            [
              132.715181199,
              35.39481112
            ],
            [
              132.715183356,
              35.394617923
            ],
            [
              132.714497103,
              35.394615068
            ]
          ]
        ]
      },
      "properties": {
        "polygon_uuid": "b67d924b-4be8-4d83-9847-0e6bbaef62d8",
        "daicho_shubetsu_cd": "FUD25"
      }
    },
    {
      "type": "Feature",
      "geometry": {
        "type": "Polygon",
        "coordinates": [
          [
            [
              132.713097065,
              35.394372755
            ],
            [
              132.712419451,
              35.394374257
            ],
            [
              132.712420549,
              35.394644486
            ],
            [
              132.713097046,
              35.394647679
            ],
            [
              132.713097051,
              35.394564372
            ],
            [
              132.713097065,
              35.394372755
            ]
          ]
        ]
      },
      "properties": {
        "polygon_uuid": "35100c28-50c4-464b-ac46-0ebb5ebc74a1",
        "daicho_shubetsu_cd": "FUD25"
      }
    },
    {
      "type": "Feature",
      "geometry": {
        "type": "Polygon",
        "coordinates": [
          [
            [
              132.704990885,
              35.392520133
            ],
            [
              132.705049126,
              35.39272421
            ],
            [
              132.705370581,
              35.392629568
            ],
            [
              132.705352056,
              35.392567158
            ],
            [
              132.70552905,
              35.392534593
            ],
            [
              132.705567252,
              35.392638223
            ],
            [
              132.705693842,
              35.392612238
            ],
            [
              132.705611735,
              35.392333772
            ],
            [
              132.705590551,
              35.392260429
            ],
            [
              132.705279709,
              35.392329604
            ],
            [
              132.70526652,
              35.392291532
            ],
            [
              132.705222683,
              35.392312911
            ],
            [
              132.704981047,
              35.392467218
            ],
            [
              132.704981108,
              35.392476397
            ],
            [
              132.704990885,
              35.392520133
            ]
          ]
        ]
      },
      "properties": {
        "polygon_uuid": "91ed9917-24c5-4863-bbbe-0f962c4a9dec",
        "daicho_shubetsu_cd": "FUD25"
      }
    },
    {
      "type": "Feature",
      "geometry": {
        "type": "Polygon",
        "coordinates": [
          [
            [
              132.706482691,
              35.39296759
            ],
            [
              132.706708401,
              35.392890103
            ],
            [
              132.707039976,
              35.392761517
            ],
            [
              132.707009753,
              35.392690687
            ],
            [
              132.706984637,
              35.39268741
            ],
            [
              132.706955658,
              35.39260916
            ],
            [
              132.707035761,
              35.392595031
            ],
            [
              132.707026028,
              35.392557344
            ],
            [
              132.706980008,
              35.392445275
            ],
            [
              132.706743537,
              35.392481286
            ],
            [
              132.70632581,
              35.392582122
            ],
            [
              132.706418605,
              35.392830154
            ],
            [
              132.706482691,
              35.39296759
            ]
          ]
        ]
      },
      "properties": {
        "polygon_uuid": "45f7d905-dd4f-4da1-9bde-0f9ab9562b8d",
        "daicho_shubetsu_cd": "FUD25"
      }
    },
    {
      "type": "Feature",
      "geometry": {
        "type": "Polygon",
        "coordinates": [
          [
            [
              132.708906772,
              35.393737998
            ],
            [
              132.708906775,
              35.393748888
            ],
            [
              132.708906848,
              35.394064381
            ],
            [
              132.709608342,
              35.39405869
            ],
            [
              132.709607457,
              35.393736933
            ],
            [
              132.708906772,
              35.393737998
            ]
          ]
        ]
      },
      "properties": {
        "polygon_uuid": "22478995-a060-4c3a-ae83-0fd3efe37b5f",
        "daicho_shubetsu_cd": "FUD25"
      }
    },
    {
      "type": "Feature",
      "geometry": {
        "type": "Polygon",
        "coordinates": [
          [
            [
              132.703779922,
              35.396083512
            ],
            [
              132.703980293,
              35.39612705
            ],
            [
              132.703997221,
              35.39612281
            ],
            [
              132.704002673,
              35.395695179
            ],
            [
              132.703771948,
              35.395702852
            ],
            [
              132.703769795,
              35.39576858
            ],
            [
              132.703764515,
              35.395805624
            ],
            [
              132.703775314,
              35.395899987
            ],
            [
              132.703779922,
              35.396083512
            ]
          ]
        ]
      },
      "properties": {
        "polygon_uuid": "c2b248ca-f897-4ac8-84eb-104d45ba92f6",
        "daicho_shubetsu_cd": "FUD25"
      }
    },
    {
      "type": "Feature",
      "geometry": {
        "type": "Polygon",
        "coordinates": [
          [
            [
              132.706108861,
              35.394673106
            ],
            [
              132.706109423,
              35.394973931
            ],
            [
              132.70610944,
              35.394983182
            ],
            [
              132.706788655,
              35.394982021
            ],
            [
              132.706788197,
              35.394673796
            ],
            [
              132.706108861,
              35.394673106
            ]
          ]
        ]
      },
      "properties": {
        "polygon_uuid": "696febf7-8382-4ac1-bdfb-11080d54b8c2",
        "daicho_shubetsu_cd": "FUD25"
      }
    },
    {
      "type": "Feature",
      "geometry": {
        "type": "Polygon",
        "coordinates": [
          [
            [
              132.709657187,
              35.395316891
            ],
            [
              132.710187447,
              35.395316655
            ],
            [
              132.710188205,
              35.394990169
            ],
            [
              132.710187943,
              35.394911554
            ],
            [
              132.709658687,
              35.394910808
            ],
            [
              132.709657187,
              35.395316891
            ]
          ]
        ]
      },
      "properties": {
        "polygon_uuid": "46e07021-064c-495f-bd62-111b2d3d9e31",
        "daicho_shubetsu_cd": "FUD25"
      }
    },
    {
      "type": "Feature",
      "geometry": {
        "type": "Polygon",
        "coordinates": [
          [
            [
              132.70610944,
              35.394983182
            ],
            [
              132.706110275,
              35.395430247
            ],
            [
              132.706789311,
              35.395424431
            ],
            [
              132.706788655,
              35.394982021
            ],
            [
              132.70610944,
              35.394983182
            ]
          ]
        ]
      },
      "properties": {
        "polygon_uuid": "45f866a1-10fa-4fb1-ac57-13b546847544",
        "daicho_shubetsu_cd": "FUD25"
      }
    },
    {
      "type": "Feature",
      "geometry": {
        "type": "Polygon",
        "coordinates": [
          [
            [
              132.702649732,
              35.390859267
            ],
            [
              132.702649559,
              35.391148054
            ],
            [
              132.702649328,
              35.391180378
            ],
            [
              132.702841073,
              35.391184611
            ],
            [
              132.702841842,
              35.39130084
            ],
            [
              132.703029513,
              35.391310905
            ],
            [
              132.703029371,
              35.391134878
            ],
            [
              132.703118489,
              35.391142215
            ],
            [
              132.703115512,
              35.391040384
            ],
            [
              132.702945056,
              35.391037369
            ],
            [
              132.702949482,
              35.390661948
            ],
            [
              132.702661825,
              35.390659227
            ],
            [
              132.702653814,
              35.390780036
            ],
            [
              132.702649732,
              35.390859267
            ]
          ]
        ]
      },
      "properties": {
        "polygon_uuid": "d8ee8cd2-d8d8-4fed-8953-14a84cefd62a",
        "daicho_shubetsu_cd": "FUD25"
      }
    },
    {
      "type": "Feature",
      "geometry": {
        "type": "Polygon",
        "coordinates": [
          [
            [
              132.704025755,
              35.395312136
            ],
            [
              132.704026075,
              35.395360451
            ],
            [
              132.704028622,
              35.395647564
            ],
            [
              132.7047106,
              35.395644538
            ],
            [
              132.704709936,
              35.395309088
            ],
            [
              132.704025755,
              35.395312136
            ]
          ]
        ]
      },
      "properties": {
        "polygon_uuid": "9b184e80-9c70-40da-9da4-15b77f6ea431",
        "daicho_shubetsu_cd": "FUD25"
      }
    },
    {
      "type": "Feature",
      "geometry": {
        "type": "Polygon",
        "coordinates": [
          [
            [
              132.704263823,
              35.392076238
            ],
            [
              132.704422782,
              35.392051528
            ],
            [
              132.704371697,
              35.39176801
            ],
            [
              132.704352609,
              35.391679982
            ],
            [
              132.704169639,
              35.391718941
            ],
            [
              132.704263823,
              35.392076238
            ]
          ]
        ]
      },
      "properties": {
        "polygon_uuid": "ebefb9c6-01e1-4139-b055-1726074630eb",
        "daicho_shubetsu_cd": "FUD25"
      }
    },
    {
      "type": "Feature",
      "geometry": {
        "type": "Polygon",
        "coordinates": [
          [
            [
              132.703335965,
              35.391517044
            ],
            [
              132.703334326,
              35.391585629
            ],
            [
              132.703318856,
              35.391620844
            ],
            [
              132.703352593,
              35.391633947
            ],
            [
              132.703441676,
              35.391648981
            ],
            [
              132.703518219,
              35.3916675
            ],
            [
              132.703600093,
              35.391700568
            ],
            [
              132.703624255,
              35.39171332
            ],
            [
              132.703623606,
              35.391773329
            ],
            [
              132.703686433,
              35.391775621
            ],
            [
              132.703807746,
              35.39175708
            ],
            [
              132.703806239,
              35.391687651
            ],
            [
              132.703829246,
              35.39168412
            ],
            [
              132.703855638,
              35.391685717
            ],
            [
              132.703868331,
              35.391705377
            ],
            [
              132.703878149,
              35.391765339
            ],
            [
              132.703891923,
              35.391790138
            ],
            [
              132.703911859,
              35.391796907
            ],
            [
              132.703983976,
              35.391779441
            ],
            [
              132.703962847,
              35.391677901
            ],
            [
              132.70416753,
              35.39163503
            ],
            [
              132.704235698,
              35.39161184
            ],
            [
              132.704214802,
              35.39150493
            ],
            [
              132.704011894,
              35.391505833
            ],
            [
              132.703817679,
              35.391523994
            ],
            [
              132.703797743,
              35.391525858
            ],
            [
              132.703335965,
              35.391517044
            ]
          ]
        ]
      },
      "properties": {
        "polygon_uuid": "44287bce-693a-4ebf-801f-18c983ed1040",
        "daicho_shubetsu_cd": "FUD25"
      }
    },
    {
      "type": "Feature",
      "geometry": {
        "type": "Polygon",
        "coordinates": [
          [
            [
              132.712420666,
              35.395451188
            ],
            [
              132.712420619,
              35.395491149
            ],
            [
              132.712422361,
              35.395684429
            ],
            [
              132.713097429,
              35.395683456
            ],
            [
              132.713097415,
              35.395677437
            ],
            [
              132.713096997,
              35.395497412
            ],
            [
              132.713096984,
              35.395491654
            ],
            [
              132.713096986,
              35.39545341
            ],
            [
              132.712420666,
              35.395451188
            ]
          ]
        ]
      },
      "properties": {
        "polygon_uuid": "47fba9e2-4404-40ce-99b7-195c3ece3fa1",
        "daicho_shubetsu_cd": "FUD25"
      }
    },
    {
      "type": "Feature",
      "geometry": {
        "type": "Polygon",
        "coordinates": [
          [
            [
              132.707510097,
              35.393874554
            ],
            [
              132.707510329,
              35.393901202
            ],
            [
              132.707506518,
              35.394092194
            ],
            [
              132.707509318,
              35.394324387
            ],
            [
              132.708169344,
              35.394324558
            ],
            [
              132.708184486,
              35.394306787
            ],
            [
              132.708182854,
              35.393872573
            ],
            [
              132.707510097,
              35.393874554
            ]
          ]
        ]
      },
      "properties": {
        "polygon_uuid": "0a786eda-13b2-4431-86cb-1a96062de98e",
        "daicho_shubetsu_cd": "FUD25"
      }
    },
    {
      "type": "Feature",
      "geometry": {
        "type": "Polygon",
        "coordinates": [
          [
            [
              132.701075832,
              35.391577618
            ],
            [
              132.701084272,
              35.391561639
            ],
            [
              132.701084798,
              35.391310652
            ],
            [
              132.701016525,
              35.391289511
            ],
            [
              132.700821776,
              35.391284371
            ],
            [
              132.700817899,
              35.391331536
            ],
            [
              132.700738943,
              35.391329208
            ],
            [
              132.700640947,
              35.391326317
            ],
            [
              132.700642423,
              35.391530802
            ],
            [
              132.700819289,
              35.391542152
            ],
            [
              132.701075832,
              35.391577618
            ]
          ]
        ]
      },
      "properties": {
        "polygon_uuid": "227ff5fc-3486-42b1-9778-1d4994fa3202",
        "daicho_shubetsu_cd": "FUD25"
      }
    },
    {
      "type": "Feature",
      "geometry": {
        "type": "Polygon",
        "coordinates": [
          [
            [
              132.709661546,
              35.393107857
            ],
            [
              132.710187919,
              35.393104119
            ],
            [
              132.710187602,
              35.392803526
            ],
            [
              132.709661173,
              35.392805894
            ],
            [
              132.709661546,
              35.393107857
            ]
          ]
        ]
      },
      "properties": {
        "polygon_uuid": "8715ca4d-b12b-4908-92fc-1e0a2aa236d2",
        "daicho_shubetsu_cd": "FUD25"
      }
    },
    {
      "type": "Feature",
      "geometry": {
        "type": "Polygon",
        "coordinates": [
          [
            [
              132.70620374,
              35.393055474
            ],
            [
              132.70642706,
              35.392986689
            ],
            [
              132.706482691,
              35.39296759
            ],
            [
              132.706418605,
              35.392830154
            ],
            [
              132.70632581,
              35.392582122
            ],
            [
              132.706318515,
              35.392562625
            ],
            [
              132.70624716,
              35.39257488
            ],
            [
              132.706247903,
              35.392578217
            ],
            [
              132.706164014,
              35.392586873
            ],
            [
              132.706080044,
              35.392603135
            ],
            [
              132.706129052,
              35.392775565
            ],
            [
              132.706104553,
              35.392787325
            ],
            [
              132.70620374,
              35.393055474
            ]
          ]
        ]
      },
      "properties": {
        "polygon_uuid": "0676e310-d1be-437b-9618-20980e8a70f3",
        "daicho_shubetsu_cd": "FUD25"
      }
    },
    {
      "type": "Feature",
      "geometry": {
        "type": "Polygon",
        "coordinates": [
          [
            [
              132.715222656,
              35.395584572
            ],
            [
              132.715681382,
              35.395584339
            ],
            [
              132.715787909,
              35.395303797
            ],
            [
              132.715221354,
              35.395305771
            ],
            [
              132.715222656,
              35.395584572
            ]
          ]
        ]
      },
      "properties": {
        "polygon_uuid": "b69f274b-0cfe-42be-83bf-20dc14bcd375",
        "daicho_shubetsu_cd": "FUD25"
      }
    },
    {
      "type": "Feature",
      "geometry": {
        "type": "Polygon",
        "coordinates": [
          [
            [
              132.708283158,
              35.396346443
            ],
            [
              132.708315658,
              35.39636049
            ],
            [
              132.708865903,
              35.396377151
            ],
            [
              132.708883906,
              35.396364728
            ],
            [
              132.708882702,
              35.396297474
            ],
            [
              132.708912842,
              35.396296722
            ],
            [
              132.708912374,
              35.396073634
            ],
            [
              132.708912225,
              35.396002326
            ],
            [
              132.708239243,
              35.396002566
            ],
            [
              132.708239297,
              35.396157468
            ],
            [
              132.708396975,
              35.396155373
            ],
            [
              132.708396291,
              35.396306711
            ],
            [
              132.708242801,
              35.396307074
            ],
            [
              132.708262234,
              35.396339383
            ],
            [
              132.708283158,
              35.396346443
            ]
          ]
        ]
      },
      "properties": {
        "polygon_uuid": "e81112a1-2fe6-4eab-9825-2226ae0bee38",
        "daicho_shubetsu_cd": "FUD25"
      }
    },
    {
      "type": "Feature",
      "geometry": {
        "type": "Polygon",
        "coordinates": [
          [
            [
              132.704519186,
              35.390685422
            ],
            [
              132.704502049,
              35.390686109
            ],
            [
              132.704142425,
              35.39068128
            ],
            [
              132.703677328,
              35.390675463
            ],
            [
              132.703662638,
              35.390837394
            ],
            [
              132.703869993,
              35.390849331
            ],
            [
              132.703867151,
              35.390894348
            ],
            [
              132.704421729,
              35.390920642
            ],
            [
              132.704519186,
              35.390685422
            ]
          ]
        ]
      },
      "properties": {
        "polygon_uuid": "2f6256e7-fe52-4dbc-b142-239b5315255b",
        "daicho_shubetsu_cd": "FUD25"
      }
    },
    {
      "type": "Feature",
      "geometry": {
        "type": "Polygon",
        "coordinates": [
          [
            [
              132.7039874,
              35.393634335
            ],
            [
              132.704213275,
              35.393589081
            ],
            [
              132.704243966,
              35.393696067
            ],
            [
              132.704390477,
              35.393671534
            ],
            [
              132.704476733,
              35.393657092
            ],
            [
              132.704474153,
              35.393612242
            ],
            [
              132.704473652,
              35.393603544
            ],
            [
              132.704388541,
              35.393408634
            ],
            [
              132.703990259,
              35.393517529
            ],
            [
              132.703963178,
              35.393543686
            ],
            [
              132.7039874,
              35.393634335
            ]
          ]
        ]
      },
      "properties": {
        "polygon_uuid": "8db5f1f9-bc67-4bce-abf6-23d481e364b9",
        "daicho_shubetsu_cd": "FUD25"
      }
    },
    {
      "type": "Feature",
      "geometry": {
        "type": "Polygon",
        "coordinates": [
          [
            [
              132.709658687,
              35.394910808
            ],
            [
              132.710187943,
              35.394911554
            ],
            [
              132.710186929,
              35.394606993
            ],
            [
              132.709658931,
              35.394606231
            ],
            [
              132.709659381,
              35.394722893
            ],
            [
              132.709658687,
              35.394910808
            ]
          ]
        ]
      },
      "properties": {
        "polygon_uuid": "7c6c137f-ee57-4a8a-bada-24080251cc21",
        "daicho_shubetsu_cd": "FUD25"
      }
    },
    {
      "type": "Feature",
      "geometry": {
        "type": "Polygon",
        "coordinates": [
          [
            [
              132.702655669,
              35.392405323
            ],
            [
              132.70261708,
              35.392177231
            ],
            [
              132.702560396,
              35.392167675
            ],
            [
              132.702495357,
              35.392211652
            ],
            [
              132.702471616,
              35.392243855
            ],
            [
              132.702464177,
              35.392271528
            ],
            [
              132.702475436,
              35.392327648
            ],
            [
              132.702485409,
              35.392480864
            ],
            [
              132.702655669,
              35.392405323
            ]
          ]
        ]
      },
      "properties": {
        "polygon_uuid": "12a23d5f-473a-48bc-b770-242c64c4e526",
        "daicho_shubetsu_cd": "FUD25"
      }
    },
    {
      "type": "Feature",
      "geometry": {
        "type": "Polygon",
        "coordinates": [
          [
            [
              132.703335965,
              35.391517044
            ],
            [
              132.703797743,
              35.391525858
            ],
            [
              132.703817679,
              35.391523994
            ],
            [
              132.703862594,
              35.391210385
            ],
            [
              132.703634244,
              35.391189969
            ],
            [
              132.70337659,
              35.39117054
            ],
            [
              132.703359915,
              35.391181758
            ],
            [
              132.703335965,
              35.391517044
            ]
          ]
        ]
      },
      "properties": {
        "polygon_uuid": "cf631ef3-4b12-485a-a490-26ca51a4ebb7",
        "daicho_shubetsu_cd": "FUD25"
      }
    },
    {
      "type": "Feature",
      "geometry": {
        "type": "Polygon",
        "coordinates": [
          [
            [
              132.708227359,
              35.393653771
            ],
            [
              132.708907203,
              35.393653525
            ],
            [
              132.708908423,
              35.393414667
            ],
            [
              132.708908212,
              35.393331893
            ],
            [
              132.708226434,
              35.393333392
            ],
            [
              132.708227359,
              35.393653771
            ]
          ]
        ]
      },
      "properties": {
        "polygon_uuid": "f35f915a-ccd6-4517-8312-281f2fdecbe6",
        "daicho_shubetsu_cd": "FUD25"
      }
    },
    {
      "type": "Feature",
      "geometry": {
        "type": "Polygon",
        "coordinates": [
          [
            [
              132.706493609,
              35.392375025
            ],
            [
              132.70610865,
              35.392450677
            ],
            [
              132.706123194,
              35.392498275
            ],
            [
              132.706225238,
              35.392476635
            ],
            [
              132.70624716,
              35.39257488
            ],
            [
              132.706318515,
              35.392562625
            ],
            [
              132.70632581,
              35.392582122
            ],
            [
              132.706743537,
              35.392481286
            ],
            [
              132.706980008,
              35.392445275
            ],
            [
              132.706948914,
              35.39237081
            ],
            [
              132.706908339,
              35.392302205
            ],
            [
              132.706709392,
              35.392340166
            ],
            [
              132.706493609,
              35.392375025
            ]
          ]
        ]
      },
      "properties": {
        "polygon_uuid": "bb6652ca-41fe-4455-97a3-2853e2664e32",
        "daicho_shubetsu_cd": "FUD25"
      }
    },
    {
      "type": "Feature",
      "geometry": {
        "type": "Polygon",
        "coordinates": [
          [
            [
              132.713095104,
              35.392355991
            ],
            [
              132.713095185,
              35.392606595
            ],
            [
              132.713776116,
              35.392609344
            ],
            [
              132.713775671,
              35.392356658
            ],
            [
              132.713095104,
              35.392355991
            ]
          ]
        ]
      },
      "properties": {
        "polygon_uuid": "8bbe7772-221f-48fd-a7c8-29116fc61ca4",
        "daicho_shubetsu_cd": "FUD25"
      }
    },
    {
      "type": "Feature",
      "geometry": {
        "type": "Polygon",
        "coordinates": [
          [
            [
              132.705430372,
              35.39463263
            ],
            [
              132.705430566,
              35.394976023
            ],
            [
              132.706109423,
              35.394973931
            ],
            [
              132.706108861,
              35.394673106
            ],
            [
              132.706108783,
              35.39463147
            ],
            [
              132.705430372,
              35.39463263
            ]
          ]
        ]
      },
      "properties": {
        "polygon_uuid": "c450b418-6e54-4d93-8aea-2a113764559b",
        "daicho_shubetsu_cd": "FUD25"
      }
    },
    {
      "type": "Feature",
      "geometry": {
        "type": "Polygon",
        "coordinates": [
          [
            [
              132.711977732,
              35.396908681
            ],
            [
              132.712140437,
              35.396902507
            ],
            [
              132.712257752,
              35.396896538
            ],
            [
              132.712347322,
              35.396880723
            ],
            [
              132.712351659,
              35.396867105
            ],
            [
              132.712323121,
              35.396739415
            ],
            [
              132.712118231,
              35.396728555
            ],
            [
              132.711892245,
              35.396708725
            ],
            [
              132.711962081,
              35.396886088
            ],
            [
              132.711977732,
              35.396908681
            ]
          ]
        ]
      },
      "properties": {
        "polygon_uuid": "7cf1a91f-7415-45d8-9c44-2bb1403267a2",
        "daicho_shubetsu_cd": "FUD25"
      }
    },
    {
      "type": "Feature",
      "geometry": {
        "type": "Polygon",
        "coordinates": [
          [
            [
              132.708912953,
              35.394670235
            ],
            [
              132.708912871,
              35.394821557
            ],
            [
              132.70959569,
              35.394818511
            ],
            [
              132.709595635,
              35.394668532
            ],
            [
              132.708912953,
              35.394670235
            ]
          ]
        ]
      },
      "properties": {
        "polygon_uuid": "5d5bce1c-ed0b-412f-a58c-2e04de37e505",
        "daicho_shubetsu_cd": "FUD25"
      }
    },
    {
      "type": "Feature",
      "geometry": {
        "type": "Polygon",
        "coordinates": [
          [
            [
              132.704813841,
              35.39640274
            ],
            [
              132.704701525,
              35.396383297
            ],
            [
              132.704628349,
              35.396367305
            ],
            [
              132.704598691,
              35.396458089
            ],
            [
              132.704594395,
              35.396478052
            ],
            [
              132.704612866,
              35.396480991
            ],
            [
              132.704625513,
              35.396496044
            ],
            [
              132.704640371,
              35.396510482
            ],
            [
              132.704695136,
              35.396532599
            ],
            [
              132.704751977,
              35.396534159
            ],
            [
              132.70478801,
              35.396514055
            ],
            [
              132.704813838,
              35.396513335
            ],
            [
              132.704855193,
              35.396516777
            ],
            [
              132.704882621,
              35.396534786
            ],
            [
              132.704898177,
              35.396543177
            ],
            [
              132.704938148,
              35.396560525
            ],
            [
              132.704970774,
              35.396472145
            ],
            [
              132.704901337,
              35.396463389
            ],
            [
              132.704905468,
              35.396418649
            ],
            [
              132.704813841,
              35.39640274
            ]
          ]
        ]
      },
      "properties": {
        "polygon_uuid": "e86054bd-f0f3-4342-8a62-2f38b9c0bd9e",
        "daicho_shubetsu_cd": "FUD25"
      }
    },
    {
      "type": "Feature",
      "geometry": {
        "type": "Polygon",
        "coordinates": [
          [
            [
              132.708904255,
              35.392468639
            ],
            [
              132.708905727,
              35.392294723
            ],
            [
              132.708906239,
              35.392234087
            ],
            [
              132.708892578,
              35.39224377
            ],
            [
              132.708618003,
              35.392449097
            ],
            [
              132.708599075,
              35.392471049
            ],
            [
              132.708615634,
              35.39247514
            ],
            [
              132.708904255,
              35.392468639
            ]
          ]
        ]
      },
      "properties": {
        "polygon_uuid": "d48912a4-c062-4101-9950-3129046856f8",
        "daicho_shubetsu_cd": "FUD25"
      }
    },
    {
      "type": "Feature",
      "geometry": {
        "type": "Polygon",
        "coordinates": [
          [
            [
              132.710341146,
              35.393689621
            ],
            [
              132.710937836,
              35.393686976
            ],
            [
              132.710937559,
              35.393460874
            ],
            [
              132.710341122,
              35.393462384
            ],
            [
              132.710341146,
              35.393689621
            ]
          ]
        ]
      },
      "properties": {
        "polygon_uuid": "391964a5-2082-4ca6-8e3c-31acc5bb9d74",
        "daicho_shubetsu_cd": "FUD25"
      }
    },
    {
      "type": "Feature",
      "geometry": {
        "type": "Polygon",
        "coordinates": [
          [
            [
              132.701650402,
              35.390661965
            ],
            [
              132.702038416,
              35.390685963
            ],
            [
              132.70217652,
              35.390673778
            ],
            [
              132.702203171,
              35.390667231
            ],
            [
              132.702237955,
              35.390416566
            ],
            [
              132.702259009,
              35.390275887
            ],
            [
              132.702067357,
              35.39027227
            ],
            [
              132.702058786,
              35.390400893
            ],
            [
              132.70188914,
              35.390392216
            ],
            [
              132.701901944,
              35.390270431
            ],
            [
              132.701795119,
              35.39026319
            ],
            [
              132.701788743,
              35.390335414
            ],
            [
              132.701673636,
              35.390328385
            ],
            [
              132.701669398,
              35.390415026
            ],
            [
              132.701650402,
              35.390661965
            ]
          ]
        ]
      },
      "properties": {
        "polygon_uuid": "b20ab8a5-f323-43f9-b6b5-3648b7c0c0fa",
        "daicho_shubetsu_cd": "FUD25"
      }
    },
    {
      "type": "Feature",
      "geometry": {
        "type": "Polygon",
        "coordinates": [
          [
            [
              132.712413787,
              35.393105039
            ],
            [
              132.712414329,
              35.393467817
            ],
            [
              132.713095462,
              35.393466411
            ],
            [
              132.713095433,
              35.393376344
            ],
            [
              132.713095346,
              35.393105309
            ],
            [
              132.712413787,
              35.393105039
            ]
          ]
        ]
      },
      "properties": {
        "polygon_uuid": "9ff7c90c-22e4-4dfa-8dcd-38bfabab5f96",
        "daicho_shubetsu_cd": "FUD25"
      }
    },
    {
      "type": "Feature",
      "geometry": {
        "type": "Polygon",
        "coordinates": [
          [
            [
              132.714499039,
              35.396453117
            ],
            [
              132.71511264,
              35.396452936
            ],
            [
              132.715110576,
              35.396329362
            ],
            [
              132.715114535,
              35.396209854
            ],
            [
              132.715122384,
              35.396101264
            ],
            [
              132.715120355,
              35.396083311
            ],
            [
              132.715113636,
              35.396077094
            ],
            [
              132.714502271,
              35.396078305
            ],
            [
              132.714503542,
              35.396088577
            ],
            [
              132.714500629,
              35.396324415
            ],
            [
              132.714499039,
              35.396453117
            ]
          ]
        ]
      },
      "properties": {
        "polygon_uuid": "f0b42aab-d22c-444f-9837-39768dd9d31e",
        "daicho_shubetsu_cd": "FUD25"
      }
    },
    {
      "type": "Feature",
      "geometry": {
        "type": "Polygon",
        "coordinates": [
          [
            [
              132.706108369,
              35.394409565
            ],
            [
              132.706108783,
              35.39463147
            ],
            [
              132.706108861,
              35.394673106
            ],
            [
              132.706788197,
              35.394673796
            ],
            [
              132.706787827,
              35.394424115
            ],
            [
              132.706767364,
              35.394406619
            ],
            [
              132.706108369,
              35.394409565
            ]
          ]
        ]
      },
      "properties": {
        "polygon_uuid": "7c953df1-d04d-48e4-8a02-398153d6cd50",
        "daicho_shubetsu_cd": "FUD25"
      }
    },
    {
      "type": "Feature",
      "geometry": {
        "type": "Polygon",
        "coordinates": [
          [
            [
              132.712414812,
              35.392013643
            ],
            [
              132.713091197,
              35.392012205
            ],
            [
              132.713093293,
              35.391813291
            ],
            [
              132.713091077,
              35.391488436
            ],
            [
              132.712414387,
              35.391531356
            ],
            [
              132.712410831,
              35.392009486
            ],
            [
              132.712414812,
              35.392013643
            ]
          ]
        ]
      },
      "properties": {
        "polygon_uuid": "8163c205-d3f4-4c08-9aeb-3d1cd73a8896",
        "daicho_shubetsu_cd": "FUD25"
      }
    },
    {
      "type": "Feature",
      "geometry": {
        "type": "Polygon",
        "coordinates": [
          [
            [
              132.701084798,
              35.391310652
            ],
            [
              132.701085258,
              35.391090746
            ],
            [
              132.70073432,
              35.391082632
            ],
            [
              132.700738943,
              35.391329208
            ],
            [
              132.700817899,
              35.391331536
            ],
            [
              132.700821776,
              35.391284371
            ],
            [
              132.701016525,
              35.391289511
            ],
            [
              132.701084798,
              35.391310652
            ]
          ]
        ]
      },
      "properties": {
        "polygon_uuid": "5e7349ae-14d4-4e56-ba4c-3f22e36db357",
        "daicho_shubetsu_cd": "FUD25"
      }
    },
    {
      "type": "Feature",
      "geometry": {
        "type": "Polygon",
        "coordinates": [
          [
            [
              132.711678372,
              35.393566999
            ],
            [
              132.711678147,
              35.393926569
            ],
            [
              132.712377551,
              35.393924978
            ],
            [
              132.712380579,
              35.393564964
            ],
            [
              132.711678372,
              35.393566999
            ]
          ]
        ]
      },
      "properties": {
        "polygon_uuid": "ee1a45bb-30bc-4788-984d-3ffe1a8396b1",
        "daicho_shubetsu_cd": "FUD25"
      }
    },
    {
      "type": "Feature",
      "geometry": {
        "type": "Polygon",
        "coordinates": [
          [
            [
              132.713097065,
              35.394372755
            ],
            [
              132.713097051,
              35.394564372
            ],
            [
              132.713785656,
              35.394565402
            ],
            [
              132.713787568,
              35.394401352
            ],
            [
              132.713775045,
              35.394371249
            ],
            [
              132.713097065,
              35.394372755
            ]
          ]
        ]
      },
      "properties": {
        "polygon_uuid": "518e50ee-8a80-4db0-a03b-40b18efd6560",
        "daicho_shubetsu_cd": "FUD25"
      }
    },
    {
      "type": "Feature",
      "geometry": {
        "type": "Polygon",
        "coordinates": [
          [
            [
              132.713097051,
              35.394564372
            ],
            [
              132.713097046,
              35.394647679
            ],
            [
              132.713097033,
              35.394821269
            ],
            [
              132.713782685,
              35.394820278
            ],
            [
              132.713785656,
              35.394565402
            ],
            [
              132.713097051,
              35.394564372
            ]
          ]
        ]
      },
      "properties": {
        "polygon_uuid": "3992a247-1249-42b6-b53f-42003908c6b4",
        "daicho_shubetsu_cd": "FUD25"
      }
    },
    {
      "type": "Feature",
      "geometry": {
        "type": "Polygon",
        "coordinates": [
          [
            [
              132.708913095,
              35.394410798
            ],
            [
              132.708866738,
              35.394409155
            ],
            [
              132.708286844,
              35.394408055
            ],
            [
              132.708237152,
              35.394414756
            ],
            [
              132.708238785,
              35.394659108
            ],
            [
              132.708238902,
              35.395001404
            ],
            [
              132.708912775,
              35.394997465
            ],
            [
              132.708912871,
              35.394821557
            ],
            [
              132.708912953,
              35.394670235
            ],
            [
              132.708913095,
              35.394410798
            ]
          ]
        ]
      },
      "properties": {
        "polygon_uuid": "9060fbf5-5435-416f-bb85-433ff71542e8",
        "daicho_shubetsu_cd": "FUD25"
      }
    },
    {
      "type": "Feature",
      "geometry": {
        "type": "Polygon",
        "coordinates": [
          [
            [
              132.700822281,
              35.396591829
            ],
            [
              132.700450993,
              35.396698626
            ],
            [
              132.700456697,
              35.396723983
            ],
            [
              132.700426864,
              35.396733181
            ],
            [
              132.70047661,
              35.39688979
            ],
            [
              132.70045682,
              35.396910727
            ],
            [
              132.700476035,
              35.396970472
            ],
            [
              132.700494861,
              35.396971295
            ],
            [
              132.70062195,
              35.396936286
            ],
            [
              132.700680535,
              35.39692243
            ],
            [
              132.700776535,
              35.396873959
            ],
            [
              132.700867126,
              35.39684455
            ],
            [
              132.700881428,
              35.396830888
            ],
            [
              132.70088551,
              35.396778292
            ],
            [
              132.70083231,
              35.396601756
            ],
            [
              132.700822281,
              35.396591829
            ]
          ]
        ]
      },
      "properties": {
        "polygon_uuid": "d84cc8f6-7f86-4a39-beaa-4428dcb6da3b",
        "daicho_shubetsu_cd": "FUD25"
      }
    },
    {
      "type": "Feature",
      "geometry": {
        "type": "Polygon",
        "coordinates": [
          [
            [
              132.70062195,
              35.396936286
            ],
            [
              132.700644581,
              35.397010521
            ],
            [
              132.700657992,
              35.397029498
            ],
            [
              132.7008536,
              35.396976055
            ],
            [
              132.700916585,
              35.396957646
            ],
            [
              132.700915298,
              35.396930456
            ],
            [
              132.700965087,
              35.396925703
            ],
            [
              132.701007109,
              35.396918266
            ],
            [
              132.701007965,
              35.396880187
            ],
            [
              132.700999988,
              35.396845775
            ],
            [
              132.700986661,
              35.396839489
            ],
            [
              132.700906968,
              35.396842561
            ],
            [
              132.700881428,
              35.396830888
            ],
            [
              132.700867126,
              35.39684455
            ],
            [
              132.700776535,
              35.396873959
            ],
            [
              132.700680535,
              35.39692243
            ],
            [
              132.70062195,
              35.396936286
            ]
          ]
        ]
      },
      "properties": {
        "polygon_uuid": "90ae65e5-b735-44b0-befc-44ceae2404c2",
        "daicho_shubetsu_cd": "FUD25"
      }
    },
    {
      "type": "Feature",
      "geometry": {
        "type": "Polygon",
        "coordinates": [
          [
            [
              132.704708555,
              35.394610871
            ],
            [
              132.704040848,
              35.394775869
            ],
            [
              132.704027422,
              35.394796755
            ],
            [
              132.704022483,
              35.394818992
            ],
            [
              132.704025755,
              35.395312136
            ],
            [
              132.704709936,
              35.395309088
            ],
            [
              132.704709862,
              35.395271597
            ],
            [
              132.704709425,
              35.395050847
            ],
            [
              132.704709002,
              35.394837044
            ],
            [
              132.704708555,
              35.394610871
            ]
          ]
        ]
      },
      "properties": {
        "polygon_uuid": "9682db0d-8309-4eb8-8979-46040f51f69c",
        "daicho_shubetsu_cd": "FUD25"
      }
    },
    {
      "type": "Feature",
      "geometry": {
        "type": "Polygon",
        "coordinates": [
          [
            [
              132.715218947,
              35.394566359
            ],
            [
              132.716071635,
              35.394563617
            ],
            [
              132.716068568,
              35.394414308
            ],
            [
              132.715577627,
              35.394380225
            ],
            [
              132.715218483,
              35.394372485
            ],
            [
              132.715218947,
              35.394566359
            ]
          ]
        ]
      },
      "properties": {
        "polygon_uuid": "d6ee6d34-e8f4-427e-83d9-466cdcc787a4",
        "daicho_shubetsu_cd": "FUD25"
      }
    },
    {
      "type": "Feature",
      "geometry": {
        "type": "Polygon",
        "coordinates": [
          [
            [
              132.713816042,
              35.393708411
            ],
            [
              132.713817589,
              35.393937331
            ],
            [
              132.714498897,
              35.393935496
            ],
            [
              132.714498856,
              35.393925488
            ],
            [
              132.714498821,
              35.393917131
            ],
            [
              132.714498375,
              35.393727832
            ],
            [
              132.714498322,
              35.393705314
            ],
            [
              132.713816042,
              35.393708411
            ]
          ]
        ]
      },
      "properties": {
        "polygon_uuid": "3d25c920-082b-4434-91ab-46a0db832ae1",
        "daicho_shubetsu_cd": "FUD25"
      }
    },
    {
      "type": "Feature",
      "geometry": {
        "type": "Polygon",
        "coordinates": [
          [
            [
              132.713096997,
              35.395497412
            ],
            [
              132.713097415,
              35.395677437
            ],
            [
              132.713745231,
              35.395676595
            ],
            [
              132.713752788,
              35.39568097
            ],
            [
              132.713772997,
              35.395682427
            ],
            [
              132.713774963,
              35.395495602
            ],
            [
              132.713096997,
              35.395497412
            ]
          ]
        ]
      },
      "properties": {
        "polygon_uuid": "69ea3717-f436-49b3-b5f5-4700bfc03772",
        "daicho_shubetsu_cd": "FUD25"
      }
    },
    {
      "type": "Feature",
      "geometry": {
        "type": "Polygon",
        "coordinates": [
          [
            [
              132.710986408,
              35.392011423
            ],
            [
              132.711675239,
              35.392010953
            ],
            [
              132.711675097,
              35.3916871
            ],
            [
              132.71154255,
              35.39169515
            ],
            [
              132.711539724,
              35.391592053
            ],
            [
              132.710978069,
              35.391632785
            ],
            [
              132.710980555,
              35.392002663
            ],
            [
              132.710980293,
              35.392010904
            ],
            [
              132.710986408,
              35.392011423
            ]
          ]
        ]
      },
      "properties": {
        "polygon_uuid": "e14f0919-0977-4793-9ba4-47aa2973cbf3",
        "daicho_shubetsu_cd": "FUD25"
      }
    },
    {
      "type": "Feature",
      "geometry": {
        "type": "Polygon",
        "coordinates": [
          [
            [
              132.713813834,
              35.392309808
            ],
            [
              132.713813711,
              35.39245852
            ],
            [
              132.713813803,
              35.392487472
            ],
            [
              132.714495449,
              35.392486895
            ],
            [
              132.714495024,
              35.392306755
            ],
            [
              132.713813834,
              35.392309808
            ]
          ]
        ]
      },
      "properties": {
        "polygon_uuid": "f2c7b201-a24a-42fd-821f-48290c389aba",
        "daicho_shubetsu_cd": "FUD25"
      }
    },
    {
      "type": "Feature",
      "geometry": {
        "type": "Polygon",
        "coordinates": [
          [
            [
              132.701109956,
              35.391257354
            ],
            [
              132.701251754,
              35.391269737
            ],
            [
              132.701504518,
              35.391278219
            ],
            [
              132.701510231,
              35.390938129
            ],
            [
              132.701533281,
              35.390683277
            ],
            [
              132.701124871,
              35.390661938
            ],
            [
              132.701110807,
              35.390672288
            ],
            [
              132.7011036,
              35.391007927
            ],
            [
              132.701109956,
              35.391257354
            ]
          ]
        ]
      },
      "properties": {
        "polygon_uuid": "da888496-219c-4697-9e76-48bb7d0faf7d",
        "daicho_shubetsu_cd": "FUD25"
      }
    },
    {
      "type": "Feature",
      "geometry": {
        "type": "Polygon",
        "coordinates": [
          [
            [
              132.701747744,
              35.391058309
            ],
            [
              132.701754832,
              35.390942551
            ],
            [
              132.701757896,
              35.390930965
            ],
            [
              132.701979417,
              35.390947986
            ],
            [
              132.701983937,
              35.390919163
            ],
            [
              132.701996382,
              35.390827239
            ],
            [
              132.701998761,
              35.390795429
            ],
            [
              132.702003433,
              35.39071909
            ],
            [
              132.701967134,
              35.390710771
            ],
            [
              132.701876499,
              35.390706932
            ],
            [
              132.701756372,
              35.390700291
            ],
            [
              132.701533281,
              35.390683277
            ],
            [
              132.701510231,
              35.390938129
            ],
            [
              132.701504518,
              35.391278219
            ],
            [
              132.701556456,
              35.391279961
            ],
            [
              132.701760637,
              35.391286772
            ],
            [
              132.701747744,
              35.391058309
            ]
          ]
        ]
      },
      "properties": {
        "polygon_uuid": "dda205d1-dcc3-4a20-bc70-497100137f9e",
        "daicho_shubetsu_cd": "FUD25"
      }
    },
    {
      "type": "Feature",
      "geometry": {
        "type": "Polygon",
        "coordinates": [
          [
            [
              132.700042088,
              35.391026659
            ],
            [
              132.700070039,
              35.391321548
            ],
            [
              132.70024138,
              35.391317846
            ],
            [
              132.70023307,
              35.391228332
            ],
            [
              132.700242457,
              35.391223148
            ],
            [
              132.700449505,
              35.391214652
            ],
            [
              132.700431423,
              35.391012424
            ],
            [
              132.700414352,
              35.390804707
            ],
            [
              132.700405299,
              35.390701878
            ],
            [
              132.70039164,
              35.390694223
            ],
            [
              132.7003005,
              35.39068434
            ],
            [
              132.700069187,
              35.390690505
            ],
            [
              132.700043067,
              35.390698335
            ],
            [
              132.700036872,
              35.39071122
            ],
            [
              132.700039439,
              35.390783217
            ],
            [
              132.700042687,
              35.39079949
            ],
            [
              132.700055293,
              35.390806292
            ],
            [
              132.700218552,
              35.390798714
            ],
            [
              132.700221749,
              35.390807272
            ],
            [
              132.700233042,
              35.390932378
            ],
            [
              132.700231139,
              35.390961532
            ],
            [
              132.700232565,
              35.39101896
            ],
            [
              132.700042088,
              35.391026659
            ]
          ]
        ]
      },
      "properties": {
        "polygon_uuid": "1e6e377b-62f4-4ac7-b856-4a026f5d196e",
        "daicho_shubetsu_cd": "FUD25"
      }
    },
    {
      "type": "Feature",
      "geometry": {
        "type": "Polygon",
        "coordinates": [
          [
            [
              132.70966053,
              35.392501626
            ],
            [
              132.710187285,
              35.392502004
            ],
            [
              132.710186946,
              35.392180598
            ],
            [
              132.709643982,
              35.392181675
            ],
            [
              132.70966053,
              35.392501626
            ]
          ]
        ]
      },
      "properties": {
        "polygon_uuid": "9765cc4f-6279-4f24-bdc0-4ae3f2e5b798",
        "daicho_shubetsu_cd": "FUD25"
      }
    },
    {
      "type": "Feature",
      "geometry": {
        "type": "Polygon",
        "coordinates": [
          [
            [
              132.708912871,
              35.394821557
            ],
            [
              132.708912775,
              35.394997465
            ],
            [
              132.708912712,
              35.395110359
            ],
            [
              132.709594614,
              35.395108744
            ],
            [
              132.709595747,
              35.39497194
            ],
            [
              132.70959569,
              35.394818511
            ],
            [
              132.708912871,
              35.394821557
            ]
          ]
        ]
      },
      "properties": {
        "polygon_uuid": "8ed1c066-9b8f-4af7-8e20-4b2fa1c31468",
        "daicho_shubetsu_cd": "FUD25"
      }
    },
    {
      "type": "Feature",
      "geometry": {
        "type": "Polygon",
        "coordinates": [
          [
            [
              132.701263958,
              35.39160576
            ],
            [
              132.70125255,
              35.391780686
            ],
            [
              132.701243146,
              35.3917833
            ],
            [
              132.70123631,
              35.392016497
            ],
            [
              132.701380623,
              35.392024444
            ],
            [
              132.701403601,
              35.391614272
            ],
            [
              132.701263958,
              35.39160576
            ]
          ]
        ]
      },
      "properties": {
        "polygon_uuid": "eb25857d-9d8a-41f2-af4f-4be32f2c02cf",
        "daicho_shubetsu_cd": "FUD25"
      }
    },
    {
      "type": "Feature",
      "geometry": {
        "type": "Polygon",
        "coordinates": [
          [
            [
              132.715215985,
              35.392752378
            ],
            [
              132.715479486,
              35.392751794
            ],
            [
              132.715457448,
              35.392692517
            ],
            [
              132.715415184,
              35.392542593
            ],
            [
              132.715393364,
              35.392535186
            ],
            [
              132.715224946,
              35.392536889
            ],
            [
              132.715215844,
              35.392546312
            ],
            [
              132.715215985,
              35.392752378
            ]
          ]
        ]
      },
      "properties": {
        "polygon_uuid": "843083a7-ef22-499d-897a-4c84943ced95",
        "daicho_shubetsu_cd": "FUD25"
      }
    },
    {
      "type": "Feature",
      "geometry": {
        "type": "Polygon",
        "coordinates": [
          [
            [
              132.715216222,
              35.393097004
            ],
            [
              132.715592626,
              35.393094399
            ],
            [
              132.715583766,
              35.393072394
            ],
            [
              132.715545372,
              35.392986252
            ],
            [
              132.715515994,
              35.39287802
            ],
            [
              132.715500629,
              35.392808661
            ],
            [
              132.715479486,
              35.392751794
            ],
            [
              132.715215985,
              35.392752378
            ],
            [
              132.715216222,
              35.393097004
            ]
          ]
        ]
      },
      "properties": {
        "polygon_uuid": "a8e048a7-711f-482c-94a2-4d167bf00c57",
        "daicho_shubetsu_cd": "FUD25"
      }
    },
    {
      "type": "Feature",
      "geometry": {
        "type": "Polygon",
        "coordinates": [
          [
            [
              132.703312761,
              35.390269446
            ],
            [
              132.702854934,
              35.390242522
            ],
            [
              132.702830697,
              35.390630255
            ],
            [
              132.70330803,
              35.390634088
            ],
            [
              132.703312761,
              35.390269446
            ]
          ]
        ]
      },
      "properties": {
        "polygon_uuid": "1f1b0554-a84c-4b3a-9706-4d2e4bbbf12c",
        "daicho_shubetsu_cd": "FUD25"
      }
    },
    {
      "type": "Feature",
      "geometry": {
        "type": "Polygon",
        "coordinates": [
          [
            [
              132.705432656,
              35.395851633
            ],
            [
              132.70543233,
              35.396122829
            ],
            [
              132.706111566,
              35.396121671
            ],
            [
              132.706111411,
              35.396038355
            ],
            [
              132.70611106,
              35.395850456
            ],
            [
              132.705432656,
              35.395851633
            ]
          ]
        ]
      },
      "properties": {
        "polygon_uuid": "df653fa9-5954-4cf3-b042-4d5db332cbd6",
        "daicho_shubetsu_cd": "FUD25"
      }
    },
    {
      "type": "Feature",
      "geometry": {
        "type": "Polygon",
        "coordinates": [
          [
            [
              132.705743172,
              35.392776987
            ],
            [
              132.705804322,
              35.392765416
            ],
            [
              132.705901617,
              35.392743092
            ],
            [
              132.706041991,
              35.392714926
            ],
            [
              132.705913158,
              35.392274525
            ],
            [
              132.705611735,
              35.392333772
            ],
            [
              132.705693842,
              35.392612238
            ],
            [
              132.705737881,
              35.392759357
            ],
            [
              132.705743172,
              35.392776987
            ]
          ]
        ]
      },
      "properties": {
        "polygon_uuid": "f7becda8-3c21-4fdb-8c19-4eedd44ec786",
        "daicho_shubetsu_cd": "FUD25"
      }
    },
    {
      "type": "Feature",
      "geometry": {
        "type": "Polygon",
        "coordinates": [
          [
            [
              132.709662722,
              35.394310551
            ],
            [
              132.710189189,
              35.394309224
            ],
            [
              132.710188862,
              35.393998939
            ],
            [
              132.709659423,
              35.394000789
            ],
            [
              132.709659409,
              35.394005986
            ],
            [
              132.709662722,
              35.394310551
            ]
          ]
        ]
      },
      "properties": {
        "polygon_uuid": "a4e6d08e-5fc6-4965-a5ab-4ef64884d0f9",
        "daicho_shubetsu_cd": "FUD25"
      }
    },
    {
      "type": "Feature",
      "geometry": {
        "type": "Polygon",
        "coordinates": [
          [
            [
              132.706831822,
              35.396346097
            ],
            [
              132.707518519,
              35.3963459
            ],
            [
              132.707517787,
              35.39616519
            ],
            [
              132.706832067,
              35.396166852
            ],
            [
              132.706831822,
              35.396346097
            ]
          ]
        ]
      },
      "properties": {
        "polygon_uuid": "ceaedafc-4503-4d9c-95c2-4efb96800990",
        "daicho_shubetsu_cd": "FUD25"
      }
    },
    {
      "type": "Feature",
      "geometry": {
        "type": "Polygon",
        "coordinates": [
          [
            [
              132.703481555,
              35.393126805
            ],
            [
              132.703639717,
              35.393093029
            ],
            [
              132.703694012,
              35.393324666
            ],
            [
              132.703789452,
              35.393266051
            ],
            [
              132.70385802,
              35.39321461
            ],
            [
              132.703789416,
              35.392935868
            ],
            [
              132.703746383,
              35.392941349
            ],
            [
              132.703734183,
              35.392887622
            ],
            [
              132.703640611,
              35.392903027
            ],
            [
              132.703609796,
              35.39291171
            ],
            [
              132.703463503,
              35.392932639
            ],
            [
              132.703477025,
              35.39302339
            ],
            [
              132.703457668,
              35.393027003
            ],
            [
              132.703481555,
              35.393126805
            ]
          ]
        ]
      },
      "properties": {
        "polygon_uuid": "fe4d785b-3058-43d3-a33a-4f5a1f8c91d1",
        "daicho_shubetsu_cd": "FUD25"
      }
    },
    {
      "type": "Feature",
      "geometry": {
        "type": "Polygon",
        "coordinates": [
          [
            [
              132.703483779,
              35.394330108
            ],
            [
              132.70359001,
              35.394320709
            ],
            [
              132.703667603,
              35.39430809
            ],
            [
              132.703535558,
              35.393918126
            ],
            [
              132.703416821,
              35.393948776
            ],
            [
              132.703408079,
              35.393893418
            ],
            [
              132.703327831,
              35.393907006
            ],
            [
              132.703359155,
              35.393972703
            ],
            [
              132.703402675,
              35.394096742
            ],
            [
              132.703483779,
              35.394330108
            ]
          ]
        ]
      },
      "properties": {
        "polygon_uuid": "3f3356cc-1105-4ccb-b7e1-501bf0c09f8a",
        "daicho_shubetsu_cd": "FUD25"
      }
    },
    {
      "type": "Feature",
      "geometry": {
        "type": "Polygon",
        "coordinates": [
          [
            [
              132.706832408,
              35.395916914
            ],
            [
              132.706832067,
              35.396166852
            ],
            [
              132.707517787,
              35.39616519
            ],
            [
              132.707516774,
              35.395915278
            ],
            [
              132.706832408,
              35.395916914
            ]
          ]
        ]
      },
      "properties": {
        "polygon_uuid": "81eaabe8-f815-4937-88c4-5111d706ac98",
        "daicho_shubetsu_cd": "FUD25"
      }
    },
    {
      "type": "Feature",
      "geometry": {
        "type": "Polygon",
        "coordinates": [
          [
            [
              132.712421981,
              35.395940597
            ],
            [
              132.712422054,
              35.396014022
            ],
            [
              132.7130982,
              35.396015183
            ],
            [
              132.713097771,
              35.395830856
            ],
            [
              132.713097736,
              35.395815914
            ],
            [
              132.712469611,
              35.395816869
            ],
            [
              132.712422739,
              35.39581694
            ],
            [
              132.712421981,
              35.395940597
            ]
          ]
        ]
      },
      "properties": {
        "polygon_uuid": "398b5202-8b70-40d4-8749-518b516f9900",
        "daicho_shubetsu_cd": "FUD25"
      }
    },
    {
      "type": "Feature",
      "geometry": {
        "type": "Polygon",
        "coordinates": [
          [
            [
              132.713096997,
              35.395309657
            ],
            [
              132.713096986,
              35.39545341
            ],
            [
              132.713096984,
              35.395491654
            ],
            [
              132.713096997,
              35.395497412
            ],
            [
              132.713774963,
              35.395495602
            ],
            [
              132.71377633,
              35.395365671
            ],
            [
              132.713777019,
              35.395306574
            ],
            [
              132.713096997,
              35.395309657
            ]
          ]
        ]
      },
      "properties": {
        "polygon_uuid": "eb207fd1-455f-4da9-ab65-554289d1f652",
        "daicho_shubetsu_cd": "FUD25"
      }
    },
    {
      "type": "Feature",
      "geometry": {
        "type": "Polygon",
        "coordinates": [
          [
            [
              132.711675239,
              35.392010953
            ],
            [
              132.711695648,
              35.392014376
            ],
            [
              132.712370084,
              35.392011331
            ],
            [
              132.712369034,
              35.391536893
            ],
            [
              132.711675051,
              35.391583019
            ],
            [
              132.711675097,
              35.3916871
            ],
            [
              132.711675239,
              35.392010953
            ]
          ]
        ]
      },
      "properties": {
        "polygon_uuid": "d314714f-8200-43c4-8978-5673a31f253c",
        "daicho_shubetsu_cd": "FUD25"
      }
    },
    {
      "type": "Feature",
      "geometry": {
        "type": "Polygon",
        "coordinates": [
          [
            [
              132.713813803,
              35.392487472
            ],
            [
              132.713814466,
              35.392695133
            ],
            [
              132.714495936,
              35.392693296
            ],
            [
              132.714495449,
              35.392486895
            ],
            [
              132.713813803,
              35.392487472
            ]
          ]
        ]
      },
      "properties": {
        "polygon_uuid": "681520bd-5ae3-4c82-a322-5675f5752079",
        "daicho_shubetsu_cd": "FUD25"
      }
    },
    {
      "type": "Feature",
      "geometry": {
        "type": "Polygon",
        "coordinates": [
          [
            [
              132.713095559,
              35.393766671
            ],
            [
              132.713095618,
              35.393951592
            ],
            [
              132.713778474,
              35.393946064
            ],
            [
              132.713778093,
              35.393730205
            ],
            [
              132.713095548,
              35.393734129
            ],
            [
              132.713095559,
              35.393766671
            ]
          ]
        ]
      },
      "properties": {
        "polygon_uuid": "659cdfe1-bba8-46fe-bdab-5690589747b0",
        "daicho_shubetsu_cd": "FUD25"
      }
    },
    {
      "type": "Feature",
      "geometry": {
        "type": "Polygon",
        "coordinates": [
          [
            [
              132.713856527,
              35.396750637
            ],
            [
              132.714004449,
              35.396763243
            ],
            [
              132.714005166,
              35.396728096
            ],
            [
              132.71401943,
              35.396721784
            ],
            [
              132.714021063,
              35.396681166
            ],
            [
              132.714022453,
              35.396314116
            ],
            [
              132.714019203,
              35.396228625
            ],
            [
              132.713818912,
              35.396229012
            ],
            [
              132.713825774,
              35.396731433
            ],
            [
              132.713836366,
              35.396746224
            ],
            [
              132.713856527,
              35.396750637
            ]
          ]
        ]
      },
      "properties": {
        "polygon_uuid": "10911af7-4da3-4b84-9551-5794f3559ba5",
        "daicho_shubetsu_cd": "FUD25"
      }
    },
    {
      "type": "Feature",
      "geometry": {
        "type": "Polygon",
        "coordinates": [
          [
            [
              132.70896663,
              35.396709562
            ],
            [
              132.709018298,
              35.396709935
            ],
            [
              132.709031624,
              35.396715918
            ],
            [
              132.709136464,
              35.396720887
            ],
            [
              132.709134537,
              35.396763804
            ],
            [
              132.709119038,
              35.396763874
            ],
            [
              132.709121389,
              35.396784411
            ],
            [
              132.709151674,
              35.396787901
            ],
            [
              132.709174526,
              35.396783568
            ],
            [
              132.709188476,
              35.396772627
            ],
            [
              132.709209406,
              35.396701824
            ],
            [
              132.709215104,
              35.396670977
            ],
            [
              132.709169901,
              35.396643984
            ],
            [
              132.709018461,
              35.396624116
            ],
            [
              132.708969012,
              35.396624338
            ],
            [
              132.70896663,
              35.396709562
            ]
          ]
        ]
      },
      "properties": {
        "polygon_uuid": "e9265bf0-5c9c-44ad-a8ac-588340a6a39f",
        "daicho_shubetsu_cd": "FUD25"
      }
    },
    {
      "type": "Feature",
      "geometry": {
        "type": "Polygon",
        "coordinates": [
          [
            [
              132.709658931,
              35.394606231
            ],
            [
              132.710186929,
              35.394606993
            ],
            [
              132.710186244,
              35.394401192
            ],
            [
              132.709660626,
              35.394402862
            ],
            [
              132.709658232,
              35.394425087
            ],
            [
              132.709658931,
              35.394606231
            ]
          ]
        ]
      },
      "properties": {
        "polygon_uuid": "31cfc008-633e-40a6-9015-5ab8cf803eb0",
        "daicho_shubetsu_cd": "FUD25"
      }
    },
    {
      "type": "Feature",
      "geometry": {
        "type": "Polygon",
        "coordinates": [
          [
            [
              132.704460551,
              35.390006116
            ],
            [
              132.704057282,
              35.389993231
            ],
            [
              132.704054305,
              35.390077147
            ],
            [
              132.70403511,
              35.390078064
            ],
            [
              132.704022192,
              35.390178246
            ],
            [
              132.704086932,
              35.39017742
            ],
            [
              132.704084384,
              35.390503394
            ],
            [
              132.704389994,
              35.39051304
            ],
            [
              132.704423718,
              35.390270754
            ],
            [
              132.704460551,
              35.390006116
            ]
          ]
        ]
      },
      "properties": {
        "polygon_uuid": "60c3add8-af11-40d3-8767-5b6e7b1c6038",
        "daicho_shubetsu_cd": "FUD25"
      }
    },
    {
      "type": "Feature",
      "geometry": {
        "type": "Polygon",
        "coordinates": [
          [
            [
              132.707035761,
              35.392595031
            ],
            [
              132.70704876,
              35.392604506
            ],
            [
              132.707091409,
              35.39259902
            ],
            [
              132.707159856,
              35.392582826
            ],
            [
              132.707220536,
              35.392565606
            ],
            [
              132.707301798,
              35.392531349
            ],
            [
              132.707430622,
              35.392452392
            ],
            [
              132.707480841,
              35.392418273
            ],
            [
              132.707423631,
              35.392374044
            ],
            [
              132.707375866,
              35.392388026
            ],
            [
              132.70733024,
              35.392335271
            ],
            [
              132.707269575,
              35.392354608
            ],
            [
              132.707197523,
              35.392218294
            ],
            [
              132.707162316,
              35.392176085
            ],
            [
              132.707116897,
              35.392154044
            ],
            [
              132.70707169,
              35.392163779
            ],
            [
              132.707090215,
              35.392226189
            ],
            [
              132.707038505,
              35.392230657
            ],
            [
              132.706999891,
              35.392259428
            ],
            [
              132.70698449,
              35.392277503
            ],
            [
              132.706975535,
              35.392292372
            ],
            [
              132.706908339,
              35.392302205
            ],
            [
              132.706948914,
              35.39237081
            ],
            [
              132.706980008,
              35.392445275
            ],
            [
              132.707026028,
              35.392557344
            ],
            [
              132.707035761,
              35.392595031
            ]
          ]
        ]
      },
      "properties": {
        "polygon_uuid": "e18ce1f2-29c6-4c1a-bcec-5bfd76205837",
        "daicho_shubetsu_cd": "FUD25"
      }
    },
    {
      "type": "Feature",
      "geometry": {
        "type": "Polygon",
        "coordinates": [
          [
            [
              132.703701867,
              35.391179694
            ],
            [
              132.703701867,
              35.390986321
            ],
            [
              132.70386779,
              35.390990785
            ],
            [
              132.703871881,
              35.390991286
            ],
            [
              132.703867151,
              35.390894348
            ],
            [
              132.703869993,
              35.390849331
            ],
            [
              132.703662638,
              35.390837394
            ],
            [
              132.703677328,
              35.390675463
            ],
            [
              132.703383922,
              35.390671793
            ],
            [
              132.703362672,
              35.390678127
            ],
            [
              132.703357552,
              35.390695295
            ],
            [
              132.703357302,
              35.391131628
            ],
            [
              132.703367855,
              35.39114444
            ],
            [
              132.70338239,
              35.391151422
            ],
            [
              132.703701867,
              35.391179694
            ]
          ]
        ]
      },
      "properties": {
        "polygon_uuid": "ff55aa86-88b7-4bec-a52f-5c16369dc014",
        "daicho_shubetsu_cd": "FUD25"
      }
    },
    {
      "type": "Feature",
      "geometry": {
        "type": "Polygon",
        "coordinates": [
          [
            [
              132.708913095,
              35.394410798
            ],
            [
              132.708912953,
              35.394670235
            ],
            [
              132.709595635,
              35.394668532
            ],
            [
              132.709595551,
              35.394436714
            ],
            [
              132.709595271,
              35.394395063
            ],
            [
              132.708930615,
              35.39439666
            ],
            [
              132.708913095,
              35.394410798
            ]
          ]
        ]
      },
      "properties": {
        "polygon_uuid": "4099b0c4-89d0-4ca9-b6d8-5c68465ab614",
        "daicho_shubetsu_cd": "FUD25"
      }
    },
    {
      "type": "Feature",
      "geometry": {
        "type": "Polygon",
        "coordinates": [
          [
            [
              132.708913079,
              35.396332256
            ],
            [
              132.70891342,
              35.396383108
            ],
            [
              132.709189138,
              35.396399611
            ],
            [
              132.709372265,
              35.396399715
            ],
            [
              132.709426598,
              35.396410578
            ],
            [
              132.709579205,
              35.396410818
            ],
            [
              132.709591367,
              35.396370036
            ],
            [
              132.709591335,
              35.396331079
            ],
            [
              132.708913079,
              35.396332256
            ]
          ]
        ]
      },
      "properties": {
        "polygon_uuid": "7430de31-6472-4e4e-871e-5f412e38eb98",
        "daicho_shubetsu_cd": "FUD25"
      }
    },
    {
      "type": "Feature",
      "geometry": {
        "type": "Polygon",
        "coordinates": [
          [
            [
              132.708906239,
              35.392234087
            ],
            [
              132.708905727,
              35.392294723
            ],
            [
              132.709596734,
              35.392292606
            ],
            [
              132.709584586,
              35.392088633
            ],
            [
              132.709579437,
              35.392079284
            ],
            [
              132.709551426,
              35.392074203
            ],
            [
              132.709211907,
              35.392075729
            ],
            [
              132.709144554,
              35.392082279
            ],
            [
              132.709110353,
              35.392102217
            ],
            [
              132.709041923,
              35.392137928
            ],
            [
              132.708906239,
              35.392234087
            ]
          ]
        ]
      },
      "properties": {
        "polygon_uuid": "7f7ce8ce-fb23-4ad9-9240-5f7d45eee96d",
        "daicho_shubetsu_cd": "FUD25"
      }
    },
    {
      "type": "Feature",
      "geometry": {
        "type": "Polygon",
        "coordinates": [
          [
            [
              132.707643875,
              35.392394591
            ],
            [
              132.707798327,
              35.392279507
            ],
            [
              132.70771479,
              35.3921669
            ],
            [
              132.707688831,
              35.3921536
            ],
            [
              132.707667321,
              35.392160758
            ],
            [
              132.707570182,
              35.392206385
            ],
            [
              132.707541726,
              35.392206512
            ],
            [
              132.707515122,
              35.392225697
            ],
            [
              132.707545496,
              35.392254512
            ],
            [
              132.707578467,
              35.392284728
            ],
            [
              132.707546712,
              35.392307467
            ],
            [
              132.707643875,
              35.392394591
            ]
          ]
        ]
      },
      "properties": {
        "polygon_uuid": "bae8039d-640a-484a-a727-61f8bf357f9a",
        "daicho_shubetsu_cd": "FUD25"
      }
    },
    {
      "type": "Feature",
      "geometry": {
        "type": "Polygon",
        "coordinates": [
          [
            [
              132.713095185,
              35.392606595
            ],
            [
              132.713095218,
              35.392710826
            ],
            [
              132.713095337,
              35.393077767
            ],
            [
              132.713776939,
              35.393076368
            ],
            [
              132.713776116,
              35.392609344
            ],
            [
              132.713095185,
              35.392606595
            ]
          ]
        ]
      },
      "properties": {
        "polygon_uuid": "bd4d8eab-a1bb-4889-83ff-620e655b6097",
        "daicho_shubetsu_cd": "FUD25"
      }
    },
    {
      "type": "Feature",
      "geometry": {
        "type": "Polygon",
        "coordinates": [
          [
            [
              132.708912225,
              35.396002326
            ],
            [
              132.708912374,
              35.396073634
            ],
            [
              132.70959113,
              35.396070603
            ],
            [
              132.709591065,
              35.395987766
            ],
            [
              132.70959134,
              35.395822072
            ],
            [
              132.708912321,
              35.395826496
            ],
            [
              132.708912225,
              35.396002326
            ]
          ]
        ]
      },
      "properties": {
        "polygon_uuid": "44bbd5e2-a0ca-4820-9361-6277d6816661",
        "daicho_shubetsu_cd": "FUD25"
      }
    },
    {
      "type": "Feature",
      "geometry": {
        "type": "Polygon",
        "coordinates": [
          [
            [
              132.706829929,
              35.394706208
            ],
            [
              132.706829624,
              35.394745145
            ],
            [
              132.706831411,
              35.395013098
            ],
            [
              132.7075131,
              35.39500866
            ],
            [
              132.70751305,
              35.394996184
            ],
            [
              132.707511885,
              35.394708773
            ],
            [
              132.706829929,
              35.394706208
            ]
          ]
        ]
      },
      "properties": {
        "polygon_uuid": "20065cd1-61dc-47d0-b549-629f1822b5d8",
        "daicho_shubetsu_cd": "FUD25"
      }
    },
    {
      "type": "Feature",
      "geometry": {
        "type": "Polygon",
        "coordinates": [
          [
            [
              132.708906111,
              35.392506083
            ],
            [
              132.708906564,
              35.392683677
            ],
            [
              132.709601674,
              35.39268062
            ],
            [
              132.709602796,
              35.392526903
            ],
            [
              132.709592469,
              35.392504041
            ],
            [
              132.708913419,
              35.39250605
            ],
            [
              132.708906111,
              35.392506083
            ]
          ]
        ]
      },
      "properties": {
        "polygon_uuid": "d2ad1eab-a034-4292-a3b3-644544440d33",
        "daicho_shubetsu_cd": "FUD25"
      }
    },
    {
      "type": "Feature",
      "geometry": {
        "type": "Polygon",
        "coordinates": [
          [
            [
              132.714280745,
              35.396585372
            ],
            [
              132.714474348,
              35.396582932
            ],
            [
              132.714490514,
              35.39657583
            ],
            [
              132.714499065,
              35.396571105
            ],
            [
              132.714499039,
              35.396453117
            ],
            [
              132.714500629,
              35.396324415
            ],
            [
              132.714503542,
              35.396088577
            ],
            [
              132.714287994,
              35.396089554
            ],
            [
              132.714276245,
              35.396185667
            ],
            [
              132.714282559,
              35.396273107
            ],
            [
              132.71428188,
              35.396313722
            ],
            [
              132.714280745,
              35.396585372
            ]
          ]
        ]
      },
      "properties": {
        "polygon_uuid": "1424ed98-82b8-46d7-a52f-64ad8da1e092",
        "daicho_shubetsu_cd": "FUD25"
      }
    },
    {
      "type": "Feature",
      "geometry": {
        "type": "Polygon",
        "coordinates": [
          [
            [
              132.703091269,
              35.393682655
            ],
            [
              132.703060086,
              35.393434308
            ],
            [
              132.703358946,
              35.393400043
            ],
            [
              132.703378383,
              35.393520533
            ],
            [
              132.703481688,
              35.393455215
            ],
            [
              132.70342468,
              35.39313895
            ],
            [
              132.703337893,
              35.393150351
            ],
            [
              132.702928336,
              35.393197469
            ],
            [
              132.702932787,
              35.393213069
            ],
            [
              132.70296481,
              35.393333715
            ],
            [
              132.702983842,
              35.393443486
            ],
            [
              132.703021024,
              35.393692832
            ],
            [
              132.703032156,
              35.393698787
            ],
            [
              132.703091269,
              35.393682655
            ]
          ]
        ]
      },
      "properties": {
        "polygon_uuid": "4b5e9f20-9a15-4bcb-8ea5-65acab330aa8",
        "daicho_shubetsu_cd": "FUD25"
      }
    },
    {
      "type": "Feature",
      "geometry": {
        "type": "Polygon",
        "coordinates": [
          [
            [
              132.707518519,
              35.3963459
            ],
            [
              132.708157793,
              35.396345714
            ],
            [
              132.708186395,
              35.396312265
            ],
            [
              132.708194659,
              35.396280294
            ],
            [
              132.708193264,
              35.395915015
            ],
            [
              132.707516774,
              35.395915278
            ],
            [
              132.707517787,
              35.39616519
            ],
            [
              132.707518519,
              35.3963459
            ]
          ]
        ]
      },
      "properties": {
        "polygon_uuid": "19aa5dfc-f027-4b9f-a6c6-66a5766023dd",
        "daicho_shubetsu_cd": "FUD25"
      }
    },
    {
      "type": "Feature",
      "geometry": {
        "type": "Polygon",
        "coordinates": [
          [
            [
              132.702283448,
              35.390280364
            ],
            [
              132.702630275,
              35.390284988
            ],
            [
              132.702635851,
              35.390237708
            ],
            [
              132.702854934,
              35.390242522
            ],
            [
              132.703312761,
              35.390269446
            ],
            [
              132.703313488,
              35.390213398
            ],
            [
              132.7033012,
              35.390136301
            ],
            [
              132.703292803,
              35.390113193
            ],
            [
              132.70329925,
              35.390054136
            ],
            [
              132.702975199,
              35.390036008
            ],
            [
              132.702966429,
              35.390134414
            ],
            [
              132.702755589,
              35.390129564
            ],
            [
              132.702755508,
              35.390072856
            ],
            [
              132.702734437,
              35.390092238
            ],
            [
              132.70269208,
              35.390098212
            ],
            [
              132.702629632,
              35.390093667
            ],
            [
              132.702317592,
              35.390100837
            ],
            [
              132.702292912,
              35.390108661
            ],
            [
              132.702277659,
              35.390117409
            ],
            [
              132.702283448,
              35.390280364
            ]
          ]
        ]
      },
      "properties": {
        "polygon_uuid": "7e74f4ed-c7c6-4aae-9676-6703376ae55d",
        "daicho_shubetsu_cd": "FUD25"
      }
    },
    {
      "type": "Feature",
      "geometry": {
        "type": "Polygon",
        "coordinates": [
          [
            [
              132.704708555,
              35.394610871
            ],
            [
              132.704709002,
              35.394837044
            ],
            [
              132.705400238,
              35.394838041
            ],
            [
              132.705392999,
              35.394574237
            ],
            [
              132.704879122,
              35.39456872
            ],
            [
              132.704708555,
              35.394610871
            ]
          ]
        ]
      },
      "properties": {
        "polygon_uuid": "46e9ffb8-d39a-49d7-b8fc-67494a161d1d",
        "daicho_shubetsu_cd": "FUD25"
      }
    },
    {
      "type": "Feature",
      "geometry": {
        "type": "Polygon",
        "coordinates": [
          [
            [
              132.708912712,
              35.395110359
            ],
            [
              132.708912568,
              35.395375232
            ],
            [
              132.709592443,
              35.395370844
            ],
            [
              132.709594614,
              35.395108744
            ],
            [
              132.708912712,
              35.395110359
            ]
          ]
        ]
      },
      "properties": {
        "polygon_uuid": "1210c3fd-8348-431e-b208-6779ac703a26",
        "daicho_shubetsu_cd": "FUD25"
      }
    },
    {
      "type": "Feature",
      "geometry": {
        "type": "Polygon",
        "coordinates": [
          [
            [
              132.708349912,
              35.392705278
            ],
            [
              132.708224903,
              35.392803826
            ],
            [
              132.708225643,
              35.393060037
            ],
            [
              132.708907521,
              35.39306012
            ],
            [
              132.708907036,
              35.392869572
            ],
            [
              132.708906619,
              35.392705446
            ],
            [
              132.708349912,
              35.392705278
            ]
          ]
        ]
      },
      "properties": {
        "polygon_uuid": "b5520357-afa0-49db-a581-67c86e807d57",
        "daicho_shubetsu_cd": "FUD25"
      }
    },
    {
      "type": "Feature",
      "geometry": {
        "type": "Polygon",
        "coordinates": [
          [
            [
              132.713097013,
              35.395082673
            ],
            [
              132.713097008,
              35.39515765
            ],
            [
              132.713096997,
              35.395309657
            ],
            [
              132.713777019,
              35.395306574
            ],
            [
              132.713779651,
              35.395080667
            ],
            [
              132.713097013,
              35.395082673
            ]
          ]
        ]
      },
      "properties": {
        "polygon_uuid": "27baa297-7413-4523-866d-6831f5a866bb",
        "daicho_shubetsu_cd": "FUD25"
      }
    },
    {
      "type": "Feature",
      "geometry": {
        "type": "Polygon",
        "coordinates": [
          [
            [
              132.714498403,
              35.395171509
            ],
            [
              132.715179459,
              35.39516959
            ],
            [
              132.715179226,
              35.395007928
            ],
            [
              132.714498022,
              35.395008679
            ],
            [
              132.714498315,
              35.395134035
            ],
            [
              132.714498403,
              35.395171509
            ]
          ]
        ]
      },
      "properties": {
        "polygon_uuid": "b9ba77ed-8294-426c-98f2-683c95cd5d2e",
        "daicho_shubetsu_cd": "FUD25"
      }
    },
    {
      "type": "Feature",
      "geometry": {
        "type": "Polygon",
        "coordinates": [
          [
            [
              132.703693099,
              35.393711746
            ],
            [
              132.703822841,
              35.393685876
            ],
            [
              132.703934388,
              35.393656367
            ],
            [
              132.703947028,
              35.393644409
            ],
            [
              132.703950455,
              35.393613149
            ],
            [
              132.703927537,
              35.393445129
            ],
            [
              132.703915588,
              35.393424353
            ],
            [
              132.703847509,
              35.393432838
            ],
            [
              132.70383294,
              35.393290817
            ],
            [
              132.70371175,
              35.393373186
            ],
            [
              132.703722241,
              35.393448273
            ],
            [
              132.703640544,
              35.393458308
            ],
            [
              132.703648211,
              35.39351853
            ],
            [
              132.703699978,
              35.393516067
            ],
            [
              132.703702945,
              35.393552506
            ],
            [
              132.703679335,
              35.393554099
            ],
            [
              132.703693099,
              35.393711746
            ]
          ]
        ]
      },
      "properties": {
        "polygon_uuid": "e6c42edc-ec2f-44bf-81a9-68ea6fabe32c",
        "daicho_shubetsu_cd": "FUD25"
      }
    },
    {
      "type": "Feature",
      "geometry": {
        "type": "Polygon",
        "coordinates": [
          [
            [
              132.709574265,
              35.391995913
            ],
            [
              132.709570273,
              35.391906379
            ],
            [
              132.709469393,
              35.391906832
            ],
            [
              132.70945371,
              35.391843731
            ],
            [
              132.709359593,
              35.391841377
            ],
            [
              132.70926072,
              35.391888332
            ],
            [
              132.709206827,
              35.391942722
            ],
            [
              132.709208931,
              35.392003803
            ],
            [
              132.709570063,
              35.392001486
            ],
            [
              132.709574265,
              35.391995913
            ]
          ]
        ]
      },
      "properties": {
        "polygon_uuid": "c82dcb82-05d5-4072-8438-6af71e3156c4",
        "daicho_shubetsu_cd": "FUD25"
      }
    },
    {
      "type": "Feature",
      "geometry": {
        "type": "Polygon",
        "coordinates": [
          [
            [
              132.70257284,
              35.393469717
            ],
            [
              132.702887345,
              35.393443357
            ],
            [
              132.702935182,
              35.393432446
            ],
            [
              132.702915946,
              35.393322863
            ],
            [
              132.702880372,
              35.393212463
            ],
            [
              132.702799806,
              35.393213712
            ],
            [
              132.702521268,
              35.393245262
            ],
            [
              132.70257284,
              35.393469717
            ]
          ]
        ]
      },
      "properties": {
        "polygon_uuid": "c500d230-4aea-4684-b3d9-6bbae11765c3",
        "daicho_shubetsu_cd": "FUD25"
      }
    },
    {
      "type": "Feature",
      "geometry": {
        "type": "Polygon",
        "coordinates": [
          [
            [
              132.713819901,
              35.394279563
            ],
            [
              132.714500336,
              35.394281261
            ],
            [
              132.71449987,
              35.394169413
            ],
            [
              132.714498897,
              35.393935496
            ],
            [
              132.713817589,
              35.393937331
            ],
            [
              132.713819901,
              35.394279563
            ]
          ]
        ]
      },
      "properties": {
        "polygon_uuid": "027fce49-a8e3-48ce-9462-6c2db7483169",
        "daicho_shubetsu_cd": "FUD25"
      }
    },
    {
      "type": "Feature",
      "geometry": {
        "type": "Polygon",
        "coordinates": [
          [
            [
              132.713816098,
              35.395134765
            ],
            [
              132.714498315,
              35.395134035
            ],
            [
              132.714498022,
              35.395008679
            ],
            [
              132.714498009,
              35.395002693
            ],
            [
              132.713815655,
              35.39500237
            ],
            [
              132.713816098,
              35.395134765
            ]
          ]
        ]
      },
      "properties": {
        "polygon_uuid": "a85b34d6-465f-4f35-beca-6c9e63b8eb15",
        "daicho_shubetsu_cd": "FUD25"
      }
    },
    {
      "type": "Feature",
      "geometry": {
        "type": "Polygon",
        "coordinates": [
          [
            [
              132.709661173,
              35.392805894
            ],
            [
              132.710187602,
              35.392803526
            ],
            [
              132.710187285,
              35.392502004
            ],
            [
              132.70966053,
              35.392501626
            ],
            [
              132.709660805,
              35.392506926
            ],
            [
              132.709661173,
              35.392805894
            ]
          ]
        ]
      },
      "properties": {
        "polygon_uuid": "d0114a99-ffce-4f76-af63-6d459eb9bd06",
        "daicho_shubetsu_cd": "FUD25"
      }
    },
    {
      "type": "Feature",
      "geometry": {
        "type": "Polygon",
        "coordinates": [
          [
            [
              132.700884041,
              35.39063527
            ],
            [
              132.701003701,
              35.390634741
            ],
            [
              132.701186285,
              35.390632536
            ],
            [
              132.701198005,
              35.390367393
            ],
            [
              132.701195855,
              35.390358831
            ],
            [
              132.701196938,
              35.390275848
            ],
            [
              132.701224489,
              35.390266303
            ],
            [
              132.701530591,
              35.390272486
            ],
            [
              132.70171237,
              35.390269797
            ],
            [
              132.701715494,
              35.390108703
            ],
            [
              132.701614446,
              35.390105992
            ],
            [
              132.70143551500001,
              35.390117929
            ],
            [
              132.701235649,
              35.390138297
            ],
            [
              132.700908884,
              35.390214936
            ],
            [
              132.700905814,
              35.39034897
            ],
            [
              132.700887622,
              35.390447632
            ],
            [
              132.700884041,
              35.39063527
            ]
          ]
        ]
      },
      "properties": {
        "polygon_uuid": "43f849c5-c6f7-4c40-9cf8-6e3f9205b51d",
        "daicho_shubetsu_cd": "FUD25"
      }
    },
    {
      "type": "Feature",
      "geometry": {
        "type": "Polygon",
        "coordinates": [
          [
            [
              132.714496166,
              35.392790886
            ],
            [
              132.714496325,
              35.392858428
            ],
            [
              132.714496856,
              35.393083562
            ],
            [
              132.715182247,
              35.393081725
            ],
            [
              132.715182207,
              35.392790264
            ],
            [
              132.714496166,
              35.392790886
            ]
          ]
        ]
      },
      "properties": {
        "polygon_uuid": "70f6fba9-d1fb-4ee4-b6c2-706f46b4d7f1",
        "daicho_shubetsu_cd": "FUD25"
      }
    },
    {
      "type": "Feature",
      "geometry": {
        "type": "Polygon",
        "coordinates": [
          [
            [
              132.708229267,
              35.394313995
            ],
            [
              132.708763378,
              35.394314724
            ],
            [
              132.708764483,
              35.394289728
            ],
            [
              132.708769562,
              35.394286541
            ],
            [
              132.7089069,
              35.394285924
            ],
            [
              132.708906848,
              35.394064381
            ],
            [
              132.708906775,
              35.393748888
            ],
            [
              132.708227631,
              35.393747735
            ],
            [
              132.708229267,
              35.394313995
            ]
          ]
        ]
      },
      "properties": {
        "polygon_uuid": "4f9d3e1c-acd0-41a5-9cb4-734267e6f993",
        "daicho_shubetsu_cd": "FUD25"
      }
    },
    {
      "type": "Feature",
      "geometry": {
        "type": "Polygon",
        "coordinates": [
          [
            [
              132.709659423,
              35.394000789
            ],
            [
              132.710188862,
              35.393998939
            ],
            [
              132.710188486,
              35.393642126
            ],
            [
              132.709660431,
              35.393642381
            ],
            [
              132.709659423,
              35.394000789
            ]
          ]
        ]
      },
      "properties": {
        "polygon_uuid": "5e5fc64a-af30-4024-b9d2-736ac6252d28",
        "daicho_shubetsu_cd": "FUD25"
      }
    },
    {
      "type": "Feature",
      "geometry": {
        "type": "Polygon",
        "coordinates": [
          [
            [
              132.712413201,
              35.392713908
            ],
            [
              132.712413787,
              35.393105039
            ],
            [
              132.713095346,
              35.393105309
            ],
            [
              132.713095337,
              35.393077767
            ],
            [
              132.713095218,
              35.392710826
            ],
            [
              132.712413201,
              35.392713908
            ]
          ]
        ]
      },
      "properties": {
        "polygon_uuid": "4a77f759-efe1-47c7-a551-73dc231e737f",
        "daicho_shubetsu_cd": "FUD25"
      }
    },
    {
      "type": "Feature",
      "geometry": {
        "type": "Polygon",
        "coordinates": [
          [
            [
              132.704799419,
              35.391996924
            ],
            [
              132.704946896,
              35.391977407
            ],
            [
              132.704955213,
              35.391811067
            ],
            [
              132.705096541,
              35.391811295
            ],
            [
              132.705118515,
              35.391494877
            ],
            [
              132.704808248,
              35.391487454
            ],
            [
              132.704804655,
              35.391638355
            ],
            [
              132.704799419,
              35.391996924
            ]
          ]
        ]
      },
      "properties": {
        "polygon_uuid": "db39e826-d3c7-4a18-98fb-7443d8e510c3",
        "daicho_shubetsu_cd": "FUD25"
      }
    },
    {
      "type": "Feature",
      "geometry": {
        "type": "Polygon",
        "coordinates": [
          [
            [
              132.713095724,
              35.394277755
            ],
            [
              132.713778503,
              35.39427946
            ],
            [
              132.713779057,
              35.394276875
            ],
            [
              132.713778474,
              35.393946064
            ],
            [
              132.713095618,
              35.393951592
            ],
            [
              132.713095677,
              35.394132984
            ],
            [
              132.713095724,
              35.394277755
            ]
          ]
        ]
      },
      "properties": {
        "polygon_uuid": "9d5e8c8f-7312-4b18-a6e1-751f378d7d04",
        "daicho_shubetsu_cd": "FUD25"
      }
    },
    {
      "type": "Feature",
      "geometry": {
        "type": "Polygon",
        "coordinates": [
          [
            [
              132.701263958,
              35.39160576
            ],
            [
              132.701403601,
              35.391614272
            ],
            [
              132.701557246,
              35.391623637
            ],
            [
              132.701556456,
              35.391279961
            ],
            [
              132.701504518,
              35.391278219
            ],
            [
              132.701251754,
              35.391269737
            ],
            [
              132.701109956,
              35.391257354
            ],
            [
              132.701110577,
              35.391589614
            ],
            [
              132.701255082,
              35.391595404
            ],
            [
              132.701263958,
              35.39160576
            ]
          ]
        ]
      },
      "properties": {
        "polygon_uuid": "bb19345e-8120-40e5-8946-76630e292ebf",
        "daicho_shubetsu_cd": "FUD25"
      }
    },
    {
      "type": "Feature",
      "geometry": {
        "type": "Polygon",
        "coordinates": [
          [
            [
              132.70611199,
              35.396348233
            ],
            [
              132.706353275,
              35.396348212
            ],
            [
              132.706408946,
              35.396356294
            ],
            [
              132.706645201,
              35.396356163
            ],
            [
              132.70664467,
              35.396276564
            ],
            [
              132.706776918,
              35.396275047
            ],
            [
              132.706790374,
              35.396265307
            ],
            [
              132.706790202,
              35.3960381
            ],
            [
              132.706111411,
              35.396038355
            ],
            [
              132.706111566,
              35.396121671
            ],
            [
              132.70611199,
              35.396348233
            ]
          ]
        ]
      },
      "properties": {
        "polygon_uuid": "c6f1ebb4-5735-47a5-bd82-7670af2eaa89",
        "daicho_shubetsu_cd": "FUD25"
      }
    },
    {
      "type": "Feature",
      "geometry": {
        "type": "Polygon",
        "coordinates": [
          [
            [
              132.710985997,
              35.394311286
            ],
            [
              132.711109055,
              35.394314636
            ],
            [
              132.711546834,
              35.394315005
            ],
            [
              132.711551476,
              35.394296241
            ],
            [
              132.711552046,
              35.394239227
            ],
            [
              132.71167795,
              35.394240221
            ],
            [
              132.711678147,
              35.393926569
            ],
            [
              132.710985344,
              35.393930455
            ],
            [
              132.710985997,
              35.394311286
            ]
          ]
        ]
      },
      "properties": {
        "polygon_uuid": "a6cd4ded-847c-4f44-8454-76de61d26e0c",
        "daicho_shubetsu_cd": "FUD25"
      }
    },
    {
      "type": "Feature",
      "geometry": {
        "type": "Polygon",
        "coordinates": [
          [
            [
              132.700642423,
              35.391530802
            ],
            [
              132.700640947,
              35.391326317
            ],
            [
              132.700738943,
              35.391329208
            ],
            [
              132.70073432,
              35.391082632
            ],
            [
              132.700734195,
              35.391075967
            ],
            [
              132.700736768,
              35.390989803
            ],
            [
              132.700721771,
              35.390887894
            ],
            [
              132.700688997,
              35.390665176
            ],
            [
              132.700654394,
              35.39066636
            ],
            [
              132.700450327,
              35.390676691
            ],
            [
              132.700430561,
              35.390695637
            ],
            [
              132.700457157,
              35.391077846
            ],
            [
              132.700487113,
              35.391334455
            ],
            [
              132.700506135,
              35.391520391
            ],
            [
              132.700631822,
              35.391530122
            ],
            [
              132.700642423,
              35.391530802
            ]
          ]
        ]
      },
      "properties": {
        "polygon_uuid": "7632243d-84fc-49b4-b064-7799cf15fe13",
        "daicho_shubetsu_cd": "FUD25"
      }
    },
    {
      "type": "Feature",
      "geometry": {
        "type": "Polygon",
        "coordinates": [
          [
            [
              132.714499732,
              35.395740728
            ],
            [
              132.715091356,
              35.39574069
            ],
            [
              132.715091413,
              35.395686543
            ],
            [
              132.715175769,
              35.395686507
            ],
            [
              132.715181948,
              35.395629695
            ],
            [
              132.715180068,
              35.395531015
            ],
            [
              132.714499247,
              35.395533171
            ],
            [
              132.714499732,
              35.395740728
            ]
          ]
        ]
      },
      "properties": {
        "polygon_uuid": "b5202a4c-d955-475d-93e4-799999691c9c",
        "daicho_shubetsu_cd": "FUD25"
      }
    },
    {
      "type": "Feature",
      "geometry": {
        "type": "Polygon",
        "coordinates": [
          [
            [
              132.715218186,
              35.393488188
            ],
            [
              132.715827358,
              35.393491496
            ],
            [
              132.715777575,
              35.393435546
            ],
            [
              132.715729072,
              35.393379472
            ],
            [
              132.715696615,
              35.393324265
            ],
            [
              132.715656068,
              35.393258772
            ],
            [
              132.715609405,
              35.393136077
            ],
            [
              132.715592626,
              35.393094399
            ],
            [
              132.715216222,
              35.393097004
            ],
            [
              132.715216232,
              35.393111123
            ],
            [
              132.715218186,
              35.393488188
            ]
          ]
        ]
      },
      "properties": {
        "polygon_uuid": "7a4841f2-aaca-43ee-be7c-7c580a145f67",
        "daicho_shubetsu_cd": "FUD25"
      }
    },
    {
      "type": "Feature",
      "geometry": {
        "type": "Polygon",
        "coordinates": [
          [
            [
              132.712467836,
              35.396209192
            ],
            [
              132.71307147,
              35.396208546
            ],
            [
              132.713074819,
              35.396202283
            ],
            [
              132.713072267,
              35.396075256
            ],
            [
              132.713084941,
              35.396068951
            ],
            [
              132.713098325,
              35.396068955
            ],
            [
              132.7130982,
              35.396015183
            ],
            [
              132.712422054,
              35.396014022
            ],
            [
              132.712422174,
              35.396133301
            ],
            [
              132.712463714,
              35.396133113
            ],
            [
              132.712467836,
              35.396209192
            ]
          ]
        ]
      },
      "properties": {
        "polygon_uuid": "2a331f96-f911-4334-b47d-7ccc9ef34d05",
        "daicho_shubetsu_cd": "FUD25"
      }
    },
    {
      "type": "Feature",
      "geometry": {
        "type": "Polygon",
        "coordinates": [
          [
            [
              132.703334681,
              35.390633878
            ],
            [
              132.703699291,
              35.39064
            ],
            [
              132.703716183,
              35.390502499
            ],
            [
              132.703762083,
              35.390497955
            ],
            [
              132.703790416,
              35.390241784
            ],
            [
              132.703855805,
              35.390245833
            ],
            [
              132.70386625,
              35.390222641
            ],
            [
              132.70401285,
              35.390219096
            ],
            [
              132.704017154,
              35.390217317
            ],
            [
              132.704022192,
              35.390178246
            ],
            [
              132.70403511,
              35.390078064
            ],
            [
              132.703327662,
              35.3901119
            ],
            [
              132.703339257,
              35.390262293
            ],
            [
              132.703332208,
              35.390620402
            ],
            [
              132.703334681,
              35.390633878
            ]
          ]
        ]
      },
      "properties": {
        "polygon_uuid": "490fa4fa-b353-45b4-a6f8-7dc79a21d1b7",
        "daicho_shubetsu_cd": "FUD25"
      }
    },
    {
      "type": "Feature",
      "geometry": {
        "type": "Polygon",
        "coordinates": [
          [
            [
              132.704395704,
              35.393378118
            ],
            [
              132.704910203,
              35.393200001
            ],
            [
              132.704922215,
              35.393190767
            ],
            [
              132.705432701,
              35.393057857
            ],
            [
              132.705623748,
              35.39299875
            ],
            [
              132.70557367,
              35.392859866
            ],
            [
              132.705637383,
              35.392844753
            ],
            [
              132.705616265,
              35.392781296
            ],
            [
              132.705368552,
              35.392831905
            ],
            [
              132.705120614,
              35.392894443
            ],
            [
              132.70510088,
              35.392898225
            ],
            [
              132.704837695,
              35.392948664
            ],
            [
              132.704832577,
              35.392957159
            ],
            [
              132.704663341,
              35.392989371
            ],
            [
              132.704631159,
              35.393012817
            ],
            [
              132.704547217,
              35.393033316
            ],
            [
              132.704533002,
              35.393035497
            ],
            [
              132.704483794,
              35.393027243
            ],
            [
              132.70440246,
              35.393050907
            ],
            [
              132.704362405,
              35.39305744
            ],
            [
              132.704299305,
              35.393100089
            ],
            [
              132.70433639,
              35.393230523
            ],
            [
              132.704377444,
              35.39337439
            ],
            [
              132.704395704,
              35.393378118
            ]
          ]
        ]
      },
      "properties": {
        "polygon_uuid": "c2ff0911-34da-4f89-a5b7-82cbe6053ed0",
        "daicho_shubetsu_cd": "FUD25"
      }
    },
    {
      "type": "Feature",
      "geometry": {
        "type": "Polygon",
        "coordinates": [
          [
            [
              132.707510615,
              35.394395009
            ],
            [
              132.707511885,
              35.394708773
            ],
            [
              132.70751305,
              35.394996184
            ],
            [
              132.708189736,
              35.3949913
            ],
            [
              132.708188661,
              35.394709899
            ],
            [
              132.708187881,
              35.394505814
            ],
            [
              132.70818903,
              35.394423893
            ],
            [
              132.708183748,
              35.39439476
            ],
            [
              132.707510615,
              35.394395009
            ]
          ]
        ]
      },
      "properties": {
        "polygon_uuid": "87e878c7-6c7e-45c5-9bed-84d46eec6330",
        "daicho_shubetsu_cd": "FUD25"
      }
    },
    {
      "type": "Feature",
      "geometry": {
        "type": "Polygon",
        "coordinates": [
          [
            [
              132.701465567,
              35.390650245
            ],
            [
              132.701472581,
              35.390413326
            ],
            [
              132.701669398,
              35.390415026
            ],
            [
              132.701673636,
              35.390328385
            ],
            [
              132.70168039,
              35.390305742
            ],
            [
              132.701675663,
              35.390286919
            ],
            [
              132.70171237,
              35.390269797
            ],
            [
              132.701530591,
              35.390272486
            ],
            [
              132.701224489,
              35.390266303
            ],
            [
              132.701196938,
              35.390275848
            ],
            [
              132.701195855,
              35.390358831
            ],
            [
              132.701198005,
              35.390367393
            ],
            [
              132.701186285,
              35.390632536
            ],
            [
              132.701465567,
              35.390650245
            ]
          ]
        ]
      },
      "properties": {
        "polygon_uuid": "697e91ab-3d7e-4566-ab63-85864ee7261d",
        "daicho_shubetsu_cd": "FUD25"
      }
    },
    {
      "type": "Feature",
      "geometry": {
        "type": "Polygon",
        "coordinates": [
          [
            [
              132.715183029,
              35.396581384
            ],
            [
              132.715550671,
              35.396575028
            ],
            [
              132.715498465,
              35.396477473
            ],
            [
              132.715181615,
              35.396481846
            ],
            [
              132.715183029,
              35.396581384
            ]
          ]
        ]
      },
      "properties": {
        "polygon_uuid": "45876ec0-c4c8-4f32-baaf-85b6c78072a3",
        "daicho_shubetsu_cd": "FUD25"
      }
    },
    {
      "type": "Feature",
      "geometry": {
        "type": "Polygon",
        "coordinates": [
          [
            [
              132.709602434,
              35.392474875
            ],
            [
              132.709597482,
              35.392305165
            ],
            [
              132.709596734,
              35.392292606
            ],
            [
              132.708905727,
              35.392294723
            ],
            [
              132.708904255,
              35.392468639
            ],
            [
              132.708914505,
              35.392480047
            ],
            [
              132.709593561,
              35.39247908
            ],
            [
              132.709602434,
              35.392474875
            ]
          ]
        ]
      },
      "properties": {
        "polygon_uuid": "36463618-385b-4503-8e97-874bd89390bb",
        "daicho_shubetsu_cd": "FUD25"
      }
    },
    {
      "type": "Feature",
      "geometry": {
        "type": "Polygon",
        "coordinates": [
          [
            [
              132.709656064,
              35.395623657
            ],
            [
              132.710186552,
              35.395622169
            ],
            [
              132.710186754,
              35.395615979
            ],
            [
              132.710187447,
              35.395316655
            ],
            [
              132.709657187,
              35.395316891
            ],
            [
              132.709656067,
              35.395619674
            ],
            [
              132.709656064,
              35.395623657
            ]
          ]
        ]
      },
      "properties": {
        "polygon_uuid": "44c0b2e2-c1f1-4a3c-afa7-88444a0db64e",
        "daicho_shubetsu_cd": "FUD25"
      }
    },
    {
      "type": "Feature",
      "geometry": {
        "type": "Polygon",
        "coordinates": [
          [
            [
              132.714496856,
              35.393083562
            ],
            [
              132.714497428,
              35.393326257
            ],
            [
              132.715182388,
              35.393325678
            ],
            [
              132.715182278,
              35.393292882
            ],
            [
              132.715182247,
              35.393081725
            ],
            [
              132.714496856,
              35.393083562
            ]
          ]
        ]
      },
      "properties": {
        "polygon_uuid": "8ae5bf3d-2346-4b5d-8fad-8984f9769b60",
        "daicho_shubetsu_cd": "FUD25"
      }
    },
    {
      "type": "Feature",
      "geometry": {
        "type": "Polygon",
        "coordinates": [
          [
            [
              132.715219313,
              35.39406701
            ],
            [
              132.716070603,
              35.394067798
            ],
            [
              132.716059445,
              35.393943064
            ],
            [
              132.716044945,
              35.393832419
            ],
            [
              132.715219971,
              35.393832509
            ],
            [
              132.715219313,
              35.39406701
            ]
          ]
        ]
      },
      "properties": {
        "polygon_uuid": "51cf1f34-2c0f-4b76-ab84-8c403ba08227",
        "daicho_shubetsu_cd": "FUD25"
      }
    },
    {
      "type": "Feature",
      "geometry": {
        "type": "Polygon",
        "coordinates": [
          [
            [
              132.705616265,
              35.392781296
            ],
            [
              132.705737881,
              35.392759357
            ],
            [
              132.705693842,
              35.392612238
            ],
            [
              132.705567252,
              35.392638223
            ],
            [
              132.70552905,
              35.392534593
            ],
            [
              132.705352056,
              35.392567158
            ],
            [
              132.705370581,
              35.392629568
            ],
            [
              132.705049126,
              35.39272421
            ],
            [
              132.70510088,
              35.392898225
            ],
            [
              132.705120614,
              35.392894443
            ],
            [
              132.705368552,
              35.392831905
            ],
            [
              132.705616265,
              35.392781296
            ]
          ]
        ]
      },
      "properties": {
        "polygon_uuid": "66080d08-afd4-458e-919d-8ead8a5a727a",
        "daicho_shubetsu_cd": "FUD25"
      }
    },
    {
      "type": "Feature",
      "geometry": {
        "type": "Polygon",
        "coordinates": [
          [
            [
              132.713095346,
              35.393105309
            ],
            [
              132.713095433,
              35.393376344
            ],
            [
              132.713777468,
              35.393375779
            ],
            [
              132.713776939,
              35.393076368
            ],
            [
              132.713095337,
              35.393077767
            ],
            [
              132.713095346,
              35.393105309
            ]
          ]
        ]
      },
      "properties": {
        "polygon_uuid": "b4897482-a722-46bc-998f-8f687f3e79fc",
        "daicho_shubetsu_cd": "FUD25"
      }
    },
    {
      "type": "Feature",
      "geometry": {
        "type": "Polygon",
        "coordinates": [
          [
            [
              132.712420549,
              35.394644486
            ],
            [
              132.71242138,
              35.39484908
            ],
            [
              132.712421374,
              35.39485372
            ],
            [
              132.71309703,
              35.394853906
            ],
            [
              132.713097033,
              35.394821269
            ],
            [
              132.713097046,
              35.394647679
            ],
            [
              132.712420549,
              35.394644486
            ]
          ]
        ]
      },
      "properties": {
        "polygon_uuid": "c5b70e08-40d4-4513-8499-905c62d59e91",
        "daicho_shubetsu_cd": "FUD25"
      }
    },
    {
      "type": "Feature",
      "geometry": {
        "type": "Polygon",
        "coordinates": [
          [
            [
              132.70611106,
              35.395850456
            ],
            [
              132.706111411,
              35.396038355
            ],
            [
              132.706790202,
              35.3960381
            ],
            [
              132.706790181,
              35.396010459
            ],
            [
              132.706789939,
              35.395847431
            ],
            [
              132.70611106,
              35.395850456
            ]
          ]
        ]
      },
      "properties": {
        "polygon_uuid": "a85d0e80-c557-4f87-a980-90f64b94a709",
        "daicho_shubetsu_cd": "FUD25"
      }
    },
    {
      "type": "Feature",
      "geometry": {
        "type": "Polygon",
        "coordinates": [
          [
            [
              132.711678947,
              35.39265324
            ],
            [
              132.711678775,
              35.392926174
            ],
            [
              132.712385967,
              35.392924146
            ],
            [
              132.712388667,
              35.392603175
            ],
            [
              132.711678979,
              35.392604047
            ],
            [
              132.711678947,
              35.39265324
            ]
          ]
        ]
      },
      "properties": {
        "polygon_uuid": "21d047cb-388f-4dd9-acc4-9206015ef610",
        "daicho_shubetsu_cd": "FUD25"
      }
    },
    {
      "type": "Feature",
      "geometry": {
        "type": "Polygon",
        "coordinates": [
          [
            [
              132.710978468,
              35.392383459
            ],
            [
              132.710980881,
              35.392645969
            ],
            [
              132.710980919,
              35.392654048
            ],
            [
              132.711678947,
              35.39265324
            ],
            [
              132.711678979,
              35.392604047
            ],
            [
              132.711679118,
              35.392381505
            ],
            [
              132.710978468,
              35.392383459
            ]
          ]
        ]
      },
      "properties": {
        "polygon_uuid": "733d32f5-67e3-4b85-b8ca-94696ca0299f",
        "daicho_shubetsu_cd": "FUD25"
      }
    },
    {
      "type": "Feature",
      "geometry": {
        "type": "Polygon",
        "coordinates": [
          [
            [
              132.715550321,
              35.396101291
            ],
            [
              132.715829746,
              35.396166795
            ],
            [
              132.71583252,
              35.396153896
            ],
            [
              132.715988419,
              35.39614733
            ],
            [
              132.71602463,
              35.395791041
            ],
            [
              132.716015729,
              35.395744223
            ],
            [
              132.715632343,
              35.395743756
            ],
            [
              132.715632494,
              35.395903845
            ],
            [
              132.715632527,
              35.39590853
            ],
            [
              132.715550321,
              35.396101291
            ]
          ]
        ]
      },
      "properties": {
        "polygon_uuid": "eda73c3c-35c6-4f3d-99fb-94c94e1de09a",
        "daicho_shubetsu_cd": "FUD25"
      }
    },
    {
      "type": "Feature",
      "geometry": {
        "type": "Polygon",
        "coordinates": [
          [
            [
              132.713816762,
              35.395333906
            ],
            [
              132.714498775,
              35.395330832
            ],
            [
              132.714498723,
              35.395308566
            ],
            [
              132.714498403,
              35.395171509
            ],
            [
              132.714498315,
              35.395134035
            ],
            [
              132.713816098,
              35.395134765
            ],
            [
              132.713816762,
              35.395333906
            ]
          ]
        ]
      },
      "properties": {
        "polygon_uuid": "038ec4a0-b859-4001-bf6e-95672a1caeac",
        "daicho_shubetsu_cd": "FUD25"
      }
    },
    {
      "type": "Feature",
      "geometry": {
        "type": "Polygon",
        "coordinates": [
          [
            [
              132.712414329,
              35.393467817
            ],
            [
              132.712414554,
              35.393617934
            ],
            [
              132.713095511,
              35.393615702
            ],
            [
              132.713095462,
              35.393466411
            ],
            [
              132.712414329,
              35.393467817
            ]
          ]
        ]
      },
      "properties": {
        "polygon_uuid": "5c3cc254-d6ee-4854-8e5b-96710d3901dc",
        "daicho_shubetsu_cd": "FUD25"
      }
    },
    {
      "type": "Feature",
      "geometry": {
        "type": "Polygon",
        "coordinates": [
          [
            [
              132.702211036,
              35.391684587
            ],
            [
              132.702191278,
              35.391679531
            ],
            [
              132.701995822,
              35.391667066
            ],
            [
              132.701989292,
              35.392061896
            ],
            [
              132.702206286,
              35.39207465
            ],
            [
              132.702211036,
              35.391684587
            ]
          ]
        ]
      },
      "properties": {
        "polygon_uuid": "d0ba7f40-2e59-4b22-904d-96ca8bf39b85",
        "daicho_shubetsu_cd": "FUD25"
      }
    },
    {
      "type": "Feature",
      "geometry": {
        "type": "Polygon",
        "coordinates": [
          [
            [
              132.707553983,
              35.393238841
            ],
            [
              132.708195434,
              35.393237881
            ],
            [
              132.708196544,
              35.393066963
            ],
            [
              132.708188602,
              35.392830208
            ],
            [
              132.708149112,
              35.392819971
            ],
            [
              132.707880837,
              35.393016938
            ],
            [
              132.707694757,
              35.39314481
            ],
            [
              132.707553983,
              35.393238841
            ]
          ]
        ]
      },
      "properties": {
        "polygon_uuid": "8f51679f-a89e-41eb-b9ab-9795b3679ea0",
        "daicho_shubetsu_cd": "FUD25"
      }
    },
    {
      "type": "Feature",
      "geometry": {
        "type": "Polygon",
        "coordinates": [
          [
            [
              132.704709936,
              35.395309088
            ],
            [
              132.7047106,
              35.395644538
            ],
            [
              132.704710668,
              35.395679236
            ],
            [
              132.70540841,
              35.395678901
            ],
            [
              132.705405689,
              35.395269891
            ],
            [
              132.704709862,
              35.395271597
            ],
            [
              132.704709936,
              35.395309088
            ]
          ]
        ]
      },
      "properties": {
        "polygon_uuid": "0cac76f5-207f-422c-9048-98f4f3a5030f",
        "daicho_shubetsu_cd": "FUD25"
      }
    },
    {
      "type": "Feature",
      "geometry": {
        "type": "Polygon",
        "coordinates": [
          [
            [
              132.714344005,
              35.39154151
            ],
            [
              132.713809711,
              35.391493575
            ],
            [
              132.713813435,
              35.391827178
            ],
            [
              132.714495991,
              35.391827827
            ],
            [
              132.714496906,
              35.391671554
            ],
            [
              132.714339104,
              35.391670377
            ],
            [
              132.714344005,
              35.39154151
            ]
          ]
        ]
      },
      "properties": {
        "polygon_uuid": "feb67acb-b7a1-45f8-b354-9a16acf8966e",
        "daicho_shubetsu_cd": "FUD25"
      }
    },
    {
      "type": "Feature",
      "geometry": {
        "type": "Polygon",
        "coordinates": [
          [
            [
              132.710984465,
              35.393417823
            ],
            [
              132.710984708,
              35.393559547
            ],
            [
              132.711678377,
              35.393561066
            ],
            [
              132.711678468,
              35.393415871
            ],
            [
              132.710984465,
              35.393417823
            ]
          ]
        ]
      },
      "properties": {
        "polygon_uuid": "18ffd6ff-c926-4fe9-9829-9ab05bf84d75",
        "daicho_shubetsu_cd": "FUD25"
      }
    },
    {
      "type": "Feature",
      "geometry": {
        "type": "Polygon",
        "coordinates": [
          [
            [
              132.712421015,
              35.395156532
            ],
            [
              132.712420666,
              35.395451188
            ],
            [
              132.713096986,
              35.39545341
            ],
            [
              132.713096997,
              35.395309657
            ],
            [
              132.713097008,
              35.39515765
            ],
            [
              132.712421015,
              35.395156532
            ]
          ]
        ]
      },
      "properties": {
        "polygon_uuid": "d5e9ce43-db1b-4d5f-9665-9abc4a44a789",
        "daicho_shubetsu_cd": "FUD25"
      }
    },
    {
      "type": "Feature",
      "geometry": {
        "type": "Polygon",
        "coordinates": [
          [
            [
              132.713095433,
              35.393376344
            ],
            [
              132.713095462,
              35.393466411
            ],
            [
              132.713095511,
              35.393615702
            ],
            [
              132.713095548,
              35.393734129
            ],
            [
              132.713778093,
              35.393730205
            ],
            [
              132.713777468,
              35.393375779
            ],
            [
              132.713095433,
              35.393376344
            ]
          ]
        ]
      },
      "properties": {
        "polygon_uuid": "10a62be2-6511-4f06-9abb-9c0cce8f8421",
        "daicho_shubetsu_cd": "FUD25"
      }
    },
    {
      "type": "Feature",
      "geometry": {
        "type": "Polygon",
        "coordinates": [
          [
            [
              132.708912712,
              35.395110359
            ],
            [
              132.708912775,
              35.394997465
            ],
            [
              132.708238902,
              35.395001404
            ],
            [
              132.708239034,
              35.395388312
            ],
            [
              132.708912561,
              35.39538622
            ],
            [
              132.708912568,
              35.395375232
            ],
            [
              132.708912712,
              35.395110359
            ]
          ]
        ]
      },
      "properties": {
        "polygon_uuid": "6160f597-c992-4f99-a2fd-9c5a19e03939",
        "daicho_shubetsu_cd": "FUD25"
      }
    },
    {
      "type": "Feature",
      "geometry": {
        "type": "Polygon",
        "coordinates": [
          [
            [
              132.70897094,
              35.396590206
            ],
            [
              132.708988738,
              35.396602817
            ],
            [
              132.709171921,
              35.396623751
            ],
            [
              132.709177816,
              35.39651192
            ],
            [
              132.708979899,
              35.396495283
            ],
            [
              132.708972559,
              35.39650136
            ],
            [
              132.70897094,
              35.396590206
            ]
          ]
        ]
      },
      "properties": {
        "polygon_uuid": "4fcd6a50-73c1-4fdb-a532-9caeb01e6b5f",
        "daicho_shubetsu_cd": "FUD25"
      }
    },
    {
      "type": "Feature",
      "geometry": {
        "type": "Polygon",
        "coordinates": [
          [
            [
              132.708906772,
              35.393737998
            ],
            [
              132.708907203,
              35.393653525
            ],
            [
              132.708227359,
              35.393653771
            ],
            [
              132.708227631,
              35.393747735
            ],
            [
              132.708906775,
              35.393748888
            ],
            [
              132.708906772,
              35.393737998
            ]
          ]
        ]
      },
      "properties": {
        "polygon_uuid": "38ec256e-790c-4c24-a0c8-9ce6c5af39a8",
        "daicho_shubetsu_cd": "FUD25"
      }
    },
    {
      "type": "Feature",
      "geometry": {
        "type": "Polygon",
        "coordinates": [
          [
            [
              132.704709425,
              35.395050847
            ],
            [
              132.704709862,
              35.395271597
            ],
            [
              132.705405689,
              35.395269891
            ],
            [
              132.705404203,
              35.395046365
            ],
            [
              132.704709425,
              35.395050847
            ]
          ]
        ]
      },
      "properties": {
        "polygon_uuid": "c0c8080d-61bf-4ba2-9fc6-9cf817341daf",
        "daicho_shubetsu_cd": "FUD25"
      }
    },
    {
      "type": "Feature",
      "geometry": {
        "type": "Polygon",
        "coordinates": [
          [
            [
              132.7075131,
              35.39500866
            ],
            [
              132.707514321,
              35.395309935
            ],
            [
              132.707515174,
              35.395520528
            ],
            [
              132.708191746,
              35.395517496
            ],
            [
              132.708189736,
              35.3949913
            ],
            [
              132.70751305,
              35.394996184
            ],
            [
              132.7075131,
              35.39500866
            ]
          ]
        ]
      },
      "properties": {
        "polygon_uuid": "fa36580e-beed-4aae-a9ab-9e0831709863",
        "daicho_shubetsu_cd": "FUD25"
      }
    },
    {
      "type": "Feature",
      "geometry": {
        "type": "Polygon",
        "coordinates": [
          [
            [
              132.703386808,
              35.393758707
            ],
            [
              132.703408079,
              35.393893418
            ],
            [
              132.703416821,
              35.393948776
            ],
            [
              132.703535558,
              35.393918126
            ],
            [
              132.703973514,
              35.393791203
            ],
            [
              132.704019749,
              35.393776491
            ],
            [
              132.703976255,
              35.393660055
            ],
            [
              132.703972158,
              35.393664903
            ],
            [
              132.703940461,
              35.393679922
            ],
            [
              132.703602064,
              35.393750312
            ],
            [
              132.703386808,
              35.393758707
            ]
          ]
        ]
      },
      "properties": {
        "polygon_uuid": "9b39aaee-7ca1-46f2-b560-9f5b725a3f6e",
        "daicho_shubetsu_cd": "FUD25"
      }
    },
    {
      "type": "Feature",
      "geometry": {
        "type": "Polygon",
        "coordinates": [
          [
            [
              132.702646614,
              35.391780409
            ],
            [
              132.702642645,
              35.391644634
            ],
            [
              132.702246338,
              35.391621245
            ],
            [
              132.702236222,
              35.391716848
            ],
            [
              132.702232247,
              35.391812423
            ],
            [
              132.702232871,
              35.391906722
            ],
            [
              132.702351141,
              35.391912484
            ],
            [
              132.702361669,
              35.391741203
            ],
            [
              132.702646614,
              35.391780409
            ]
          ]
        ]
      },
      "properties": {
        "polygon_uuid": "d59d8ac5-bbcc-4506-939c-9fab5c3b37e9",
        "daicho_shubetsu_cd": "FUD25"
      }
    },
    {
      "type": "Feature",
      "geometry": {
        "type": "Polygon",
        "coordinates": [
          [
            [
              132.70683323,
              35.395314353
            ],
            [
              132.706832716,
              35.395690613
            ],
            [
              132.707515851,
              35.395687579
            ],
            [
              132.707515174,
              35.395520528
            ],
            [
              132.707514321,
              35.395309935
            ],
            [
              132.70683323,
              35.395314353
            ]
          ]
        ]
      },
      "properties": {
        "polygon_uuid": "2cca0f5c-30c3-437e-aac1-9fee240e1e96",
        "daicho_shubetsu_cd": "FUD25"
      }
    },
    {
      "type": "Feature",
      "geometry": {
        "type": "Polygon",
        "coordinates": [
          [
            [
              132.713095007,
              35.392054173
            ],
            [
              132.713095103,
              35.392350765
            ],
            [
              132.713095104,
              35.392355991
            ],
            [
              132.713775671,
              35.392356658
            ],
            [
              132.713775188,
              35.392083697
            ],
            [
              132.713767739,
              35.39205309
            ],
            [
              132.713095007,
              35.392054173
            ]
          ]
        ]
      },
      "properties": {
        "polygon_uuid": "690737a7-647c-4d1b-b397-a08873324a30",
        "daicho_shubetsu_cd": "FUD25"
      }
    },
    {
      "type": "Feature",
      "geometry": {
        "type": "Polygon",
        "coordinates": [
          [
            [
              132.703236526,
              35.391653161
            ],
            [
              132.703283419,
              35.391623615
            ],
            [
              132.703305794,
              35.391601722
            ],
            [
              132.703314801,
              35.391570667
            ],
            [
              132.703328804,
              35.391325558
            ],
            [
              132.703029513,
              35.391310905
            ],
            [
              132.702841842,
              35.39130084
            ],
            [
              132.70284292,
              35.391463733
            ],
            [
              132.703240902,
              35.391508487
            ],
            [
              132.703236526,
              35.391653161
            ]
          ]
        ]
      },
      "properties": {
        "polygon_uuid": "38b9aa81-37b0-4c67-954e-a1523551cf02",
        "daicho_shubetsu_cd": "FUD25"
      }
    },
    {
      "type": "Feature",
      "geometry": {
        "type": "Polygon",
        "coordinates": [
          [
            [
              132.714498375,
              35.393727832
            ],
            [
              132.714498821,
              35.393917131
            ],
            [
              132.714498856,
              35.393925488
            ],
            [
              132.715183925,
              35.393928649
            ],
            [
              132.715184323,
              35.393895756
            ],
            [
              132.715183747,
              35.393725983
            ],
            [
              132.714498375,
              35.393727832
            ]
          ]
        ]
      },
      "properties": {
        "polygon_uuid": "761b90a3-3a3e-429f-a0f1-a2804a6c75ad",
        "daicho_shubetsu_cd": "FUD25"
      }
    },
    {
      "type": "Feature",
      "geometry": {
        "type": "Polygon",
        "coordinates": [
          [
            [
              132.7089069,
              35.394285924
            ],
            [
              132.708907638,
              35.394311838
            ],
            [
              132.708914677,
              35.394313931
            ],
            [
              132.709587148,
              35.394311821
            ],
            [
              132.709593318,
              35.394283678
            ],
            [
              132.70959828,
              35.394075396
            ],
            [
              132.709608342,
              35.39405869
            ],
            [
              132.708906848,
              35.394064381
            ],
            [
              132.7089069,
              35.394285924
            ]
          ]
        ]
      },
      "properties": {
        "polygon_uuid": "7fa6057e-3468-4fac-908c-a509dbc04733",
        "daicho_shubetsu_cd": "FUD25"
      }
    },
    {
      "type": "Feature",
      "geometry": {
        "type": "Polygon",
        "coordinates": [
          [
            [
              132.715220823,
              35.395192147
            ],
            [
              132.715830502,
              35.395191628
            ],
            [
              132.715844682,
              35.395154284
            ],
            [
              132.716060577,
              35.395134558
            ],
            [
              132.716066575,
              35.394964472
            ],
            [
              132.715219907,
              35.394967217
            ],
            [
              132.715220048,
              35.395026152
            ],
            [
              132.715220823,
              35.395192147
            ]
          ]
        ]
      },
      "properties": {
        "polygon_uuid": "1d827a93-4bb4-4e79-8d11-a5ae1d9a06ed",
        "daicho_shubetsu_cd": "FUD25"
      }
    },
    {
      "type": "Feature",
      "geometry": {
        "type": "Polygon",
        "coordinates": [
          [
            [
              132.704804655,
              35.391638355
            ],
            [
              132.704808248,
              35.391487454
            ],
            [
              132.7045917,
              35.391482272
            ],
            [
              132.704235487,
              35.391504838
            ],
            [
              132.704214802,
              35.39150493
            ],
            [
              132.704235698,
              35.39161184
            ],
            [
              132.70416753,
              35.39163503
            ],
            [
              132.703962847,
              35.391677901
            ],
            [
              132.703983976,
              35.391779441
            ],
            [
              132.703993619,
              35.391812831
            ],
            [
              132.70399208,
              35.391827134
            ],
            [
              132.703967001,
              35.391834104
            ],
            [
              132.703947135,
              35.391837621
            ],
            [
              132.703949711,
              35.391910474
            ],
            [
              132.703975951,
              35.391920644
            ],
            [
              132.704017807,
              35.391917887
            ],
            [
              132.704109831,
              35.391902904
            ],
            [
              132.70416855,
              35.392074947
            ],
            [
              132.704237595,
              35.392067782
            ],
            [
              132.704263823,
              35.392076238
            ],
            [
              132.704169639,
              35.391718941
            ],
            [
              132.704352609,
              35.391679982
            ],
            [
              132.704371697,
              35.39176801
            ],
            [
              132.704627977,
              35.391737724
            ],
            [
              132.704620533,
              35.391657177
            ],
            [
              132.704804655,
              35.391638355
            ]
          ]
        ]
      },
      "properties": {
        "polygon_uuid": "dd3b5041-87ed-4ad8-b954-a6926a0644a3",
        "daicho_shubetsu_cd": "FUD25"
      }
    },
    {
      "type": "Feature",
      "geometry": {
        "type": "Polygon",
        "coordinates": [
          [
            [
              132.712582941,
              35.396487826
            ],
            [
              132.71272342,
              35.396464304
            ],
            [
              132.712961628,
              35.396428865
            ],
            [
              132.71308601,
              35.396409172
            ],
            [
              132.71310215,
              35.396398165
            ],
            [
              132.713097322,
              35.396389363
            ],
            [
              132.713099029,
              35.396218322
            ],
            [
              132.713074421,
              35.396218277
            ],
            [
              132.712425651,
              35.396217304
            ],
            [
              132.712426251,
              35.396447923
            ],
            [
              132.712575986,
              35.396446466
            ],
            [
              132.712582941,
              35.396487826
            ]
          ]
        ]
      },
      "properties": {
        "polygon_uuid": "a6fc4d54-ff7b-40d3-8295-a6ad09c9cf9e",
        "daicho_shubetsu_cd": "FUD25"
      }
    },
    {
      "type": "Feature",
      "geometry": {
        "type": "Polygon",
        "coordinates": [
          [
            [
              132.713095007,
              35.392054173
            ],
            [
              132.712412215,
              35.392055268
            ],
            [
              132.712412658,
              35.392351346
            ],
            [
              132.713095103,
              35.392350765
            ],
            [
              132.713095007,
              35.392054173
            ]
          ]
        ]
      },
      "properties": {
        "polygon_uuid": "48265e94-a6eb-4e01-b481-a6f51c0a3334",
        "daicho_shubetsu_cd": "FUD25"
      }
    },
    {
      "type": "Feature",
      "geometry": {
        "type": "Polygon",
        "coordinates": [
          [
            [
              132.714497974,
              35.39355769
            ],
            [
              132.714498322,
              35.393705314
            ],
            [
              132.714498375,
              35.393727832
            ],
            [
              132.715183747,
              35.393725983
            ],
            [
              132.715183165,
              35.393554614
            ],
            [
              132.714497974,
              35.39355769
            ]
          ]
        ]
      },
      "properties": {
        "polygon_uuid": "75f07562-44c6-44de-9856-a7514af154c4",
        "daicho_shubetsu_cd": "FUD25"
      }
    },
    {
      "type": "Feature",
      "geometry": {
        "type": "Polygon",
        "coordinates": [
          [
            [
              132.704388541,
              35.393408634
            ],
            [
              132.704473652,
              35.393603544
            ],
            [
              132.704474153,
              35.393612242
            ],
            [
              132.704662243,
              35.393582978
            ],
            [
              132.704810163,
              35.393558514
            ],
            [
              132.705030695,
              35.393524055
            ],
            [
              132.705003002,
              35.393457971
            ],
            [
              132.705075554,
              35.39343905
            ],
            [
              132.704954175,
              35.393219395
            ],
            [
              132.704922365,
              35.393217305
            ],
            [
              132.704429273,
              35.393386136
            ],
            [
              132.704388541,
              35.393408634
            ]
          ]
        ]
      },
      "properties": {
        "polygon_uuid": "8290a199-54f5-4b4c-9f4e-a75d6250d371",
        "daicho_shubetsu_cd": "FUD25"
      }
    },
    {
      "type": "Feature",
      "geometry": {
        "type": "Polygon",
        "coordinates": [
          [
            [
              132.70386779,
              35.390990785
            ],
            [
              132.703701867,
              35.390986321
            ],
            [
              132.703701867,
              35.391179694
            ],
            [
              132.703856889,
              35.391193033
            ],
            [
              132.704153265,
              35.391200837
            ],
            [
              132.704161832,
              35.391051197
            ],
            [
              132.70414124,
              35.391024286
            ],
            [
              132.703871881,
              35.390991286
            ],
            [
              132.70386779,
              35.390990785
            ]
          ]
        ]
      },
      "properties": {
        "polygon_uuid": "be16dbe2-cf75-4118-9ba8-a81110856f39",
        "daicho_shubetsu_cd": "FUD25"
      }
    },
    {
      "type": "Feature",
      "geometry": {
        "type": "Polygon",
        "coordinates": [
          [
            [
              132.702755508,
              35.390072856
            ],
            [
              132.702755589,
              35.390129564
            ],
            [
              132.702966429,
              35.390134414
            ],
            [
              132.702975199,
              35.390036008
            ],
            [
              132.70329925,
              35.390054136
            ],
            [
              132.703328334,
              35.389787747
            ],
            [
              132.703316506,
              35.389780085
            ],
            [
              132.703264663,
              35.389776457
            ],
            [
              132.70275772,
              35.389873218
            ],
            [
              132.70275427,
              35.389885771
            ],
            [
              132.702755508,
              35.390072856
            ]
          ]
        ]
      },
      "properties": {
        "polygon_uuid": "88a1d241-a8f8-4c08-8c55-a901c9318e36",
        "daicho_shubetsu_cd": "FUD25"
      }
    },
    {
      "type": "Feature",
      "geometry": {
        "type": "Polygon",
        "coordinates": [
          [
            [
              132.704344996,
              35.39120372
            ],
            [
              132.704369085,
              35.391047704
            ],
            [
              132.704421729,
              35.390920642
            ],
            [
              132.703867151,
              35.390894348
            ],
            [
              132.703871881,
              35.390991286
            ],
            [
              132.70414124,
              35.391024286
            ],
            [
              132.704161832,
              35.391051197
            ],
            [
              132.704153265,
              35.391200837
            ],
            [
              132.704274656,
              35.391204033
            ],
            [
              132.704344996,
              35.39120372
            ]
          ]
        ]
      },
      "properties": {
        "polygon_uuid": "dc55a970-4217-4350-b603-aa7a97cbce84",
        "daicho_shubetsu_cd": "FUD25"
      }
    },
    {
      "type": "Feature",
      "geometry": {
        "type": "Polygon",
        "coordinates": [
          [
            [
              132.715562522,
              35.396072681
            ],
            [
              132.715181574,
              35.396075791
            ],
            [
              132.71518106,
              35.396079539
            ],
            [
              132.715180816,
              35.396177985
            ],
            [
              132.715528453,
              35.396160693
            ],
            [
              132.715550321,
              35.396101291
            ],
            [
              132.715562522,
              35.396072681
            ]
          ]
        ]
      },
      "properties": {
        "polygon_uuid": "2ebed278-03dc-4cea-af2e-abed313faaac",
        "daicho_shubetsu_cd": "FUD25"
      }
    },
    {
      "type": "Feature",
      "geometry": {
        "type": "Polygon",
        "coordinates": [
          [
            [
              132.71167795,
              35.394240221
            ],
            [
              132.711679308,
              35.39430035
            ],
            [
              132.712374383,
              35.394301766
            ],
            [
              132.712377551,
              35.393924978
            ],
            [
              132.711678147,
              35.393926569
            ],
            [
              132.71167795,
              35.394240221
            ]
          ]
        ]
      },
      "properties": {
        "polygon_uuid": "6d992516-c3d4-4f86-bd58-ac9e8625cb84",
        "daicho_shubetsu_cd": "FUD25"
      }
    },
    {
      "type": "Feature",
      "geometry": {
        "type": "Polygon",
        "coordinates": [
          [
            [
              132.71309703,
              35.394853906
            ],
            [
              132.713097013,
              35.395082673
            ],
            [
              132.713779651,
              35.395080667
            ],
            [
              132.713782685,
              35.394820278
            ],
            [
              132.713097033,
              35.394821269
            ],
            [
              132.71309703,
              35.394853906
            ]
          ]
        ]
      },
      "properties": {
        "polygon_uuid": "6c98a35c-eaa0-45f0-ae30-ac9ed7208c46",
        "daicho_shubetsu_cd": "FUD25"
      }
    },
    {
      "type": "Feature",
      "geometry": {
        "type": "Polygon",
        "coordinates": [
          [
            [
              132.709655882,
              35.395846759
            ],
            [
              132.710179017,
              35.395852736
            ],
            [
              132.710186552,
              35.395622169
            ],
            [
              132.709656064,
              35.395623657
            ],
            [
              132.709655882,
              35.395846759
            ]
          ]
        ]
      },
      "properties": {
        "polygon_uuid": "4ef3ecce-e6fb-4752-b978-acf9679abdf8",
        "daicho_shubetsu_cd": "FUD25"
      }
    },
    {
      "type": "Feature",
      "geometry": {
        "type": "Polygon",
        "coordinates": [
          [
            [
              132.701762367,
              35.391820635
            ],
            [
              132.701766164,
              35.391646776
            ],
            [
              132.701747117,
              35.391635209
            ],
            [
              132.701557246,
              35.391623637
            ],
            [
              132.701403601,
              35.391614272
            ],
            [
              132.701380623,
              35.392024444
            ],
            [
              132.701596561,
              35.392036334
            ],
            [
              132.7016045,
              35.391811704
            ],
            [
              132.701762367,
              35.391820635
            ]
          ]
        ]
      },
      "properties": {
        "polygon_uuid": "9025b07a-8088-4076-8419-ad16bf09e93e",
        "daicho_shubetsu_cd": "FUD25"
      }
    },
    {
      "type": "Feature",
      "geometry": {
        "type": "Polygon",
        "coordinates": [
          [
            [
              132.714494105,
              35.392058643
            ],
            [
              132.714476045,
              35.392055209
            ],
            [
              132.713814045,
              35.392055707
            ],
            [
              132.713813834,
              35.392309808
            ],
            [
              132.714495024,
              35.392306755
            ],
            [
              132.714494921,
              35.392262949
            ],
            [
              132.714494461,
              35.392067635
            ],
            [
              132.714494105,
              35.392058643
            ]
          ]
        ]
      },
      "properties": {
        "polygon_uuid": "a0ab4621-ea38-4238-8ff4-b06f4528f6d2",
        "daicho_shubetsu_cd": "FUD25"
      }
    },
    {
      "type": "Feature",
      "geometry": {
        "type": "Polygon",
        "coordinates": [
          [
            [
              132.714498022,
              35.395008679
            ],
            [
              132.715179226,
              35.395007928
            ],
            [
              132.715179201,
              35.394990233
            ],
            [
              132.715181199,
              35.39481112
            ],
            [
              132.714497571,
              35.394815363
            ],
            [
              132.714497647,
              35.394848177
            ],
            [
              132.714498009,
              35.395002693
            ],
            [
              132.714498022,
              35.395008679
            ]
          ]
        ]
      },
      "properties": {
        "polygon_uuid": "c87ae11e-4d56-4de0-85ed-b0eda18f6c15",
        "daicho_shubetsu_cd": "FUD25"
      }
    },
    {
      "type": "Feature",
      "geometry": {
        "type": "Polygon",
        "coordinates": [
          [
            [
              132.700637879,
              35.39064578
            ],
            [
              132.700872573,
              35.390640974
            ],
            [
              132.700884041,
              35.39063527
            ],
            [
              132.700887622,
              35.390447632
            ],
            [
              132.700905814,
              35.39034897
            ],
            [
              132.700908884,
              35.390214936
            ],
            [
              132.70078247,
              35.390238108
            ],
            [
              132.700644599,
              35.390268868
            ],
            [
              132.700631445,
              35.390428999
            ],
            [
              132.700627353,
              35.390522884
            ],
            [
              132.700637879,
              35.39064578
            ]
          ]
        ]
      },
      "properties": {
        "polygon_uuid": "dd1325a3-a5c6-4bca-9549-b14fc559609a",
        "daicho_shubetsu_cd": "FUD25"
      }
    },
    {
      "type": "Feature",
      "geometry": {
        "type": "Polygon",
        "coordinates": [
          [
            [
              132.709366389,
              35.396701687
            ],
            [
              132.709514799,
              35.396710085
            ],
            [
              132.709545067,
              35.396711158
            ],
            [
              132.709564229,
              35.396706841
            ],
            [
              132.70957523,
              35.396696518
            ],
            [
              132.709581009,
              35.396677757
            ],
            [
              132.709571939,
              35.396535777
            ],
            [
              132.709374793,
              35.396523971
            ],
            [
              132.709363731,
              35.39652523
            ],
            [
              132.709365598,
              35.396693834
            ],
            [
              132.709366389,
              35.396701687
            ]
          ]
        ]
      },
      "properties": {
        "polygon_uuid": "7e2e2d55-ad89-427e-8f7f-b2b728ec7a46",
        "daicho_shubetsu_cd": "FUD25"
      }
    },
    {
      "type": "Feature",
      "geometry": {
        "type": "Polygon",
        "coordinates": [
          [
            [
              132.703817679,
              35.391523994
            ],
            [
              132.704011894,
              35.391505833
            ],
            [
              132.704214802,
              35.39150493
            ],
            [
              132.704197529,
              35.391437207
            ],
            [
              132.70417632,
              35.39136101
            ],
            [
              132.704162362,
              35.391285629
            ],
            [
              132.704063016,
              35.391290309
            ],
            [
              132.704051128,
              35.391216932
            ],
            [
              132.703862594,
              35.391210385
            ],
            [
              132.703817679,
              35.391523994
            ]
          ]
        ]
      },
      "properties": {
        "polygon_uuid": "a66c71f6-f820-4484-bcdd-b2b9732b858e",
        "daicho_shubetsu_cd": "FUD25"
      }
    },
    {
      "type": "Feature",
      "geometry": {
        "type": "Polygon",
        "coordinates": [
          [
            [
              132.704370754,
              35.390651273
            ],
            [
              132.704389994,
              35.39051304
            ],
            [
              132.704084384,
              35.390503394
            ],
            [
              132.704086932,
              35.39017742
            ],
            [
              132.704022192,
              35.390178246
            ],
            [
              132.704017154,
              35.390217317
            ],
            [
              132.70401285,
              35.390219096
            ],
            [
              132.70386625,
              35.390222641
            ],
            [
              132.703855805,
              35.390245833
            ],
            [
              132.703790416,
              35.390241784
            ],
            [
              132.703762083,
              35.390497955
            ],
            [
              132.703716183,
              35.390502499
            ],
            [
              132.703699291,
              35.39064
            ],
            [
              132.704370754,
              35.390651273
            ]
          ]
        ]
      },
      "properties": {
        "polygon_uuid": "694ff90e-5ae7-4123-bb49-b2e89bf86786",
        "daicho_shubetsu_cd": "FUD25"
      }
    },
    {
      "type": "Feature",
      "geometry": {
        "type": "Polygon",
        "coordinates": [
          [
            [
              132.702949482,
              35.390661948
            ],
            [
              132.702945056,
              35.391037369
            ],
            [
              132.703115512,
              35.391040384
            ],
            [
              132.703118489,
              35.391142215
            ],
            [
              132.703340137,
              35.391143351
            ],
            [
              132.703340587,
              35.391136518
            ],
            [
              132.703340011,
              35.390895111
            ],
            [
              132.703338606,
              35.390683046
            ],
            [
              132.703325183,
              35.390665503
            ],
            [
              132.702949482,
              35.390661948
            ]
          ]
        ]
      },
      "properties": {
        "polygon_uuid": "bb1ee68c-1386-4d03-a36b-b5d2048daa59",
        "daicho_shubetsu_cd": "FUD25"
      }
    },
    {
      "type": "Feature",
      "geometry": {
        "type": "Polygon",
        "coordinates": [
          [
            [
              132.71548017,
              35.396291848
            ],
            [
              132.715511757,
              35.396206047
            ],
            [
              132.715180721,
              35.396216287
            ],
            [
              132.715180523,
              35.396296482
            ],
            [
              132.71548017,
              35.396291848
            ]
          ]
        ]
      },
      "properties": {
        "polygon_uuid": "fc5e368d-ed75-4330-ba2c-b74f8c2d7c27",
        "daicho_shubetsu_cd": "FUD25"
      }
    },
    {
      "type": "Feature",
      "geometry": {
        "type": "Polygon",
        "coordinates": [
          [
            [
              132.702686729,
              35.393732236
            ],
            [
              132.70281956,
              35.393730754
            ],
            [
              132.702931727,
              35.393732932
            ],
            [
              132.702971991,
              35.393729186
            ],
            [
              132.702975168,
              35.393715798
            ],
            [
              132.702935182,
              35.393432446
            ],
            [
              132.702887345,
              35.393443357
            ],
            [
              132.70257284,
              35.393469717
            ],
            [
              132.702618608,
              35.393639811
            ],
            [
              132.702651804,
              35.393719908
            ],
            [
              132.702686729,
              35.393732236
            ]
          ]
        ]
      },
      "properties": {
        "polygon_uuid": "eb916e8f-7735-4184-9b16-b87b11a74d99",
        "daicho_shubetsu_cd": "FUD25"
      }
    },
    {
      "type": "Feature",
      "geometry": {
        "type": "Polygon",
        "coordinates": [
          [
            [
              132.708226434,
              35.393333392
            ],
            [
              132.708908212,
              35.393331893
            ],
            [
              132.708907683,
              35.393124142
            ],
            [
              132.708907521,
              35.39306012
            ],
            [
              132.708225643,
              35.393060037
            ],
            [
              132.708226434,
              35.393333392
            ]
          ]
        ]
      },
      "properties": {
        "polygon_uuid": "841f9c5b-53ff-478c-b473-b987a8e8c011",
        "daicho_shubetsu_cd": "FUD25"
      }
    },
    {
      "type": "Feature",
      "geometry": {
        "type": "Polygon",
        "coordinates": [
          [
            [
              132.708906619,
              35.392705446
            ],
            [
              132.708907036,
              35.392869572
            ],
            [
              132.709600308,
              35.392868036
            ],
            [
              132.709601674,
              35.39268062
            ],
            [
              132.708906564,
              35.392683677
            ],
            [
              132.708906619,
              35.392705446
            ]
          ]
        ]
      },
      "properties": {
        "polygon_uuid": "81dc646c-307a-4758-8ae9-bb38032c613c",
        "daicho_shubetsu_cd": "FUD25"
      }
    },
    {
      "type": "Feature",
      "geometry": {
        "type": "Polygon",
        "coordinates": [
          [
            [
              132.715635253,
              35.395705822
            ],
            [
              132.715681382,
              35.395584339
            ],
            [
              132.715222656,
              35.395584572
            ],
            [
              132.715223225,
              35.395706405
            ],
            [
              132.715635253,
              35.395705822
            ]
          ]
        ]
      },
      "properties": {
        "polygon_uuid": "262e29d7-a35e-47d7-a795-bb57724373b3",
        "daicho_shubetsu_cd": "FUD25"
      }
    },
    {
      "type": "Feature",
      "geometry": {
        "type": "Polygon",
        "coordinates": [
          [
            [
              132.70610944,
              35.394983182
            ],
            [
              132.706109423,
              35.394973931
            ],
            [
              132.705430566,
              35.394976023
            ],
            [
              132.705430591,
              35.395021633
            ],
            [
              132.705433012,
              35.395555508
            ],
            [
              132.706110505,
              35.395553364
            ],
            [
              132.706110275,
              35.395430247
            ],
            [
              132.70610944,
              35.394983182
            ]
          ]
        ]
      },
      "properties": {
        "polygon_uuid": "b5c557b7-9e98-4df9-80ee-bba75ea8a758",
        "daicho_shubetsu_cd": "FUD25"
      }
    },
    {
      "type": "Feature",
      "geometry": {
        "type": "Polygon",
        "coordinates": [
          [
            [
              132.714497103,
              35.394615068
            ],
            [
              132.714496284,
              35.394377214
            ],
            [
              132.713816257,
              35.394377953
            ],
            [
              132.713815084,
              35.394622652
            ],
            [
              132.714497126,
              35.394624762
            ],
            [
              132.714497103,
              35.394615068
            ]
          ]
        ]
      },
      "properties": {
        "polygon_uuid": "171bb160-3641-4256-83f3-bc10dd211ff5",
        "daicho_shubetsu_cd": "FUD25"
      }
    },
    {
      "type": "Feature",
      "geometry": {
        "type": "Polygon",
        "coordinates": [
          [
            [
              132.70494508,
              35.393946446
            ],
            [
              132.704802125,
              35.393579379
            ],
            [
              132.704662243,
              35.393582978
            ],
            [
              132.704474153,
              35.393612242
            ],
            [
              132.704476733,
              35.393657092
            ],
            [
              132.704390477,
              35.393671534
            ],
            [
              132.70455907,
              35.394099021
            ],
            [
              132.704782025,
              35.394017471
            ],
            [
              132.70494508,
              35.393946446
            ]
          ]
        ]
      },
      "properties": {
        "polygon_uuid": "6f2b818f-dff3-488f-b8e5-bc28cbe5bf55",
        "daicho_shubetsu_cd": "FUD25"
      }
    },
    {
      "type": "Feature",
      "geometry": {
        "type": "Polygon",
        "coordinates": [
          [
            [
              132.704028622,
              35.395647564
            ],
            [
              132.704030261,
              35.395832216
            ],
            [
              132.704710959,
              35.395826403
            ],
            [
              132.704710668,
              35.395679236
            ],
            [
              132.7047106,
              35.395644538
            ],
            [
              132.704028622,
              35.395647564
            ]
          ]
        ]
      },
      "properties": {
        "polygon_uuid": "6e776d5e-7b58-403c-9e85-bd2c3e4fd8aa",
        "daicho_shubetsu_cd": "FUD25"
      }
    },
    {
      "type": "Feature",
      "geometry": {
        "type": "Polygon",
        "coordinates": [
          [
            [
              132.710341172,
              35.393926867
            ],
            [
              132.710938124,
              35.393923965
            ],
            [
              132.710937836,
              35.393686976
            ],
            [
              132.710341146,
              35.393689621
            ],
            [
              132.710341172,
              35.393926867
            ]
          ]
        ]
      },
      "properties": {
        "polygon_uuid": "a40cda49-3f3f-47cf-a5c1-bfa77165a0c1",
        "daicho_shubetsu_cd": "FUD25"
      }
    },
    {
      "type": "Feature",
      "geometry": {
        "type": "Polygon",
        "coordinates": [
          [
            [
              132.704085687,
              35.396348055
            ],
            [
              132.704118008,
              35.396324946
            ],
            [
              132.704142188,
              35.396298247
            ],
            [
              132.704155324,
              35.396275828
            ],
            [
              132.704155252,
              35.39626495
            ],
            [
              132.703912084,
              35.396213453
            ],
            [
              132.703888771,
              35.396259487
            ],
            [
              132.703878607,
              35.396284915
            ],
            [
              132.703884611,
              35.396299997
            ],
            [
              132.704041339,
              35.396338582
            ],
            [
              132.704085687,
              35.396348055
            ]
          ]
        ]
      },
      "properties": {
        "polygon_uuid": "9097e32f-055a-4466-8696-bfc5440c2afa",
        "daicho_shubetsu_cd": "FUD25"
      }
    },
    {
      "type": "Feature",
      "geometry": {
        "type": "Polygon",
        "coordinates": [
          [
            [
              132.711678372,
              35.393566999
            ],
            [
              132.711678377,
              35.393561066
            ],
            [
              132.710984708,
              35.393559547
            ],
            [
              132.710985344,
              35.393930455
            ],
            [
              132.711678147,
              35.393926569
            ],
            [
              132.711678372,
              35.393566999
            ]
          ]
        ]
      },
      "properties": {
        "polygon_uuid": "9a75e20b-1ad2-40b9-a959-c025147bb77f",
        "daicho_shubetsu_cd": "FUD25"
      }
    },
    {
      "type": "Feature",
      "geometry": {
        "type": "Polygon",
        "coordinates": [
          [
            [
              132.714498897,
              35.393935496
            ],
            [
              132.71449987,
              35.394169413
            ],
            [
              132.715181003,
              35.394170119
            ],
            [
              132.715183925,
              35.393928649
            ],
            [
              132.714498856,
              35.393925488
            ],
            [
              132.714498897,
              35.393935496
            ]
          ]
        ]
      },
      "properties": {
        "polygon_uuid": "3fd0b7de-19cc-4455-96b4-c4b359536e27",
        "daicho_shubetsu_cd": "FUD25"
      }
    },
    {
      "type": "Feature",
      "geometry": {
        "type": "Polygon",
        "coordinates": [
          [
            [
              132.715219907,
              35.394967217
            ],
            [
              132.716066575,
              35.394964472
            ],
            [
              132.716074975,
              35.394726239
            ],
            [
              132.71521934,
              35.394730326
            ],
            [
              132.715219907,
              35.394967217
            ]
          ]
        ]
      },
      "properties": {
        "polygon_uuid": "fb47748e-a5b8-422c-93c1-c54fc4c045ef",
        "daicho_shubetsu_cd": "FUD25"
      }
    },
    {
      "type": "Feature",
      "geometry": {
        "type": "Polygon",
        "coordinates": [
          [
            [
              132.708907683,
              35.393124142
            ],
            [
              132.709598474,
              35.393119538
            ],
            [
              132.709600308,
              35.392868036
            ],
            [
              132.708907036,
              35.392869572
            ],
            [
              132.708907521,
              35.39306012
            ],
            [
              132.708907683,
              35.393124142
            ]
          ]
        ]
      },
      "properties": {
        "polygon_uuid": "3fb3e0df-a4a4-46be-bcae-c6332db065c4",
        "daicho_shubetsu_cd": "FUD25"
      }
    },
    {
      "type": "Feature",
      "geometry": {
        "type": "Polygon",
        "coordinates": [
          [
            [
              132.704482292,
              35.389849915
            ],
            [
              132.704470629,
              35.389848361
            ],
            [
              132.704058239,
              35.389818372
            ],
            [
              132.703370265,
              35.389787676
            ],
            [
              132.70335502,
              35.389797388
            ],
            [
              132.703354992,
              35.389970978
            ],
            [
              132.703333852,
              35.389979751
            ],
            [
              132.703327662,
              35.3901119
            ],
            [
              132.70403511,
              35.390078064
            ],
            [
              132.704054305,
              35.390077147
            ],
            [
              132.704057282,
              35.389993231
            ],
            [
              132.704460551,
              35.390006116
            ],
            [
              132.704482292,
              35.389849915
            ]
          ]
        ]
      },
      "properties": {
        "polygon_uuid": "9cf2d3c0-0347-4dd3-bb8e-c6952f753b4a",
        "daicho_shubetsu_cd": "FUD25"
      }
    },
    {
      "type": "Feature",
      "geometry": {
        "type": "Polygon",
        "coordinates": [
          [
            [
              132.713815514,
              35.39201342
            ],
            [
              132.714494932,
              35.392008513
            ],
            [
              132.714495991,
              35.391827827
            ],
            [
              132.713813435,
              35.391827178
            ],
            [
              132.713815514,
              35.39201342
            ]
          ]
        ]
      },
      "properties": {
        "polygon_uuid": "36e8fd6e-6f5f-4f2d-a6a0-c6e26f4bca93",
        "daicho_shubetsu_cd": "FUD25"
      }
    },
    {
      "type": "Feature",
      "geometry": {
        "type": "Polygon",
        "coordinates": [
          [
            [
              132.711678763,
              35.392946124
            ],
            [
              132.711678527,
              35.393320965
            ],
            [
              132.712382638,
              35.393320156
            ],
            [
              132.712385967,
              35.392924146
            ],
            [
              132.711678775,
              35.392926174
            ],
            [
              132.711678763,
              35.392946124
            ]
          ]
        ]
      },
      "properties": {
        "polygon_uuid": "486f5b95-3a3d-4f75-a5bf-c82b54e32505",
        "daicho_shubetsu_cd": "FUD25"
      }
    },
    {
      "type": "Feature",
      "geometry": {
        "type": "Polygon",
        "coordinates": [
          [
            [
              132.702211036,
              35.391684587
            ],
            [
              132.702245867,
              35.391347991
            ],
            [
              132.701988212,
              35.391328559
            ],
            [
              132.701966058,
              35.391065058
            ],
            [
              132.701747744,
              35.391058309
            ],
            [
              132.701760637,
              35.391286772
            ],
            [
              132.701556456,
              35.391279961
            ],
            [
              132.701557246,
              35.391623637
            ],
            [
              132.701747117,
              35.391635209
            ],
            [
              132.701766164,
              35.391646776
            ],
            [
              132.701776547,
              35.39165308
            ],
            [
              132.701995822,
              35.391667066
            ],
            [
              132.702191278,
              35.391679531
            ],
            [
              132.702211036,
              35.391684587
            ]
          ]
        ]
      },
      "properties": {
        "polygon_uuid": "749d3806-7a88-40cb-b212-c9ee92242991",
        "daicho_shubetsu_cd": "FUD25"
      }
    },
    {
      "type": "Feature",
      "geometry": {
        "type": "Polygon",
        "coordinates": [
          [
            [
              132.704809784,
              35.391203437
            ],
            [
              132.705133607,
              35.391205351
            ],
            [
              132.705144582,
              35.391202731
            ],
            [
              132.705190931,
              35.390616176
            ],
            [
              132.705168872,
              35.390604701
            ],
            [
              132.70494765,
              35.39063269
            ],
            [
              132.704809784,
              35.391203437
            ]
          ]
        ]
      },
      "properties": {
        "polygon_uuid": "acc6bc34-2bf3-437a-a7f6-cc54227b52a0",
        "daicho_shubetsu_cd": "FUD25"
      }
    },
    {
      "type": "Feature",
      "geometry": {
        "type": "Polygon",
        "coordinates": [
          [
            [
              132.715562522,
              35.396072681
            ],
            [
              132.715632527,
              35.39590853
            ],
            [
              132.715632494,
              35.395903845
            ],
            [
              132.715205105,
              35.395904123
            ],
            [
              132.715181574,
              35.396075791
            ],
            [
              132.715562522,
              35.396072681
            ]
          ]
        ]
      },
      "properties": {
        "polygon_uuid": "18478419-225a-4145-9796-cd152ebbfef6",
        "daicho_shubetsu_cd": "FUD25"
      }
    },
    {
      "type": "Feature",
      "geometry": {
        "type": "Polygon",
        "coordinates": [
          [
            [
              132.710982342,
              35.392951598
            ],
            [
              132.710984406,
              35.393383505
            ],
            [
              132.710984465,
              35.393417823
            ],
            [
              132.711678468,
              35.393415871
            ],
            [
              132.711678527,
              35.393320965
            ],
            [
              132.711678763,
              35.392946124
            ],
            [
              132.710982342,
              35.392951598
            ]
          ]
        ]
      },
      "properties": {
        "polygon_uuid": "93c912b1-6953-484c-8ca1-cd646769ef6e",
        "daicho_shubetsu_cd": "FUD25"
      }
    },
    {
      "type": "Feature",
      "geometry": {
        "type": "Polygon",
        "coordinates": [
          [
            [
              132.712414554,
              35.393617934
            ],
            [
              132.712414776,
              35.393766378
            ],
            [
              132.713095559,
              35.393766671
            ],
            [
              132.713095548,
              35.393734129
            ],
            [
              132.713095511,
              35.393615702
            ],
            [
              132.712414554,
              35.393617934
            ]
          ]
        ]
      },
      "properties": {
        "polygon_uuid": "9fb932fb-418a-4c09-93de-cd9937369867",
        "daicho_shubetsu_cd": "FUD25"
      }
    },
    {
      "type": "Feature",
      "geometry": {
        "type": "Polygon",
        "coordinates": [
          [
            [
              132.714497571,
              35.394815363
            ],
            [
              132.714497126,
              35.394624762
            ],
            [
              132.713815084,
              35.394622652
            ],
            [
              132.713814673,
              35.394708312
            ],
            [
              132.713815154,
              35.394852433
            ],
            [
              132.714497647,
              35.394848177
            ],
            [
              132.714497571,
              35.394815363
            ]
          ]
        ]
      },
      "properties": {
        "polygon_uuid": "f71dc75e-c078-450f-ae22-cf13f59747b4",
        "daicho_shubetsu_cd": "FUD25"
      }
    },
    {
      "type": "Feature",
      "geometry": {
        "type": "Polygon",
        "coordinates": [
          [
            [
              132.704265403,
              35.392278608
            ],
            [
              132.704244497,
              35.392117205
            ],
            [
              132.704067532,
              35.392134632
            ],
            [
              132.704070092,
              35.392280502
            ],
            [
              132.704265403,
              35.392278608
            ]
          ]
        ]
      },
      "properties": {
        "polygon_uuid": "918068ab-8957-4cda-a046-d0da22d924ee",
        "daicho_shubetsu_cd": "FUD25"
      }
    },
    {
      "type": "Feature",
      "geometry": {
        "type": "Polygon",
        "coordinates": [
          [
            [
              132.713815154,
              35.394852433
            ],
            [
              132.713815655,
              35.39500237
            ],
            [
              132.714498009,
              35.395002693
            ],
            [
              132.714497647,
              35.394848177
            ],
            [
              132.713815154,
              35.394852433
            ]
          ]
        ]
      },
      "properties": {
        "polygon_uuid": "2d4f7d25-4846-459d-97e5-d11c95514742",
        "daicho_shubetsu_cd": "FUD25"
      }
    },
    {
      "type": "Feature",
      "geometry": {
        "type": "Polygon",
        "coordinates": [
          [
            [
              132.710184059,
              35.39200648
            ],
            [
              132.710181935,
              35.391689935
            ],
            [
              132.709913717,
              35.391704678
            ],
            [
              132.709619013,
              35.39175182
            ],
            [
              132.709627976,
              35.391950668
            ],
            [
              132.709633104,
              35.391956893
            ],
            [
              132.709638455,
              35.391996438
            ],
            [
              132.709657614,
              35.392008848
            ],
            [
              132.710184059,
              35.39200648
            ]
          ]
        ]
      },
      "properties": {
        "polygon_uuid": "55bb7c7c-8c17-4fa5-bc96-d134b457c692",
        "daicho_shubetsu_cd": "FUD25"
      }
    },
    {
      "type": "Feature",
      "geometry": {
        "type": "Polygon",
        "coordinates": [
          [
            [
              132.705974921,
              35.393126592
            ],
            [
              132.706151725,
              35.393065428
            ],
            [
              132.706100362,
              35.392927962
            ],
            [
              132.706069235,
              35.392915391
            ],
            [
              132.705906553,
              35.392960603
            ],
            [
              132.705960587,
              35.393110767
            ],
            [
              132.705974921,
              35.393126592
            ]
          ]
        ]
      },
      "properties": {
        "polygon_uuid": "5b60a5de-d68c-49dd-9e75-d32e304c4e11",
        "daicho_shubetsu_cd": "FUD25"
      }
    },
    {
      "type": "Feature",
      "geometry": {
        "type": "Polygon",
        "coordinates": [
          [
            [
              132.704709002,
              35.394837044
            ],
            [
              132.704709425,
              35.395050847
            ],
            [
              132.705404203,
              35.395046365
            ],
            [
              132.705403642,
              35.394962093
            ],
            [
              132.705400238,
              35.394838041
            ],
            [
              132.704709002,
              35.394837044
            ]
          ]
        ]
      },
      "properties": {
        "polygon_uuid": "1928c6ed-d1ca-402b-818a-d365dc071ca5",
        "daicho_shubetsu_cd": "FUD25"
      }
    },
    {
      "type": "Feature",
      "geometry": {
        "type": "Polygon",
        "coordinates": [
          [
            [
              132.707515851,
              35.395687579
            ],
            [
              132.707516774,
              35.395915278
            ],
            [
              132.708193264,
              35.395915015
            ],
            [
              132.708191746,
              35.395517496
            ],
            [
              132.707515174,
              35.395520528
            ],
            [
              132.707515851,
              35.395687579
            ]
          ]
        ]
      },
      "properties": {
        "polygon_uuid": "1a7d001d-cd81-408f-b5e9-d36b8c837a49",
        "daicho_shubetsu_cd": "FUD25"
      }
    },
    {
      "type": "Feature",
      "geometry": {
        "type": "Polygon",
        "coordinates": [
          [
            [
              132.709661379,
              35.3933057
            ],
            [
              132.71018813,
              35.393304054
            ],
            [
              132.710187919,
              35.393104119
            ],
            [
              132.709661546,
              35.393107857
            ],
            [
              132.709661664,
              35.39320428
            ],
            [
              132.709661379,
              35.3933057
            ]
          ]
        ]
      },
      "properties": {
        "polygon_uuid": "497b4deb-8239-466e-a83b-d3f5b5f0557d",
        "daicho_shubetsu_cd": "FUD25"
      }
    },
    {
      "type": "Feature",
      "geometry": {
        "type": "Polygon",
        "coordinates": [
          [
            [
              132.713093293,
              35.391813291
            ],
            [
              132.713775037,
              35.391814897
            ],
            [
              132.713759172,
              35.3915016
            ],
            [
              132.713737453,
              35.391487843
            ],
            [
              132.713562087,
              35.391478316
            ],
            [
              132.71335814,
              35.391478302
            ],
            [
              132.713099263,
              35.391487916
            ],
            [
              132.713091077,
              35.391488436
            ],
            [
              132.713093293,
              35.391813291
            ]
          ]
        ]
      },
      "properties": {
        "polygon_uuid": "314df799-d869-45cc-b999-d43e1daf791b",
        "daicho_shubetsu_cd": "FUD25"
      }
    },
    {
      "type": "Feature",
      "geometry": {
        "type": "Polygon",
        "coordinates": [
          [
            [
              132.704711745,
              35.396223759
            ],
            [
              132.704722232,
              35.396270918
            ],
            [
              132.704737548,
              35.39627918
            ],
            [
              132.704959944,
              35.396319841
            ],
            [
              132.705151699,
              35.39634259
            ],
            [
              132.705275522,
              35.39634898
            ],
            [
              132.70538238,
              35.396354056
            ],
            [
              132.705406007,
              35.39633729
            ],
            [
              132.705408144,
              35.396069167
            ],
            [
              132.704711431,
              35.396065448
            ],
            [
              132.704711448,
              35.396073554
            ],
            [
              132.704711745,
              35.396223759
            ]
          ]
        ]
      },
      "properties": {
        "polygon_uuid": "77da15d5-a5b9-49a5-8728-d50fbdddce4e",
        "daicho_shubetsu_cd": "FUD25"
      }
    },
    {
      "type": "Feature",
      "geometry": {
        "type": "Polygon",
        "coordinates": [
          [
            [
              132.704482292,
              35.389849915
            ],
            [
              132.704460551,
              35.390006116
            ],
            [
              132.704423718,
              35.390270754
            ],
            [
              132.704844145,
              35.390312288
            ],
            [
              132.704970284,
              35.389886378
            ],
            [
              132.704914855,
              35.389883994
            ],
            [
              132.704914816,
              35.389878208
            ],
            [
              132.704589681,
              35.389864225
            ],
            [
              132.704482292,
              35.389849915
            ]
          ]
        ]
      },
      "properties": {
        "polygon_uuid": "717d909e-ac8e-4092-a0ba-d73632f3fdf3",
        "daicho_shubetsu_cd": "FUD25"
      }
    },
    {
      "type": "Feature",
      "geometry": {
        "type": "Polygon",
        "coordinates": [
          [
            [
              132.703346673,
              35.395349933
            ],
            [
              132.704006327,
              35.39534674
            ],
            [
              132.704007978,
              35.395188369
            ],
            [
              132.703328105,
              35.395197501
            ],
            [
              132.703346673,
              35.395349933
            ]
          ]
        ]
      },
      "properties": {
        "polygon_uuid": "fb07c0c7-cc5f-416c-85b6-d83a024e9357",
        "daicho_shubetsu_cd": "FUD25"
      }
    },
    {
      "type": "Feature",
      "geometry": {
        "type": "Polygon",
        "coordinates": [
          [
            [
              132.709660431,
              35.393642381
            ],
            [
              132.710188486,
              35.393642126
            ],
            [
              132.71018813,
              35.393304054
            ],
            [
              132.709661379,
              35.3933057
            ],
            [
              132.709660431,
              35.393642381
            ]
          ]
        ]
      },
      "properties": {
        "polygon_uuid": "2f958d33-c9c2-4db3-b621-d83b24221b0c",
        "daicho_shubetsu_cd": "FUD25"
      }
    },
    {
      "type": "Feature",
      "geometry": {
        "type": "Polygon",
        "coordinates": [
          [
            [
              132.710980919,
              35.392654048
            ],
            [
              132.710982342,
              35.392951598
            ],
            [
              132.711678763,
              35.392946124
            ],
            [
              132.711678775,
              35.392926174
            ],
            [
              132.711678947,
              35.39265324
            ],
            [
              132.710980919,
              35.392654048
            ]
          ]
        ]
      },
      "properties": {
        "polygon_uuid": "b09c7549-4b3b-4aab-9a92-d86bb5544213",
        "daicho_shubetsu_cd": "FUD25"
      }
    },
    {
      "type": "Feature",
      "geometry": {
        "type": "Polygon",
        "coordinates": [
          [
            [
              132.70422091,
              35.392456751
            ],
            [
              132.704266341,
              35.392650516
            ],
            [
              132.704396466,
              35.392627013
            ],
            [
              132.704437294,
              35.392776097
            ],
            [
              132.704857495,
              35.392494738
            ],
            [
              132.704817999,
              35.392384353
            ],
            [
              132.704824372,
              35.3923711
            ],
            [
              132.704794734,
              35.39228571
            ],
            [
              132.704743708,
              35.392222458
            ],
            [
              132.704722501,
              35.392223238
            ],
            [
              132.704575126,
              35.392243291
            ],
            [
              132.704598802,
              35.392403648
            ],
            [
              132.704416699,
              35.392431106
            ],
            [
              132.704365084,
              35.392441033
            ],
            [
              132.704362807,
              35.392422529
            ],
            [
              132.704286487,
              35.392441383
            ],
            [
              132.70422091,
              35.392456751
            ]
          ]
        ]
      },
      "properties": {
        "polygon_uuid": "1cbb9c22-0bec-41ec-a3dc-d9658954f160",
        "daicho_shubetsu_cd": "FUD25"
      }
    },
    {
      "type": "Feature",
      "geometry": {
        "type": "Polygon",
        "coordinates": [
          [
            [
              132.714500336,
              35.394281261
            ],
            [
              132.715178506,
              35.394282953
            ],
            [
              132.715179751,
              35.39427357
            ],
            [
              132.715181003,
              35.394170119
            ],
            [
              132.71449987,
              35.394169413
            ],
            [
              132.714500336,
              35.394281261
            ]
          ]
        ]
      },
      "properties": {
        "polygon_uuid": "4b5534f5-bd8d-4007-ad0f-d96978b846f8",
        "daicho_shubetsu_cd": "FUD25"
      }
    },
    {
      "type": "Feature",
      "geometry": {
        "type": "Polygon",
        "coordinates": [
          [
            [
              132.713815611,
              35.393406899
            ],
            [
              132.713815659,
              35.393651686
            ],
            [
              132.713816042,
              35.393708411
            ],
            [
              132.714498322,
              35.393705314
            ],
            [
              132.714497974,
              35.39355769
            ],
            [
              132.714497619,
              35.393407605
            ],
            [
              132.713815611,
              35.393406899
            ]
          ]
        ]
      },
      "properties": {
        "polygon_uuid": "2b03f18a-f896-4f4f-b80d-d9b8a2365ec2",
        "daicho_shubetsu_cd": "FUD25"
      }
    },
    {
      "type": "Feature",
      "geometry": {
        "type": "Polygon",
        "coordinates": [
          [
            [
              132.711679325,
              35.392052947
            ],
            [
              132.711679137,
              35.392352185
            ],
            [
              132.712386384,
              35.392350168
            ],
            [
              132.712383176,
              35.392052741
            ],
            [
              132.711679325,
              35.392052947
            ]
          ]
        ]
      },
      "properties": {
        "polygon_uuid": "11514a34-47aa-4141-aa21-dbc63987a6b3",
        "daicho_shubetsu_cd": "FUD25"
      }
    },
    {
      "type": "Feature",
      "geometry": {
        "type": "Polygon",
        "coordinates": [
          [
            [
              132.709643982,
              35.392181675
            ],
            [
              132.710186946,
              35.392180598
            ],
            [
              132.71018682,
              35.392060967
            ],
            [
              132.709657839,
              35.392064387
            ],
            [
              132.70963889,
              35.392083215
            ],
            [
              132.709643982,
              35.392181675
            ]
          ]
        ]
      },
      "properties": {
        "polygon_uuid": "ad6d7ada-3a5b-46e8-a7f6-dbf525602f44",
        "daicho_shubetsu_cd": "FUD25"
      }
    },
    {
      "type": "Feature",
      "geometry": {
        "type": "Polygon",
        "coordinates": [
          [
            [
              132.703771948,
              35.395702852
            ],
            [
              132.704002673,
              35.395695179
            ],
            [
              132.704002797,
              35.395685439
            ],
            [
              132.704006327,
              35.39534674
            ],
            [
              132.703346673,
              35.395349933
            ],
            [
              132.703391342,
              35.395700303
            ],
            [
              132.703771948,
              35.395702852
            ]
          ]
        ]
      },
      "properties": {
        "polygon_uuid": "9fc0e107-0eab-408a-8dfd-dcc3b783df70",
        "daicho_shubetsu_cd": "FUD25"
      }
    },
    {
      "type": "Feature",
      "geometry": {
        "type": "Polygon",
        "coordinates": [
          [
            [
              132.704344996,
              35.39120372
            ],
            [
              132.70463738,
              35.391202418
            ],
            [
              132.704809784,
              35.391203437
            ],
            [
              132.70494765,
              35.39063269
            ],
            [
              132.704745296,
              35.390664452
            ],
            [
              132.704574261,
              35.390683216
            ],
            [
              132.704519186,
              35.390685422
            ],
            [
              132.704421729,
              35.390920642
            ],
            [
              132.704369085,
              35.391047704
            ],
            [
              132.704344996,
              35.39120372
            ]
          ]
        ]
      },
      "properties": {
        "polygon_uuid": "f0df52fd-c273-49b9-bf08-de64cb7fc603",
        "daicho_shubetsu_cd": "FUD25"
      }
    },
    {
      "type": "Feature",
      "geometry": {
        "type": "Polygon",
        "coordinates": [
          [
            [
              132.712415539,
              35.394276057
            ],
            [
              132.713095724,
              35.394277755
            ],
            [
              132.713095677,
              35.394132984
            ],
            [
              132.712415328,
              35.394134803
            ],
            [
              132.712415539,
              35.394276057
            ]
          ]
        ]
      },
      "properties": {
        "polygon_uuid": "7b397036-b2ee-4d69-be80-dec03e2fd295",
        "daicho_shubetsu_cd": "FUD25"
      }
    },
    {
      "type": "Feature",
      "geometry": {
        "type": "Polygon",
        "coordinates": [
          [
            [
              132.714495024,
              35.392306755
            ],
            [
              132.714495449,
              35.392486895
            ],
            [
              132.714495936,
              35.392693296
            ],
            [
              132.714496166,
              35.392790886
            ],
            [
              132.715182207,
              35.392790264
            ],
            [
              132.71518219,
              35.392678489
            ],
            [
              132.715181126,
              35.392521206
            ],
            [
              132.715194326,
              35.392515308
            ],
            [
              132.715367466,
              35.392515356
            ],
            [
              132.715378601,
              35.392505298
            ],
            [
              132.715294739,
              35.392262823
            ],
            [
              132.714494921,
              35.392262949
            ],
            [
              132.714495024,
              35.392306755
            ]
          ]
        ]
      },
      "properties": {
        "polygon_uuid": "17f936ca-e516-4ddd-82d7-deddda648927",
        "daicho_shubetsu_cd": "FUD25"
      }
    },
    {
      "type": "Feature",
      "geometry": {
        "type": "Polygon",
        "coordinates": [
          [
            [
              132.700688997,
              35.390665176
            ],
            [
              132.700721771,
              35.390887894
            ],
            [
              132.701085976,
              35.390893009
            ],
            [
              132.70108679,
              35.390673877
            ],
            [
              132.701068876,
              35.390655954
            ],
            [
              132.700999775,
              35.390654545
            ],
            [
              132.700688997,
              35.390665176
            ]
          ]
        ]
      },
      "properties": {
        "polygon_uuid": "d2729d1a-58ad-436b-9c17-e0f34f2adb2c",
        "daicho_shubetsu_cd": "FUD25"
      }
    },
    {
      "type": "Feature",
      "geometry": {
        "type": "Polygon",
        "coordinates": [
          [
            [
              132.702270157,
              35.391265238
            ],
            [
              132.702648661,
              35.391273638
            ],
            [
              132.702649328,
              35.391180378
            ],
            [
              132.702649559,
              35.391148054
            ],
            [
              132.702649732,
              35.390859267
            ],
            [
              132.702496175,
              35.390857433
            ],
            [
              132.702521811,
              35.390786908
            ],
            [
              132.702529088,
              35.390726523
            ],
            [
              132.702536358,
              35.390664882
            ],
            [
              132.702246382,
              35.390698858
            ],
            [
              132.702238772,
              35.390708951
            ],
            [
              132.702270157,
              35.391265238
            ]
          ]
        ]
      },
      "properties": {
        "polygon_uuid": "2352939c-839e-4714-95fe-e174548271cd",
        "daicho_shubetsu_cd": "FUD25"
      }
    },
    {
      "type": "Feature",
      "geometry": {
        "type": "Polygon",
        "coordinates": [
          [
            [
              132.702646614,
              35.391780409
            ],
            [
              132.702361669,
              35.391741203
            ],
            [
              132.702351141,
              35.391912484
            ],
            [
              132.70235374,
              35.392073412
            ],
            [
              132.702467479,
              35.392090511
            ],
            [
              132.702598041,
              35.392097475
            ],
            [
              132.702647175,
              35.392097257
            ],
            [
              132.702646614,
              35.391780409
            ]
          ]
        ]
      },
      "properties": {
        "polygon_uuid": "1a0e53bb-db31-41cc-b046-e228b1a91b19",
        "daicho_shubetsu_cd": "FUD25"
      }
    },
    {
      "type": "Feature",
      "geometry": {
        "type": "Polygon",
        "coordinates": [
          [
            [
              132.708239243,
              35.396002566
            ],
            [
              132.708912225,
              35.396002326
            ],
            [
              132.708912321,
              35.395826496
            ],
            [
              132.708912346,
              35.395781385
            ],
            [
              132.708239168,
              35.39578161
            ],
            [
              132.708239243,
              35.396002566
            ]
          ]
        ]
      },
      "properties": {
        "polygon_uuid": "5fdfd13a-6603-457c-8719-e451b26c7b75",
        "daicho_shubetsu_cd": "FUD25"
      }
    },
    {
      "type": "Feature",
      "geometry": {
        "type": "Polygon",
        "coordinates": [
          [
            [
              132.706110275,
              35.395430247
            ],
            [
              132.706110505,
              35.395553364
            ],
            [
              132.70611106,
              35.395850456
            ],
            [
              132.706789939,
              35.395847431
            ],
            [
              132.706789311,
              35.395424431
            ],
            [
              132.706110275,
              35.395430247
            ]
          ]
        ]
      },
      "properties": {
        "polygon_uuid": "384cce44-703c-425f-ad3f-e52ae777a172",
        "daicho_shubetsu_cd": "FUD25"
      }
    },
    {
      "type": "Feature",
      "geometry": {
        "type": "Polygon",
        "coordinates": [
          [
            [
              132.710514629,
              35.396837065
            ],
            [
              132.710697785,
              35.396853766
            ],
            [
              132.710715474,
              35.396850061
            ],
            [
              132.71085514,
              35.396765428
            ],
            [
              132.710909022,
              35.396765789
            ],
            [
              132.710929668,
              35.396762675
            ],
            [
              132.710947316,
              35.396752925
            ],
            [
              132.710942829,
              35.396634494
            ],
            [
              132.710668135,
              35.396615183
            ],
            [
              132.710651991,
              35.396629156
            ],
            [
              132.710561916,
              35.396734718
            ],
            [
              132.710526194,
              35.396800752
            ],
            [
              132.710514629,
              35.396837065
            ]
          ]
        ]
      },
      "properties": {
        "polygon_uuid": "bf055ba2-dc0c-473b-b5b3-e537613b2039",
        "daicho_shubetsu_cd": "FUD25"
      }
    },
    {
      "type": "Feature",
      "geometry": {
        "type": "Polygon",
        "coordinates": [
          [
            [
              132.715181615,
              35.396481846
            ],
            [
              132.715498465,
              35.396477473
            ],
            [
              132.71549126,
              35.396464009
            ],
            [
              132.715456496,
              35.396400908
            ],
            [
              132.715450628,
              35.396386756
            ],
            [
              132.715180294,
              35.396388808
            ],
            [
              132.715181615,
              35.396481846
            ]
          ]
        ]
      },
      "properties": {
        "polygon_uuid": "e53ed227-858f-403c-8875-e6590ab4c4d9",
        "daicho_shubetsu_cd": "FUD25"
      }
    },
    {
      "type": "Feature",
      "geometry": {
        "type": "Polygon",
        "coordinates": [
          [
            [
              132.711678468,
              35.393415871
            ],
            [
              132.711678377,
              35.393561066
            ],
            [
              132.711678372,
              35.393566999
            ],
            [
              132.712380579,
              35.393564964
            ],
            [
              132.712382638,
              35.393320156
            ],
            [
              132.711678527,
              35.393320965
            ],
            [
              132.711678468,
              35.393415871
            ]
          ]
        ]
      },
      "properties": {
        "polygon_uuid": "0449598a-e3d0-4410-95bb-e772aed1c7a1",
        "daicho_shubetsu_cd": "FUD25"
      }
    },
    {
      "type": "Feature",
      "geometry": {
        "type": "Polygon",
        "coordinates": [
          [
            [
              132.707507721,
              35.393601206
            ],
            [
              132.70819309,
              35.393599203
            ],
            [
              132.708195434,
              35.393237881
            ],
            [
              132.707553983,
              35.393238841
            ],
            [
              132.707504854,
              35.393271658
            ],
            [
              132.707507721,
              35.393601206
            ]
          ]
        ]
      },
      "properties": {
        "polygon_uuid": "16bd076c-2ea4-4293-b088-e84ee5f595b0",
        "daicho_shubetsu_cd": "FUD25"
      }
    },
    {
      "type": "Feature",
      "geometry": {
        "type": "Polygon",
        "coordinates": [
          [
            [
              132.704051128,
              35.391216932
            ],
            [
              132.704063016,
              35.391290309
            ],
            [
              132.704162362,
              35.391285629
            ],
            [
              132.70417632,
              35.39136101
            ],
            [
              132.704197529,
              35.391437207
            ],
            [
              132.704559811,
              35.391432204
            ],
            [
              132.704565993,
              35.391427938
            ],
            [
              132.704562605,
              35.391221198
            ],
            [
              132.704549301,
              35.391220955
            ],
            [
              132.704057255,
              35.391217144
            ],
            [
              132.704051128,
              35.391216932
            ]
          ]
        ]
      },
      "properties": {
        "polygon_uuid": "feb890ba-610a-4070-bde0-e86dad644ee1",
        "daicho_shubetsu_cd": "FUD25"
      }
    },
    {
      "type": "Feature",
      "geometry": {
        "type": "Polygon",
        "coordinates": [
          [
            [
              132.703386808,
              35.393758707
            ],
            [
              132.703375828,
              35.393746854
            ],
            [
              132.703120384,
              35.393722696
            ],
            [
              132.703034272,
              35.39375209
            ],
            [
              132.703071699,
              35.393916327
            ],
            [
              132.703084487,
              35.393926685
            ],
            [
              132.703327831,
              35.393907006
            ],
            [
              132.703408079,
              35.393893418
            ],
            [
              132.703386808,
              35.393758707
            ]
          ]
        ]
      },
      "properties": {
        "polygon_uuid": "3843e8d0-24b1-467e-af4c-ea0dbd6b76ef",
        "daicho_shubetsu_cd": "FUD25"
      }
    },
    {
      "type": "Feature",
      "geometry": {
        "type": "Polygon",
        "coordinates": [
          [
            [
              132.703155238,
              35.393705952
            ],
            [
              132.703202527,
              35.393713181
            ],
            [
              132.703443387,
              35.393729965
            ],
            [
              132.703423117,
              35.39355003
            ],
            [
              132.70327562,
              35.393638466
            ],
            [
              132.703195063,
              35.393683458
            ],
            [
              132.703155238,
              35.393705952
            ]
          ]
        ]
      },
      "properties": {
        "polygon_uuid": "8fcd9961-9962-42bb-a718-ea18616554ff",
        "daicho_shubetsu_cd": "FUD25"
      }
    },
    {
      "type": "Feature",
      "geometry": {
        "type": "Polygon",
        "coordinates": [
          [
            [
              132.712414776,
              35.393766378
            ],
            [
              132.712415328,
              35.394134803
            ],
            [
              132.713095677,
              35.394132984
            ],
            [
              132.713095618,
              35.393951592
            ],
            [
              132.713095559,
              35.393766671
            ],
            [
              132.712414776,
              35.393766378
            ]
          ]
        ]
      },
      "properties": {
        "polygon_uuid": "6242a54d-2453-498b-b86d-eabfe2cafa01",
        "daicho_shubetsu_cd": "FUD25"
      }
    },
    {
      "type": "Feature",
      "geometry": {
        "type": "Polygon",
        "coordinates": [
          [
            [
              132.710341078,
              35.393060104
            ],
            [
              132.710939022,
              35.393055547
            ],
            [
              132.710940814,
              35.39264784
            ],
            [
              132.710339057,
              35.392647051
            ],
            [
              132.710341078,
              35.393060104
            ]
          ]
        ]
      },
      "properties": {
        "polygon_uuid": "d233d07f-c6c8-40b8-9eff-ead1a0104be2",
        "daicho_shubetsu_cd": "FUD25"
      }
    },
    {
      "type": "Feature",
      "geometry": {
        "type": "Polygon",
        "coordinates": [
          [
            [
              132.712422361,
              35.395684429
            ],
            [
              132.712422981,
              35.395753237
            ],
            [
              132.712469189,
              35.395753951
            ],
            [
              132.712469611,
              35.395816869
            ],
            [
              132.713097736,
              35.395815914
            ],
            [
              132.713097568,
              35.395743394
            ],
            [
              132.713097429,
              35.395683456
            ],
            [
              132.712422361,
              35.395684429
            ]
          ]
        ]
      },
      "properties": {
        "polygon_uuid": "27938259-37db-4e18-85e1-eb45a5082e13",
        "daicho_shubetsu_cd": "FUD25"
      }
    },
    {
      "type": "Feature",
      "geometry": {
        "type": "Polygon",
        "coordinates": [
          [
            [
              132.710937834,
              35.394306643
            ],
            [
              132.710938124,
              35.393923965
            ],
            [
              132.710341172,
              35.393926867
            ],
            [
              132.710343716,
              35.394305823
            ],
            [
              132.710368075,
              35.394311571
            ],
            [
              132.71059128,
              35.394315252
            ],
            [
              132.710878846,
              35.394316299
            ],
            [
              132.710923179,
              35.394313757
            ],
            [
              132.710937834,
              35.394306643
            ]
          ]
        ]
      },
      "properties": {
        "polygon_uuid": "b6257541-b42e-40de-97aa-ebbda3c9460f",
        "daicho_shubetsu_cd": "FUD25"
      }
    },
    {
      "type": "Feature",
      "geometry": {
        "type": "Polygon",
        "coordinates": [
          [
            [
              132.715219971,
              35.393832509
            ],
            [
              132.716044945,
              35.393832419
            ],
            [
              132.716007532,
              35.393722161
            ],
            [
              132.715935801,
              35.39362022
            ],
            [
              132.715838768,
              35.39350432
            ],
            [
              132.715827358,
              35.393491496
            ],
            [
              132.715218186,
              35.393488188
            ],
            [
              132.715219971,
              35.393832509
            ]
          ]
        ]
      },
      "properties": {
        "polygon_uuid": "330034dc-b30a-4fc7-92f4-ebc2400df569",
        "daicho_shubetsu_cd": "FUD25"
      }
    },
    {
      "type": "Feature",
      "geometry": {
        "type": "Polygon",
        "coordinates": [
          [
            [
              132.703476568,
              35.392794742
            ],
            [
              132.703543709,
              35.392786868
            ],
            [
              132.703555824,
              35.392781734
            ],
            [
              132.703438876,
              35.392519164
            ],
            [
              132.703399045,
              35.392520223
            ],
            [
              132.703286106,
              35.392537476
            ],
            [
              132.702765713,
              35.392648232
            ],
            [
              132.702862591,
              35.39296961
            ],
            [
              132.702936712,
              35.392943712
            ],
            [
              132.703091544,
              35.392911285
            ],
            [
              132.703173249,
              35.392892407
            ],
            [
              132.703381558,
              35.39280596
            ],
            [
              132.703477341,
              35.392791818
            ],
            [
              132.703476568,
              35.392794742
            ]
          ]
        ]
      },
      "properties": {
        "polygon_uuid": "bbc88482-e9b6-408f-8d76-ec87a0615255",
        "daicho_shubetsu_cd": "FUD25"
      }
    },
    {
      "type": "Feature",
      "geometry": {
        "type": "Polygon",
        "coordinates": [
          [
            [
              132.714021063,
              35.396681166
            ],
            [
              132.714285265,
              35.39668153
            ],
            [
              132.714280745,
              35.396585372
            ],
            [
              132.71428188,
              35.396313722
            ],
            [
              132.714022453,
              35.396314116
            ],
            [
              132.714021063,
              35.396681166
            ]
          ]
        ]
      },
      "properties": {
        "polygon_uuid": "33d2983b-eec5-48ce-9c7c-ecaac3da51e9",
        "daicho_shubetsu_cd": "FUD25"
      }
    },
    {
      "type": "Feature",
      "geometry": {
        "type": "Polygon",
        "coordinates": [
          [
            [
              132.714499237,
              35.395528898
            ],
            [
              132.714499247,
              35.395533171
            ],
            [
              132.715180068,
              35.395531015
            ],
            [
              132.715179974,
              35.395526094
            ],
            [
              132.715179657,
              35.395306637
            ],
            [
              132.714498723,
              35.395308566
            ],
            [
              132.714498775,
              35.395330832
            ],
            [
              132.714499237,
              35.395528898
            ]
          ]
        ]
      },
      "properties": {
        "polygon_uuid": "a8969393-b321-4304-9835-ecbbe8c2ed62",
        "daicho_shubetsu_cd": "FUD25"
      }
    },
    {
      "type": "Feature",
      "geometry": {
        "type": "Polygon",
        "coordinates": [
          [
            [
              132.705108815,
              35.393403727
            ],
            [
              132.705643196,
              35.393232932
            ],
            [
              132.70556957,
              35.393054257
            ],
            [
              132.705009356,
              35.393230463
            ],
            [
              132.705098439,
              35.393399536
            ],
            [
              132.705108815,
              35.393403727
            ]
          ]
        ]
      },
      "properties": {
        "polygon_uuid": "db683f03-7403-42d7-bb91-ede1bafa5b74",
        "daicho_shubetsu_cd": "FUD25"
      }
    },
    {
      "type": "Feature",
      "geometry": {
        "type": "Polygon",
        "coordinates": [
          [
            [
              132.702647451,
              35.391442684
            ],
            [
              132.702642645,
              35.391644634
            ],
            [
              132.702646614,
              35.391780409
            ],
            [
              132.702866372,
              35.391808353
            ],
            [
              132.702944737,
              35.391816807
            ],
            [
              132.703102594,
              35.391832718
            ],
            [
              132.703244961,
              35.391844659
            ],
            [
              132.703236526,
              35.391653161
            ],
            [
              132.703240902,
              35.391508487
            ],
            [
              132.70284292,
              35.391463733
            ],
            [
              132.702841842,
              35.39130084
            ],
            [
              132.702841073,
              35.391184611
            ],
            [
              132.702649328,
              35.391180378
            ],
            [
              132.702647451,
              35.391442684
            ]
          ]
        ]
      },
      "properties": {
        "polygon_uuid": "89ed90cc-4c9d-4eda-a952-ee00c438528f",
        "daicho_shubetsu_cd": "FUD25"
      }
    },
    {
      "type": "Feature",
      "geometry": {
        "type": "Polygon",
        "coordinates": [
          [
            [
              132.710339955,
              35.392015594
            ],
            [
              132.710935406,
              35.392010277
            ],
            [
              132.710936049,
              35.391682948
            ],
            [
              132.710877033,
              35.391682335
            ],
            [
              132.710874621,
              35.391642809
            ],
            [
              132.710627881,
              35.391648314
            ],
            [
              132.710623559,
              35.39164394
            ],
            [
              132.710340523,
              35.391676844
            ],
            [
              132.710339955,
              35.392015594
            ]
          ]
        ]
      },
      "properties": {
        "polygon_uuid": "5e323e74-e1c5-4def-ba6f-ee1dfab64651",
        "daicho_shubetsu_cd": "FUD25"
      }
    },
    {
      "type": "Feature",
      "geometry": {
        "type": "Polygon",
        "coordinates": [
          [
            [
              132.713814466,
              35.392695133
            ],
            [
              132.713814997,
              35.3928615
            ],
            [
              132.714496325,
              35.392858428
            ],
            [
              132.714496166,
              35.392790886
            ],
            [
              132.714495936,
              35.392693296
            ],
            [
              132.713814466,
              35.392695133
            ]
          ]
        ]
      },
      "properties": {
        "polygon_uuid": "eb3461e3-a9d5-4fd6-ab79-ef3a9103d053",
        "daicho_shubetsu_cd": "FUD25"
      }
    },
    {
      "type": "Feature",
      "geometry": {
        "type": "Polygon",
        "coordinates": [
          [
            [
              132.704030261,
              35.395832216
            ],
            [
              132.704032416,
              35.396075175
            ],
            [
              132.704711448,
              35.396073554
            ],
            [
              132.704711431,
              35.396065448
            ],
            [
              132.704710959,
              35.395826403
            ],
            [
              132.704030261,
              35.395832216
            ]
          ]
        ]
      },
      "properties": {
        "polygon_uuid": "0e8fb732-411a-436b-89e0-f02c44157f6f",
        "daicho_shubetsu_cd": "FUD25"
      }
    },
    {
      "type": "Feature",
      "geometry": {
        "type": "Polygon",
        "coordinates": [
          [
            [
              132.71387568,
              35.395839586
            ],
            [
              132.714499962,
              35.395839206
            ],
            [
              132.714499745,
              35.395746538
            ],
            [
              132.713818143,
              35.395747276
            ],
            [
              132.713818449,
              35.395839065
            ],
            [
              132.71387568,
              35.395839586
            ]
          ]
        ]
      },
      "properties": {
        "polygon_uuid": "203af286-478d-48d1-997e-f20cd1b89fc6",
        "daicho_shubetsu_cd": "FUD25"
      }
    },
    {
      "type": "Feature",
      "geometry": {
        "type": "Polygon",
        "coordinates": [
          [
            [
              132.70073432,
              35.391082632
            ],
            [
              132.701085258,
              35.391090746
            ],
            [
              132.701085281,
              35.39107987
            ],
            [
              132.701085976,
              35.390893009
            ],
            [
              132.700721771,
              35.390887894
            ],
            [
              132.700736768,
              35.390989803
            ],
            [
              132.700734195,
              35.391075967
            ],
            [
              132.70073432,
              35.391082632
            ]
          ]
        ]
      },
      "properties": {
        "polygon_uuid": "735e4603-f397-4bb6-ad74-f3ce10dbdb27",
        "daicho_shubetsu_cd": "FUD25"
      }
    },
    {
      "type": "Feature",
      "geometry": {
        "type": "Polygon",
        "coordinates": [
          [
            [
              132.714494105,
              35.392058643
            ],
            [
              132.714494461,
              35.392067635
            ],
            [
              132.714494921,
              35.392262949
            ],
            [
              132.715294739,
              35.392262823
            ],
            [
              132.715291341,
              35.392252998
            ],
            [
              132.715220797,
              35.39206267
            ],
            [
              132.715192269,
              35.392061133
            ],
            [
              132.714501743,
              35.392060096
            ],
            [
              132.714494105,
              35.392058643
            ]
          ]
        ]
      },
      "properties": {
        "polygon_uuid": "def17eab-4636-4154-b50c-f3f4ef883af5",
        "daicho_shubetsu_cd": "FUD25"
      }
    },
    {
      "type": "Feature",
      "geometry": {
        "type": "Polygon",
        "coordinates": [
          [
            [
              132.71548017,
              35.396291848
            ],
            [
              132.715180523,
              35.396296482
            ],
            [
              132.715180294,
              35.396388808
            ],
            [
              132.715450628,
              35.396386756
            ],
            [
              132.715447769,
              35.396379861
            ],
            [
              132.71548017,
              35.396291848
            ]
          ]
        ]
      },
      "properties": {
        "polygon_uuid": "24b94b5d-7a4e-403f-b77c-f4c6d01c5b84",
        "daicho_shubetsu_cd": "FUD25"
      }
    },
    {
      "type": "Feature",
      "geometry": {
        "type": "Polygon",
        "coordinates": [
          [
            [
              132.709721307,
              35.396660622
            ],
            [
              132.709753461,
              35.39666773
            ],
            [
              132.709951818,
              35.396694941
            ],
            [
              132.710233261,
              35.396729935
            ],
            [
              132.710254897,
              35.396654597
            ],
            [
              132.710261521,
              35.396651847
            ],
            [
              132.710283225,
              35.39658648
            ],
            [
              132.709726083,
              35.396547286
            ],
            [
              132.709721307,
              35.396660622
            ]
          ]
        ]
      },
      "properties": {
        "polygon_uuid": "89078ad0-9202-4a1d-b585-f4d50dab241c",
        "daicho_shubetsu_cd": "FUD25"
      }
    },
    {
      "type": "Feature",
      "geometry": {
        "type": "Polygon",
        "coordinates": [
          [
            [
              132.705432048,
              35.396356952
            ],
            [
              132.70588987,
              35.396357686
            ],
            [
              132.705930502,
              35.396348249
            ],
            [
              132.70611199,
              35.396348233
            ],
            [
              132.706111566,
              35.396121671
            ],
            [
              132.70543233,
              35.396122829
            ],
            [
              132.705432048,
              35.396356952
            ]
          ]
        ]
      },
      "properties": {
        "polygon_uuid": "96cd1207-69ba-44dd-8c02-f75925fd3508",
        "daicho_shubetsu_cd": "FUD25"
      }
    },
    {
      "type": "Feature",
      "geometry": {
        "type": "Polygon",
        "coordinates": [
          [
            [
              132.710341122,
              35.393462384
            ],
            [
              132.710937559,
              35.393460874
            ],
            [
              132.71093749,
              35.393403839
            ],
            [
              132.710939022,
              35.393055547
            ],
            [
              132.710341078,
              35.393060104
            ],
            [
              132.710341122,
              35.393462384
            ]
          ]
        ]
      },
      "properties": {
        "polygon_uuid": "41484130-2031-442f-b665-f9ec23546719",
        "daicho_shubetsu_cd": "FUD25"
      }
    },
    {
      "type": "Feature",
      "geometry": {
        "type": "Polygon",
        "coordinates": [
          [
            [
              132.713818143,
              35.395747276
            ],
            [
              132.714499745,
              35.395746538
            ],
            [
              132.714499732,
              35.395740728
            ],
            [
              132.714499247,
              35.395533171
            ],
            [
              132.714499237,
              35.395528898
            ],
            [
              132.713817411,
              35.395528071
            ],
            [
              132.713818143,
              35.395747276
            ]
          ]
        ]
      },
      "properties": {
        "polygon_uuid": "747f9a2d-2dfa-49a3-982a-fa2eef4d33e2",
        "daicho_shubetsu_cd": "FUD25"
      }
    },
    {
      "type": "Feature",
      "geometry": {
        "type": "Polygon",
        "coordinates": [
          [
            [
              132.714494932,
              35.392008513
            ],
            [
              132.715210997,
              35.392003338
            ],
            [
              132.715179727,
              35.391784873
            ],
            [
              132.715160296,
              35.391622648
            ],
            [
              132.714497588,
              35.391555288
            ],
            [
              132.714496906,
              35.391671554
            ],
            [
              132.714495991,
              35.391827827
            ],
            [
              132.714494932,
              35.392008513
            ]
          ]
        ]
      },
      "properties": {
        "polygon_uuid": "5831dc8f-bd28-40da-800e-fa48dd2b0bbe",
        "daicho_shubetsu_cd": "FUD25"
      }
    },
    {
      "type": "Feature",
      "geometry": {
        "type": "Polygon",
        "coordinates": [
          [
            [
              132.713382017,
              35.396394942
            ],
            [
              132.713520307,
              35.396393536
            ],
            [
              132.713537059,
              35.396473119
            ],
            [
              132.713774746,
              35.396473605
            ],
            [
              132.713771312,
              35.396076158
            ],
            [
              132.713100549,
              35.396076824
            ],
            [
              132.713098707,
              35.396076826
            ],
            [
              132.713099029,
              35.396218322
            ],
            [
              132.713097322,
              35.396389363
            ],
            [
              132.71310215,
              35.396398165
            ],
            [
              132.713382017,
              35.396394942
            ]
          ]
        ]
      },
      "properties": {
        "polygon_uuid": "0e1a372f-4ba3-4653-8269-fa8ffd632b32",
        "daicho_shubetsu_cd": "FUD25"
      }
    },
    {
      "type": "Feature",
      "geometry": {
        "type": "Polygon",
        "coordinates": [
          [
            [
              132.711679325,
              35.392052947
            ],
            [
              132.710995496,
              35.392053144
            ],
            [
              132.710975562,
              35.392067291
            ],
            [
              132.710978468,
              35.392383459
            ],
            [
              132.711679118,
              35.392381505
            ],
            [
              132.711679137,
              35.392352185
            ],
            [
              132.711679325,
              35.392052947
            ]
          ]
        ]
      },
      "properties": {
        "polygon_uuid": "94ceadd6-3219-4de5-b7ae-fb0ca5c9a551",
        "daicho_shubetsu_cd": "FUD25"
      }
    },
    {
      "type": "Feature",
      "geometry": {
        "type": "Polygon",
        "coordinates": [
          [
            [
              132.704710668,
              35.395679236
            ],
            [
              132.704710959,
              35.395826403
            ],
            [
              132.704711431,
              35.396065448
            ],
            [
              132.705408144,
              35.396069167
            ],
            [
              132.705409705,
              35.395873549
            ],
            [
              132.70540841,
              35.395678901
            ],
            [
              132.704710668,
              35.395679236
            ]
          ]
        ]
      },
      "properties": {
        "polygon_uuid": "0ca7efda-7aff-4160-bc81-fbbb24f8a5a8",
        "daicho_shubetsu_cd": "FUD25"
      }
    },
    {
      "type": "Feature",
      "geometry": {
        "type": "Polygon",
        "coordinates": [
          [
            [
              132.70248023,
              35.393048859
            ],
            [
              132.702810776,
              35.392978739
            ],
            [
              132.702709534,
              35.39265286
            ],
            [
              132.702408611,
              35.39275673
            ],
            [
              132.70248023,
              35.393048859
            ]
          ]
        ]
      },
      "properties": {
        "polygon_uuid": "46bd2530-c683-4ae1-80b7-fd3ed21fd589",
        "daicho_shubetsu_cd": "FUD25"
      }
    },
    {
      "type": "Feature",
      "geometry": {
        "type": "Polygon",
        "coordinates": [
          [
            [
              132.714500413,
              35.396032466
            ],
            [
              132.714500389,
              35.396069341
            ],
            [
              132.714507159,
              35.396069338
            ],
            [
              132.715116481,
              35.396068622
            ],
            [
              132.715160208,
              35.395765406
            ],
            [
              132.715153364,
              35.395740445
            ],
            [
              132.715091356,
              35.39574069
            ],
            [
              132.714499732,
              35.395740728
            ],
            [
              132.714499745,
              35.395746538
            ],
            [
              132.714499962,
              35.395839206
            ],
            [
              132.714500413,
              35.396032466
            ]
          ]
        ]
      },
      "properties": {
        "polygon_uuid": "c699d718-9441-46d2-9f5a-fd6e88416ad0",
        "daicho_shubetsu_cd": "FUD25"
      }
    },
    {
      "type": "Feature",
      "geometry": {
        "type": "Polygon",
        "coordinates": [
          [
            [
              132.705118515,
              35.391494877
            ],
            [
              132.705142047,
              35.391255175
            ],
            [
              132.705137762,
              35.391240622
            ],
            [
              132.705115716,
              35.39123129
            ],
            [
              132.704562605,
              35.391221198
            ],
            [
              132.704565993,
              35.391427938
            ],
            [
              132.704559811,
              35.391432204
            ],
            [
              132.704197529,
              35.391437207
            ],
            [
              132.704214802,
              35.39150493
            ],
            [
              132.704235487,
              35.391504838
            ],
            [
              132.7045917,
              35.391482272
            ],
            [
              132.704808248,
              35.391487454
            ],
            [
              132.705118515,
              35.391494877
            ]
          ]
        ]
      },
      "properties": {
        "polygon_uuid": "d4a6bea8-ffe1-43b8-9f26-fda1f3ecd868",
        "daicho_shubetsu_cd": "FUD25"
      }
    },
    {
      "type": "Feature",
      "geometry": {
        "type": "Polygon",
        "coordinates": [
          [
            [
              132.706490308,
              35.392354496
            ],
            [
              132.706474718,
              35.392257539
            ],
            [
              132.7064114,
              35.392267143
            ],
            [
              132.706391934,
              35.392257697
            ],
            [
              132.706389164,
              35.39223017
            ],
            [
              132.706373636,
              35.392229181
            ],
            [
              132.706365126,
              35.392116944
            ],
            [
              132.706279815,
              35.392125799
            ],
            [
              132.706254016,
              35.392136506
            ],
            [
              132.706248912,
              35.39214712
            ],
            [
              132.706261422,
              35.392277346
            ],
            [
              132.705970767,
              35.392334781
            ],
            [
              132.705995871,
              35.392414108
            ],
            [
              132.706050133,
              35.392404333
            ],
            [
              132.706062007,
              35.392439234
            ],
            [
              132.706490308,
              35.392354496
            ]
          ]
        ]
      },
      "properties": {
        "polygon_uuid": "369e7651-a932-4b91-9b48-fe1d15a5d52d",
        "daicho_shubetsu_cd": "FUD25"
      }
    },
    {
      "type": "Feature",
      "geometry": {
        "type": "Polygon",
        "coordinates": [
          [
            [
              132.703340137,
              35.391143351
            ],
            [
              132.703118489,
              35.391142215
            ],
            [
              132.703029371,
              35.391134878
            ],
            [
              132.703029513,
              35.391310905
            ],
            [
              132.703328804,
              35.391325558
            ],
            [
              132.703333147,
              35.391249545
            ],
            [
              132.703340137,
              35.391143351
            ]
          ]
        ]
      },
      "properties": {
        "polygon_uuid": "2fe202a5-ea1b-4e87-a59d-fe21e92e4617",
        "daicho_shubetsu_cd": "FUD25"
      }
    }
  ]
}