{
  "type": "FeatureCollection",
  "features": [
    {
      "type": "Feature",
      "geometry": {
        "type": "Polygon",
        "coordinates": [
          [
            [
              132.790887212,
              35.281552033
            ],
            [
              132.790900644,
              35.281568046
            ],
            [
              132.790903778,
              35.28159337
            ],
            [
              132.791016896,
              35.281764933
            ],
            [
              132.791045732,
              35.281799417
            ],
            [
              132.791099083,
              35.281790993
            ],
            [
              132.791146334,
              35.28179686
            ],
            [
              132.791179935,
              35.281804836
            ],
            [
              132.791209731,
              35.281802644
            ],
            [
              132.791261614,
              35.281764688
            ],
            [
              132.791214059,
              35.281719096
            ],
            [
              132.791102926,
              35.281644293
            ],
            [
              132.791025231,
              35.281556074
            ],
            [
              132.79101491,
              35.281506215
            ],
            [
              132.790966585,
              35.281415843
            ],
            [
              132.790956996,
              35.281427517
            ],
            [
              132.790958482,
              35.281511626
            ],
            [
              132.790932916,
              35.281517899
            ],
            [
              132.790928539,
              35.28152012
            ],
            [
              132.790909296,
              35.28153263
            ],
            [
              132.790897189,
              35.281543267
            ],
            [
              132.790887212,
              35.281552033
            ]
          ]
        ]
      },
      "properties": {
        "polygon_uuid": "c31254f7-8866-44d0-ac23-00f05293f1bd",
        "daicho_shubetsu_cd": "FUD25"
      }
    },
    {
      "type": "Feature",
      "geometry": {
        "type": "Polygon",
        "coordinates": [
          [
            [
              132.783400074,
              35.277344213
            ],
            [
              132.783423451,
              35.27732319
            ],
            [
              132.783457415,
              35.277271603
            ],
            [
              132.783475109,
              35.277226436
            ],
            [
              132.783471084,
              35.277192824
            ],
            [
              132.783458611,
              35.277133726
            ],
            [
              132.783461774,
              35.27709779
            ],
            [
              132.783458947,
              35.277064702
            ],
            [
              132.783444569,
              35.277027573
            ],
            [
              132.783414702,
              35.276939687
            ],
            [
              132.783388125,
              35.276832768
            ],
            [
              132.783373374,
              35.276699728
            ],
            [
              132.783237544,
              35.276682813
            ],
            [
              132.783215237,
              35.276679482
            ],
            [
              132.783280858,
              35.276959186
            ],
            [
              132.783299846,
              35.277084808
            ],
            [
              132.783274727,
              35.277323351
            ],
            [
              132.783316542,
              35.277315058
            ],
            [
              132.783400074,
              35.277344213
            ]
          ]
        ]
      },
      "properties": {
        "polygon_uuid": "a4ab063d-0627-4e09-974c-0120b148f9fd",
        "daicho_shubetsu_cd": "FUD25"
      }
    },
    {
      "type": "Feature",
      "geometry": {
        "type": "Polygon",
        "coordinates": [
          [
            [
              132.782546323,
              35.284341432
            ],
            [
              132.782617876,
              35.284254108
            ],
            [
              132.782671442,
              35.284184132
            ],
            [
              132.782724203,
              35.284115258
            ],
            [
              132.782758334,
              35.284062273
            ],
            [
              132.782778911,
              35.284009664
            ],
            [
              132.782767999,
              35.283987217
            ],
            [
              132.782747196,
              35.283982783
            ],
            [
              132.782706549,
              35.284009242
            ],
            [
              132.782651919,
              35.284059879
            ],
            [
              132.782450671,
              35.284246414
            ],
            [
              132.782481065,
              35.284275227
            ],
            [
              132.782526069,
              35.284316605
            ],
            [
              132.782546323,
              35.284341432
            ]
          ]
        ]
      },
      "properties": {
        "polygon_uuid": "3abebd7a-45c6-4157-a620-01de60a4733a",
        "daicho_shubetsu_cd": "FUD25"
      }
    },
    {
      "type": "Feature",
      "geometry": {
        "type": "Polygon",
        "coordinates": [
          [
            [
              132.79053577,
              35.284323367
            ],
            [
              132.790490783,
              35.284314932
            ],
            [
              132.79042197,
              35.284300842
            ],
            [
              132.790408808,
              35.284293744
            ],
            [
              132.790187694,
              35.284358147
            ],
            [
              132.790220444,
              35.284378924
            ],
            [
              132.790256656,
              35.284391738
            ],
            [
              132.790311416,
              35.284410956
            ],
            [
              132.790448286,
              35.284438224
            ],
            [
              132.790492282,
              35.284432219
            ],
            [
              132.790510612,
              35.284410456
            ],
            [
              132.79053577,
              35.284323367
            ]
          ]
        ]
      },
      "properties": {
        "polygon_uuid": "9fecaa2a-e28c-403d-97b2-02e293001aa0",
        "daicho_shubetsu_cd": "FUD25"
      }
    },
    {
      "type": "Feature",
      "geometry": {
        "type": "Polygon",
        "coordinates": [
          [
            [
              132.790530166,
              35.285605025
            ],
            [
              132.790577058,
              35.285645143
            ],
            [
              132.791020787,
              35.285481698
            ],
            [
              132.791020947,
              35.285465828
            ],
            [
              132.791024957,
              35.285414528
            ],
            [
              132.791012131,
              35.285350313
            ],
            [
              132.790983738,
              35.285304944
            ],
            [
              132.790941986,
              35.285332848
            ],
            [
              132.790528271,
              35.285486276
            ],
            [
              132.790533649,
              35.28550257
            ],
            [
              132.790547974,
              35.285532831
            ],
            [
              132.790564175,
              35.285571694
            ],
            [
              132.790576695,
              35.285596185
            ],
            [
              132.790530166,
              35.285605025
            ]
          ]
        ]
      },
      "properties": {
        "polygon_uuid": "448c93ac-6968-4af1-b097-040513919bd9",
        "daicho_shubetsu_cd": "FUD25"
      }
    },
    {
      "type": "Feature",
      "geometry": {
        "type": "Polygon",
        "coordinates": [
          [
            [
              132.790364647,
              35.285251467
            ],
            [
              132.790516515,
              35.285450656
            ],
            [
              132.790528271,
              35.285486276
            ],
            [
              132.790941986,
              35.285332848
            ],
            [
              132.790983738,
              35.285304944
            ],
            [
              132.790967843,
              35.285279548
            ],
            [
              132.790922617,
              35.285240056
            ],
            [
              132.790826322,
              35.285202997
            ],
            [
              132.790797041,
              35.28519572
            ],
            [
              132.790721934,
              35.285177053
            ],
            [
              132.79061878,
              35.285164584
            ],
            [
              132.790618207,
              35.285193329
            ],
            [
              132.790376841,
              35.285248742
            ],
            [
              132.790364647,
              35.285251467
            ]
          ]
        ]
      },
      "properties": {
        "polygon_uuid": "ec894ffc-f18d-412c-9b7e-04ea6fa1c464",
        "daicho_shubetsu_cd": "FUD25"
      }
    },
    {
      "type": "Feature",
      "geometry": {
        "type": "Polygon",
        "coordinates": [
          [
            [
              132.783318532,
              35.277694542
            ],
            [
              132.783204853,
              35.277727421
            ],
            [
              132.783171657,
              35.277754549
            ],
            [
              132.783221116,
              35.277840575
            ],
            [
              132.783360684,
              35.278001108
            ],
            [
              132.783399092,
              35.277969219
            ],
            [
              132.783413671,
              35.2779456
            ],
            [
              132.783408955,
              35.277889984
            ],
            [
              132.78336678,
              35.277764831
            ],
            [
              132.78334099,
              35.277711331
            ],
            [
              132.783318532,
              35.277694542
            ]
          ]
        ]
      },
      "properties": {
        "polygon_uuid": "082938ec-8546-4c7f-a662-05d45117ed49",
        "daicho_shubetsu_cd": "FUD25"
      }
    },
    {
      "type": "Feature",
      "geometry": {
        "type": "Polygon",
        "coordinates": [
          [
            [
              132.777291617,
              35.286821764
            ],
            [
              132.777316111,
              35.28661561
            ],
            [
              132.777341324,
              35.286537205
            ],
            [
              132.777346977,
              35.286376157
            ],
            [
              132.777345486,
              35.286177354
            ],
            [
              132.77735355,
              35.286060389
            ],
            [
              132.77731965,
              35.2860668
            ],
            [
              132.77724903,
              35.286197266
            ],
            [
              132.777220623,
              35.286279917
            ],
            [
              132.777223309,
              35.286379865
            ],
            [
              132.777230053,
              35.286466194
            ],
            [
              132.777242655,
              35.286627529
            ],
            [
              132.777205612,
              35.286808815
            ],
            [
              132.777291617,
              35.286821764
            ]
          ]
        ]
      },
      "properties": {
        "polygon_uuid": "c7873866-effc-4570-8a80-06d1bbc2c849",
        "daicho_shubetsu_cd": "FUD25"
      }
    },
    {
      "type": "Feature",
      "geometry": {
        "type": "Polygon",
        "coordinates": [
          [
            [
              132.783548413,
              35.281776518
            ],
            [
              132.783619957,
              35.28164076
            ],
            [
              132.783287771,
              35.281335121
            ],
            [
              132.783031906,
              35.281382886
            ],
            [
              132.783510262,
              35.281810949
            ],
            [
              132.783548413,
              35.281776518
            ]
          ]
        ]
      },
      "properties": {
        "polygon_uuid": "18dea0c8-54b2-4251-8e1b-095cea37514d",
        "daicho_shubetsu_cd": "FUD25"
      }
    },
    {
      "type": "Feature",
      "geometry": {
        "type": "Polygon",
        "coordinates": [
          [
            [
              132.78375239,
              35.277850428
            ],
            [
              132.783660562,
              35.277548819
            ],
            [
              132.783604193,
              35.277382718
            ],
            [
              132.78358465,
              35.277382899
            ],
            [
              132.783561292,
              35.277385757
            ],
            [
              132.783542986,
              35.277394068
            ],
            [
              132.783538163,
              35.277418742
            ],
            [
              132.783528537,
              35.27747083
            ],
            [
              132.783520562,
              35.277520171
            ],
            [
              132.783584376,
              35.277865057
            ],
            [
              132.783657115,
              35.277856343
            ],
            [
              132.783735834,
              35.277852683
            ],
            [
              132.78375239,
              35.277850428
            ]
          ]
        ]
      },
      "properties": {
        "polygon_uuid": "5e56fd93-9177-439a-b30d-0bc59422d287",
        "daicho_shubetsu_cd": "FUD25"
      }
    },
    {
      "type": "Feature",
      "geometry": {
        "type": "Polygon",
        "coordinates": [
          [
            [
              132.784355188,
              35.280842928
            ],
            [
              132.78423724,
              35.280793289
            ],
            [
              132.784202358,
              35.28077921
            ],
            [
              132.784175931,
              35.28078817
            ],
            [
              132.784140758,
              35.280844702
            ],
            [
              132.784068445,
              35.280978252
            ],
            [
              132.78418213,
              35.280987235
            ],
            [
              132.784355188,
              35.280842928
            ]
          ]
        ]
      },
      "properties": {
        "polygon_uuid": "43e905eb-8a8e-4b84-ba47-0c531fd0486d",
        "daicho_shubetsu_cd": "FUD25"
      }
    },
    {
      "type": "Feature",
      "geometry": {
        "type": "Polygon",
        "coordinates": [
          [
            [
              132.78027651,
              35.283926445
            ],
            [
              132.780302036,
              35.283884677
            ],
            [
              132.78028412,
              35.283851274
            ],
            [
              132.780144216,
              35.283745166
            ],
            [
              132.780086557,
              35.283711964
            ],
            [
              132.779864063,
              35.28378008
            ],
            [
              132.779886538,
              35.28383247
            ],
            [
              132.779868922,
              35.283838896
            ],
            [
              132.779885653,
              35.283861442
            ],
            [
              132.779896863,
              35.283884016
            ],
            [
              132.779893742,
              35.283909379
            ],
            [
              132.77986641,
              35.283944822
            ],
            [
              132.779895487,
              35.283994463
            ],
            [
              132.78027651,
              35.283926445
            ]
          ]
        ]
      },
      "properties": {
        "polygon_uuid": "69df9e5d-63f4-48a5-a373-0daa38b78fce",
        "daicho_shubetsu_cd": "FUD25"
      }
    },
    {
      "type": "Feature",
      "geometry": {
        "type": "Polygon",
        "coordinates": [
          [
            [
              132.787144029,
              35.284497552
            ],
            [
              132.787403784,
              35.284500702
            ],
            [
              132.787394264,
              35.284480505
            ],
            [
              132.787352393,
              35.284418937
            ],
            [
              132.787319026,
              35.28438652
            ],
            [
              132.787274078,
              35.284355519
            ],
            [
              132.787239856,
              35.284319712
            ],
            [
              132.787214945,
              35.284310335
            ],
            [
              132.787141462,
              35.284337868
            ],
            [
              132.787110993,
              35.284359751
            ],
            [
              132.787144029,
              35.284497552
            ]
          ]
        ]
      },
      "properties": {
        "polygon_uuid": "ea95061d-d404-4227-aabc-0e1140550abd",
        "daicho_shubetsu_cd": "FUD25"
      }
    },
    {
      "type": "Feature",
      "geometry": {
        "type": "Polygon",
        "coordinates": [
          [
            [
              132.78306544,
              35.28505976
            ],
            [
              132.782728831,
              35.285112675
            ],
            [
              132.782758082,
              35.285131619
            ],
            [
              132.782807649,
              35.285165162
            ],
            [
              132.782854396,
              35.285203934
            ],
            [
              132.783107543,
              35.285143183
            ],
            [
              132.783085775,
              35.285103205
            ],
            [
              132.78306544,
              35.28505976
            ]
          ]
        ]
      },
      "properties": {
        "polygon_uuid": "41cfd505-e881-4d4d-8a9d-0e51ca43c6dd",
        "daicho_shubetsu_cd": "FUD25"
      }
    },
    {
      "type": "Feature",
      "geometry": {
        "type": "Polygon",
        "coordinates": [
          [
            [
              132.789880073,
              35.282233513
            ],
            [
              132.789874912,
              35.282218371
            ],
            [
              132.78987468,
              35.282188035
            ],
            [
              132.789897625,
              35.282110006
            ],
            [
              132.789938805,
              35.281997408
            ],
            [
              132.789867468,
              35.281976534
            ],
            [
              132.789824471,
              35.281961587
            ],
            [
              132.789716278,
              35.281930899
            ],
            [
              132.789683444,
              35.281925553
            ],
            [
              132.789662461,
              35.281930488
            ],
            [
              132.789563963,
              35.282024764
            ],
            [
              132.789601895,
              35.28203698
            ],
            [
              132.789633121,
              35.282051988
            ],
            [
              132.789644998,
              35.282065716
            ],
            [
              132.789647684,
              35.282087076
            ],
            [
              132.789674051,
              35.28212624
            ],
            [
              132.789722342,
              35.282173566
            ],
            [
              132.78976646,
              35.28222505
            ],
            [
              132.789805322,
              35.282248982
            ],
            [
              132.789834016,
              35.282262623
            ],
            [
              132.789857315,
              35.282264666
            ],
            [
              132.789873962,
              35.282242516
            ],
            [
              132.789880073,
              35.282233513
            ]
          ]
        ]
      },
      "properties": {
        "polygon_uuid": "be5f33bf-8c02-40da-a44e-0ef6775e3b79",
        "daicho_shubetsu_cd": "FUD25"
      }
    },
    {
      "type": "Feature",
      "geometry": {
        "type": "Polygon",
        "coordinates": [
          [
            [
              132.790365916,
              35.282872601
            ],
            [
              132.790339257,
              35.28283113
            ],
            [
              132.790289929,
              35.282758299
            ],
            [
              132.790230453,
              35.282787564
            ],
            [
              132.790059332,
              35.282841536
            ],
            [
              132.790020382,
              35.282878587
            ],
            [
              132.79001342,
              35.28288521
            ],
            [
              132.789930712,
              35.282955273
            ],
            [
              132.789932453,
              35.282965161
            ],
            [
              132.789934229,
              35.28297525
            ],
            [
              132.789957851,
              35.282985471
            ],
            [
              132.790022073,
              35.282990896
            ],
            [
              132.790104536,
              35.282998744
            ],
            [
              132.79014651,
              35.282989565
            ],
            [
              132.790232881,
              35.282958783
            ],
            [
              132.790285663,
              35.282933689
            ],
            [
              132.79035515,
              35.282894031
            ],
            [
              132.790365916,
              35.282872601
            ]
          ]
        ]
      },
      "properties": {
        "polygon_uuid": "d7417bda-e305-40c6-86ca-0f882c1002b9",
        "daicho_shubetsu_cd": "FUD25"
      }
    },
    {
      "type": "Feature",
      "geometry": {
        "type": "Polygon",
        "coordinates": [
          [
            [
              132.790710834,
              35.28577414
            ],
            [
              132.790810029,
              35.285869928
            ],
            [
              132.790834813,
              35.28588569
            ],
            [
              132.791128264,
              35.285791007
            ],
            [
              132.791116392,
              35.285736177
            ],
            [
              132.791111616,
              35.285687812
            ],
            [
              132.791097353,
              35.285638163
            ],
            [
              132.790710834,
              35.28577414
            ]
          ]
        ]
      },
      "properties": {
        "polygon_uuid": "e6fb2379-8400-40f2-a9cb-0f9e76c6d1f4",
        "daicho_shubetsu_cd": "FUD25"
      }
    },
    {
      "type": "Feature",
      "geometry": {
        "type": "Polygon",
        "coordinates": [
          [
            [
              132.790087627,
              35.28436318
            ],
            [
              132.790057156,
              35.284315694
            ],
            [
              132.790032291,
              35.284253079
            ],
            [
              132.790013158,
              35.28417044
            ],
            [
              132.789997294,
              35.284075373
            ],
            [
              132.789968357,
              35.284030017
            ],
            [
              132.78992144,
              35.283942694
            ],
            [
              132.789907892,
              35.283930353
            ],
            [
              132.789894491,
              35.283937317
            ],
            [
              132.789878763,
              35.283969804
            ],
            [
              132.789858171,
              35.284025758
            ],
            [
              132.789854168,
              35.284073114
            ],
            [
              132.789851232,
              35.284107842
            ],
            [
              132.789856889,
              35.284187792
            ],
            [
              132.789856611,
              35.284247595
            ],
            [
              132.789856572,
              35.284256052
            ],
            [
              132.789880505,
              35.284328394
            ],
            [
              132.789910152,
              35.284356509
            ],
            [
              132.789957413,
              35.284379019
            ],
            [
              132.790020724,
              35.284411098
            ],
            [
              132.790087627,
              35.28436318
            ]
          ]
        ]
      },
      "properties": {
        "polygon_uuid": "02e28efa-a1f8-4942-b167-0fed4d35b203",
        "daicho_shubetsu_cd": "FUD25"
      }
    },
    {
      "type": "Feature",
      "geometry": {
        "type": "Polygon",
        "coordinates": [
          [
            [
              132.782450671,
              35.284246414
            ],
            [
              132.782651919,
              35.284059879
            ],
            [
              132.782600226,
              35.284004138
            ],
            [
              132.782592767,
              35.284011271
            ],
            [
              132.782576517,
              35.284003508
            ],
            [
              132.782548033,
              35.28403262
            ],
            [
              132.782465914,
              35.283976228
            ],
            [
              132.782281334,
              35.284141664
            ],
            [
              132.782316066,
              35.284160196
            ],
            [
              132.782367022,
              35.284182869
            ],
            [
              132.78242035,
              35.284227256
            ],
            [
              132.782450671,
              35.284246414
            ]
          ]
        ]
      },
      "properties": {
        "polygon_uuid": "205b7ede-4f9e-4455-8570-138c9d7c5977",
        "daicho_shubetsu_cd": "FUD25"
      }
    },
    {
      "type": "Feature",
      "geometry": {
        "type": "Polygon",
        "coordinates": [
          [
            [
              132.783107543,
              35.285143183
            ],
            [
              132.782854396,
              35.285203934
            ],
            [
              132.782899491,
              35.285241338
            ],
            [
              132.78298248,
              35.285314541
            ],
            [
              132.783007585,
              35.285325276
            ],
            [
              132.783025276,
              35.285328807
            ],
            [
              132.783049527,
              35.285323855
            ],
            [
              132.783079806,
              35.285309239
            ],
            [
              132.783111174,
              35.285272265
            ],
            [
              132.783142611,
              35.285221804
            ],
            [
              132.783145445,
              35.285207306
            ],
            [
              132.783126081,
              35.28517723
            ],
            [
              132.783107543,
              35.285143183
            ]
          ]
        ]
      },
      "properties": {
        "polygon_uuid": "2875042f-159b-439e-b5c7-14686b13e067",
        "daicho_shubetsu_cd": "FUD25"
      }
    },
    {
      "type": "Feature",
      "geometry": {
        "type": "Polygon",
        "coordinates": [
          [
            [
              132.784379708,
              35.280854128
            ],
            [
              132.784214492,
              35.2810215
            ],
            [
              132.784153577,
              35.281038632
            ],
            [
              132.784113602,
              35.2810748
            ],
            [
              132.784256565,
              35.281128447
            ],
            [
              132.784284401,
              35.281113408
            ],
            [
              132.784326174,
              35.2810842
            ],
            [
              132.784357173,
              35.281025599
            ],
            [
              132.784411164,
              35.280958285
            ],
            [
              132.784444246,
              35.280897954
            ],
            [
              132.784442301,
              35.280866246
            ],
            [
              132.784412517,
              35.280869114
            ],
            [
              132.784379708,
              35.280854128
            ]
          ]
        ]
      },
      "properties": {
        "polygon_uuid": "d098eb67-ee96-48b2-af59-15251e37a975",
        "daicho_shubetsu_cd": "FUD25"
      }
    },
    {
      "type": "Feature",
      "geometry": {
        "type": "Polygon",
        "coordinates": [
          [
            [
              132.777882638,
              35.28394338
            ],
            [
              132.777859313,
              35.283929444
            ],
            [
              132.777851392,
              35.283904129
            ],
            [
              132.777860894,
              35.283882687
            ],
            [
              132.777888827,
              35.283870661
            ],
            [
              132.777704628,
              35.283819185
            ],
            [
              132.777695666,
              35.283826626
            ],
            [
              132.777686833,
              35.283851498
            ],
            [
              132.777693525,
              35.283884742
            ],
            [
              132.77771184,
              35.283921626
            ],
            [
              132.777740363,
              35.283945252
            ],
            [
              132.777784983,
              35.283967741
            ],
            [
              132.777827066,
              35.283995524
            ],
            [
              132.777882638,
              35.28394338
            ]
          ]
        ]
      },
      "properties": {
        "polygon_uuid": "76439bc9-dacd-407d-b489-173fc7372125",
        "daicho_shubetsu_cd": "FUD25"
      }
    },
    {
      "type": "Feature",
      "geometry": {
        "type": "Polygon",
        "coordinates": [
          [
            [
              132.778909557,
              35.28424652
            ],
            [
              132.778860335,
              35.284155322
            ],
            [
              132.778751499,
              35.284221973
            ],
            [
              132.778763807,
              35.284243636
            ],
            [
              132.778708813,
              35.284271072
            ],
            [
              132.778694366,
              35.284258472
            ],
            [
              132.778593442,
              35.284344075
            ],
            [
              132.778627821,
              35.284364721
            ],
            [
              132.778715778,
              35.284316299
            ],
            [
              132.778909557,
              35.28424652
            ]
          ]
        ]
      },
      "properties": {
        "polygon_uuid": "78e4bf1f-7315-4a65-a930-17738cb0b338",
        "daicho_shubetsu_cd": "FUD25"
      }
    },
    {
      "type": "Feature",
      "geometry": {
        "type": "Polygon",
        "coordinates": [
          [
            [
              132.783997752,
              35.279934415
            ],
            [
              132.78401302,
              35.279932827
            ],
            [
              132.78402798,
              35.279718149
            ],
            [
              132.784042529,
              35.279598583
            ],
            [
              132.784038323,
              35.279480923
            ],
            [
              132.784033175,
              35.279411874
            ],
            [
              132.784012015,
              35.27938754
            ],
            [
              132.783979982,
              35.279384988
            ],
            [
              132.783943732,
              35.279408709
            ],
            [
              132.783856155,
              35.279506017
            ],
            [
              132.783768722,
              35.279622334
            ],
            [
              132.783733967,
              35.279697646
            ],
            [
              132.783709285,
              35.279791012
            ],
            [
              132.783697979,
              35.27990151
            ],
            [
              132.78369401,
              35.279960283
            ],
            [
              132.783770282,
              35.279959894
            ],
            [
              132.783876752,
              35.279947912
            ],
            [
              132.783997752,
              35.279934415
            ]
          ]
        ]
      },
      "properties": {
        "polygon_uuid": "7ee25586-a0f2-4f64-b59f-1a0d1a83025b",
        "daicho_shubetsu_cd": "FUD25"
      }
    },
    {
      "type": "Feature",
      "geometry": {
        "type": "Polygon",
        "coordinates": [
          [
            [
              132.785991815,
              35.280486665
            ],
            [
              132.786032004,
              35.280500838
            ],
            [
              132.786060819,
              35.280501717
            ],
            [
              132.786089478,
              35.280482056
            ],
            [
              132.786121793,
              35.280449024
            ],
            [
              132.786127797,
              35.280415099
            ],
            [
              132.786103507,
              35.280350517
            ],
            [
              132.786060211,
              35.280257275
            ],
            [
              132.786034379,
              35.280235489
            ],
            [
              132.785976419,
              35.280235107
            ],
            [
              132.785896187,
              35.280245702
            ],
            [
              132.785854787,
              35.280256272
            ],
            [
              132.785858175,
              35.280372315
            ],
            [
              132.78586111,
              35.28042879
            ],
            [
              132.785887483,
              35.280437898
            ],
            [
              132.785945254,
              35.280458144
            ],
            [
              132.785991815,
              35.280486665
            ]
          ]
        ]
      },
      "properties": {
        "polygon_uuid": "19ffdbe0-8f02-4357-8050-1aa484be53e3",
        "daicho_shubetsu_cd": "FUD25"
      }
    },
    {
      "type": "Feature",
      "geometry": {
        "type": "Polygon",
        "coordinates": [
          [
            [
              132.786975407,
              35.284251324
            ],
            [
              132.786985613,
              35.284250655
            ],
            [
              132.787025283,
              35.284240947
            ],
            [
              132.787067535,
              35.284244125
            ],
            [
              132.787114042,
              35.284262217
            ],
            [
              132.787172082,
              35.284272783
            ],
            [
              132.787196833,
              35.284261114
            ],
            [
              132.787200403,
              35.284246059
            ],
            [
              132.787086137,
              35.284137337
            ],
            [
              132.787068026,
              35.284151009
            ],
            [
              132.786993809,
              35.284082138
            ],
            [
              132.787004489,
              35.28407122
            ],
            [
              132.786867102,
              35.283960847
            ],
            [
              132.78683339,
              35.283937597
            ],
            [
              132.786807332,
              35.283893831
            ],
            [
              132.786804761,
              35.283889963
            ],
            [
              132.786758751,
              35.283820755
            ],
            [
              132.786655664,
              35.283909688
            ],
            [
              132.786621107,
              35.283938381
            ],
            [
              132.78657035,
              35.283960027
            ],
            [
              132.786568135,
              35.283960611
            ],
            [
              132.786539504,
              35.284009275
            ],
            [
              132.786580019,
              35.284044896
            ],
            [
              132.786606622,
              35.284059017
            ],
            [
              132.786626905,
              35.284065709
            ],
            [
              132.78667552,
              35.284081749
            ],
            [
              132.7867803,
              35.284140957
            ],
            [
              132.786908283,
              35.284226874
            ],
            [
              132.786949174,
              35.28424303
            ],
            [
              132.786975407,
              35.284251324
            ]
          ]
        ]
      },
      "properties": {
        "polygon_uuid": "1cd31372-2211-4ebb-8b8f-1cce74a84d6a",
        "daicho_shubetsu_cd": "FUD25"
      }
    },
    {
      "type": "Feature",
      "geometry": {
        "type": "Polygon",
        "coordinates": [
          [
            [
              132.783206344,
              35.282347907
            ],
            [
              132.783244426,
              35.282311421
            ],
            [
              132.783267218,
              35.282259706
            ],
            [
              132.783283303,
              35.282197162
            ],
            [
              132.783256098,
              35.282103608
            ],
            [
              132.783215739,
              35.282022342
            ],
            [
              132.783135639,
              35.281941278
            ],
            [
              132.78306896,
              35.28188323
            ],
            [
              132.782972047,
              35.281803769
            ],
            [
              132.782911164,
              35.282208614
            ],
            [
              132.782902363,
              35.282245594
            ],
            [
              132.782878729,
              35.282399669
            ],
            [
              132.782989822,
              35.282401967
            ],
            [
              132.783087562,
              35.282406901
            ],
            [
              132.78314705,
              35.282390303
            ],
            [
              132.783206344,
              35.282347907
            ]
          ]
        ]
      },
      "properties": {
        "polygon_uuid": "f5d2b03b-b9d4-438c-ba78-1d0d948f9a99",
        "daicho_shubetsu_cd": "FUD25"
      }
    },
    {
      "type": "Feature",
      "geometry": {
        "type": "Polygon",
        "coordinates": [
          [
            [
              132.783025211,
              35.281354888
            ],
            [
              132.782875408,
              35.280947823
            ],
            [
              132.782805822,
              35.280985716
            ],
            [
              132.782764079,
              35.281013085
            ],
            [
              132.782744457,
              35.281003731
            ],
            [
              132.782890697,
              35.281379523
            ],
            [
              132.783025211,
              35.281354888
            ]
          ]
        ]
      },
      "properties": {
        "polygon_uuid": "5673caab-fa73-42ed-b592-1d492dc13d9d",
        "daicho_shubetsu_cd": "FUD25"
      }
    },
    {
      "type": "Feature",
      "geometry": {
        "type": "Polygon",
        "coordinates": [
          [
            [
              132.777245546,
              35.286063371
            ],
            [
              132.77723106,
              35.286054809
            ],
            [
              132.777163657,
              35.285969468
            ],
            [
              132.777088347,
              35.285854145
            ],
            [
              132.777009372,
              35.286187127
            ],
            [
              132.777047968,
              35.286293295
            ],
            [
              132.777074894,
              35.286332604
            ],
            [
              132.777156858,
              35.286324392
            ],
            [
              132.777187004,
              35.286280209
            ],
            [
              132.777218018,
              35.28617269
            ],
            [
              132.777245546,
              35.286063371
            ]
          ]
        ]
      },
      "properties": {
        "polygon_uuid": "b0c73728-10c3-42f7-bcff-1e7118a739a2",
        "daicho_shubetsu_cd": "FUD25"
      }
    },
    {
      "type": "Feature",
      "geometry": {
        "type": "Polygon",
        "coordinates": [
          [
            [
              132.779187321,
              35.284157083
            ],
            [
              132.779161178,
              35.284087734
            ],
            [
              132.779158813,
              35.284066925
            ],
            [
              132.779171444,
              35.28399084
            ],
            [
              132.779128571,
              35.284009143
            ],
            [
              132.778985553,
              35.28407595
            ],
            [
              132.778881175,
              35.284142561
            ],
            [
              132.778860335,
              35.284155322
            ],
            [
              132.778909557,
              35.28424652
            ],
            [
              132.779080221,
              35.28418591
            ],
            [
              132.779187321,
              35.284157083
            ]
          ]
        ]
      },
      "properties": {
        "polygon_uuid": "2d94c9c2-cd80-4a1e-9b73-1ef8627bfef6",
        "daicho_shubetsu_cd": "FUD25"
      }
    },
    {
      "type": "Feature",
      "geometry": {
        "type": "Polygon",
        "coordinates": [
          [
            [
              132.784592798,
              35.277276056
            ],
            [
              132.78459383,
              35.277271864
            ],
            [
              132.784629433,
              35.277097014
            ],
            [
              132.784682387,
              35.276831923
            ],
            [
              132.784667697,
              35.276820024
            ],
            [
              132.784634159,
              35.276814562
            ],
            [
              132.784565478,
              35.276820399
            ],
            [
              132.784488233,
              35.276827367
            ],
            [
              132.784475111,
              35.276833538
            ],
            [
              132.784473846,
              35.27684275
            ],
            [
              132.784484296,
              35.276861713
            ],
            [
              132.784537228,
              35.276879652
            ],
            [
              132.784526106,
              35.276971711
            ],
            [
              132.784475412,
              35.276969153
            ],
            [
              132.784440251,
              35.276884339
            ],
            [
              132.784426312,
              35.276858351
            ],
            [
              132.784413295,
              35.276840809
            ],
            [
              132.78437462,
              35.276837486
            ],
            [
              132.784307636,
              35.276838531
            ],
            [
              132.78431852,
              35.276879863
            ],
            [
              132.784335158,
              35.276922036
            ],
            [
              132.784397681,
              35.276906047
            ],
            [
              132.784427705,
              35.277007816
            ],
            [
              132.784461262,
              35.277128786
            ],
            [
              132.784476247,
              35.277179419
            ],
            [
              132.784500557,
              35.277213807
            ],
            [
              132.784533402,
              35.277241107
            ],
            [
              132.784592798,
              35.277276056
            ]
          ]
        ]
      },
      "properties": {
        "polygon_uuid": "2d1bd379-8327-4653-ab4e-20e6864f83a9",
        "daicho_shubetsu_cd": "FUD25"
      }
    },
    {
      "type": "Feature",
      "geometry": {
        "type": "Polygon",
        "coordinates": [
          [
            [
              132.78425409,
              35.280481401
            ],
            [
              132.784256119,
              35.280457855
            ],
            [
              132.784269597,
              35.28034282
            ],
            [
              132.784316802,
              35.280162436
            ],
            [
              132.784334902,
              35.280074535
            ],
            [
              132.784321132,
              35.280005807
            ],
            [
              132.784289797,
              35.279949841
            ],
            [
              132.784248691,
              35.279915653
            ],
            [
              132.784081336,
              35.279925719
            ],
            [
              132.78401302,
              35.279932827
            ],
            [
              132.783997752,
              35.279934415
            ],
            [
              132.784074552,
              35.280498019
            ],
            [
              132.78425409,
              35.280481401
            ]
          ]
        ]
      },
      "properties": {
        "polygon_uuid": "6d2a6eec-4dfb-42d3-b523-20e6af84be2a",
        "daicho_shubetsu_cd": "FUD25"
      }
    },
    {
      "type": "Feature",
      "geometry": {
        "type": "Polygon",
        "coordinates": [
          [
            [
              132.777507193,
              35.284041389
            ],
            [
              132.777483011,
              35.283964438
            ],
            [
              132.777471014,
              35.283911015
            ],
            [
              132.77748082,
              35.283865802
            ],
            [
              132.777502178,
              35.283814588
            ],
            [
              132.777511896,
              35.28375749
            ],
            [
              132.777520119,
              35.283694456
            ],
            [
              132.777526858,
              35.283626676
            ],
            [
              132.777591147,
              35.283572686
            ],
            [
              132.777550277,
              35.283534859
            ],
            [
              132.777487733,
              35.28359665
            ],
            [
              132.777444527,
              35.283633712
            ],
            [
              132.777405526,
              35.283651737
            ],
            [
              132.777376753,
              35.283680406
            ],
            [
              132.777353848,
              35.283718555
            ],
            [
              132.777297623,
              35.283759248
            ],
            [
              132.777274745,
              35.283800961
            ],
            [
              132.777260608,
              35.283848574
            ],
            [
              132.777240566,
              35.283881953
            ],
            [
              132.777227927,
              35.283926692
            ],
            [
              132.777297655,
              35.283933103
            ],
            [
              132.777312435,
              35.283971061
            ],
            [
              132.777338804,
              35.284008168
            ],
            [
              132.777380532,
              35.284031728
            ],
            [
              132.777433732,
              35.284038591
            ],
            [
              132.777472401,
              35.284040773
            ],
            [
              132.777507193,
              35.284041389
            ]
          ]
        ]
      },
      "properties": {
        "polygon_uuid": "245e0131-680a-4528-ac50-23907fa0394d",
        "daicho_shubetsu_cd": "FUD25"
      }
    },
    {
      "type": "Feature",
      "geometry": {
        "type": "Polygon",
        "coordinates": [
          [
            [
              132.782366979,
              35.282023098
            ],
            [
              132.782476553,
              35.281477128
            ],
            [
              132.782308111,
              35.281373634
            ],
            [
              132.782303682,
              35.281370913
            ],
            [
              132.782235945,
              35.281732025
            ],
            [
              132.782203924,
              35.281877027
            ],
            [
              132.782232906,
              35.281913995
            ],
            [
              132.782256329,
              35.281945558
            ],
            [
              132.782254395,
              35.281981779
            ],
            [
              132.782312026,
              35.282011358
            ],
            [
              132.782366979,
              35.282023098
            ]
          ]
        ]
      },
      "properties": {
        "polygon_uuid": "3a6fac64-0a48-448c-ab61-2570884ab4e4",
        "daicho_shubetsu_cd": "FUD25"
      }
    },
    {
      "type": "Feature",
      "geometry": {
        "type": "Polygon",
        "coordinates": [
          [
            [
              132.777627865,
              35.284471254
            ],
            [
              132.777699545,
              35.28436551
            ],
            [
              132.777672281,
              35.284337915
            ],
            [
              132.777573398,
              35.284295628
            ],
            [
              132.777512245,
              35.284279922
            ],
            [
              132.777476579,
              35.284270762
            ],
            [
              132.777418507,
              35.284258377
            ],
            [
              132.777384485,
              35.28423161
            ],
            [
              132.777344683,
              35.284224913
            ],
            [
              132.777309085,
              35.284245694
            ],
            [
              132.777299755,
              35.284272447
            ],
            [
              132.777321239,
              35.284302448
            ],
            [
              132.777359139,
              35.284330781
            ],
            [
              132.777442572,
              35.284374731
            ],
            [
              132.777527874,
              35.284409956
            ],
            [
              132.777627865,
              35.284471254
            ]
          ]
        ]
      },
      "properties": {
        "polygon_uuid": "ca838513-69c6-4145-b3a9-26a8a6ff1cd2",
        "daicho_shubetsu_cd": "FUD25"
      }
    },
    {
      "type": "Feature",
      "geometry": {
        "type": "Polygon",
        "coordinates": [
          [
            [
              132.784416219,
              35.283430406
            ],
            [
              132.784462389,
              35.283395615
            ],
            [
              132.784516725,
              35.283354602
            ],
            [
              132.784543823,
              35.28332493
            ],
            [
              132.784575819,
              35.283286067
            ],
            [
              132.784618855,
              35.283237393
            ],
            [
              132.784670808,
              35.283209631
            ],
            [
              132.784709245,
              35.283201287
            ],
            [
              132.784730149,
              35.283165701
            ],
            [
              132.784737446,
              35.283153279
            ],
            [
              132.784812815,
              35.283076182
            ],
            [
              132.784745645,
              35.283050333
            ],
            [
              132.784700262,
              35.283031795
            ],
            [
              132.784651772,
              35.283024915
            ],
            [
              132.784643093,
              35.283025435
            ],
            [
              132.78460571,
              35.283027679
            ],
            [
              132.784528872,
              35.283049458
            ],
            [
              132.784433317,
              35.283077223
            ],
            [
              132.784411144,
              35.283083667
            ],
            [
              132.784316857,
              35.283097387
            ],
            [
              132.784303629,
              35.283097764
            ],
            [
              132.784229936,
              35.283099868
            ],
            [
              132.784258342,
              35.283278882
            ],
            [
              132.784275933,
              35.283283884
            ],
            [
              132.78430874,
              35.283291748
            ],
            [
              132.784333756,
              35.283315043
            ],
            [
              132.78436253,
              35.283342393
            ],
            [
              132.784389136,
              35.283411508
            ],
            [
              132.784416219,
              35.283430406
            ]
          ]
        ]
      },
      "properties": {
        "polygon_uuid": "4d3cee95-5331-4341-935a-28c282521e81",
        "daicho_shubetsu_cd": "FUD25"
      }
    },
    {
      "type": "Feature",
      "geometry": {
        "type": "Polygon",
        "coordinates": [
          [
            [
              132.790577058,
              35.285645143
            ],
            [
              132.790582845,
              35.285650092
            ],
            [
              132.790685789,
              35.285749953
            ],
            [
              132.790710834,
              35.28577414
            ],
            [
              132.791097353,
              35.285638163
            ],
            [
              132.79109442,
              35.285627954
            ],
            [
              132.791053382,
              35.285560274
            ],
            [
              132.791020448,
              35.285515665
            ],
            [
              132.791020787,
              35.285481698
            ],
            [
              132.790577058,
              35.285645143
            ]
          ]
        ]
      },
      "properties": {
        "polygon_uuid": "1ee4acf4-2c67-422f-994e-2927acd12fe1",
        "daicho_shubetsu_cd": "FUD25"
      }
    },
    {
      "type": "Feature",
      "geometry": {
        "type": "Polygon",
        "coordinates": [
          [
            [
              132.783726398,
              35.281253236
            ],
            [
              132.783287771,
              35.281335121
            ],
            [
              132.783619957,
              35.28164076
            ],
            [
              132.783636339,
              35.281605835
            ],
            [
              132.783689464,
              35.281477924
            ],
            [
              132.783715395,
              35.281403562
            ],
            [
              132.783730279,
              35.281328351
            ],
            [
              132.783726398,
              35.281253236
            ]
          ]
        ]
      },
      "properties": {
        "polygon_uuid": "5d659e62-be4c-400b-a573-29eb1f08c5d7",
        "daicho_shubetsu_cd": "FUD25"
      }
    },
    {
      "type": "Feature",
      "geometry": {
        "type": "Polygon",
        "coordinates": [
          [
            [
              132.787402631,
              35.284773329
            ],
            [
              132.787397539,
              35.284669877
            ],
            [
              132.787405565,
              35.284636568
            ],
            [
              132.78717798,
              35.284639173
            ],
            [
              132.787189674,
              35.284687949
            ],
            [
              132.787190677,
              35.284711028
            ],
            [
              132.787232881,
              35.2847752
            ],
            [
              132.787402631,
              35.284773329
            ]
          ]
        ]
      },
      "properties": {
        "polygon_uuid": "7e80e273-7a53-4bda-b3ea-2a3b564070df",
        "daicho_shubetsu_cd": "FUD25"
      }
    },
    {
      "type": "Feature",
      "geometry": {
        "type": "Polygon",
        "coordinates": [
          [
            [
              132.784299637,
              35.27728777
            ],
            [
              132.784365636,
              35.277383219
            ],
            [
              132.784390228,
              35.277417792
            ],
            [
              132.784435054,
              35.277439396
            ],
            [
              132.784472784,
              35.277447783
            ],
            [
              132.784538288,
              35.277427895
            ],
            [
              132.784438131,
              35.277290582
            ],
            [
              132.784396765,
              35.27723124
            ],
            [
              132.784353975,
              35.27713849
            ],
            [
              132.784274517,
              35.276967044
            ],
            [
              132.784209119,
              35.276845474
            ],
            [
              132.784190173,
              35.276846554
            ],
            [
              132.784109312,
              35.276849707
            ],
            [
              132.784087067,
              35.27686109
            ],
            [
              132.784083701,
              35.276870263
            ],
            [
              132.784094265,
              35.276904017
            ],
            [
              132.784138803,
              35.277000983
            ],
            [
              132.7841877,
              35.27710638
            ],
            [
              132.78422517,
              35.277177324
            ],
            [
              132.784299637,
              35.27728777
            ]
          ]
        ]
      },
      "properties": {
        "polygon_uuid": "e8992f2d-d672-412d-9284-2aa44e49e9f3",
        "daicho_shubetsu_cd": "FUD25"
      }
    },
    {
      "type": "Feature",
      "geometry": {
        "type": "Polygon",
        "coordinates": [
          [
            [
              132.79126597,
              35.28352008
            ],
            [
              132.791267877,
              35.283414823
            ],
            [
              132.791288545,
              35.283396435
            ],
            [
              132.791588477,
              35.283180132
            ],
            [
              132.791497733,
              35.283109403
            ],
            [
              132.791360442,
              35.28303861
            ],
            [
              132.791276934,
              35.28300329
            ],
            [
              132.79114481,
              35.282960095
            ],
            [
              132.791106499,
              35.282947451
            ],
            [
              132.790823187,
              35.283142242
            ],
            [
              132.790832957,
              35.283154691
            ],
            [
              132.790908556,
              35.283192219
            ],
            [
              132.791048987,
              35.283241871
            ],
            [
              132.791100725,
              35.28326923
            ],
            [
              132.791138383,
              35.283355705
            ],
            [
              132.791204924,
              35.283433085
            ],
            [
              132.791231784,
              35.283489823
            ],
            [
              132.79126597,
              35.28352008
            ]
          ]
        ]
      },
      "properties": {
        "polygon_uuid": "cc68bffe-7642-4b2e-ba0c-2adf24a0b429",
        "daicho_shubetsu_cd": "FUD25"
      }
    },
    {
      "type": "Feature",
      "geometry": {
        "type": "Polygon",
        "coordinates": [
          [
            [
              132.786898356,
              35.283918524
            ],
            [
              132.786912722,
              35.283935968
            ],
            [
              132.786985258,
              35.284001454
            ],
            [
              132.787072196,
              35.283889244
            ],
            [
              132.787148482,
              35.283795161
            ],
            [
              132.787178754,
              35.28374748
            ],
            [
              132.787200706,
              35.283694411
            ],
            [
              132.787210211,
              35.28363801
            ],
            [
              132.787219489,
              35.283551739
            ],
            [
              132.787231158,
              35.283453234
            ],
            [
              132.787232107,
              35.283406167
            ],
            [
              132.787202973,
              35.283438033
            ],
            [
              132.787154537,
              35.283492596
            ],
            [
              132.787100573,
              35.283541108
            ],
            [
              132.787102927,
              35.283576099
            ],
            [
              132.787085474,
              35.283675992
            ],
            [
              132.787067579,
              35.283718177
            ],
            [
              132.78701755,
              35.283780896
            ],
            [
              132.786955168,
              35.283852503
            ],
            [
              132.786898356,
              35.283918524
            ]
          ]
        ]
      },
      "properties": {
        "polygon_uuid": "985c2c8d-c29c-4ca8-895e-2ca185bc6b79",
        "daicho_shubetsu_cd": "FUD25"
      }
    },
    {
      "type": "Feature",
      "geometry": {
        "type": "Polygon",
        "coordinates": [
          [
            [
              132.776876943,
              35.286136127
            ],
            [
              132.776914528,
              35.285933987
            ],
            [
              132.776928164,
              35.285624938
            ],
            [
              132.776906887,
              35.285598286
            ],
            [
              132.776838569,
              35.28558435
            ],
            [
              132.776773359,
              35.285597769
            ],
            [
              132.776721546,
              35.285625361
            ],
            [
              132.776770333,
              35.285755343
            ],
            [
              132.776832297,
              35.28599541
            ],
            [
              132.776876943,
              35.286136127
            ]
          ]
        ]
      },
      "properties": {
        "polygon_uuid": "16f79da2-d3f4-44c1-96c6-2d7e378a9e93",
        "daicho_shubetsu_cd": "FUD25"
      }
    },
    {
      "type": "Feature",
      "geometry": {
        "type": "Polygon",
        "coordinates": [
          [
            [
              132.782639903,
              35.284408796
            ],
            [
              132.78243511,
              35.284523161
            ],
            [
              132.782440922,
              35.284535695
            ],
            [
              132.782450364,
              35.284616214
            ],
            [
              132.782458415,
              35.284660457
            ],
            [
              132.782792301,
              35.284532664
            ],
            [
              132.782748756,
              35.284419579
            ],
            [
              132.782659262,
              35.28441312
            ],
            [
              132.782639903,
              35.284408796
            ]
          ]
        ]
      },
      "properties": {
        "polygon_uuid": "fc22913b-2285-4462-be29-2d8347d0bb82",
        "daicho_shubetsu_cd": "FUD25"
      }
    },
    {
      "type": "Feature",
      "geometry": {
        "type": "Polygon",
        "coordinates": [
          [
            [
              132.776876943,
              35.286136127
            ],
            [
              132.776832297,
              35.28599541
            ],
            [
              132.776770333,
              35.285755343
            ],
            [
              132.776316985,
              35.285837748
            ],
            [
              132.77629099,
              35.28588651
            ],
            [
              132.776321932,
              35.285948235
            ],
            [
              132.776351198,
              35.285980218
            ],
            [
              132.776403614,
              35.286002565
            ],
            [
              132.776471905,
              35.28601293
            ],
            [
              132.776522835,
              35.286030525
            ],
            [
              132.776546099,
              35.286036357
            ],
            [
              132.776598328,
              35.286033714
            ],
            [
              132.776652133,
              35.286047722
            ],
            [
              132.776723461,
              35.286075923
            ],
            [
              132.776761445,
              35.286109052
            ],
            [
              132.776799499,
              35.286151701
            ],
            [
              132.776840662,
              35.286221705
            ],
            [
              132.776876943,
              35.286136127
            ]
          ]
        ]
      },
      "properties": {
        "polygon_uuid": "5b6292b0-3be2-418f-ad0a-2db147dedaef",
        "daicho_shubetsu_cd": "FUD25"
      }
    },
    {
      "type": "Feature",
      "geometry": {
        "type": "Polygon",
        "coordinates": [
          [
            [
              132.790712741,
              35.282648307
            ],
            [
              132.790602661,
              35.282561571
            ],
            [
              132.79056506,
              35.282593626
            ],
            [
              132.790532817,
              35.282628726
            ],
            [
              132.790492175,
              35.282665248
            ],
            [
              132.790446436,
              35.282694902
            ],
            [
              132.790405072,
              35.282710283
            ],
            [
              132.790371418,
              35.2827077
            ],
            [
              132.790314767,
              35.282703395
            ],
            [
              132.790351683,
              35.282765718
            ],
            [
              132.790400447,
              35.282838091
            ],
            [
              132.790404413,
              35.282843587
            ],
            [
              132.790416177,
              35.282842607
            ],
            [
              132.790434019,
              35.282830105
            ],
            [
              132.790482959,
              35.282801179
            ],
            [
              132.790628585,
              35.282712174
            ],
            [
              132.790712279,
              35.28266118
            ],
            [
              132.790712741,
              35.282648307
            ]
          ]
        ]
      },
      "properties": {
        "polygon_uuid": "2ef7e39a-7c38-402c-839a-2dd6774a0885",
        "daicho_shubetsu_cd": "FUD25"
      }
    },
    {
      "type": "Feature",
      "geometry": {
        "type": "Polygon",
        "coordinates": [
          [
            [
              132.779564928,
              35.28365887
            ],
            [
              132.779562352,
              35.28361
            ],
            [
              132.779565063,
              35.283530325
            ],
            [
              132.779567837,
              35.283529421
            ],
            [
              132.779482296,
              35.2835402
            ],
            [
              132.779350661,
              35.283587135
            ],
            [
              132.779453312,
              35.283731052
            ],
            [
              132.779562878,
              35.283685435
            ],
            [
              132.779564928,
              35.28365887
            ]
          ]
        ]
      },
      "properties": {
        "polygon_uuid": "08a69926-fe93-46c6-88b3-2ec7eda4bcbb",
        "daicho_shubetsu_cd": "FUD25"
      }
    },
    {
      "type": "Feature",
      "geometry": {
        "type": "Polygon",
        "coordinates": [
          [
            [
              132.784621624,
              35.277914089
            ],
            [
              132.784622743,
              35.277896623
            ],
            [
              132.784578494,
              35.277842413
            ],
            [
              132.784219735,
              35.277322939
            ],
            [
              132.784053273,
              35.277400823
            ],
            [
              132.784131302,
              35.277513019
            ],
            [
              132.784220753,
              35.277642859
            ],
            [
              132.784284917,
              35.277722822
            ],
            [
              132.784331648,
              35.277769068
            ],
            [
              132.784342566,
              35.277781993
            ],
            [
              132.784371497,
              35.277798279
            ],
            [
              132.784367864,
              35.27781473
            ],
            [
              132.784593699,
              35.278030292
            ],
            [
              132.784631124,
              35.278010586
            ],
            [
              132.784621624,
              35.277914089
            ]
          ]
        ]
      },
      "properties": {
        "polygon_uuid": "556e4a84-869d-4090-a903-2f0855e7d9ac",
        "daicho_shubetsu_cd": "FUD25"
      }
    },
    {
      "type": "Feature",
      "geometry": {
        "type": "Polygon",
        "coordinates": [
          [
            [
              132.783584376,
              35.277865057
            ],
            [
              132.783520562,
              35.277520171
            ],
            [
              132.783482237,
              35.277531322
            ],
            [
              132.78344056,
              35.277577226
            ],
            [
              132.783398051,
              35.277634492
            ],
            [
              132.783381173,
              35.277674019
            ],
            [
              132.783387489,
              35.277714132
            ],
            [
              132.783423487,
              35.277817482
            ],
            [
              132.783447044,
              35.277865959
            ],
            [
              132.783469486,
              35.277880635
            ],
            [
              132.783484103,
              35.277882674
            ],
            [
              132.783519284,
              35.277878269
            ],
            [
              132.783584376,
              35.277865057
            ]
          ]
        ]
      },
      "properties": {
        "polygon_uuid": "b0109266-1e3a-4147-9733-2f1a0fe41177",
        "daicho_shubetsu_cd": "FUD25"
      }
    },
    {
      "type": "Feature",
      "geometry": {
        "type": "Polygon",
        "coordinates": [
          [
            [
              132.786898356,
              35.283918524
            ],
            [
              132.786955168,
              35.283852503
            ],
            [
              132.78701755,
              35.283780896
            ],
            [
              132.787067579,
              35.283718177
            ],
            [
              132.787085474,
              35.283675992
            ],
            [
              132.787102927,
              35.283576099
            ],
            [
              132.787100573,
              35.283541108
            ],
            [
              132.787055033,
              35.283582047
            ],
            [
              132.786884674,
              35.283718028
            ],
            [
              132.7868078,
              35.283792761
            ],
            [
              132.786858988,
              35.283870719
            ],
            [
              132.786898356,
              35.283918524
            ]
          ]
        ]
      },
      "properties": {
        "polygon_uuid": "dfda375c-3d10-470e-80c2-2fdba62426bb",
        "daicho_shubetsu_cd": "FUD25"
      }
    },
    {
      "type": "Feature",
      "geometry": {
        "type": "Polygon",
        "coordinates": [
          [
            [
              132.777964257,
              35.28649303
            ],
            [
              132.778046523,
              35.286483214
            ],
            [
              132.77814235,
              35.286488283
            ],
            [
              132.778202444,
              35.286502259
            ],
            [
              132.778218809,
              35.28649107
            ],
            [
              132.778245357,
              35.286418741
            ],
            [
              132.778255421,
              35.286341735
            ],
            [
              132.778236478,
              35.286267256
            ],
            [
              132.778207214,
              35.286199835
            ],
            [
              132.778162148,
              35.286125488
            ],
            [
              132.778131754,
              35.286072487
            ],
            [
              132.778028714,
              35.286040824
            ],
            [
              132.777863467,
              35.286491899
            ],
            [
              132.777964257,
              35.28649303
            ]
          ]
        ]
      },
      "properties": {
        "polygon_uuid": "567a6623-7647-4737-84a9-2ff7cc2907d0",
        "daicho_shubetsu_cd": "FUD25"
      }
    },
    {
      "type": "Feature",
      "geometry": {
        "type": "Polygon",
        "coordinates": [
          [
            [
              132.791227399,
              35.282106658
            ],
            [
              132.791166862,
              35.281892122
            ],
            [
              132.791156732,
              35.281892291
            ],
            [
              132.790904584,
              35.281906003
            ],
            [
              132.790777632,
              35.281908037
            ],
            [
              132.790753365,
              35.281923331
            ],
            [
              132.790750198,
              35.281948858
            ],
            [
              132.79076391,
              35.281982572
            ],
            [
              132.790782767,
              35.282029359
            ],
            [
              132.790799986,
              35.282081671
            ],
            [
              132.790808843,
              35.282140231
            ],
            [
              132.79081337,
              35.282182266
            ],
            [
              132.790813741,
              35.282230527
            ],
            [
              132.790898393,
              35.282194927
            ],
            [
              132.791003955,
              35.28214474
            ],
            [
              132.791058475,
              35.282127221
            ],
            [
              132.79109041,
              35.282124988
            ],
            [
              132.791164503,
              35.282137706
            ],
            [
              132.79118473,
              35.282143807
            ],
            [
              132.791195591,
              35.282134787
            ],
            [
              132.79121144,
              35.282118158
            ],
            [
              132.791227399,
              35.282106658
            ]
          ]
        ]
      },
      "properties": {
        "polygon_uuid": "ea2222b1-8998-4923-b0c6-304cc0a88586",
        "daicho_shubetsu_cd": "FUD25"
      }
    },
    {
      "type": "Feature",
      "geometry": {
        "type": "Polygon",
        "coordinates": [
          [
            [
              132.784074552,
              35.280498019
            ],
            [
              132.783997752,
              35.279934415
            ],
            [
              132.783876752,
              35.279947912
            ],
            [
              132.783770282,
              35.279959894
            ],
            [
              132.78384091,
              35.280526763
            ],
            [
              132.784062471,
              35.280499137
            ],
            [
              132.784074552,
              35.280498019
            ]
          ]
        ]
      },
      "properties": {
        "polygon_uuid": "983286cb-a379-4378-95d4-30ce01107171",
        "daicho_shubetsu_cd": "FUD25"
      }
    },
    {
      "type": "Feature",
      "geometry": {
        "type": "Polygon",
        "coordinates": [
          [
            [
              132.782206667,
              35.283973903
            ],
            [
              132.782326026,
              35.283874085
            ],
            [
              132.782283406,
              35.283832242
            ],
            [
              132.782144789,
              35.283911355
            ],
            [
              132.782206667,
              35.283973903
            ]
          ]
        ]
      },
      "properties": {
        "polygon_uuid": "af339785-3ae1-43cc-a08e-3236bf0a361b",
        "daicho_shubetsu_cd": "FUD25"
      }
    },
    {
      "type": "Feature",
      "geometry": {
        "type": "Polygon",
        "coordinates": [
          [
            [
              132.785162903,
              35.280549046
            ],
            [
              132.785177561,
              35.280564362
            ],
            [
              132.785257063,
              35.280566671
            ],
            [
              132.785410235,
              35.280566567
            ],
            [
              132.785441641,
              35.280558938
            ],
            [
              132.785478054,
              35.280556715
            ],
            [
              132.7855178,
              35.28055719
            ],
            [
              132.785559125,
              35.280547474
            ],
            [
              132.785638244,
              35.280499544
            ],
            [
              132.785782502,
              35.280415976
            ],
            [
              132.785800582,
              35.280398232
            ],
            [
              132.785798797,
              35.280381268
            ],
            [
              132.785779594,
              35.280360319
            ],
            [
              132.78575306,
              35.280355023
            ],
            [
              132.785726436,
              35.280338186
            ],
            [
              132.785709671,
              35.280311114
            ],
            [
              132.785696259,
              35.280289458
            ],
            [
              132.785587996,
              35.280315811
            ],
            [
              132.785468251,
              35.280356481
            ],
            [
              132.785387325,
              35.28038473
            ],
            [
              132.785298334,
              35.280406004
            ],
            [
              132.785222263,
              35.280419293
            ],
            [
              132.785170967,
              35.280424308
            ],
            [
              132.785147427,
              35.280426601
            ],
            [
              132.785155208,
              35.280470012
            ],
            [
              132.785162903,
              35.280549046
            ]
          ]
        ]
      },
      "properties": {
        "polygon_uuid": "8261da92-6669-4969-96aa-352361bb0c69",
        "daicho_shubetsu_cd": "FUD25"
      }
    },
    {
      "type": "Feature",
      "geometry": {
        "type": "Polygon",
        "coordinates": [
          [
            [
              132.787147954,
              35.278206675
            ],
            [
              132.787171177,
              35.278186014
            ],
            [
              132.787207529,
              35.278135158
            ],
            [
              132.787261103,
              35.278152686
            ],
            [
              132.787291172,
              35.278153901
            ],
            [
              132.787302102,
              35.278128131
            ],
            [
              132.787320896,
              35.278110416
            ],
            [
              132.787285159,
              35.277813822
            ],
            [
              132.787274571,
              35.277725945
            ],
            [
              132.787240324,
              35.277740207
            ],
            [
              132.787190117,
              35.277763941
            ],
            [
              132.787156865,
              35.277758478
            ],
            [
              132.787107826,
              35.277729451
            ],
            [
              132.787069121,
              35.2777597
            ],
            [
              132.787028212,
              35.27780123
            ],
            [
              132.787003463,
              35.277859579
            ],
            [
              132.786997279,
              35.277949763
            ],
            [
              132.787012739,
              35.278024809
            ],
            [
              132.787023654,
              35.278104575
            ],
            [
              132.787063019,
              35.278160717
            ],
            [
              132.787068966,
              35.278189799
            ],
            [
              132.787086052,
              35.278191928
            ],
            [
              132.787104494,
              35.27820142
            ],
            [
              132.787147954,
              35.278206675
            ]
          ]
        ]
      },
      "properties": {
        "polygon_uuid": "1c6e83cd-3152-4651-94f2-366062cd5366",
        "daicho_shubetsu_cd": "FUD25"
      }
    },
    {
      "type": "Feature",
      "geometry": {
        "type": "Polygon",
        "coordinates": [
          [
            [
              132.776316985,
              35.285837748
            ],
            [
              132.776770333,
              35.285755343
            ],
            [
              132.776721546,
              35.285625361
            ],
            [
              132.776692663,
              35.285644547
            ],
            [
              132.776618567,
              35.285660755
            ],
            [
              132.776517967,
              35.285673388
            ],
            [
              132.77644031,
              35.285670363
            ],
            [
              132.776336789,
              35.285800598
            ],
            [
              132.776316985,
              35.285837748
            ]
          ]
        ]
      },
      "properties": {
        "polygon_uuid": "69e187da-a424-4580-b788-38ccd33942b3",
        "daicho_shubetsu_cd": "FUD25"
      }
    },
    {
      "type": "Feature",
      "geometry": {
        "type": "Polygon",
        "coordinates": [
          [
            [
              132.777369805,
              35.286823483
            ],
            [
              132.777387507,
              35.286778313
            ],
            [
              132.777452202,
              35.286699095
            ],
            [
              132.777471344,
              35.286538103
            ],
            [
              132.77746692,
              35.286292716
            ],
            [
              132.777456,
              35.286041015
            ],
            [
              132.77735355,
              35.286060389
            ],
            [
              132.777345486,
              35.286177354
            ],
            [
              132.777346977,
              35.286376157
            ],
            [
              132.777341324,
              35.286537205
            ],
            [
              132.777316111,
              35.28661561
            ],
            [
              132.777291617,
              35.286821764
            ],
            [
              132.777313119,
              35.286825178
            ],
            [
              132.777369805,
              35.286823483
            ]
          ]
        ]
      },
      "properties": {
        "polygon_uuid": "68864b71-f59a-4629-a1d2-39d7e1be7174",
        "daicho_shubetsu_cd": "FUD25"
      }
    },
    {
      "type": "Feature",
      "geometry": {
        "type": "Polygon",
        "coordinates": [
          [
            [
              132.777205612,
              35.286808815
            ],
            [
              132.777242655,
              35.286627529
            ],
            [
              132.777230053,
              35.286466194
            ],
            [
              132.777148144,
              35.286470932
            ],
            [
              132.777089017,
              35.286499791
            ],
            [
              132.777092359,
              35.286601322
            ],
            [
              132.777078455,
              35.286639474
            ],
            [
              132.777032687,
              35.286729617
            ],
            [
              132.777012563,
              35.286798475
            ],
            [
              132.777064784,
              35.286992249
            ],
            [
              132.777069203,
              35.286993569
            ],
            [
              132.77709538,
              35.287001669
            ],
            [
              132.77714485,
              35.286954225
            ],
            [
              132.777179722,
              35.286907561
            ],
            [
              132.777205612,
              35.286808815
            ]
          ]
        ]
      },
      "properties": {
        "polygon_uuid": "c8bad60f-46bf-40d1-8c3a-3a357f46be75",
        "daicho_shubetsu_cd": "FUD25"
      }
    },
    {
      "type": "Feature",
      "geometry": {
        "type": "Polygon",
        "coordinates": [
          [
            [
              132.790991387,
              35.28248259
            ],
            [
              132.790947093,
              35.282440594
            ],
            [
              132.790873556,
              35.282354099
            ],
            [
              132.790846283,
              35.282306436
            ],
            [
              132.79080935,
              35.282314899
            ],
            [
              132.790811257,
              35.282344308
            ],
            [
              132.790841538,
              35.282418615
            ],
            [
              132.790879091,
              35.282491047
            ],
            [
              132.790891402,
              35.282488225
            ],
            [
              132.790913228,
              35.282483517
            ],
            [
              132.790936771,
              35.282487698
            ],
            [
              132.790962117,
              35.282503426
            ],
            [
              132.790991387,
              35.28248259
            ]
          ]
        ]
      },
      "properties": {
        "polygon_uuid": "33418ca3-9b89-4079-b44e-3aed87ab89be",
        "daicho_shubetsu_cd": "FUD25"
      }
    },
    {
      "type": "Feature",
      "geometry": {
        "type": "Polygon",
        "coordinates": [
          [
            [
              132.784854217,
              35.28069026
            ],
            [
              132.784865767,
              35.280685187
            ],
            [
              132.784947663,
              35.280675603
            ],
            [
              132.784977485,
              35.280664055
            ],
            [
              132.785003835,
              35.28064491
            ],
            [
              132.785028425,
              35.280612196
            ],
            [
              132.785054738,
              35.280588299
            ],
            [
              132.785078598,
              35.280568488
            ],
            [
              132.785121537,
              35.280553331
            ],
            [
              132.785162903,
              35.280549046
            ],
            [
              132.785155208,
              35.280470012
            ],
            [
              132.785147427,
              35.280426601
            ],
            [
              132.785132426,
              35.280413777
            ],
            [
              132.785071123,
              35.280409338
            ],
            [
              132.784888083,
              35.280401448
            ],
            [
              132.784823294,
              35.280400636
            ],
            [
              132.784805873,
              35.280426927
            ],
            [
              132.784781221,
              35.280451495
            ],
            [
              132.784779046,
              35.280492241
            ],
            [
              132.784803988,
              35.280663711
            ],
            [
              132.784826358,
              35.280665633
            ],
            [
              132.784854217,
              35.28069026
            ]
          ]
        ]
      },
      "properties": {
        "polygon_uuid": "b0180c3b-f012-4125-99be-3b1cf5d8a75a",
        "daicho_shubetsu_cd": "FUD25"
      }
    },
    {
      "type": "Feature",
      "geometry": {
        "type": "Polygon",
        "coordinates": [
          [
            [
              132.784413328,
              35.280842076
            ],
            [
              132.7844498,
              35.280845574
            ],
            [
              132.784507735,
              35.280842562
            ],
            [
              132.784611057,
              35.28081963
            ],
            [
              132.784645907,
              35.280780615
            ],
            [
              132.784755771,
              35.280692472
            ],
            [
              132.784803988,
              35.280663711
            ],
            [
              132.784779046,
              35.280492241
            ],
            [
              132.784781221,
              35.280451495
            ],
            [
              132.784805873,
              35.280426927
            ],
            [
              132.784823294,
              35.280400636
            ],
            [
              132.784721786,
              35.280399364
            ],
            [
              132.784685399,
              35.280404981
            ],
            [
              132.784628889,
              35.280421087
            ],
            [
              132.784607956,
              35.280429019
            ],
            [
              132.784578916,
              35.280466428
            ],
            [
              132.784518971,
              35.280531911
            ],
            [
              132.784479577,
              35.280577601
            ],
            [
              132.784465718,
              35.280606187
            ],
            [
              132.784460185,
              35.280640841
            ],
            [
              132.784465566,
              35.280695127
            ],
            [
              132.784459191,
              35.280748111
            ],
            [
              132.784433145,
              35.280807312
            ],
            [
              132.784413328,
              35.280842076
            ]
          ]
        ]
      },
      "properties": {
        "polygon_uuid": "eb8f9907-b70e-4d06-83d2-3fd4c3b4c076",
        "daicho_shubetsu_cd": "FUD25"
      }
    },
    {
      "type": "Feature",
      "geometry": {
        "type": "Polygon",
        "coordinates": [
          [
            [
              132.78959224,
              35.284808133
            ],
            [
              132.789608011,
              35.284762197
            ],
            [
              132.789618402,
              35.284743904
            ],
            [
              132.78959344,
              35.284734105
            ],
            [
              132.789540187,
              35.284718937
            ],
            [
              132.789446528,
              35.284697359
            ],
            [
              132.789368196,
              35.284780873
            ],
            [
              132.789406319,
              35.284817909
            ],
            [
              132.789506142,
              35.284786368
            ],
            [
              132.78959224,
              35.284808133
            ]
          ]
        ]
      },
      "properties": {
        "polygon_uuid": "b3ff6887-899c-4e2a-81d9-410e3d7e9e4a",
        "daicho_shubetsu_cd": "FUD25"
      }
    },
    {
      "type": "Feature",
      "geometry": {
        "type": "Polygon",
        "coordinates": [
          [
            [
              132.781729988,
              35.284283583
            ],
            [
              132.781618632,
              35.284104055
            ],
            [
              132.781604539,
              35.28410727
            ],
            [
              132.781597508,
              35.284116094
            ],
            [
              132.781465286,
              35.28415026
            ],
            [
              132.781461879,
              35.284137604
            ],
            [
              132.781415366,
              35.284149823
            ],
            [
              132.781452775,
              35.284184986
            ],
            [
              132.781452136,
              35.284246546
            ],
            [
              132.781499823,
              35.284324924
            ],
            [
              132.781523356,
              35.284344889
            ],
            [
              132.781618913,
              35.284318841
            ],
            [
              132.781729988,
              35.284283583
            ]
          ]
        ]
      },
      "properties": {
        "polygon_uuid": "fb2a3893-c8ff-4092-bec4-43c31d9da61b",
        "daicho_shubetsu_cd": "FUD25"
      }
    },
    {
      "type": "Feature",
      "geometry": {
        "type": "Polygon",
        "coordinates": [
          [
            [
              132.777606872,
              35.284517127
            ],
            [
              132.777586487,
              35.2844763
            ],
            [
              132.777516539,
              35.284432961
            ],
            [
              132.777398893,
              35.28438677
            ],
            [
              132.777310077,
              35.284348429
            ],
            [
              132.777254731,
              35.284359939
            ],
            [
              132.777201766,
              35.284400657
            ],
            [
              132.777143263,
              35.284459586
            ],
            [
              132.777102128,
              35.284515258
            ],
            [
              132.777093806,
              35.284618575
            ],
            [
              132.777111408,
              35.284646219
            ],
            [
              132.777127594,
              35.28466473
            ],
            [
              132.777148099,
              35.284689617
            ],
            [
              132.777154243,
              35.284734807
            ],
            [
              132.777353853,
              35.284838521
            ],
            [
              132.77738579,
              35.28483955
            ],
            [
              132.777436585,
              35.284839293
            ],
            [
              132.777477095,
              35.284822428
            ],
            [
              132.777606872,
              35.284517127
            ]
          ]
        ]
      },
      "properties": {
        "polygon_uuid": "97553314-bad4-4dec-8dd2-46585db987e1",
        "daicho_shubetsu_cd": "FUD25"
      }
    },
    {
      "type": "Feature",
      "geometry": {
        "type": "Polygon",
        "coordinates": [
          [
            [
              132.790750214,
              35.2850035
            ],
            [
              132.790769113,
              35.284998158
            ],
            [
              132.790752155,
              35.284854518
            ],
            [
              132.790703923,
              35.284567078
            ],
            [
              132.790572398,
              35.284560323
            ],
            [
              132.79056075,
              35.284572902
            ],
            [
              132.79052154,
              35.284590438
            ],
            [
              132.790454831,
              35.284596452
            ],
            [
              132.790361389,
              35.284580692
            ],
            [
              132.79029502,
              35.284694702
            ],
            [
              132.79035859,
              35.284701814
            ],
            [
              132.790422722,
              35.284694595
            ],
            [
              132.790425871,
              35.284725162
            ],
            [
              132.790505276,
              35.28481381
            ],
            [
              132.790521823,
              35.284832282
            ],
            [
              132.790594558,
              35.284898354
            ],
            [
              132.79064149,
              35.284930612
            ],
            [
              132.790699861,
              35.284961368
            ],
            [
              132.790750214,
              35.2850035
            ]
          ]
        ]
      },
      "properties": {
        "polygon_uuid": "31e72822-3f61-49df-97fa-47e02d778863",
        "daicho_shubetsu_cd": "FUD25"
      }
    },
    {
      "type": "Feature",
      "geometry": {
        "type": "Polygon",
        "coordinates": [
          [
            [
              132.782955469,
              35.284843205
            ],
            [
              132.78281516,
              35.284876804
            ],
            [
              132.782596486,
              35.284960031
            ],
            [
              132.782602218,
              35.284983755
            ],
            [
              132.782616458,
              35.285017479
            ],
            [
              132.78264146,
              35.285044615
            ],
            [
              132.783015873,
              35.284958684
            ],
            [
              132.783009297,
              35.284949126
            ],
            [
              132.782991868,
              35.284916343
            ],
            [
              132.78297579,
              35.284872987
            ],
            [
              132.782962771,
              35.284855444
            ],
            [
              132.782955469,
              35.284843205
            ]
          ]
        ]
      },
      "properties": {
        "polygon_uuid": "6ed5f2af-2424-4819-a603-4867dc4d17e1",
        "daicho_shubetsu_cd": "FUD25"
      }
    },
    {
      "type": "Feature",
      "geometry": {
        "type": "Polygon",
        "coordinates": [
          [
            [
              132.784630497,
              35.282822365
            ],
            [
              132.784628708,
              35.282804722
            ],
            [
              132.784602958,
              35.28279399
            ],
            [
              132.784571372,
              35.282777858
            ],
            [
              132.784541561,
              35.282777331
            ],
            [
              132.784484545,
              35.282792559
            ],
            [
              132.784409345,
              35.282811953
            ],
            [
              132.784318316,
              35.282818528
            ],
            [
              132.784208111,
              35.282807549
            ],
            [
              132.78411683,
              35.282780858
            ],
            [
              132.784028705,
              35.282733782
            ],
            [
              132.783986952,
              35.282687149
            ],
            [
              132.783974414,
              35.282671597
            ],
            [
              132.783947977,
              35.2826792
            ],
            [
              132.78390281,
              35.282728314
            ],
            [
              132.783920893,
              35.282819877
            ],
            [
              132.783932099,
              35.282878208
            ],
            [
              132.78392777,
              35.282962418
            ],
            [
              132.783947821,
              35.282986078
            ],
            [
              132.784023331,
              35.283007418
            ],
            [
              132.784095523,
              35.283028097
            ],
            [
              132.784168506,
              35.283044019
            ],
            [
              132.784255235,
              35.283052915
            ],
            [
              132.784328913,
              35.283051181
            ],
            [
              132.784409122,
              35.283037193
            ],
            [
              132.784461972,
              35.283018592
            ],
            [
              132.784516308,
              35.282977578
            ],
            [
              132.784553246,
              35.282935296
            ],
            [
              132.784553164,
              35.282875091
            ],
            [
              132.784610869,
              35.282841529
            ],
            [
              132.784630497,
              35.282822365
            ]
          ]
        ]
      },
      "properties": {
        "polygon_uuid": "801bb758-dcfa-48b1-ae97-48cb908bb8b1",
        "daicho_shubetsu_cd": "FUD25"
      }
    },
    {
      "type": "Feature",
      "geometry": {
        "type": "Polygon",
        "coordinates": [
          [
            [
              132.78165584,
              35.283593374
            ],
            [
              132.781636676,
              35.283571176
            ],
            [
              132.781616432,
              35.283547728
            ],
            [
              132.781548447,
              35.283784547
            ],
            [
              132.781457604,
              35.284101666
            ],
            [
              132.781569629,
              35.284072454
            ],
            [
              132.78164216,
              35.284053326
            ],
            [
              132.781676844,
              35.283870092
            ],
            [
              132.781715553,
              35.283667887
            ],
            [
              132.78165584,
              35.283593374
            ]
          ]
        ]
      },
      "properties": {
        "polygon_uuid": "158c725b-20a5-48e7-9020-49bd7d11654a",
        "daicho_shubetsu_cd": "FUD25"
      }
    },
    {
      "type": "Feature",
      "geometry": {
        "type": "Polygon",
        "coordinates": [
          [
            [
              132.78916092,
              35.283227088
            ],
            [
              132.789212322,
              35.283245665
            ],
            [
              132.789247783,
              35.283259976
            ],
            [
              132.789293737,
              35.283259739
            ],
            [
              132.789341349,
              35.283245001
            ],
            [
              132.789384895,
              35.283192089
            ],
            [
              132.789423796,
              35.283043886
            ],
            [
              132.789304257,
              35.28297008
            ],
            [
              132.789276789,
              35.282951211
            ],
            [
              132.789246545,
              35.282949101
            ],
            [
              132.789227928,
              35.283004869
            ],
            [
              132.789186822,
              35.283147241
            ],
            [
              132.78916092,
              35.283227088
            ]
          ]
        ]
      },
      "properties": {
        "polygon_uuid": "9392cb85-9492-4d0d-bf92-4aeb8cc57095",
        "daicho_shubetsu_cd": "FUD25"
      }
    },
    {
      "type": "Feature",
      "geometry": {
        "type": "Polygon",
        "coordinates": [
          [
            [
              132.786580019,
              35.284044896
            ],
            [
              132.786539504,
              35.284009275
            ],
            [
              132.786568135,
              35.283960611
            ],
            [
              132.786526967,
              35.283971452
            ],
            [
              132.78645866,
              35.283971802
            ],
            [
              132.78631072,
              35.28395321
            ],
            [
              132.786090708,
              35.283929896
            ],
            [
              132.785893075,
              35.283909521
            ],
            [
              132.785752534,
              35.283883763
            ],
            [
              132.785573337,
              35.283837833
            ],
            [
              132.785557276,
              35.283849117
            ],
            [
              132.785524007,
              35.283883913
            ],
            [
              132.785506953,
              35.283927792
            ],
            [
              132.785512401,
              35.283990904
            ],
            [
              132.785550264,
              35.284070146
            ],
            [
              132.785643775,
              35.284117532
            ],
            [
              132.785682345,
              35.2841265
            ],
            [
              132.785720729,
              35.284111028
            ],
            [
              132.785780335,
              35.284109704
            ],
            [
              132.785832691,
              35.284134896
            ],
            [
              132.785880327,
              35.284192701
            ],
            [
              132.785891869,
              35.284240507
            ],
            [
              132.785936712,
              35.284257589
            ],
            [
              132.786001169,
              35.284240965
            ],
            [
              132.786041828,
              35.284197984
            ],
            [
              132.786071225,
              35.284143859
            ],
            [
              132.786109438,
              35.284105983
            ],
            [
              132.786146487,
              35.284078296
            ],
            [
              132.786179888,
              35.284060812
            ],
            [
              132.786227051,
              35.284056497
            ],
            [
              132.786368657,
              35.284058827
            ],
            [
              132.786483636,
              35.28405173
            ],
            [
              132.786530721,
              35.284037232
            ],
            [
              132.786580019,
              35.284044896
            ]
          ]
        ]
      },
      "properties": {
        "polygon_uuid": "bea62162-8484-437a-9208-4b649ee7aa5e",
        "daicho_shubetsu_cd": "FUD25"
      }
    },
    {
      "type": "Feature",
      "geometry": {
        "type": "Polygon",
        "coordinates": [
          [
            [
              132.790549035,
              35.284336552
            ],
            [
              132.790530976,
              35.284408091
            ],
            [
              132.790524118,
              35.284432683
            ],
            [
              132.790505727,
              35.284446501
            ],
            [
              132.790452059,
              35.284454722
            ],
            [
              132.790518396,
              35.284490492
            ],
            [
              132.790572274,
              35.284509715
            ],
            [
              132.790628706,
              35.284517368
            ],
            [
              132.790693918,
              35.284521366
            ],
            [
              132.790779362,
              35.284521647
            ],
            [
              132.790846302,
              35.284521302
            ],
            [
              132.790645518,
              35.284365028
            ],
            [
              132.790616528,
              35.284352371
            ],
            [
              132.79059002,
              35.284341674
            ],
            [
              132.790549035,
              35.284336552
            ]
          ]
        ]
      },
      "properties": {
        "polygon_uuid": "7a0a9d2a-7dd2-4395-8338-4bcf86dafc35",
        "daicho_shubetsu_cd": "FUD25"
      }
    },
    {
      "type": "Feature",
      "geometry": {
        "type": "Polygon",
        "coordinates": [
          [
            [
              132.783719446,
              35.282326762
            ],
            [
              132.783725146,
              35.282289887
            ],
            [
              132.783745294,
              35.282217138
            ],
            [
              132.783759666,
              35.282147135
            ],
            [
              132.783763491,
              35.282105701
            ],
            [
              132.783750531,
              35.282034479
            ],
            [
              132.783706314,
              35.281881266
            ],
            [
              132.783680056,
              35.281803322
            ],
            [
              132.783670069,
              35.281796585
            ],
            [
              132.783647319,
              35.28185373
            ],
            [
              132.783616475,
              35.28193536
            ],
            [
              132.783589734,
              35.282012215
            ],
            [
              132.783566388,
              35.282099917
            ],
            [
              132.783535186,
              35.282230084
            ],
            [
              132.783518451,
              35.28232294
            ],
            [
              132.783547798,
              35.282335011
            ],
            [
              132.783599214,
              35.282345611
            ],
            [
              132.783641764,
              35.282346169
            ],
            [
              132.783674064,
              35.282347361
            ],
            [
              132.783708802,
              35.282342432
            ],
            [
              132.783719446,
              35.282326762
            ]
          ]
        ]
      },
      "properties": {
        "polygon_uuid": "4d653b1d-abd9-4a33-8727-4e672fc60cc9",
        "daicho_shubetsu_cd": "FUD25"
      }
    },
    {
      "type": "Feature",
      "geometry": {
        "type": "Polygon",
        "coordinates": [
          [
            [
              132.780919269,
              35.283914938
            ],
            [
              132.780855437,
              35.283844049
            ],
            [
              132.78074414,
              35.283725122
            ],
            [
              132.780717232,
              35.283768107
            ],
            [
              132.780815846,
              35.283864166
            ],
            [
              132.780719563,
              35.283979318
            ],
            [
              132.780749966,
              35.284009339
            ],
            [
              132.780892362,
              35.283957922
            ],
            [
              132.780919269,
              35.283914938
            ]
          ]
        ]
      },
      "properties": {
        "polygon_uuid": "f755b041-f486-4331-978b-50bc3e16f1bf",
        "daicho_shubetsu_cd": "FUD25"
      }
    },
    {
      "type": "Feature",
      "geometry": {
        "type": "Polygon",
        "coordinates": [
          [
            [
              132.79037659,
              35.284137557
            ],
            [
              132.790387898,
              35.284110426
            ],
            [
              132.790066763,
              35.284130648
            ],
            [
              132.790070783,
              35.2841622
            ],
            [
              132.790083601,
              35.284225691
            ],
            [
              132.79012111,
              35.284292667
            ],
            [
              132.790148686,
              35.284327916
            ],
            [
              132.790187694,
              35.284358147
            ],
            [
              132.790408808,
              35.284293744
            ],
            [
              132.790376331,
              35.284276231
            ],
            [
              132.790361383,
              35.284222139
            ],
            [
              132.79037659,
              35.284137557
            ]
          ]
        ]
      },
      "properties": {
        "polygon_uuid": "bed1defb-7c09-492b-a455-52cd624a51ff",
        "daicho_shubetsu_cd": "FUD25"
      }
    },
    {
      "type": "Feature",
      "geometry": {
        "type": "Polygon",
        "coordinates": [
          [
            [
              132.785832549,
              35.278806736
            ],
            [
              132.785763287,
              35.278847237
            ],
            [
              132.785649315,
              35.278881627
            ],
            [
              132.785632047,
              35.278889452
            ],
            [
              132.785659805,
              35.278919079
            ],
            [
              132.785774049,
              35.279033296
            ],
            [
              132.785833599,
              35.279121287
            ],
            [
              132.785928082,
              35.279118771
            ],
            [
              132.786016443,
              35.279104936
            ],
            [
              132.786130835,
              35.279072768
            ],
            [
              132.785832549,
              35.278806736
            ]
          ]
        ]
      },
      "properties": {
        "polygon_uuid": "c339db3d-cf3a-44bd-a915-544d4606da0c",
        "daicho_shubetsu_cd": "FUD25"
      }
    },
    {
      "type": "Feature",
      "geometry": {
        "type": "Polygon",
        "coordinates": [
          [
            [
              132.788230236,
              35.283331528
            ],
            [
              132.788270032,
              35.283338452
            ],
            [
              132.788527636,
              35.28340536
            ],
            [
              132.788598248,
              35.283381574
            ],
            [
              132.788672608,
              35.283360824
            ],
            [
              132.788755717,
              35.283347157
            ],
            [
              132.788828329,
              35.283345486
            ],
            [
              132.788933182,
              35.282978695
            ],
            [
              132.788842739,
              35.282990042
            ],
            [
              132.788717343,
              35.282995779
            ],
            [
              132.788577035,
              35.283000574
            ],
            [
              132.788440594,
              35.28302368
            ],
            [
              132.788362655,
              35.283063798
            ],
            [
              132.788306733,
              35.283081878
            ],
            [
              132.788230236,
              35.283331528
            ]
          ]
        ]
      },
      "properties": {
        "polygon_uuid": "8815de04-036a-402f-9510-5453c212a151",
        "daicho_shubetsu_cd": "FUD25"
      }
    },
    {
      "type": "Feature",
      "geometry": {
        "type": "Polygon",
        "coordinates": [
          [
            [
              132.786985258,
              35.284001454
            ],
            [
              132.78702351,
              35.284037028
            ],
            [
              132.787095499,
              35.28401434
            ],
            [
              132.787112638,
              35.283981664
            ],
            [
              132.787151003,
              35.2839095
            ],
            [
              132.787182217,
              35.283876751
            ],
            [
              132.787248077,
              35.283826851
            ],
            [
              132.787276009,
              35.283798193
            ],
            [
              132.787299772,
              35.283765482
            ],
            [
              132.78733169,
              35.283716436
            ],
            [
              132.78733052,
              35.283671633
            ],
            [
              132.787319342,
              35.283617375
            ],
            [
              132.787310653,
              35.283563784
            ],
            [
              132.787315393,
              35.283533887
            ],
            [
              132.787329137,
              35.283490364
            ],
            [
              132.787345891,
              35.283407449
            ],
            [
              132.787365299,
              35.283334682
            ],
            [
              132.787318969,
              35.283339672
            ],
            [
              132.787289277,
              35.283354761
            ],
            [
              132.787252241,
              35.283384144
            ],
            [
              132.787232107,
              35.283406167
            ],
            [
              132.787231158,
              35.283453234
            ],
            [
              132.787219489,
              35.283551739
            ],
            [
              132.787210211,
              35.28363801
            ],
            [
              132.787200706,
              35.283694411
            ],
            [
              132.787178754,
              35.28374748
            ],
            [
              132.787148482,
              35.283795161
            ],
            [
              132.787072196,
              35.283889244
            ],
            [
              132.786985258,
              35.284001454
            ]
          ]
        ]
      },
      "properties": {
        "polygon_uuid": "bfcfbb5e-ece6-4173-9122-54957e7f2bb2",
        "daicho_shubetsu_cd": "FUD25"
      }
    },
    {
      "type": "Feature",
      "geometry": {
        "type": "Polygon",
        "coordinates": [
          [
            [
              132.782813912,
              35.283672596
            ],
            [
              132.782786791,
              35.283687218
            ],
            [
              132.782762677,
              35.283710274
            ],
            [
              132.782731954,
              35.283735173
            ],
            [
              132.782709916,
              35.283740717
            ],
            [
              132.782673076,
              35.283762973
            ],
            [
              132.782627521,
              35.283720151
            ],
            [
              132.782574157,
              35.283670936
            ],
            [
              132.782474126,
              35.283724168
            ],
            [
              132.782439462,
              35.283746238
            ],
            [
              132.782485646,
              35.283800182
            ],
            [
              132.782532077,
              35.283851844
            ],
            [
              132.782557158,
              35.283884298
            ],
            [
              132.782593408,
              35.283860675
            ],
            [
              132.782614919,
              35.283849643
            ],
            [
              132.782622818,
              35.283823653
            ],
            [
              132.782669765,
              35.283802895
            ],
            [
              132.782705608,
              35.283870908
            ],
            [
              132.782750866,
              35.28389723
            ],
            [
              132.782779481,
              35.28386766
            ],
            [
              132.782787338,
              35.283883503
            ],
            [
              132.782810593,
              35.283891056
            ],
            [
              132.782841354,
              35.283870984
            ],
            [
              132.782869787,
              35.283839682
            ],
            [
              132.78290078,
              35.283850387
            ],
            [
              132.782921512,
              35.283829933
            ],
            [
              132.782948919,
              35.283804446
            ],
            [
              132.782979453,
              35.283754502
            ],
            [
              132.783001284,
              35.283721803
            ],
            [
              132.783037441,
              35.283685409
            ],
            [
              132.783100051,
              35.283643449
            ],
            [
              132.783147328,
              35.283617861
            ],
            [
              132.783203587,
              35.283610927
            ],
            [
              132.783195853,
              35.283531967
            ],
            [
              132.783172964,
              35.283522428
            ],
            [
              132.783153857,
              35.283526146
            ],
            [
              132.783123814,
              35.2835438
            ],
            [
              132.783068229,
              35.283589949
            ],
            [
              132.782981759,
              35.283639877
            ],
            [
              132.782864295,
              35.283705717
            ],
            [
              132.78286059,
              35.283707793
            ],
            [
              132.782813912,
              35.283672596
            ]
          ]
        ]
      },
      "properties": {
        "polygon_uuid": "1291d6de-6556-4178-a3af-58deddcee32d",
        "daicho_shubetsu_cd": "FUD25"
      }
    },
    {
      "type": "Feature",
      "geometry": {
        "type": "Polygon",
        "coordinates": [
          [
            [
              132.786779625,
              35.278943014
            ],
            [
              132.786837621,
              35.278961693
            ],
            [
              132.786917996,
              35.278989454
            ],
            [
              132.78695575,
              35.278984565
            ],
            [
              132.786991156,
              35.278972175
            ],
            [
              132.787039295,
              35.278977563
            ],
            [
              132.787090934,
              35.278991383
            ],
            [
              132.787001491,
              35.278767906
            ],
            [
              132.786950066,
              35.278782256
            ],
            [
              132.786874723,
              35.278813632
            ],
            [
              132.786807295,
              35.27883182
            ],
            [
              132.786782216,
              35.278831362
            ],
            [
              132.786779625,
              35.278943014
            ]
          ]
        ]
      },
      "properties": {
        "polygon_uuid": "4501eaf7-6109-4e83-aa20-58e5f3c4bffa",
        "daicho_shubetsu_cd": "FUD25"
      }
    },
    {
      "type": "Feature",
      "geometry": {
        "type": "Polygon",
        "coordinates": [
          [
            [
              132.783015873,
              35.284958684
            ],
            [
              132.78264146,
              35.285044615
            ],
            [
              132.782649111,
              35.285052918
            ],
            [
              132.782672091,
              35.285074527
            ],
            [
              132.782710005,
              35.285100482
            ],
            [
              132.782728831,
              35.285112675
            ],
            [
              132.78306544,
              35.28505976
            ],
            [
              132.783022933,
              35.284968946
            ],
            [
              132.783015873,
              35.284958684
            ]
          ]
        ]
      },
      "properties": {
        "polygon_uuid": "41b8a627-7ee2-4433-a1f3-58efa197e2f2",
        "daicho_shubetsu_cd": "FUD25"
      }
    },
    {
      "type": "Feature",
      "geometry": {
        "type": "Polygon",
        "coordinates": [
          [
            [
              132.784524622,
              35.278500023
            ],
            [
              132.784533053,
              35.278455816
            ],
            [
              132.784539074,
              35.278423945
            ],
            [
              132.784541914,
              35.27840403
            ],
            [
              132.784539936,
              35.278372586
            ],
            [
              132.784544634,
              35.278331479
            ],
            [
              132.784529035,
              35.278256582
            ],
            [
              132.784528832,
              35.278229878
            ],
            [
              132.784522374,
              35.278204234
            ],
            [
              132.78451717,
              35.278178583
            ],
            [
              132.784487103,
              35.27817771
            ],
            [
              132.784446985,
              35.278172779
            ],
            [
              132.784451141,
              35.278225139
            ],
            [
              132.784450068,
              35.278248768
            ],
            [
              132.784442841,
              35.278286807
            ],
            [
              132.784439272,
              35.278311475
            ],
            [
              132.784428327,
              35.278354669
            ],
            [
              132.784424788,
              35.278383445
            ],
            [
              132.784417686,
              35.278437917
            ],
            [
              132.784412941,
              35.278472862
            ],
            [
              132.7843946,
              35.2785315
            ],
            [
              132.784417299,
              35.278551925
            ],
            [
              132.784426129,
              35.278560096
            ],
            [
              132.784437479,
              35.27857031
            ],
            [
              132.784445057,
              35.278578488
            ],
            [
              132.784455146,
              35.27858768
            ],
            [
              132.784472728,
              35.278593753
            ],
            [
              132.784478959,
              35.278589612
            ],
            [
              132.784486427,
              35.278583412
            ],
            [
              132.784507492,
              35.278553519
            ],
            [
              132.78451356,
              35.278527811
            ],
            [
              132.784524622,
              35.278500023
            ]
          ]
        ]
      },
      "properties": {
        "polygon_uuid": "b571663e-a0c4-4299-aee1-5b7600106d30",
        "daicho_shubetsu_cd": "FUD25"
      }
    },
    {
      "type": "Feature",
      "geometry": {
        "type": "Polygon",
        "coordinates": [
          [
            [
              132.782063118,
              35.28408806
            ],
            [
              132.782064583,
              35.284064194
            ],
            [
              132.782012348,
              35.284018292
            ],
            [
              132.781987957,
              35.284004838
            ],
            [
              132.781946048,
              35.284010482
            ],
            [
              132.781881106,
              35.284036159
            ],
            [
              132.781768708,
              35.284063888
            ],
            [
              132.781681687,
              35.284089677
            ],
            [
              132.781618632,
              35.284104055
            ],
            [
              132.781729988,
              35.284283583
            ],
            [
              132.781811121,
              35.284245043
            ],
            [
              132.781881405,
              35.284195802
            ],
            [
              132.781908471,
              35.284173939
            ],
            [
              132.782001597,
              35.284128203
            ],
            [
              132.782047795,
              35.284105639
            ],
            [
              132.782063118,
              35.28408806
            ]
          ]
        ]
      },
      "properties": {
        "polygon_uuid": "f3293bac-af0c-4b08-8771-5d1b6d4e7296",
        "daicho_shubetsu_cd": "FUD25"
      }
    },
    {
      "type": "Feature",
      "geometry": {
        "type": "Polygon",
        "coordinates": [
          [
            [
              132.783496522,
              35.278241986
            ],
            [
              132.783418052,
              35.27797959
            ],
            [
              132.783413326,
              35.277985262
            ],
            [
              132.783357795,
              35.278024283
            ],
            [
              132.783302321,
              35.27807105
            ],
            [
              132.783248443,
              35.27810161
            ],
            [
              132.783302792,
              35.27824642
            ],
            [
              132.783353555,
              35.278258135
            ],
            [
              132.783373234,
              35.278248174
            ],
            [
              132.783402334,
              35.278234644
            ],
            [
              132.783443548,
              35.278233026
            ],
            [
              132.783496522,
              35.278241986
            ]
          ]
        ]
      },
      "properties": {
        "polygon_uuid": "950e6111-ce7c-4be3-bb1e-5d237871fd6b",
        "daicho_shubetsu_cd": "FUD25"
      }
    },
    {
      "type": "Feature",
      "geometry": {
        "type": "Polygon",
        "coordinates": [
          [
            [
              132.785832549,
              35.278806736
            ],
            [
              132.786130835,
              35.279072768
            ],
            [
              132.786191924,
              35.279051182
            ],
            [
              132.786254817,
              35.279020222
            ],
            [
              132.786356133,
              35.278959485
            ],
            [
              132.786443141,
              35.278880861
            ],
            [
              132.786172423,
              35.278716495
            ],
            [
              132.786062982,
              35.278669163
            ],
            [
              132.786025144,
              35.278663018
            ],
            [
              132.785997704,
              35.278668792
            ],
            [
              132.785935313,
              35.278709257
            ],
            [
              132.785855046,
              35.278770943
            ],
            [
              132.785832549,
              35.278806736
            ]
          ]
        ]
      },
      "properties": {
        "polygon_uuid": "f2e3a054-3c64-4350-8d7b-5de099881125",
        "daicho_shubetsu_cd": "FUD25"
      }
    },
    {
      "type": "Feature",
      "geometry": {
        "type": "Polygon",
        "coordinates": [
          [
            [
              132.787422038,
              35.28453943
            ],
            [
              132.787500842,
              35.284508536
            ],
            [
              132.787583766,
              35.284470429
            ],
            [
              132.787623236,
              35.284434583
            ],
            [
              132.787654091,
              35.284408965
            ],
            [
              132.78771358,
              35.284392365
            ],
            [
              132.787757049,
              35.284392141
            ],
            [
              132.787812773,
              35.28437047
            ],
            [
              132.787848486,
              35.284330569
            ],
            [
              132.7878825,
              35.284230591
            ],
            [
              132.787885789,
              35.284173544
            ],
            [
              132.787857922,
              35.284102399
            ],
            [
              132.78780912,
              35.284054785
            ],
            [
              132.787753093,
              35.284036742
            ],
            [
              132.787722066,
              35.28403109
            ],
            [
              132.787696109,
              35.283993203
            ],
            [
              132.787699927,
              35.28395109
            ],
            [
              132.787721237,
              35.283922465
            ],
            [
              132.787766619,
              35.283901864
            ],
            [
              132.787828364,
              35.283855379
            ],
            [
              132.787889055,
              35.283819214
            ],
            [
              132.787884198,
              35.283798261
            ],
            [
              132.787869279,
              35.2837963
            ],
            [
              132.787705349,
              35.283798161
            ],
            [
              132.787497196,
              35.28379313
            ],
            [
              132.78748118,
              35.283864415
            ],
            [
              132.787518532,
              35.283876444
            ],
            [
              132.787477,
              35.283967634
            ],
            [
              132.787442101,
              35.283951519
            ],
            [
              132.787433144,
              35.283971253
            ],
            [
              132.787427617,
              35.284006587
            ],
            [
              132.787436896,
              35.284028944
            ],
            [
              132.787499469,
              35.284057388
            ],
            [
              132.787446448,
              35.284162215
            ],
            [
              132.787378131,
              35.284215523
            ],
            [
              132.787355051,
              35.284229219
            ],
            [
              132.787328784,
              35.284259227
            ],
            [
              132.787287671,
              35.284296779
            ],
            [
              132.787318513,
              35.284323779
            ],
            [
              132.787274078,
              35.284355519
            ],
            [
              132.787319026,
              35.28438652
            ],
            [
              132.787352393,
              35.284418937
            ],
            [
              132.787394264,
              35.284480505
            ],
            [
              132.787422038,
              35.28453943
            ]
          ]
        ]
      },
      "properties": {
        "polygon_uuid": "a032dbb9-8d2f-4b45-b9c3-5fb236032ab6",
        "daicho_shubetsu_cd": "FUD25"
      }
    },
    {
      "type": "Feature",
      "geometry": {
        "type": "Polygon",
        "coordinates": [
          [
            [
              132.783274727,
              35.277323351
            ],
            [
              132.783299846,
              35.277084808
            ],
            [
              132.783280858,
              35.276959186
            ],
            [
              132.783215237,
              35.276679482
            ],
            [
              132.783161809,
              35.276671503
            ],
            [
              132.783132643,
              35.276667149
            ],
            [
              132.78310774,
              35.276660127
            ],
            [
              132.78317685,
              35.276854921
            ],
            [
              132.783225798,
              35.277033384
            ],
            [
              132.783185704,
              35.277031534
            ],
            [
              132.783191273,
              35.277207912
            ],
            [
              132.783180072,
              35.277307635
            ],
            [
              132.783242975,
              35.277316772
            ],
            [
              132.783274727,
              35.277323351
            ]
          ]
        ]
      },
      "properties": {
        "polygon_uuid": "0b3e4a57-8419-4822-b3cc-5fb6d99fa705",
        "daicho_shubetsu_cd": "FUD25"
      }
    },
    {
      "type": "Feature",
      "geometry": {
        "type": "Polygon",
        "coordinates": [
          [
            [
              132.782670447,
              35.281419861
            ],
            [
              132.782890697,
              35.281379523
            ],
            [
              132.782744457,
              35.281003731
            ],
            [
              132.782720869,
              35.280992485
            ],
            [
              132.782681209,
              35.28100355
            ],
            [
              132.782630132,
              35.281040733
            ],
            [
              132.782599482,
              35.281148161
            ],
            [
              132.782591778,
              35.281224241
            ],
            [
              132.782618982,
              35.281317795
            ],
            [
              132.782670447,
              35.281419861
            ]
          ]
        ]
      },
      "properties": {
        "polygon_uuid": "13ef1a88-d12a-41f8-8279-5fec837d9e0b",
        "daicho_shubetsu_cd": "FUD25"
      }
    },
    {
      "type": "Feature",
      "geometry": {
        "type": "Polygon",
        "coordinates": [
          [
            [
              132.782573272,
              35.284858127
            ],
            [
              132.782604177,
              35.284863357
            ],
            [
              132.782750838,
              35.284838209
            ],
            [
              132.782927578,
              35.28475554
            ],
            [
              132.782920344,
              35.284735915
            ],
            [
              132.782884222,
              35.284692662
            ],
            [
              132.782845398,
              35.284670554
            ],
            [
              132.782832619,
              35.284684706
            ],
            [
              132.782818391,
              35.284696519
            ],
            [
              132.78278419,
              35.284717825
            ],
            [
              132.782715664,
              35.284744001
            ],
            [
              132.782639944,
              35.284765518
            ],
            [
              132.782574277,
              35.284780364
            ],
            [
              132.782522154,
              35.284773813
            ],
            [
              132.782559346,
              35.284825525
            ],
            [
              132.782573272,
              35.284858127
            ]
          ]
        ]
      },
      "properties": {
        "polygon_uuid": "34c2b830-0ec4-42ef-84c6-60ba1fd37b6c",
        "daicho_shubetsu_cd": "FUD25"
      }
    },
    {
      "type": "Feature",
      "geometry": {
        "type": "Polygon",
        "coordinates": [
          [
            [
              132.78732561,
              35.281271564
            ],
            [
              132.787312928,
              35.281232642
            ],
            [
              132.787301595,
              35.281212333
            ],
            [
              132.787286584,
              35.281198152
            ],
            [
              132.787259136,
              35.281164472
            ],
            [
              132.787240788,
              35.281167148
            ],
            [
              132.787187285,
              35.281154184
            ],
            [
              132.787127456,
              35.281125976
            ],
            [
              132.787076445,
              35.281114016
            ],
            [
              132.787037945,
              35.281114213
            ],
            [
              132.787038054,
              35.28112847
            ],
            [
              132.787044606,
              35.281173247
            ],
            [
              132.787039879,
              35.281204841
            ],
            [
              132.787005748,
              35.281287802
            ],
            [
              132.787013495,
              35.281326461
            ],
            [
              132.787063412,
              35.281357776
            ],
            [
              132.787128131,
              35.281375775
            ],
            [
              132.787182798,
              35.281378549
            ],
            [
              132.787221189,
              35.281364095
            ],
            [
              132.787258214,
              35.281333353
            ],
            [
              132.78732561,
              35.281271564
            ]
          ]
        ]
      },
      "properties": {
        "polygon_uuid": "6d3a0e2c-7fd6-422f-9747-6343a92ce3ea",
        "daicho_shubetsu_cd": "FUD25"
      }
    },
    {
      "type": "Feature",
      "geometry": {
        "type": "Polygon",
        "coordinates": [
          [
            [
              132.78251801,
              35.284335002
            ],
            [
              132.782499117,
              35.284321331
            ],
            [
              132.782471758,
              35.284304572
            ],
            [
              132.782424317,
              35.284260154
            ],
            [
              132.782385109,
              35.284233801
            ],
            [
              132.78236815,
              35.284229663
            ],
            [
              132.782359424,
              35.284243587
            ],
            [
              132.782350875,
              35.284281047
            ],
            [
              132.782340914,
              35.28432636
            ],
            [
              132.782350061,
              35.284367954
            ],
            [
              132.782372577,
              35.284410855
            ],
            [
              132.78251801,
              35.284335002
            ]
          ]
        ]
      },
      "properties": {
        "polygon_uuid": "127d8bc8-51db-417c-a508-63d140ec429e",
        "daicho_shubetsu_cd": "FUD25"
      }
    },
    {
      "type": "Feature",
      "geometry": {
        "type": "Polygon",
        "coordinates": [
          [
            [
              132.783589561,
              35.276880182
            ],
            [
              132.784036421,
              35.276860851
            ],
            [
              132.784021885,
              35.276850598
            ],
            [
              132.784010618,
              35.276837273
            ],
            [
              132.783944533,
              35.276806543
            ],
            [
              132.783918214,
              35.276507346
            ],
            [
              132.783928173,
              35.276461516
            ],
            [
              132.783952017,
              35.276434631
            ],
            [
              132.783903092,
              35.276395007
            ],
            [
              132.783886143,
              35.276402997
            ],
            [
              132.783841718,
              35.276434213
            ],
            [
              132.783815378,
              35.276471676
            ],
            [
              132.78377983,
              35.27654088
            ],
            [
              132.783740071,
              35.276605736
            ],
            [
              132.783705491,
              35.276651457
            ],
            [
              132.783655334,
              35.27671754
            ],
            [
              132.78359848,
              35.27679268
            ],
            [
              132.783584222,
              35.276837829
            ],
            [
              132.783589561,
              35.276880182
            ]
          ]
        ]
      },
      "properties": {
        "polygon_uuid": "2d60866e-8ee9-4a93-96a6-641b2e8de02c",
        "daicho_shubetsu_cd": "FUD25"
      }
    },
    {
      "type": "Feature",
      "geometry": {
        "type": "Polygon",
        "coordinates": [
          [
            [
              132.785094955,
              35.279249859
            ],
            [
              132.785104929,
              35.279248003
            ],
            [
              132.785155127,
              35.279244822
            ],
            [
              132.785231582,
              35.279246544
            ],
            [
              132.785322654,
              35.279250304
            ],
            [
              132.785365618,
              35.279252902
            ],
            [
              132.785419716,
              35.279251216
            ],
            [
              132.785473734,
              35.279238967
            ],
            [
              132.78553116,
              35.279223178
            ],
            [
              132.785481353,
              35.279111447
            ],
            [
              132.785372518,
              35.279143698
            ],
            [
              132.785313343,
              35.27915527
            ],
            [
              132.785284141,
              35.279155419
            ],
            [
              132.78521446,
              35.279140985
            ],
            [
              132.785157604,
              35.279118738
            ],
            [
              132.785119771,
              35.279113297
            ],
            [
              132.78510313,
              35.279113559
            ],
            [
              132.785094955,
              35.279249859
            ]
          ]
        ]
      },
      "properties": {
        "polygon_uuid": "72e61c7f-f4db-4c19-ae40-64fac39443ff",
        "daicho_shubetsu_cd": "FUD25"
      }
    },
    {
      "type": "Feature",
      "geometry": {
        "type": "Polygon",
        "coordinates": [
          [
            [
              132.784664081,
              35.279292761
            ],
            [
              132.784745901,
              35.279071788
            ],
            [
              132.78468479,
              35.279051625
            ],
            [
              132.784573927,
              35.279015459
            ],
            [
              132.784495789,
              35.278989975
            ],
            [
              132.784438845,
              35.278981317
            ],
            [
              132.784398306,
              35.278987071
            ],
            [
              132.78435656,
              35.278991639
            ],
            [
              132.78438302,
              35.279054115
            ],
            [
              132.784413484,
              35.279121309
            ],
            [
              132.7844255,
              35.279176712
            ],
            [
              132.784431671,
              35.279225806
            ],
            [
              132.784445468,
              35.279261391
            ],
            [
              132.784474623,
              35.279283427
            ],
            [
              132.784664081,
              35.279292761
            ]
          ]
        ]
      },
      "properties": {
        "polygon_uuid": "78c3d1ed-e320-4852-a2d3-660c254ccf5a",
        "daicho_shubetsu_cd": "FUD25"
      }
    },
    {
      "type": "Feature",
      "geometry": {
        "type": "Polygon",
        "coordinates": [
          [
            [
              132.782060335,
              35.282875546
            ],
            [
              132.782090406,
              35.282876762
            ],
            [
              132.782135456,
              35.282871056
            ],
            [
              132.782240233,
              35.282813006
            ],
            [
              132.782710892,
              35.282562659
            ],
            [
              132.782661097,
              35.282529258
            ],
            [
              132.782571384,
              35.282498657
            ],
            [
              132.782501683,
              35.282492594
            ],
            [
              132.78243817,
              35.282486071
            ],
            [
              132.7824098,
              35.282488954
            ],
            [
              132.782399811,
              35.282493112
            ],
            [
              132.782373112,
              35.282495987
            ],
            [
              132.782310054,
              35.282549717
            ],
            [
              132.782202217,
              35.282644758
            ],
            [
              132.782119337,
              35.282727346
            ],
            [
              132.782087918,
              35.282768589
            ],
            [
              132.782060335,
              35.282875546
            ]
          ]
        ]
      },
      "properties": {
        "polygon_uuid": "202d3366-ca4d-470f-af3a-67312f00bfbe",
        "daicho_shubetsu_cd": "FUD25"
      }
    },
    {
      "type": "Feature",
      "geometry": {
        "type": "Polygon",
        "coordinates": [
          [
            [
              132.790887212,
              35.281552033
            ],
            [
              132.790897189,
              35.281543267
            ],
            [
              132.790909296,
              35.28153263
            ],
            [
              132.790928539,
              35.28152012
            ],
            [
              132.790932916,
              35.281517899
            ],
            [
              132.790662291,
              35.281351723
            ],
            [
              132.790635438,
              35.281388221
            ],
            [
              132.790628172,
              35.281398095
            ],
            [
              132.790591447,
              35.281433447
            ],
            [
              132.790574134,
              35.281478353
            ],
            [
              132.790578969,
              35.28149958
            ],
            [
              132.790900644,
              35.281568046
            ],
            [
              132.790887212,
              35.281552033
            ]
          ]
        ]
      },
      "properties": {
        "polygon_uuid": "2f13464c-5d57-418a-a064-675f628449cd",
        "daicho_shubetsu_cd": "FUD25"
      }
    },
    {
      "type": "Feature",
      "geometry": {
        "type": "Polygon",
        "coordinates": [
          [
            [
              132.777621198,
              35.28353785
            ],
            [
              132.777645522,
              35.283524375
            ],
            [
              132.77766851,
              35.283499609
            ],
            [
              132.777674556,
              35.28347082
            ],
            [
              132.777668009,
              35.283349657
            ],
            [
              132.777539065,
              35.283356153
            ],
            [
              132.777531245,
              35.283402215
            ],
            [
              132.777498231,
              35.283426005
            ],
            [
              132.777433822,
              35.283439169
            ],
            [
              132.777430864,
              35.283462294
            ],
            [
              132.77753139,
              35.283498661
            ],
            [
              132.777621198,
              35.28353785
            ]
          ]
        ]
      },
      "properties": {
        "polygon_uuid": "bb559d92-7861-4eef-a219-67822890e8c2",
        "daicho_shubetsu_cd": "FUD25"
      }
    },
    {
      "type": "Feature",
      "geometry": {
        "type": "Polygon",
        "coordinates": [
          [
            [
              132.782060335,
              35.282875546
            ],
            [
              132.782035668,
              35.282926341
            ],
            [
              132.782017722,
              35.28298258
            ],
            [
              132.781991395,
              35.283034752
            ],
            [
              132.781983379,
              35.283058476
            ],
            [
              132.782023697,
              35.283070493
            ],
            [
              132.782122097,
              35.283017878
            ],
            [
              132.782445369,
              35.282846048
            ],
            [
              132.782821416,
              35.282645885
            ],
            [
              132.782761853,
              35.282597884
            ],
            [
              132.782710892,
              35.282562659
            ],
            [
              132.782240233,
              35.282813006
            ],
            [
              132.782135456,
              35.282871056
            ],
            [
              132.782090406,
              35.282876762
            ],
            [
              132.782060335,
              35.282875546
            ]
          ]
        ]
      },
      "properties": {
        "polygon_uuid": "f6996498-1861-48ba-86d0-68c192e940bc",
        "daicho_shubetsu_cd": "FUD25"
      }
    },
    {
      "type": "Feature",
      "geometry": {
        "type": "Polygon",
        "coordinates": [
          [
            [
              132.78326777,
              35.283229728
            ],
            [
              132.783255042,
              35.283200837
            ],
            [
              132.783216354,
              35.283198327
            ],
            [
              132.783149006,
              35.283197765
            ],
            [
              132.783062035,
              35.283229892
            ],
            [
              132.78301187,
              35.283249755
            ],
            [
              132.782524111,
              35.283442888
            ],
            [
              132.782619359,
              35.28357756
            ],
            [
              132.782636332,
              35.283583509
            ],
            [
              132.78265325,
              35.283582216
            ],
            [
              132.782702317,
              35.28354998
            ],
            [
              132.782835601,
              35.283461795
            ],
            [
              132.782976974,
              35.283372964
            ],
            [
              132.783065656,
              35.283323629
            ],
            [
              132.783170508,
              35.283276024
            ],
            [
              132.78326777,
              35.283229728
            ]
          ]
        ]
      },
      "properties": {
        "polygon_uuid": "7ad7c1bc-0fb9-41c8-bd40-6b0c17bca073",
        "daicho_shubetsu_cd": "FUD25"
      }
    },
    {
      "type": "Feature",
      "geometry": {
        "type": "Polygon",
        "coordinates": [
          [
            [
              132.787320896,
              35.278110416
            ],
            [
              132.787586296,
              35.278060012
            ],
            [
              132.787762485,
              35.277994713
            ],
            [
              132.787780949,
              35.277841681
            ],
            [
              132.787740243,
              35.27765273
            ],
            [
              132.787695366,
              35.277560393
            ],
            [
              132.787582611,
              35.277577071
            ],
            [
              132.787426268,
              35.27767044
            ],
            [
              132.787274571,
              35.277725945
            ],
            [
              132.787285159,
              35.277813822
            ],
            [
              132.787320896,
              35.278110416
            ]
          ]
        ]
      },
      "properties": {
        "polygon_uuid": "56cf8045-808f-4bf1-9124-6b650d11c47d",
        "daicho_shubetsu_cd": "FUD25"
      }
    },
    {
      "type": "Feature",
      "geometry": {
        "type": "Polygon",
        "coordinates": [
          [
            [
              132.790900644,
              35.281568046
            ],
            [
              132.790578969,
              35.28149958
            ],
            [
              132.790583705,
              35.281520362
            ],
            [
              132.790611071,
              35.281580206
            ],
            [
              132.790641002,
              35.281645553
            ],
            [
              132.790653305,
              35.281677988
            ],
            [
              132.79066235,
              35.281702381
            ],
            [
              132.790927567,
              35.281696827
            ],
            [
              132.790908664,
              35.281658636
            ],
            [
              132.790886432,
              35.281610487
            ],
            [
              132.790878648,
              35.281582258
            ],
            [
              132.790900644,
              35.281568046
            ]
          ]
        ]
      },
      "properties": {
        "polygon_uuid": "eae660a6-8626-46bd-a25c-6c654d8606aa",
        "daicho_shubetsu_cd": "FUD25"
      }
    },
    {
      "type": "Feature",
      "geometry": {
        "type": "Polygon",
        "coordinates": [
          [
            [
              132.781281788,
              35.283804808
            ],
            [
              132.781042336,
              35.283966252
            ],
            [
              132.781123391,
              35.284034619
            ],
            [
              132.781135214,
              35.283992012
            ],
            [
              132.781191605,
              35.284003494
            ],
            [
              132.781232554,
              35.284016865
            ],
            [
              132.781252582,
              35.284037584
            ],
            [
              132.781288982,
              35.283887129
            ],
            [
              132.781316884,
              35.283781074
            ],
            [
              132.781281788,
              35.283804808
            ]
          ]
        ]
      },
      "properties": {
        "polygon_uuid": "5a1d24fe-08eb-4862-8ff7-6d8683e33c09",
        "daicho_shubetsu_cd": "FUD25"
      }
    },
    {
      "type": "Feature",
      "geometry": {
        "type": "Polygon",
        "coordinates": [
          [
            [
              132.780972669,
              35.283890801
            ],
            [
              132.78118488,
              35.283065583
            ],
            [
              132.781163706,
              35.283039438
            ],
            [
              132.781110615,
              35.28302613
            ],
            [
              132.781051124,
              35.283042726
            ],
            [
              132.781009311,
              35.283061043
            ],
            [
              132.780982142,
              35.28312155
            ],
            [
              132.78097383,
              35.28319039
            ],
            [
              132.780965381,
              35.283241127
            ],
            [
              132.780958167,
              35.283309056
            ],
            [
              132.780940921,
              35.283364364
            ],
            [
              132.780912567,
              35.283410675
            ],
            [
              132.780887388,
              35.283438866
            ],
            [
              132.780855756,
              35.283489719
            ],
            [
              132.780827661,
              35.283570429
            ],
            [
              132.78082552,
              35.283646075
            ],
            [
              132.780809702,
              35.28370778
            ],
            [
              132.78083893,
              35.283763094
            ],
            [
              132.780905782,
              35.283828026
            ],
            [
              132.780972669,
              35.283890801
            ]
          ]
        ]
      },
      "properties": {
        "polygon_uuid": "e9a28f14-b6dd-4fc6-9309-6f9a60133376",
        "daicho_shubetsu_cd": "FUD25"
      }
    },
    {
      "type": "Feature",
      "geometry": {
        "type": "Polygon",
        "coordinates": [
          [
            [
              132.78347042,
              35.279331065
            ],
            [
              132.783471477,
              35.279306639
            ],
            [
              132.783460177,
              35.279272297
            ],
            [
              132.78342227,
              35.279223005
            ],
            [
              132.783384404,
              35.279179142
            ],
            [
              132.783347282,
              35.279136484
            ],
            [
              132.783324578,
              35.279151083
            ],
            [
              132.78326591,
              35.27917854
            ],
            [
              132.783251077,
              35.279163527
            ],
            [
              132.783221726,
              35.279175144
            ],
            [
              132.783193172,
              35.279194601
            ],
            [
              132.783171318,
              35.279224284
            ],
            [
              132.78312814,
              35.279256489
            ],
            [
              132.783061665,
              35.279322005
            ],
            [
              132.783003522,
              35.27941886
            ],
            [
              132.783005894,
              35.279440574
            ],
            [
              132.783017002,
              35.27944957
            ],
            [
              132.783040575,
              35.279452468
            ],
            [
              132.783086915,
              35.279449214
            ],
            [
              132.783155461,
              35.279432247
            ],
            [
              132.783228112,
              35.27940472
            ],
            [
              132.783328696,
              35.279372825
            ],
            [
              132.78347042,
              35.279331065
            ]
          ]
        ]
      },
      "properties": {
        "polygon_uuid": "be6e5ebc-76b0-410e-bbbb-6fafbbedeaf5",
        "daicho_shubetsu_cd": "FUD25"
      }
    },
    {
      "type": "Feature",
      "geometry": {
        "type": "Polygon",
        "coordinates": [
          [
            [
              132.783863025,
              35.282977988
            ],
            [
              132.783881237,
              35.282962756
            ],
            [
              132.783895001,
              35.282933719
            ],
            [
              132.783896119,
              35.28288165
            ],
            [
              132.783809044,
              35.282912608
            ],
            [
              132.783210616,
              35.28310186
            ],
            [
              132.783221711,
              35.28312518
            ],
            [
              132.783255042,
              35.283200837
            ],
            [
              132.78326777,
              35.283229728
            ],
            [
              132.783302511,
              35.283213191
            ],
            [
              132.78350415,
              35.28311319
            ],
            [
              132.783672753,
              35.28302422
            ],
            [
              132.783734336,
              35.282992525
            ],
            [
              132.783779124,
              35.282978416
            ],
            [
              132.783820307,
              35.282973982
            ],
            [
              132.783863025,
              35.282977988
            ]
          ]
        ]
      },
      "properties": {
        "polygon_uuid": "bc95bcc7-bd73-49d3-a3ee-72598d1ceabb",
        "daicho_shubetsu_cd": "FUD25"
      }
    },
    {
      "type": "Feature",
      "geometry": {
        "type": "Polygon",
        "coordinates": [
          [
            [
              132.787405565,
              35.284636568
            ],
            [
              132.787430197,
              35.284609285
            ],
            [
              132.787430771,
              35.284576014
            ],
            [
              132.787422038,
              35.28453943
            ],
            [
              132.787403784,
              35.284500702
            ],
            [
              132.787144029,
              35.284497552
            ],
            [
              132.78717798,
              35.284639173
            ],
            [
              132.787405565,
              35.284636568
            ]
          ]
        ]
      },
      "properties": {
        "polygon_uuid": "07f63a4d-b752-4041-85f6-7287f9f4d802",
        "daicho_shubetsu_cd": "FUD25"
      }
    },
    {
      "type": "Feature",
      "geometry": {
        "type": "Polygon",
        "coordinates": [
          [
            [
              132.787555677,
              35.278991647
            ],
            [
              132.787313207,
              35.278797297
            ],
            [
              132.787276677,
              35.27881251
            ],
            [
              132.787259729,
              35.278842647
            ],
            [
              132.787268225,
              35.278905522
            ],
            [
              132.787280064,
              35.278956171
            ],
            [
              132.787304263,
              35.278975768
            ],
            [
              132.78732481,
              35.278967211
            ],
            [
              132.787356882,
              35.278967985
            ],
            [
              132.787431768,
              35.279026763
            ],
            [
              132.787490114,
              35.279018951
            ],
            [
              132.787555677,
              35.278991647
            ]
          ]
        ]
      },
      "properties": {
        "polygon_uuid": "55c79e3d-63ef-4c39-93e2-73809be4e313",
        "daicho_shubetsu_cd": "FUD25"
      }
    },
    {
      "type": "Feature",
      "geometry": {
        "type": "Polygon",
        "coordinates": [
          [
            [
              132.779135822,
              35.284360319
            ],
            [
              132.77905775,
              35.284235545
            ],
            [
              132.779033512,
              35.284243366
            ],
            [
              132.778886817,
              35.284301918
            ],
            [
              132.778752411,
              35.284364177
            ],
            [
              132.778639633,
              35.284448948
            ],
            [
              132.778597079,
              35.284496919
            ],
            [
              132.778597173,
              35.284509486
            ],
            [
              132.778641817,
              35.284535651
            ],
            [
              132.778710633,
              35.284515196
            ],
            [
              132.778774776,
              35.28448471
            ],
            [
              132.779063794,
              35.284397789
            ],
            [
              132.779109517,
              35.284363627
            ],
            [
              132.779135822,
              35.284360319
            ]
          ]
        ]
      },
      "properties": {
        "polygon_uuid": "9c4f227e-256c-4750-b96e-739a7c55d0c3",
        "daicho_shubetsu_cd": "FUD25"
      }
    },
    {
      "type": "Feature",
      "geometry": {
        "type": "Polygon",
        "coordinates": [
          [
            [
              132.777638883,
              35.28551453
            ],
            [
              132.777653811,
              35.285442507
            ],
            [
              132.77775931,
              35.285189689
            ],
            [
              132.777849417,
              35.285013111
            ],
            [
              132.77790264,
              35.284949771
            ],
            [
              132.778028078,
              35.284839654
            ],
            [
              132.778043908,
              35.284821724
            ],
            [
              132.778003281,
              35.284823119
            ],
            [
              132.777959833,
              35.284835239
            ],
            [
              132.777907774,
              35.284860493
            ],
            [
              132.777756008,
              35.284943371
            ],
            [
              132.777615816,
              35.28502143
            ],
            [
              132.777521974,
              35.285087356
            ],
            [
              132.777473078,
              35.285147104
            ],
            [
              132.777491361,
              35.28528253
            ],
            [
              132.777530674,
              35.285406784
            ],
            [
              132.777547058,
              35.285462633
            ],
            [
              132.777559348,
              35.285553012
            ],
            [
              132.777638883,
              35.28551453
            ]
          ]
        ]
      },
      "properties": {
        "polygon_uuid": "2ea44025-cf9f-41cb-ab48-749350670b58",
        "daicho_shubetsu_cd": "FUD25"
      }
    },
    {
      "type": "Feature",
      "geometry": {
        "type": "Polygon",
        "coordinates": [
          [
            [
              132.784032945,
              35.282198066
            ],
            [
              132.784031166,
              35.281843183
            ],
            [
              132.783914358,
              35.281839428
            ],
            [
              132.78379591,
              35.281833242
            ],
            [
              132.78376105,
              35.281837088
            ],
            [
              132.783748625,
              35.28185163
            ],
            [
              132.783751866,
              35.281881246
            ],
            [
              132.783772041,
              35.281950079
            ],
            [
              132.783802684,
              35.28205026
            ],
            [
              132.783809075,
              35.28210935
            ],
            [
              132.783810264,
              35.282156869
            ],
            [
              132.783788522,
              35.282237773
            ],
            [
              132.783794898,
              35.282252238
            ],
            [
              132.783835835,
              35.282245919
            ],
            [
              132.783890495,
              35.282247677
            ],
            [
              132.783930166,
              35.282238308
            ],
            [
              132.783989547,
              35.282207454
            ],
            [
              132.784032945,
              35.282198066
            ]
          ]
        ]
      },
      "properties": {
        "polygon_uuid": "b7063738-db60-4f46-8646-76198f559e74",
        "daicho_shubetsu_cd": "FUD25"
      }
    },
    {
      "type": "Feature",
      "geometry": {
        "type": "Polygon",
        "coordinates": [
          [
            [
              132.789515668,
              35.282892665
            ],
            [
              132.789666184,
              35.282708615
            ],
            [
              132.789610916,
              35.282678661
            ],
            [
              132.789584923,
              35.282651675
            ],
            [
              132.789575133,
              35.282617712
            ],
            [
              132.789569247,
              35.28258097
            ],
            [
              132.789554454,
              35.282552547
            ],
            [
              132.789501376,
              35.282502258
            ],
            [
              132.789438252,
              35.282453952
            ],
            [
              132.789296259,
              35.282610229
            ],
            [
              132.789308418,
              35.282622416
            ],
            [
              132.789327899,
              35.282640931
            ],
            [
              132.789367808,
              35.282691747
            ],
            [
              132.789391684,
              35.282735062
            ],
            [
              132.789436844,
              35.282812741
            ],
            [
              132.789466595,
              35.282854646
            ],
            [
              132.789501317,
              35.282886873
            ],
            [
              132.789515668,
              35.282892665
            ]
          ]
        ]
      },
      "properties": {
        "polygon_uuid": "7b75ad9a-9d4e-4196-90ff-766c813b7d5f",
        "daicho_shubetsu_cd": "FUD25"
      }
    },
    {
      "type": "Feature",
      "geometry": {
        "type": "Polygon",
        "coordinates": [
          [
            [
              132.782476553,
              35.281477128
            ],
            [
              132.782560393,
              35.281464775
            ],
            [
              132.782605612,
              35.281453088
            ],
            [
              132.782583198,
              35.281408845
            ],
            [
              132.782552755,
              35.281324812
            ],
            [
              132.782531129,
              35.281238924
            ],
            [
              132.782535079,
              35.281177348
            ],
            [
              132.78254666,
              35.281103059
            ],
            [
              132.782572906,
              35.281036859
            ],
            [
              132.782600264,
              35.281005037
            ],
            [
              132.78257916,
              35.280987944
            ],
            [
              132.782519486,
              35.280980101
            ],
            [
              132.782437076,
              35.281031214
            ],
            [
              132.782386522,
              35.281061344
            ],
            [
              132.782333684,
              35.281081528
            ],
            [
              132.782283508,
              35.281161445
            ],
            [
              132.782294107,
              35.2812492
            ],
            [
              132.782308111,
              35.281373634
            ],
            [
              132.782476553,
              35.281477128
            ]
          ]
        ]
      },
      "properties": {
        "polygon_uuid": "0211b1a7-99b4-4650-a210-76efbbea320b",
        "daicho_shubetsu_cd": "FUD25"
      }
    },
    {
      "type": "Feature",
      "geometry": {
        "type": "Polygon",
        "coordinates": [
          [
            [
              132.789651139,
              35.281243322
            ],
            [
              132.78962851,
              35.281272411
            ],
            [
              132.789592488,
              35.281289834
            ],
            [
              132.789622868,
              35.281304156
            ],
            [
              132.789692025,
              35.28133138
            ],
            [
              132.789791631,
              35.281381888
            ],
            [
              132.789824528,
              35.281395509
            ],
            [
              132.79000866,
              35.281284243
            ],
            [
              132.789939471,
              35.281252883
            ],
            [
              132.789797666,
              35.281181907
            ],
            [
              132.789721688,
              35.281155761
            ],
            [
              132.789651139,
              35.281243322
            ]
          ]
        ]
      },
      "properties": {
        "polygon_uuid": "3f4e5ea9-9afc-452f-8711-7768a1a6e723",
        "daicho_shubetsu_cd": "FUD25"
      }
    },
    {
      "type": "Feature",
      "geometry": {
        "type": "Polygon",
        "coordinates": [
          [
            [
              132.787402631,
              35.284773329
            ],
            [
              132.787232881,
              35.2847752
            ],
            [
              132.787287701,
              35.284858557
            ],
            [
              132.787414789,
              35.284868716
            ],
            [
              132.787403419,
              35.284789339
            ],
            [
              132.787402631,
              35.284773329
            ]
          ]
        ]
      },
      "properties": {
        "polygon_uuid": "e4a676a4-27fb-4c83-97e4-77a8996b9743",
        "daicho_shubetsu_cd": "FUD25"
      }
    },
    {
      "type": "Feature",
      "geometry": {
        "type": "Polygon",
        "coordinates": [
          [
            [
              132.784299637,
              35.27728777
            ],
            [
              132.784232988,
              35.277316739
            ],
            [
              132.784219735,
              35.277322939
            ],
            [
              132.784578494,
              35.277842413
            ],
            [
              132.784645939,
              35.277817419
            ],
            [
              132.784653157,
              35.277778353
            ],
            [
              132.784651656,
              35.277745493
            ],
            [
              132.78464642,
              35.277715735
            ],
            [
              132.784640705,
              35.277681628
            ],
            [
              132.784642047,
              35.277632319
            ],
            [
              132.784639939,
              35.277580916
            ],
            [
              132.784614787,
              35.277548645
            ],
            [
              132.784584337,
              35.277497386
            ],
            [
              132.784564075,
              35.27743058
            ],
            [
              132.784560462,
              35.277407357
            ],
            [
              132.784538288,
              35.277427895
            ],
            [
              132.784472784,
              35.277447783
            ],
            [
              132.784435054,
              35.277439396
            ],
            [
              132.784390228,
              35.277417792
            ],
            [
              132.784365636,
              35.277383219
            ],
            [
              132.784299637,
              35.27728777
            ]
          ]
        ]
      },
      "properties": {
        "polygon_uuid": "f38de973-500c-4d46-998e-7819c41de9f7",
        "daicho_shubetsu_cd": "FUD25"
      }
    },
    {
      "type": "Feature",
      "geometry": {
        "type": "Polygon",
        "coordinates": [
          [
            [
              132.783981965,
              35.281045782
            ],
            [
              132.783880626,
              35.280655438
            ],
            [
              132.783856482,
              35.280554658
            ],
            [
              132.783668771,
              35.280574288
            ],
            [
              132.783655648,
              35.28059065
            ],
            [
              132.783672956,
              35.280689232
            ],
            [
              132.78370039,
              35.280808913
            ],
            [
              132.783767437,
              35.281061134
            ],
            [
              132.783810533,
              35.281212089
            ],
            [
              132.783836033,
              35.281226443
            ],
            [
              132.783908837,
              35.28121883
            ],
            [
              132.783928611,
              35.281206056
            ],
            [
              132.783952197,
              35.2811136
            ],
            [
              132.783981965,
              35.281045782
            ]
          ]
        ]
      },
      "properties": {
        "polygon_uuid": "a83ac786-361c-4c75-9e1d-7c0d99d14819",
        "daicho_shubetsu_cd": "FUD25"
      }
    },
    {
      "type": "Feature",
      "geometry": {
        "type": "Polygon",
        "coordinates": [
          [
            [
              132.778152047,
              35.284148811
            ],
            [
              132.77872038,
              35.28363765
            ],
            [
              132.778663725,
              35.283621322
            ],
            [
              132.778601871,
              35.283620049
            ],
            [
              132.778545893,
              35.283629049
            ],
            [
              132.778489043,
              35.28365073
            ],
            [
              132.778418797,
              35.283689909
            ],
            [
              132.778387161,
              35.283723348
            ],
            [
              132.778357522,
              35.283765493
            ],
            [
              132.778336681,
              35.283821062
            ],
            [
              132.778308896,
              35.283852896
            ],
            [
              132.778286875,
              35.283879948
            ],
            [
              132.778236706,
              35.283890502
            ],
            [
              132.778193128,
              35.283878045
            ],
            [
              132.778137949,
              35.283864854
            ],
            [
              132.778088769,
              35.28385935
            ],
            [
              132.778004679,
              35.283856606
            ],
            [
              132.777932226,
              35.283859349
            ],
            [
              132.777888827,
              35.283870661
            ],
            [
              132.777860894,
              35.283882687
            ],
            [
              132.777851392,
              35.283904129
            ],
            [
              132.777859313,
              35.283929444
            ],
            [
              132.777882638,
              35.28394338
            ],
            [
              132.777900081,
              35.2839538
            ],
            [
              132.777861799,
              35.284003119
            ],
            [
              132.777915141,
              35.284028997
            ],
            [
              132.777945598,
              35.284023682
            ],
            [
              132.77796119,
              35.284041034
            ],
            [
              132.777985591,
              35.284073397
            ],
            [
              132.778017663,
              35.284097798
            ],
            [
              132.778071064,
              35.284131599
            ],
            [
              132.778110789,
              35.284145661
            ],
            [
              132.778152047,
              35.284148811
            ]
          ]
        ]
      },
      "properties": {
        "polygon_uuid": "d1f4a550-5b43-473e-a765-7c0ddf2ffcaf",
        "daicho_shubetsu_cd": "FUD25"
      }
    },
    {
      "type": "Feature",
      "geometry": {
        "type": "Polygon",
        "coordinates": [
          [
            [
              132.784333764,
              35.27784911
            ],
            [
              132.784367864,
              35.27781473
            ],
            [
              132.784371497,
              35.277798279
            ],
            [
              132.784342566,
              35.277781993
            ],
            [
              132.784331648,
              35.277769068
            ],
            [
              132.784284917,
              35.277722822
            ],
            [
              132.784220753,
              35.277642859
            ],
            [
              132.784131302,
              35.277513019
            ],
            [
              132.784053273,
              35.277400823
            ],
            [
              132.784031073,
              35.27741121
            ],
            [
              132.783902627,
              35.277470555
            ],
            [
              132.783952111,
              35.27754003
            ],
            [
              132.784012743,
              35.277607333
            ],
            [
              132.784094058,
              35.277683688
            ],
            [
              132.784185694,
              35.277762103
            ],
            [
              132.784291073,
              35.277840447
            ],
            [
              132.784315209,
              35.2778601
            ],
            [
              132.784333764,
              35.27784911
            ]
          ]
        ]
      },
      "properties": {
        "polygon_uuid": "55553cdb-ec04-41c6-be45-7d5716fac172",
        "daicho_shubetsu_cd": "FUD25"
      }
    },
    {
      "type": "Feature",
      "geometry": {
        "type": "Polygon",
        "coordinates": [
          [
            [
              132.790260831,
              35.282104686
            ],
            [
              132.790227758,
              35.282090236
            ],
            [
              132.790183909,
              35.282073915
            ],
            [
              132.790136584,
              35.282042902
            ],
            [
              132.790110556,
              35.28201132
            ],
            [
              132.79009173,
              35.281968669
            ],
            [
              132.790078167,
              35.28195449
            ],
            [
              132.790027535,
              35.28194524
            ],
            [
              132.789980487,
              35.281950309
            ],
            [
              132.789956224,
              35.281966291
            ],
            [
              132.789938805,
              35.281997408
            ],
            [
              132.789897625,
              35.282110006
            ],
            [
              132.78987468,
              35.282188035
            ],
            [
              132.789874912,
              35.282218371
            ],
            [
              132.789880073,
              35.282233513
            ],
            [
              132.78989948,
              35.282242377
            ],
            [
              132.789949189,
              35.282255221
            ],
            [
              132.790072122,
              35.28227734
            ],
            [
              132.790106659,
              35.282285436
            ],
            [
              132.790122598,
              35.282280527
            ],
            [
              132.790173734,
              35.282260269
            ],
            [
              132.790190498,
              35.282253287
            ],
            [
              132.790193697,
              35.282231897
            ],
            [
              132.79019438,
              35.282211209
            ],
            [
              132.790260831,
              35.282104686
            ]
          ]
        ]
      },
      "properties": {
        "polygon_uuid": "5dffa25f-ed59-4598-bb09-7d836b8f96d3",
        "daicho_shubetsu_cd": "FUD25"
      }
    },
    {
      "type": "Feature",
      "geometry": {
        "type": "Polygon",
        "coordinates": [
          [
            [
              132.779443968,
              35.281754555
            ],
            [
              132.779482755,
              35.281633
            ],
            [
              132.779142968,
              35.281534491
            ],
            [
              132.779033037,
              35.281724372
            ],
            [
              132.778972995,
              35.281808785
            ],
            [
              132.779173482,
              35.281870515
            ],
            [
              132.779231936,
              35.281888513
            ],
            [
              132.779342842,
              35.28177434
            ],
            [
              132.779443968,
              35.281754555
            ]
          ]
        ]
      },
      "properties": {
        "polygon_uuid": "5bffd0ed-d3c7-4024-8daf-7dbae5cf0d8d",
        "daicho_shubetsu_cd": "FUD25"
      }
    },
    {
      "type": "Feature",
      "geometry": {
        "type": "Polygon",
        "coordinates": [
          [
            [
              132.777797379,
              35.286099617
            ],
            [
              132.777931883,
              35.28611694
            ],
            [
              132.777971737,
              35.286023315
            ],
            [
              132.778002856,
              35.285936273
            ],
            [
              132.778045435,
              35.285808328
            ],
            [
              132.778065431,
              35.285765386
            ],
            [
              132.77809505,
              35.285743306
            ],
            [
              132.777967165,
              35.285720946
            ],
            [
              132.777757836,
              35.28569791
            ],
            [
              132.777680879,
              35.285886323
            ],
            [
              132.7776251,
              35.286061725
            ],
            [
              132.777673269,
              35.286071112
            ],
            [
              132.777717847,
              35.286080406
            ],
            [
              132.777762476,
              35.286090273
            ],
            [
              132.777797379,
              35.286099617
            ]
          ]
        ]
      },
      "properties": {
        "polygon_uuid": "82278cc3-3a5c-49a8-9688-7e6863e7fda8",
        "daicho_shubetsu_cd": "FUD25"
      }
    },
    {
      "type": "Feature",
      "geometry": {
        "type": "Polygon",
        "coordinates": [
          [
            [
              132.786406288,
              35.280559187
            ],
            [
              132.786400062,
              35.280526666
            ],
            [
              132.786374126,
              35.280491494
            ],
            [
              132.786283194,
              35.280401662
            ],
            [
              132.786231712,
              35.280357022
            ],
            [
              132.78621432,
              35.280356432
            ],
            [
              132.786206617,
              35.280360701
            ],
            [
              132.786197006,
              35.280366026
            ],
            [
              132.786206413,
              35.280405356
            ],
            [
              132.786200079,
              35.280443408
            ],
            [
              132.786170703,
              35.280499911
            ],
            [
              132.786130496,
              35.280547641
            ],
            [
              132.786115785,
              35.280572838
            ],
            [
              132.786115981,
              35.280598636
            ],
            [
              132.786128591,
              35.280623692
            ],
            [
              132.786152007,
              35.280654124
            ],
            [
              132.78622789,
              35.280735339
            ],
            [
              132.786406288,
              35.280559187
            ]
          ]
        ]
      },
      "properties": {
        "polygon_uuid": "e74763fd-959c-4813-8858-7f8494870511",
        "daicho_shubetsu_cd": "FUD25"
      }
    },
    {
      "type": "Feature",
      "geometry": {
        "type": "Polygon",
        "coordinates": [
          [
            [
              132.782792301,
              35.284532664
            ],
            [
              132.782458415,
              35.284660457
            ],
            [
              132.782464188,
              35.284692183
            ],
            [
              132.782488737,
              35.284734756
            ],
            [
              132.782522154,
              35.284773813
            ],
            [
              132.782574277,
              35.284780364
            ],
            [
              132.782639944,
              35.284765518
            ],
            [
              132.782715664,
              35.284744001
            ],
            [
              132.78278419,
              35.284717825
            ],
            [
              132.782818391,
              35.284696519
            ],
            [
              132.782832619,
              35.284684706
            ],
            [
              132.782845398,
              35.284670554
            ],
            [
              132.782792301,
              35.284532664
            ]
          ]
        ]
      },
      "properties": {
        "polygon_uuid": "5df0b579-aba1-47a2-8643-7f860a2d3611",
        "daicho_shubetsu_cd": "FUD25"
      }
    },
    {
      "type": "Feature",
      "geometry": {
        "type": "Polygon",
        "coordinates": [
          [
            [
              132.779001901,
              35.283812251
            ],
            [
              132.779010359,
              35.283780514
            ],
            [
              132.77902014,
              35.283729166
            ],
            [
              132.779038744,
              35.283709136
            ],
            [
              132.779106241,
              35.283688127
            ],
            [
              132.77912862,
              35.283665171
            ],
            [
              132.779152391,
              35.283650909
            ],
            [
              132.779154889,
              35.28363023
            ],
            [
              132.77914941,
              35.283607415
            ],
            [
              132.779071088,
              35.283600197
            ],
            [
              132.779041042,
              35.283620306
            ],
            [
              132.779006184,
              35.283610973
            ],
            [
              132.77896563,
              35.283615141
            ],
            [
              132.778919243,
              35.283614583
            ],
            [
              132.778875659,
              35.283601333
            ],
            [
              132.778785545,
              35.283568511
            ],
            [
              132.778732239,
              35.283547388
            ],
            [
              132.778682983,
              35.283550806
            ],
            [
              132.778602054,
              35.283582909
            ],
            [
              132.778629133,
              35.283585942
            ],
            [
              132.778691989,
              35.283591962
            ],
            [
              132.778752996,
              35.283609086
            ],
            [
              132.778810221,
              35.283637321
            ],
            [
              132.778851967,
              35.283663256
            ],
            [
              132.778891978,
              35.283715349
            ],
            [
              132.778925249,
              35.283770645
            ],
            [
              132.778948542,
              35.283783997
            ],
            [
              132.779001901,
              35.283812251
            ]
          ]
        ]
      },
      "properties": {
        "polygon_uuid": "f43dfc33-1e32-4698-8e08-8169dcf3e781",
        "daicho_shubetsu_cd": "FUD25"
      }
    },
    {
      "type": "Feature",
      "geometry": {
        "type": "Polygon",
        "coordinates": [
          [
            [
              132.777507193,
              35.284041389
            ],
            [
              132.777566833,
              35.284035896
            ],
            [
              132.777643158,
              35.284033925
            ],
            [
              132.777650799,
              35.283924186
            ],
            [
              132.777654176,
              35.283859197
            ],
            [
              132.777656397,
              35.283768858
            ],
            [
              132.777656649,
              35.283673776
            ],
            [
              132.777640848,
              35.283628692
            ],
            [
              132.777591147,
              35.283572686
            ],
            [
              132.777526858,
              35.283626676
            ],
            [
              132.777520119,
              35.283694456
            ],
            [
              132.777511896,
              35.28375749
            ],
            [
              132.777502178,
              35.283814588
            ],
            [
              132.77748082,
              35.283865802
            ],
            [
              132.777471014,
              35.283911015
            ],
            [
              132.777483011,
              35.283964438
            ],
            [
              132.777507193,
              35.284041389
            ]
          ]
        ]
      },
      "properties": {
        "polygon_uuid": "11e32035-b23c-4653-b44d-816ec7e5e44f",
        "daicho_shubetsu_cd": "FUD25"
      }
    },
    {
      "type": "Feature",
      "geometry": {
        "type": "Polygon",
        "coordinates": [
          [
            [
              132.784163372,
              35.28118622
            ],
            [
              132.784077434,
              35.2811814
            ],
            [
              132.783784285,
              35.281771506
            ],
            [
              132.783913663,
              35.281808887
            ],
            [
              132.784164998,
              35.281385081
            ],
            [
              132.784163372,
              35.28118622
            ]
          ]
        ]
      },
      "properties": {
        "polygon_uuid": "6d3d8663-d1f3-46e4-ac9f-82323e18eb67",
        "daicho_shubetsu_cd": "FUD25"
      }
    },
    {
      "type": "Feature",
      "geometry": {
        "type": "Polygon",
        "coordinates": [
          [
            [
              132.77809505,
              35.285743306
            ],
            [
              132.778135481,
              35.285631434
            ],
            [
              132.777833639,
              35.285507611
            ],
            [
              132.777757836,
              35.28569791
            ],
            [
              132.777967165,
              35.285720946
            ],
            [
              132.77809505,
              35.285743306
            ]
          ]
        ]
      },
      "properties": {
        "polygon_uuid": "d9eeddcf-750a-419e-b88e-829cd1d013fb",
        "daicho_shubetsu_cd": "FUD25"
      }
    },
    {
      "type": "Feature",
      "geometry": {
        "type": "Polygon",
        "coordinates": [
          [
            [
              132.781856028,
              35.283843182
            ],
            [
              132.781939932,
              35.28378036
            ],
            [
              132.782038699,
              35.283702006
            ],
            [
              132.782104443,
              35.283636494
            ],
            [
              132.78214494,
              35.283590121
            ],
            [
              132.782206466,
              35.283550882
            ],
            [
              132.782337488,
              35.283504048
            ],
            [
              132.782353624,
              35.283498679
            ],
            [
              132.782494962,
              35.283451648
            ],
            [
              132.782324522,
              35.283249742
            ],
            [
              132.782305288,
              35.283226536
            ],
            [
              132.781636676,
              35.283571176
            ],
            [
              132.78165584,
              35.283593374
            ],
            [
              132.781715553,
              35.283667887
            ],
            [
              132.781856028,
              35.283843182
            ]
          ]
        ]
      },
      "properties": {
        "polygon_uuid": "2a5e9241-d019-4dbc-8f9b-82ecf59ed705",
        "daicho_shubetsu_cd": "FUD25"
      }
    },
    {
      "type": "Feature",
      "geometry": {
        "type": "Polygon",
        "coordinates": [
          [
            [
              132.780952679,
              35.284099393
            ],
            [
              132.780963316,
              35.28404593
            ],
            [
              132.780888137,
              35.284031828
            ],
            [
              132.780782437,
              35.284069479
            ],
            [
              132.780952679,
              35.284099393
            ]
          ]
        ]
      },
      "properties": {
        "polygon_uuid": "51f6b62f-86b5-4c5c-b192-840beb50530b",
        "daicho_shubetsu_cd": "FUD25"
      }
    },
    {
      "type": "Feature",
      "geometry": {
        "type": "Polygon",
        "coordinates": [
          [
            [
              132.790574001,
              35.281073837
            ],
            [
              132.790574931,
              35.281057765
            ],
            [
              132.790571792,
              35.281008058
            ],
            [
              132.79045059,
              35.281016579
            ],
            [
              132.790415867,
              35.281023971
            ],
            [
              132.790368052,
              35.281038696
            ],
            [
              132.790332865,
              35.281055426
            ],
            [
              132.790262547,
              35.281101143
            ],
            [
              132.79019724,
              35.281137332
            ],
            [
              132.790138521,
              35.281155561
            ],
            [
              132.790077238,
              35.281168288
            ],
            [
              132.790004912,
              35.281166592
            ],
            [
              132.78996283,
              35.281161293
            ],
            [
              132.789973464,
              35.281230993
            ],
            [
              132.790024103,
              35.281255554
            ],
            [
              132.790085756,
              35.281291088
            ],
            [
              132.790159339,
              35.281347247
            ],
            [
              132.790244007,
              35.281423343
            ],
            [
              132.790287326,
              35.281480346
            ],
            [
              132.790314833,
              35.281515085
            ],
            [
              132.790362869,
              35.281565118
            ],
            [
              132.790393352,
              35.281592886
            ],
            [
              132.790412222,
              35.281586582
            ],
            [
              132.790415522,
              35.281523478
            ],
            [
              132.790437606,
              35.281442695
            ],
            [
              132.79048136,
              35.281391793
            ],
            [
              132.79054042,
              35.281343172
            ],
            [
              132.790606875,
              35.281292152
            ],
            [
              132.790628849,
              35.281280426
            ],
            [
              132.790596452,
              35.281223806
            ],
            [
              132.790568309,
              35.281172239
            ],
            [
              132.790574001,
              35.281073837
            ]
          ]
        ]
      },
      "properties": {
        "polygon_uuid": "c10dd3e5-8e56-4c01-8e63-86a83c1e3b51",
        "daicho_shubetsu_cd": "FUD25"
      }
    },
    {
      "type": "Feature",
      "geometry": {
        "type": "Polygon",
        "coordinates": [
          [
            [
              132.781892757,
              35.283011011
            ],
            [
              132.781932165,
              35.282899418
            ],
            [
              132.781991827,
              35.282759706
            ],
            [
              132.782021236,
              35.282707053
            ],
            [
              132.782062926,
              35.282672442
            ],
            [
              132.782075191,
              35.282662513
            ],
            [
              132.78187536,
              35.282540738
            ],
            [
              132.781847491,
              35.282573604
            ],
            [
              132.781784481,
              35.282698585
            ],
            [
              132.781738226,
              35.282798007
            ],
            [
              132.781715108,
              35.282885428
            ],
            [
              132.781687505,
              35.282956111
            ],
            [
              132.781892757,
              35.283011011
            ]
          ]
        ]
      },
      "properties": {
        "polygon_uuid": "e9bf6194-244d-43be-bc4f-86d7cb8135e8",
        "daicho_shubetsu_cd": "FUD25"
      }
    },
    {
      "type": "Feature",
      "geometry": {
        "type": "Polygon",
        "coordinates": [
          [
            [
              132.790853853,
              35.282555649
            ],
            [
              132.790856459,
              35.282529895
            ],
            [
              132.790846661,
              35.282495012
            ],
            [
              132.790817509,
              35.282421617
            ],
            [
              132.790777583,
              35.28233219
            ],
            [
              132.79070852,
              35.282390464
            ],
            [
              132.79070766,
              35.282424482
            ],
            [
              132.790697238,
              35.282454414
            ],
            [
              132.790661801,
              35.282511593
            ],
            [
              132.790602661,
              35.282561571
            ],
            [
              132.790712741,
              35.282648307
            ],
            [
              132.790813209,
              35.282591711
            ],
            [
              132.790846658,
              35.282567636
            ],
            [
              132.790853853,
              35.282555649
            ]
          ]
        ]
      },
      "properties": {
        "polygon_uuid": "a7499dc9-7e8e-4ac3-b1bc-88ed1a355c1c",
        "daicho_shubetsu_cd": "FUD25"
      }
    },
    {
      "type": "Feature",
      "geometry": {
        "type": "Polygon",
        "coordinates": [
          [
            [
              132.783935769,
              35.277828421
            ],
            [
              132.783923267,
              35.277769796
            ],
            [
              132.783899694,
              35.277719206
            ],
            [
              132.78384925,
              35.277636355
            ],
            [
              132.783811199,
              35.277593242
            ],
            [
              132.783768226,
              35.277542107
            ],
            [
              132.783660562,
              35.277548819
            ],
            [
              132.78375239,
              35.277850428
            ],
            [
              132.783859385,
              35.277835854
            ],
            [
              132.783935769,
              35.277828421
            ]
          ]
        ]
      },
      "properties": {
        "polygon_uuid": "e8effbe5-6ccc-43b5-98d5-8961f07cb00f",
        "daicho_shubetsu_cd": "FUD25"
      }
    },
    {
      "type": "Feature",
      "geometry": {
        "type": "Polygon",
        "coordinates": [
          [
            [
              132.781604197,
              35.283014569
            ],
            [
              132.781631915,
              35.282937992
            ],
            [
              132.781688768,
              35.28276925
            ],
            [
              132.781651779,
              35.282736571
            ],
            [
              132.781631831,
              35.282748997
            ],
            [
              132.781620244,
              35.282762751
            ],
            [
              132.781598734,
              35.282773912
            ],
            [
              132.781547021,
              35.282797359
            ],
            [
              132.781500478,
              35.282826354
            ],
            [
              132.781458892,
              35.282848477
            ],
            [
              132.781402214,
              35.282862459
            ],
            [
              132.781353825,
              35.282868183
            ],
            [
              132.781308672,
              35.282860196
            ],
            [
              132.781111909,
              35.282880379
            ],
            [
              132.781085571,
              35.282901334
            ],
            [
              132.78112534,
              35.282904753
            ],
            [
              132.781201704,
              35.282929712
            ],
            [
              132.781277101,
              35.28297278
            ],
            [
              132.781344851,
              35.28302675
            ],
            [
              132.781412678,
              35.283090678
            ],
            [
              132.781478051,
              35.283122029
            ],
            [
              132.781507877,
              35.283124593
            ],
            [
              132.78155198,
              35.283117127
            ],
            [
              132.781571639,
              35.283088964
            ],
            [
              132.781604197,
              35.283014569
            ]
          ]
        ]
      },
      "properties": {
        "polygon_uuid": "bc16b503-a559-4238-a08a-8a66238d9906",
        "daicho_shubetsu_cd": "FUD25"
      }
    },
    {
      "type": "Feature",
      "geometry": {
        "type": "Polygon",
        "coordinates": [
          [
            [
              132.78771055,
              35.278956233
            ],
            [
              132.787509982,
              35.278788422
            ],
            [
              132.787401319,
              35.278788393
            ],
            [
              132.787313207,
              35.278797297
            ],
            [
              132.787555677,
              35.278991647
            ],
            [
              132.787576872,
              35.278982821
            ],
            [
              132.787661477,
              35.278964544
            ],
            [
              132.78771055,
              35.278956233
            ]
          ]
        ]
      },
      "properties": {
        "polygon_uuid": "d3855400-6286-4866-8571-8b1fd948d223",
        "daicho_shubetsu_cd": "FUD25"
      }
    },
    {
      "type": "Feature",
      "geometry": {
        "type": "Polygon",
        "coordinates": [
          [
            [
              132.788147348,
              35.278959149
            ],
            [
              132.788097204,
              35.278891167
            ],
            [
              132.788010265,
              35.278761317
            ],
            [
              132.788005303,
              35.278753908
            ],
            [
              132.787927462,
              35.278758063
            ],
            [
              132.787935924,
              35.278866327
            ],
            [
              132.78793824,
              35.278969614
            ],
            [
              132.787968891,
              35.278984482
            ],
            [
              132.788147348,
              35.278959149
            ]
          ]
        ]
      },
      "properties": {
        "polygon_uuid": "50fd3fad-d8b5-4ff3-8486-8b8af223ac3b",
        "daicho_shubetsu_cd": "FUD25"
      }
    },
    {
      "type": "Feature",
      "geometry": {
        "type": "Polygon",
        "coordinates": [
          [
            [
              132.786779625,
              35.278943014
            ],
            [
              132.786782216,
              35.278831362
            ],
            [
              132.786767208,
              35.278831086
            ],
            [
              132.786690261,
              35.278802369
            ],
            [
              132.786637387,
              35.278784754
            ],
            [
              132.786533547,
              35.278733177
            ],
            [
              132.786496208,
              35.278792531
            ],
            [
              132.786491814,
              35.278816969
            ],
            [
              132.786527586,
              35.278852471
            ],
            [
              132.786631071,
              35.278907346
            ],
            [
              132.786683877,
              35.278923979
            ],
            [
              132.786734299,
              35.278928416
            ],
            [
              132.786779625,
              35.278943014
            ]
          ]
        ]
      },
      "properties": {
        "polygon_uuid": "59532a9f-8173-4669-b36a-8caf5a879e80",
        "daicho_shubetsu_cd": "FUD25"
      }
    },
    {
      "type": "Feature",
      "geometry": {
        "type": "Polygon",
        "coordinates": [
          [
            [
              132.788147348,
              35.278959149
            ],
            [
              132.788158376,
              35.278979163
            ],
            [
              132.78820966,
              35.278996429
            ],
            [
              132.788324499,
              35.27903841
            ],
            [
              132.78836191,
              35.279048896
            ],
            [
              132.788112893,
              35.278697699
            ],
            [
              132.788097707,
              35.27870842
            ],
            [
              132.788050802,
              35.278742179
            ],
            [
              132.788010265,
              35.278761317
            ],
            [
              132.788097204,
              35.278891167
            ],
            [
              132.788147348,
              35.278959149
            ]
          ]
        ]
      },
      "properties": {
        "polygon_uuid": "905da677-a3dd-4482-9c64-8cc89e501a26",
        "daicho_shubetsu_cd": "FUD25"
      }
    },
    {
      "type": "Feature",
      "geometry": {
        "type": "Polygon",
        "coordinates": [
          [
            [
              132.78251801,
              35.284335002
            ],
            [
              132.782372577,
              35.284410855
            ],
            [
              132.782412864,
              35.284475187
            ],
            [
              132.78243511,
              35.284523161
            ],
            [
              132.782639903,
              35.284408796
            ],
            [
              132.78262756,
              35.28440604
            ],
            [
              132.782623396,
              35.284402728
            ],
            [
              132.7825339,
              35.2843465
            ],
            [
              132.78251801,
              35.284335002
            ]
          ]
        ]
      },
      "properties": {
        "polygon_uuid": "9f8d177b-ec40-4bb7-b16f-8e45bad0f77a",
        "daicho_shubetsu_cd": "FUD25"
      }
    },
    {
      "type": "Feature",
      "geometry": {
        "type": "Polygon",
        "coordinates": [
          [
            [
              132.79057958,
              35.28411416
            ],
            [
              132.790591612,
              35.28401212
            ],
            [
              132.790552707,
              35.283998604
            ],
            [
              132.790518235,
              35.283982892
            ],
            [
              132.790477684,
              35.283978768
            ],
            [
              132.790450241,
              35.283960854
            ],
            [
              132.790387898,
              35.284110426
            ],
            [
              132.79037659,
              35.284137557
            ],
            [
              132.790425307,
              35.284115639
            ],
            [
              132.79049528,
              35.284108778
            ],
            [
              132.790557393,
              35.284110624
            ],
            [
              132.79057958,
              35.28411416
            ]
          ]
        ]
      },
      "properties": {
        "polygon_uuid": "d826ab15-f43e-4ff7-9800-8f573f00b96b",
        "daicho_shubetsu_cd": "FUD25"
      }
    },
    {
      "type": "Feature",
      "geometry": {
        "type": "Polygon",
        "coordinates": [
          [
            [
              132.790232152,
              35.281453944
            ],
            [
              132.790169174,
              35.281382701
            ],
            [
              132.790102322,
              35.281327197
            ],
            [
              132.790064296,
              35.281302572
            ],
            [
              132.79000866,
              35.281284243
            ],
            [
              132.789824528,
              35.281395509
            ],
            [
              132.789872671,
              35.281423529
            ],
            [
              132.78991672,
              35.28146605
            ],
            [
              132.79002341,
              35.281570427
            ],
            [
              132.790232152,
              35.281453944
            ]
          ]
        ]
      },
      "properties": {
        "polygon_uuid": "bdf42272-dbfc-43a8-9206-8fdc388d7275",
        "daicho_shubetsu_cd": "FUD25"
      }
    },
    {
      "type": "Feature",
      "geometry": {
        "type": "Polygon",
        "coordinates": [
          [
            [
              132.782259668,
              35.284187764
            ],
            [
              132.78223348,
              35.284178884
            ],
            [
              132.782183978,
              35.284153789
            ],
            [
              132.782144757,
              35.284125625
            ],
            [
              132.782110001,
              35.284104075
            ],
            [
              132.782060892,
              35.284130879
            ],
            [
              132.781995619,
              35.284161386
            ],
            [
              132.781949417,
              35.284183347
            ],
            [
              132.781905559,
              35.284223401
            ],
            [
              132.781891777,
              35.284250024
            ],
            [
              132.781909668,
              35.284280108
            ],
            [
              132.781999,
              35.284316467
            ],
            [
              132.782036887,
              35.284265581
            ],
            [
              132.782115134,
              35.284295961
            ],
            [
              132.782144618,
              35.284301846
            ],
            [
              132.782165929,
              35.284297513
            ],
            [
              132.782253959,
              35.284259045
            ],
            [
              132.782266169,
              35.284219151
            ],
            [
              132.782245465,
              35.284206583
            ],
            [
              132.782259668,
              35.284187764
            ]
          ]
        ]
      },
      "properties": {
        "polygon_uuid": "5f80f2b7-dc57-4dd3-b0c3-90324b60259e",
        "daicho_shubetsu_cd": "FUD25"
      }
    },
    {
      "type": "Feature",
      "geometry": {
        "type": "Polygon",
        "coordinates": [
          [
            [
              132.789261525,
              35.284105445
            ],
            [
              132.789915784,
              35.283891545
            ],
            [
              132.789903676,
              35.28383041
            ],
            [
              132.789878118,
              35.283787104
            ],
            [
              132.789837525,
              35.283756976
            ],
            [
              132.789795383,
              35.283744093
            ],
            [
              132.78975927,
              35.283749794
            ],
            [
              132.789634335,
              35.283795944
            ],
            [
              132.789473322,
              35.283852621
            ],
            [
              132.789332448,
              35.283903678
            ],
            [
              132.789267053,
              35.283928836
            ],
            [
              132.789226148,
              35.283967658
            ],
            [
              132.789198791,
              35.28401882
            ],
            [
              132.789193343,
              35.284076075
            ],
            [
              132.789238778,
              35.284088444
            ],
            [
              132.789261525,
              35.284105445
            ]
          ]
        ]
      },
      "properties": {
        "polygon_uuid": "8634489a-5308-4d1d-a6d1-90743f497cf8",
        "daicho_shubetsu_cd": "FUD25"
      }
    },
    {
      "type": "Feature",
      "geometry": {
        "type": "Polygon",
        "coordinates": [
          [
            [
              132.783289691,
              35.28130645
            ],
            [
              132.783134946,
              35.280879724
            ],
            [
              132.78307659,
              35.280879328
            ],
            [
              132.782969702,
              35.28090522
            ],
            [
              132.782901472,
              35.280933629
            ],
            [
              132.782875408,
              35.280947823
            ],
            [
              132.783025211,
              35.281354888
            ],
            [
              132.783289691,
              35.28130645
            ]
          ]
        ]
      },
      "properties": {
        "polygon_uuid": "ce12e71d-d19f-4eef-800a-90fa99a4afae",
        "daicho_shubetsu_cd": "FUD25"
      }
    },
    {
      "type": "Feature",
      "geometry": {
        "type": "Polygon",
        "coordinates": [
          [
            [
              132.778431975,
              35.286226017
            ],
            [
              132.778407416,
              35.286176736
            ],
            [
              132.778357989,
              35.286166097
            ],
            [
              132.778333664,
              35.286147973
            ],
            [
              132.778306644,
              35.28615763
            ],
            [
              132.778253462,
              35.286125509
            ],
            [
              132.778186506,
              35.286099667
            ],
            [
              132.778197363,
              35.286128173
            ],
            [
              132.778225768,
              35.286174044
            ],
            [
              132.778250225,
              35.286209621
            ],
            [
              132.778268948,
              35.286254747
            ],
            [
              132.778283043,
              35.286327664
            ],
            [
              132.778431975,
              35.286226017
            ]
          ]
        ]
      },
      "properties": {
        "polygon_uuid": "c1baab7c-8cc6-4a1e-b463-91ba51275768",
        "daicho_shubetsu_cd": "FUD25"
      }
    },
    {
      "type": "Feature",
      "geometry": {
        "type": "Polygon",
        "coordinates": [
          [
            [
              132.790932916,
              35.281517899
            ],
            [
              132.790958482,
              35.281511626
            ],
            [
              132.790956996,
              35.281427517
            ],
            [
              132.790966585,
              35.281415843
            ],
            [
              132.791016142,
              35.281355506
            ],
            [
              132.790980241,
              35.281279159
            ],
            [
              132.790985895,
              35.281248792
            ],
            [
              132.790958025,
              35.281203071
            ],
            [
              132.790919887,
              35.281163967
            ],
            [
              132.790881014,
              35.281138657
            ],
            [
              132.790846393,
              35.28111953
            ],
            [
              132.790798174,
              35.281102351
            ],
            [
              132.790793977,
              35.281102661
            ],
            [
              132.790740885,
              35.281087076
            ],
            [
              132.790666815,
              35.281077116
            ],
            [
              132.790611296,
              35.281073955
            ],
            [
              132.790574001,
              35.281073837
            ],
            [
              132.790568309,
              35.281172239
            ],
            [
              132.790596452,
              35.281223806
            ],
            [
              132.790628849,
              35.281280426
            ],
            [
              132.790634804,
              35.281290832
            ],
            [
              132.790640237,
              35.281341481
            ],
            [
              132.790635438,
              35.281388221
            ],
            [
              132.790662291,
              35.281351723
            ],
            [
              132.790932916,
              35.281517899
            ]
          ]
        ]
      },
      "properties": {
        "polygon_uuid": "4e8f2402-2619-4acb-af34-9226210663eb",
        "daicho_shubetsu_cd": "FUD25"
      }
    },
    {
      "type": "Feature",
      "geometry": {
        "type": "Polygon",
        "coordinates": [
          [
            [
              132.789078247,
              35.283384198
            ],
            [
              132.789145003,
              35.283181194
            ],
            [
              132.78922763,
              35.282942464
            ],
            [
              132.789214907,
              35.282902812
            ],
            [
              132.789183633,
              35.282873439
            ],
            [
              132.789151257,
              35.282862404
            ],
            [
              132.78909915,
              35.282869801
            ],
            [
              132.789000209,
              35.282924284
            ],
            [
              132.788933182,
              35.282978695
            ],
            [
              132.788828329,
              35.283345486
            ],
            [
              132.78887742,
              35.283345513
            ],
            [
              132.7889769,
              35.283361295
            ],
            [
              132.789078247,
              35.283384198
            ]
          ]
        ]
      },
      "properties": {
        "polygon_uuid": "471f6881-d701-4f4e-b7c8-92fddd2f1d44",
        "daicho_shubetsu_cd": "FUD25"
      }
    },
    {
      "type": "Feature",
      "geometry": {
        "type": "Polygon",
        "coordinates": [
          [
            [
              132.780406936,
              35.283107176
            ],
            [
              132.780355473,
              35.283112346
            ],
            [
              132.780320914,
              35.283116746
            ],
            [
              132.780280151,
              35.283176699
            ],
            [
              132.780242145,
              35.283211895
            ],
            [
              132.780160716,
              35.28324731
            ],
            [
              132.780253422,
              35.283340985
            ],
            [
              132.780274143,
              35.283355967
            ],
            [
              132.780308569,
              35.283334067
            ],
            [
              132.780334128,
              35.283307384
            ],
            [
              132.780349388,
              35.283281356
            ],
            [
              132.78035508,
              35.283255377
            ],
            [
              132.780368939,
              35.283192461
            ],
            [
              132.780406936,
              35.283107176
            ]
          ]
        ]
      },
      "properties": {
        "polygon_uuid": "08b98d18-0c72-4f96-883e-96661c61b730",
        "daicho_shubetsu_cd": "FUD25"
      }
    },
    {
      "type": "Feature",
      "geometry": {
        "type": "Polygon",
        "coordinates": [
          [
            [
              132.781373576,
              35.284268049
            ],
            [
              132.781461386,
              35.284395418
            ],
            [
              132.781539329,
              35.284395935
            ],
            [
              132.781523356,
              35.284344889
            ],
            [
              132.781499823,
              35.284324924
            ],
            [
              132.781452136,
              35.284246546
            ],
            [
              132.781373576,
              35.284268049
            ]
          ]
        ]
      },
      "properties": {
        "polygon_uuid": "23cf244b-2724-400d-ab9b-976aa1c9b0f3",
        "daicho_shubetsu_cd": "FUD25"
      }
    },
    {
      "type": "Feature",
      "geometry": {
        "type": "Polygon",
        "coordinates": [
          [
            [
              132.781856028,
              35.283843182
            ],
            [
              132.781945669,
              35.283955042
            ],
            [
              132.781998515,
              35.283935763
            ],
            [
              132.782005595,
              35.283906331
            ],
            [
              132.782046654,
              35.283788441
            ],
            [
              132.782060977,
              35.283735865
            ],
            [
              132.782077675,
              35.283705604
            ],
            [
              132.782112456,
              35.283666475
            ],
            [
              132.782270113,
              35.283589632
            ],
            [
              132.782330244,
              35.283560359
            ],
            [
              132.782353624,
              35.283498679
            ],
            [
              132.782337488,
              35.283504048
            ],
            [
              132.782206466,
              35.283550882
            ],
            [
              132.78214494,
              35.283590121
            ],
            [
              132.782104443,
              35.283636494
            ],
            [
              132.782038699,
              35.283702006
            ],
            [
              132.781939932,
              35.28378036
            ],
            [
              132.781856028,
              35.283843182
            ]
          ]
        ]
      },
      "properties": {
        "polygon_uuid": "1ed1fffd-7853-44e0-90ed-986ad5e33c94",
        "daicho_shubetsu_cd": "FUD25"
      }
    },
    {
      "type": "Feature",
      "geometry": {
        "type": "Polygon",
        "coordinates": [
          [
            [
              132.783711003,
              35.27832035
            ],
            [
              132.783693823,
              35.278253755
            ],
            [
              132.783629748,
              35.278005396
            ],
            [
              132.783597985,
              35.277897654
            ],
            [
              132.783563,
              35.277902095
            ],
            [
              132.783494367,
              35.277912306
            ],
            [
              132.783443967,
              35.277948482
            ],
            [
              132.783418052,
              35.27797959
            ],
            [
              132.783496522,
              35.278241986
            ],
            [
              132.783524387,
              35.278246699
            ],
            [
              132.783637111,
              35.278274296
            ],
            [
              132.783679345,
              35.278293802
            ],
            [
              132.783700128,
              35.278316234
            ],
            [
              132.783711003,
              35.27832035
            ]
          ]
        ]
      },
      "properties": {
        "polygon_uuid": "4a890aab-1e27-4913-9c05-986e3987cde3",
        "daicho_shubetsu_cd": "FUD25"
      }
    },
    {
      "type": "Feature",
      "geometry": {
        "type": "Polygon",
        "coordinates": [
          [
            [
              132.781581515,
              35.283500624
            ],
            [
              132.781616432,
              35.283547728
            ],
            [
              132.781636676,
              35.283571176
            ],
            [
              132.782305288,
              35.283226536
            ],
            [
              132.782197507,
              35.283096496
            ],
            [
              132.782029488,
              35.283214128
            ],
            [
              132.781881126,
              35.283303596
            ],
            [
              132.781729335,
              35.283377693
            ],
            [
              132.78155336,
              35.28346549
            ],
            [
              132.781581515,
              35.283500624
            ]
          ]
        ]
      },
      "properties": {
        "polygon_uuid": "cd0402ed-9773-49a1-99e9-990b5d6dbcf6",
        "daicho_shubetsu_cd": "FUD25"
      }
    },
    {
      "type": "Feature",
      "geometry": {
        "type": "Polygon",
        "coordinates": [
          [
            [
              132.790879007,
              35.284856031
            ],
            [
              132.790857425,
              35.284683525
            ],
            [
              132.790848661,
              35.284574511
            ],
            [
              132.790703923,
              35.284567078
            ],
            [
              132.790752155,
              35.284854518
            ],
            [
              132.790879007,
              35.284856031
            ]
          ]
        ]
      },
      "properties": {
        "polygon_uuid": "dad0fa88-ce97-4616-b38a-9934101aa333",
        "daicho_shubetsu_cd": "FUD25"
      }
    },
    {
      "type": "Feature",
      "geometry": {
        "type": "Polygon",
        "coordinates": [
          [
            [
              132.790450241,
              35.283960854
            ],
            [
              132.790440498,
              35.283941117
            ],
            [
              132.790436917,
              35.283912637
            ],
            [
              132.790436411,
              35.283877224
            ],
            [
              132.790408569,
              35.283828643
            ],
            [
              132.79025094,
              35.283872654
            ],
            [
              132.790070631,
              35.283905934
            ],
            [
              132.790042008,
              35.283907345
            ],
            [
              132.790051101,
              35.28400774
            ],
            [
              132.790066763,
              35.284130648
            ],
            [
              132.790387898,
              35.284110426
            ],
            [
              132.790450241,
              35.283960854
            ]
          ]
        ]
      },
      "properties": {
        "polygon_uuid": "94d1769a-dc21-488a-9597-9be0ea4a940c",
        "daicho_shubetsu_cd": "FUD25"
      }
    },
    {
      "type": "Feature",
      "geometry": {
        "type": "Polygon",
        "coordinates": [
          [
            [
              132.785111489,
              35.283469062
            ],
            [
              132.785018176,
              35.28328419
            ],
            [
              132.784964138,
              35.283200958
            ],
            [
              132.784899015,
              35.283130003
            ],
            [
              132.784826611,
              35.28308149
            ],
            [
              132.784812815,
              35.283076182
            ],
            [
              132.784737446,
              35.283153279
            ],
            [
              132.784730149,
              35.283165701
            ],
            [
              132.784709245,
              35.283201287
            ],
            [
              132.784916531,
              35.283525799
            ],
            [
              132.784927452,
              35.283524507
            ],
            [
              132.785011765,
              35.283505745
            ],
            [
              132.785055241,
              35.283506541
            ],
            [
              132.785102512,
              35.283516483
            ],
            [
              132.785142363,
              35.283530538
            ],
            [
              132.785111489,
              35.283469062
            ]
          ]
        ]
      },
      "properties": {
        "polygon_uuid": "fa53d188-ac93-4112-969b-9c9a3c0e2d04",
        "daicho_shubetsu_cd": "FUD25"
      }
    },
    {
      "type": "Feature",
      "geometry": {
        "type": "Polygon",
        "coordinates": [
          [
            [
              132.784413328,
              35.280842076
            ],
            [
              132.784433145,
              35.280807312
            ],
            [
              132.784459191,
              35.280748111
            ],
            [
              132.784465566,
              35.280695127
            ],
            [
              132.784460185,
              35.280640841
            ],
            [
              132.784465718,
              35.280606187
            ],
            [
              132.784479577,
              35.280577601
            ],
            [
              132.784518971,
              35.280531911
            ],
            [
              132.784578916,
              35.280466428
            ],
            [
              132.784607956,
              35.280429019
            ],
            [
              132.784592564,
              35.280434851
            ],
            [
              132.784521594,
              35.280465765
            ],
            [
              132.784480408,
              35.280493812
            ],
            [
              132.784443129,
              35.280509453
            ],
            [
              132.784409613,
              35.280520041
            ],
            [
              132.784408311,
              35.280539482
            ],
            [
              132.784379064,
              35.280540537
            ],
            [
              132.784373722,
              35.280508666
            ],
            [
              132.784346452,
              35.280515595
            ],
            [
              132.784309309,
              35.280530721
            ],
            [
              132.784298628,
              35.280541638
            ],
            [
              132.78427903,
              35.280577722
            ],
            [
              132.784200946,
              35.280726448
            ],
            [
              132.784206749,
              35.280756015
            ],
            [
              132.784219271,
              35.28076953
            ],
            [
              132.784307945,
              35.280809636
            ],
            [
              132.784389314,
              35.280839773
            ],
            [
              132.784413328,
              35.280842076
            ]
          ]
        ]
      },
      "properties": {
        "polygon_uuid": "4dfbf57c-7d7d-4eb1-90b1-9cb9b96abf7b",
        "daicho_shubetsu_cd": "FUD25"
      }
    },
    {
      "type": "Feature",
      "geometry": {
        "type": "Polygon",
        "coordinates": [
          [
            [
              132.782573272,
              35.284858127
            ],
            [
              132.78257658,
              35.284865871
            ],
            [
              132.782584743,
              35.284911424
            ],
            [
              132.782596486,
              35.284960031
            ],
            [
              132.78281516,
              35.284876804
            ],
            [
              132.782955469,
              35.284843205
            ],
            [
              132.782943919,
              35.284823843
            ],
            [
              132.782939347,
              35.284787473
            ],
            [
              132.782927578,
              35.28475554
            ],
            [
              132.782750838,
              35.284838209
            ],
            [
              132.782604177,
              35.284863357
            ],
            [
              132.782573272,
              35.284858127
            ]
          ]
        ]
      },
      "properties": {
        "polygon_uuid": "732b117c-4233-4f63-bb95-9cf8d573a289",
        "daicho_shubetsu_cd": "FUD25"
      }
    },
    {
      "type": "Feature",
      "geometry": {
        "type": "Polygon",
        "coordinates": [
          [
            [
              132.784664081,
              35.279292761
            ],
            [
              132.784778178,
              35.279312357
            ],
            [
              132.784930208,
              35.279312989
            ],
            [
              132.784963666,
              35.279307887
            ],
            [
              132.785014114,
              35.279278049
            ],
            [
              132.785054325,
              35.279257418
            ],
            [
              132.785094955,
              35.279249859
            ],
            [
              132.78510313,
              35.279113559
            ],
            [
              132.78504312,
              35.279114503
            ],
            [
              132.784916792,
              35.279105289
            ],
            [
              132.78481361,
              35.279090321
            ],
            [
              132.784745901,
              35.279071788
            ],
            [
              132.784664081,
              35.279292761
            ]
          ]
        ]
      },
      "properties": {
        "polygon_uuid": "3f16e459-a0d8-407d-9978-9d827fbdebf5",
        "daicho_shubetsu_cd": "FUD25"
      }
    },
    {
      "type": "Feature",
      "geometry": {
        "type": "Polygon",
        "coordinates": [
          [
            [
              132.785833599,
              35.279121287
            ],
            [
              132.785774049,
              35.279033296
            ],
            [
              132.785659805,
              35.278919079
            ],
            [
              132.785632047,
              35.278889452
            ],
            [
              132.785571209,
              35.278917019
            ],
            [
              132.785545708,
              35.278952013
            ],
            [
              132.785542156,
              35.278993233
            ],
            [
              132.785554024,
              35.279029092
            ],
            [
              132.785622995,
              35.279119595
            ],
            [
              132.78570779,
              35.279088524
            ],
            [
              132.785740399,
              35.27914118
            ],
            [
              132.78579305,
              35.279118725
            ],
            [
              132.785833599,
              35.279121287
            ]
          ]
        ]
      },
      "properties": {
        "polygon_uuid": "ae5d15ca-88e9-4ba2-a58e-9dea2c271662",
        "daicho_shubetsu_cd": "FUD25"
      }
    },
    {
      "type": "Feature",
      "geometry": {
        "type": "Polygon",
        "coordinates": [
          [
            [
              132.787248057,
              35.279021567
            ],
            [
              132.787199015,
              35.278869076
            ],
            [
              132.787175364,
              35.278833591
            ],
            [
              132.787145096,
              35.278806358
            ],
            [
              132.787098149,
              35.278781948
            ],
            [
              132.787035824,
              35.278764913
            ],
            [
              132.787001491,
              35.278767906
            ],
            [
              132.787090934,
              35.278991383
            ],
            [
              132.787221733,
              35.279023581
            ],
            [
              132.787248057,
              35.279021567
            ]
          ]
        ]
      },
      "properties": {
        "polygon_uuid": "3cf81ee5-0b5a-4d81-98a6-a305f6ab0f65",
        "daicho_shubetsu_cd": "FUD25"
      }
    },
    {
      "type": "Feature",
      "geometry": {
        "type": "Polygon",
        "coordinates": [
          [
            [
              132.790505276,
              35.28481381
            ],
            [
              132.790425871,
              35.284725162
            ],
            [
              132.790422722,
              35.284694595
            ],
            [
              132.79035859,
              35.284701814
            ],
            [
              132.79029502,
              35.284694702
            ],
            [
              132.790290707,
              35.284694219
            ],
            [
              132.790205901,
              35.284662156
            ],
            [
              132.790135381,
              35.284655297
            ],
            [
              132.790087037,
              35.284668546
            ],
            [
              132.790036166,
              35.284696976
            ],
            [
              132.790005538,
              35.284723134
            ],
            [
              132.789986482,
              35.284765124
            ],
            [
              132.789987816,
              35.28482434
            ],
            [
              132.790010185,
              35.284869727
            ],
            [
              132.790061487,
              35.284897631
            ],
            [
              132.790126474,
              35.284920856
            ],
            [
              132.790164354,
              35.284921383
            ],
            [
              132.790273259,
              35.284893568
            ],
            [
              132.790351457,
              35.284867886
            ],
            [
              132.790426079,
              35.28484745
            ],
            [
              132.790505276,
              35.28481381
            ]
          ]
        ]
      },
      "properties": {
        "polygon_uuid": "abb3257f-1621-4fa1-ad32-a7a4bae80ea3",
        "daicho_shubetsu_cd": "FUD25"
      }
    },
    {
      "type": "Feature",
      "geometry": {
        "type": "Polygon",
        "coordinates": [
          [
            [
              132.782522146,
              35.283883484
            ],
            [
              132.782472781,
              35.283824086
            ],
            [
              132.782417412,
              35.283759506
            ],
            [
              132.78228989,
              35.283828541
            ],
            [
              132.782283406,
              35.283832242
            ],
            [
              132.782326026,
              35.283874085
            ],
            [
              132.782206667,
              35.283973903
            ],
            [
              132.782111372,
              35.284066623
            ],
            [
              132.782158689,
              35.284094746
            ],
            [
              132.782234768,
              35.284130569
            ],
            [
              132.782255385,
              35.284131671
            ],
            [
              132.78227665,
              35.284121303
            ],
            [
              132.782341699,
              35.284061226
            ],
            [
              132.782457893,
              35.283951403
            ],
            [
              132.782522146,
              35.283883484
            ]
          ]
        ]
      },
      "properties": {
        "polygon_uuid": "d9e6c7f0-04ee-4273-bef9-a817691b5592",
        "daicho_shubetsu_cd": "FUD25"
      }
    },
    {
      "type": "Feature",
      "geometry": {
        "type": "Polygon",
        "coordinates": [
          [
            [
              132.787873265,
              35.278955005
            ],
            [
              132.787899432,
              35.278938499
            ],
            [
              132.787891258,
              35.278917881
            ],
            [
              132.787895365,
              35.278855881
            ],
            [
              132.787900503,
              35.278772684
            ],
            [
              132.787885573,
              35.278767126
            ],
            [
              132.787843274,
              35.278776734
            ],
            [
              132.787751699,
              35.2787819
            ],
            [
              132.787575388,
              35.278788439
            ],
            [
              132.787509982,
              35.278788422
            ],
            [
              132.78771055,
              35.278956233
            ],
            [
              132.787747256,
              35.278950017
            ],
            [
              132.787807949,
              35.278949705
            ],
            [
              132.787873265,
              35.278955005
            ]
          ]
        ]
      },
      "properties": {
        "polygon_uuid": "d4c55488-c7ff-42b5-82ca-a898aea57529",
        "daicho_shubetsu_cd": "FUD25"
      }
    },
    {
      "type": "Feature",
      "geometry": {
        "type": "Polygon",
        "coordinates": [
          [
            [
              132.783438636,
              35.280745109
            ],
            [
              132.783480209,
              35.280706391
            ],
            [
              132.783526724,
              35.280662827
            ],
            [
              132.783520878,
              35.280508499
            ],
            [
              132.783541356,
              35.279971869
            ],
            [
              132.783497316,
              35.279974961
            ],
            [
              132.78326331,
              35.279991392
            ],
            [
              132.783231427,
              35.280008753
            ],
            [
              132.783362381,
              35.280529545
            ],
            [
              132.783383864,
              35.280523361
            ],
            [
              132.783409536,
              35.280633218
            ],
            [
              132.783438636,
              35.280745109
            ]
          ]
        ]
      },
      "properties": {
        "polygon_uuid": "0fca415a-275d-4b36-8554-a971e2689652",
        "daicho_shubetsu_cd": "FUD25"
      }
    },
    {
      "type": "Feature",
      "geometry": {
        "type": "Polygon",
        "coordinates": [
          [
            [
              132.777102311,
              35.283915142
            ],
            [
              132.777227927,
              35.283926692
            ],
            [
              132.777240566,
              35.283881953
            ],
            [
              132.777260608,
              35.283848574
            ],
            [
              132.777274745,
              35.283800961
            ],
            [
              132.777297623,
              35.283759248
            ],
            [
              132.777353848,
              35.283718555
            ],
            [
              132.777376753,
              35.283680406
            ],
            [
              132.777405526,
              35.283651737
            ],
            [
              132.777444527,
              35.283633712
            ],
            [
              132.777487733,
              35.28359665
            ],
            [
              132.777550277,
              35.283534859
            ],
            [
              132.777449034,
              35.283498865
            ],
            [
              132.777400064,
              35.283476984
            ],
            [
              132.777313761,
              35.28343701
            ],
            [
              132.777271067,
              35.283413455
            ],
            [
              132.777214367,
              35.283454944
            ],
            [
              132.777212732,
              35.28349457
            ],
            [
              132.777186008,
              35.283539075
            ],
            [
              132.777160253,
              35.283583577
            ],
            [
              132.777129754,
              35.283639987
            ],
            [
              132.777105817,
              35.283669426
            ],
            [
              132.777094275,
              35.283676615
            ],
            [
              132.777098426,
              35.283752996
            ],
            [
              132.777098916,
              35.283818361
            ],
            [
              132.777094746,
              35.283894817
            ],
            [
              132.777102311,
              35.283915142
            ]
          ]
        ]
      },
      "properties": {
        "polygon_uuid": "f95870a9-8229-41a0-9e0c-aa4e90cf2c15",
        "daicho_shubetsu_cd": "FUD25"
      }
    },
    {
      "type": "Feature",
      "geometry": {
        "type": "Polygon",
        "coordinates": [
          [
            [
              132.777009372,
              35.286187127
            ],
            [
              132.777088347,
              35.285854145
            ],
            [
              132.777065286,
              35.28581883
            ],
            [
              132.776952305,
              35.285655178
            ],
            [
              132.776928164,
              35.285624938
            ],
            [
              132.776914528,
              35.285933987
            ],
            [
              132.776876943,
              35.286136127
            ],
            [
              132.776914746,
              35.28616615
            ],
            [
              132.776970047,
              35.286186102
            ],
            [
              132.776989603,
              35.286185818
            ],
            [
              132.777009372,
              35.286187127
            ]
          ]
        ]
      },
      "properties": {
        "polygon_uuid": "81b32749-b65f-4483-abf7-ac7afe8d6170",
        "daicho_shubetsu_cd": "FUD25"
      }
    },
    {
      "type": "Feature",
      "geometry": {
        "type": "Polygon",
        "coordinates": [
          [
            [
              132.790059739,
              35.285127898
            ],
            [
              132.79005682,
              35.284976963
            ],
            [
              132.790052334,
              35.28493922
            ],
            [
              132.790027892,
              35.284931761
            ],
            [
              132.790000006,
              35.284913978
            ],
            [
              132.789963633,
              35.284885897
            ],
            [
              132.789954115,
              35.284850782
            ],
            [
              132.789952862,
              35.28479701
            ],
            [
              132.789950716,
              35.284736346
            ],
            [
              132.789952948,
              35.284698414
            ],
            [
              132.789935168,
              35.284682647
            ],
            [
              132.789834654,
              35.28462387
            ],
            [
              132.789754467,
              35.284584292
            ],
            [
              132.789740157,
              35.284582298
            ],
            [
              132.789716297,
              35.284600393
            ],
            [
              132.789685478,
              35.284638473
            ],
            [
              132.78964683,
              35.284685983
            ],
            [
              132.789618402,
              35.284743904
            ],
            [
              132.789608011,
              35.284762197
            ],
            [
              132.78959224,
              35.284808133
            ],
            [
              132.78958169,
              35.284838865
            ],
            [
              132.789569304,
              35.284868576
            ],
            [
              132.789556919,
              35.284898288
            ],
            [
              132.789565512,
              35.284922375
            ],
            [
              132.789589283,
              35.284951901
            ],
            [
              132.789662904,
              35.284998204
            ],
            [
              132.78972555,
              35.285000772
            ],
            [
              132.789797152,
              35.285002578
            ],
            [
              132.789882293,
              35.285041271
            ],
            [
              132.789938154,
              35.285064898
            ],
            [
              132.790020861,
              35.285131867
            ],
            [
              132.790059739,
              35.285127898
            ]
          ]
        ]
      },
      "properties": {
        "polygon_uuid": "cd449632-34df-438f-8633-aca0412a278b",
        "daicho_shubetsu_cd": "FUD25"
      }
    },
    {
      "type": "Feature",
      "geometry": {
        "type": "Polygon",
        "coordinates": [
          [
            [
              132.790042008,
              35.283907345
            ],
            [
              132.790070631,
              35.283905934
            ],
            [
              132.79025094,
              35.283872654
            ],
            [
              132.790237392,
              35.283750686
            ],
            [
              132.790018083,
              35.283771121
            ],
            [
              132.790042008,
              35.283907345
            ]
          ]
        ]
      },
      "properties": {
        "polygon_uuid": "08fa9434-29bc-4bf8-b412-ae1e333cdbae",
        "daicho_shubetsu_cd": "FUD25"
      }
    },
    {
      "type": "Feature",
      "geometry": {
        "type": "Polygon",
        "coordinates": [
          [
            [
              132.779539735,
              35.284072237
            ],
            [
              132.779539461,
              35.28403603
            ],
            [
              132.779535102,
              35.283978144
            ],
            [
              132.779418571,
              35.283962412
            ],
            [
              132.779383312,
              35.283971643
            ],
            [
              132.779348122,
              35.283989926
            ],
            [
              132.779264514,
              35.284029275
            ],
            [
              132.77920287,
              35.284053123
            ],
            [
              132.779158813,
              35.284066925
            ],
            [
              132.779161178,
              35.284087734
            ],
            [
              132.779187321,
              35.284157083
            ],
            [
              132.77923447,
              35.284144393
            ],
            [
              132.779539735,
              35.284072237
            ]
          ]
        ]
      },
      "properties": {
        "polygon_uuid": "94e58b2e-929d-4691-b3a2-aec21129eb02",
        "daicho_shubetsu_cd": "FUD25"
      }
    },
    {
      "type": "Feature",
      "geometry": {
        "type": "Polygon",
        "coordinates": [
          [
            [
              132.78384091,
              35.280526763
            ],
            [
              132.783770282,
              35.279959894
            ],
            [
              132.78369401,
              35.279960283
            ],
            [
              132.783663204,
              35.279960441
            ],
            [
              132.783656175,
              35.280348224
            ],
            [
              132.783656804,
              35.280523759
            ],
            [
              132.783659149,
              35.280541852
            ],
            [
              132.783680158,
              35.280546271
            ],
            [
              132.783729393,
              35.280540667
            ],
            [
              132.78384091,
              35.280526763
            ]
          ]
        ]
      },
      "properties": {
        "polygon_uuid": "fb53584d-aa1d-44f1-91e3-aef930e2194e",
        "daicho_shubetsu_cd": "FUD25"
      }
    },
    {
      "type": "Feature",
      "geometry": {
        "type": "Polygon",
        "coordinates": [
          [
            [
              132.782911164,
              35.282208614
            ],
            [
              132.782972047,
              35.281803769
            ],
            [
              132.782912078,
              35.281757002
            ],
            [
              132.782822112,
              35.28168504
            ],
            [
              132.78274492,
              35.281616967
            ],
            [
              132.782694017,
              35.281889728
            ],
            [
              132.782646211,
              35.282137103
            ],
            [
              132.782642002,
              35.282164282
            ],
            [
              132.782669737,
              35.282182246
            ],
            [
              132.782704557,
              35.282187035
            ],
            [
              132.782807305,
              35.282197375
            ],
            [
              132.782911164,
              35.282208614
            ]
          ]
        ]
      },
      "properties": {
        "polygon_uuid": "41d24e8f-0fa2-4913-8973-afdaf3ba8247",
        "daicho_shubetsu_cd": "FUD25"
      }
    },
    {
      "type": "Feature",
      "geometry": {
        "type": "Polygon",
        "coordinates": [
          [
            [
              132.79057958,
              35.28411416
            ],
            [
              132.790557393,
              35.284110624
            ],
            [
              132.79049528,
              35.284108778
            ],
            [
              132.790425307,
              35.284115639
            ],
            [
              132.79037659,
              35.284137557
            ],
            [
              132.790361383,
              35.284222139
            ],
            [
              132.790376331,
              35.284276231
            ],
            [
              132.790408808,
              35.284293744
            ],
            [
              132.79042197,
              35.284300842
            ],
            [
              132.790490783,
              35.284314932
            ],
            [
              132.79053577,
              35.284323367
            ],
            [
              132.790554211,
              35.28431605
            ],
            [
              132.790573687,
              35.284299012
            ],
            [
              132.79057958,
              35.28411416
            ]
          ]
        ]
      },
      "properties": {
        "polygon_uuid": "16a5fd89-a9f8-4d2f-87e5-b3e195e1b5fd",
        "daicho_shubetsu_cd": "FUD25"
      }
    },
    {
      "type": "Feature",
      "geometry": {
        "type": "Polygon",
        "coordinates": [
          [
            [
              132.784560462,
              35.277407357
            ],
            [
              132.784592798,
              35.277276056
            ],
            [
              132.784533402,
              35.277241107
            ],
            [
              132.784500557,
              35.277213807
            ],
            [
              132.784476247,
              35.277179419
            ],
            [
              132.784461262,
              35.277128786
            ],
            [
              132.784427705,
              35.277007816
            ],
            [
              132.784397681,
              35.276906047
            ],
            [
              132.784335158,
              35.276922036
            ],
            [
              132.78431852,
              35.276879863
            ],
            [
              132.784269421,
              35.276895776
            ],
            [
              132.784257994,
              35.276842687
            ],
            [
              132.784209119,
              35.276845474
            ],
            [
              132.784274517,
              35.276967044
            ],
            [
              132.784353975,
              35.27713849
            ],
            [
              132.784396765,
              35.27723124
            ],
            [
              132.784438131,
              35.277290582
            ],
            [
              132.784538288,
              35.277427895
            ],
            [
              132.784560462,
              35.277407357
            ]
          ]
        ]
      },
      "properties": {
        "polygon_uuid": "c7b24bc2-f097-4454-840a-b441df5b38b0",
        "daicho_shubetsu_cd": "FUD25"
      }
    },
    {
      "type": "Feature",
      "geometry": {
        "type": "Polygon",
        "coordinates": [
          [
            [
              132.781373576,
              35.284268049
            ],
            [
              132.781452136,
              35.284246546
            ],
            [
              132.781452775,
              35.284184986
            ],
            [
              132.781415366,
              35.284149823
            ],
            [
              132.781331865,
              35.284171759
            ],
            [
              132.781257075,
              35.284209254
            ],
            [
              132.781274807,
              35.284218216
            ],
            [
              132.78128824,
              35.28424259
            ],
            [
              132.781292438,
              35.28428672
            ],
            [
              132.781373576,
              35.284268049
            ]
          ]
        ]
      },
      "properties": {
        "polygon_uuid": "cf2990e9-9d7b-4a13-86c7-b6d21ab95dec",
        "daicho_shubetsu_cd": "FUD25"
      }
    },
    {
      "type": "Feature",
      "geometry": {
        "type": "Polygon",
        "coordinates": [
          [
            [
              132.789907892,
              35.283930353
            ],
            [
              132.789918545,
              35.283905486
            ],
            [
              132.789915784,
              35.283891545
            ],
            [
              132.789261525,
              35.284105445
            ],
            [
              132.789271761,
              35.284113095
            ],
            [
              132.789313241,
              35.284149424
            ],
            [
              132.789346244,
              35.284176834
            ],
            [
              132.789367382,
              35.284191894
            ],
            [
              132.789397721,
              35.284200701
            ],
            [
              132.789445696,
              35.284206659
            ],
            [
              132.789854168,
              35.284073114
            ],
            [
              132.789858171,
              35.284025758
            ],
            [
              132.789878763,
              35.283969804
            ],
            [
              132.789894491,
              35.283937317
            ],
            [
              132.789907892,
              35.283930353
            ]
          ]
        ]
      },
      "properties": {
        "polygon_uuid": "2585c71a-bfd1-4c67-aca6-b727840ca3d4",
        "daicho_shubetsu_cd": "FUD25"
      }
    },
    {
      "type": "Feature",
      "geometry": {
        "type": "Polygon",
        "coordinates": [
          [
            [
              132.783582599,
              35.281252803
            ],
            [
              132.78340839,
              35.280818785
            ],
            [
              132.783353405,
              35.280842613
            ],
            [
              132.78330386,
              35.280860065
            ],
            [
              132.783221189,
              35.280876781
            ],
            [
              132.783152767,
              35.280879846
            ],
            [
              132.783134946,
              35.280879724
            ],
            [
              132.783289691,
              35.28130645
            ],
            [
              132.783582599,
              35.281252803
            ]
          ]
        ]
      },
      "properties": {
        "polygon_uuid": "41113924-945d-47df-bdef-b8eba497b0b2",
        "daicho_shubetsu_cd": "FUD25"
      }
    },
    {
      "type": "Feature",
      "geometry": {
        "type": "Polygon",
        "coordinates": [
          [
            [
              132.783169954,
              35.283026317
            ],
            [
              132.783095517,
              35.282934817
            ],
            [
              132.783067733,
              35.282901681
            ],
            [
              132.782384831,
              35.283263542
            ],
            [
              132.782501574,
              35.283411023
            ],
            [
              132.782524111,
              35.283442888
            ],
            [
              132.78301187,
              35.283249755
            ],
            [
              132.783062035,
              35.283229892
            ],
            [
              132.783149006,
              35.283197765
            ],
            [
              132.783216354,
              35.283198327
            ],
            [
              132.783255042,
              35.283200837
            ],
            [
              132.783221711,
              35.28312518
            ],
            [
              132.783210616,
              35.28310186
            ],
            [
              132.783181324,
              35.283040293
            ],
            [
              132.783169954,
              35.283026317
            ]
          ]
        ]
      },
      "properties": {
        "polygon_uuid": "5d82edb3-f884-4df1-b6b2-b9277807941f",
        "daicho_shubetsu_cd": "FUD25"
      }
    },
    {
      "type": "Feature",
      "geometry": {
        "type": "Polygon",
        "coordinates": [
          [
            [
              132.786499534,
              35.280890243
            ],
            [
              132.786489452,
              35.280882078
            ],
            [
              132.786480629,
              35.280874933
            ],
            [
              132.786469263,
              35.280862667
            ],
            [
              132.786459079,
              35.28084115
            ],
            [
              132.786447697,
              35.28082683
            ],
            [
              132.786441547,
              35.280809774
            ],
            [
              132.786421234,
              35.280818846
            ],
            [
              132.786347807,
              35.280853169
            ],
            [
              132.786323885,
              35.280864833
            ],
            [
              132.78633235,
              35.280889232
            ],
            [
              132.786355606,
              35.280905359
            ],
            [
              132.786380813,
              35.280925772
            ],
            [
              132.786404673,
              35.280933866
            ],
            [
              132.786446392,
              35.280941335
            ],
            [
              132.786473474,
              35.280922216
            ],
            [
              132.786494657,
              35.280907728
            ],
            [
              132.786499534,
              35.280890243
            ]
          ]
        ]
      },
      "properties": {
        "polygon_uuid": "509a998d-6604-4379-bd1e-bcfc6a44a47c",
        "daicho_shubetsu_cd": "FUD25"
      }
    },
    {
      "type": "Feature",
      "geometry": {
        "type": "Polygon",
        "coordinates": [
          [
            [
              132.789296259,
              35.282610229
            ],
            [
              132.789438252,
              35.282453952
            ],
            [
              132.789412182,
              35.282434001
            ],
            [
              132.789369131,
              35.282412159
            ],
            [
              132.789250174,
              35.282414272
            ],
            [
              132.78919838,
              35.282421302
            ],
            [
              132.78917365,
              35.282423363
            ],
            [
              132.78914558,
              35.282427099
            ],
            [
              132.789089483,
              35.282433705
            ],
            [
              132.789086938,
              35.282455669
            ],
            [
              132.789049487,
              35.282506194
            ],
            [
              132.789020375,
              35.282547713
            ],
            [
              132.789022262,
              35.282574593
            ],
            [
              132.789039194,
              35.282589674
            ],
            [
              132.789099628,
              35.282575574
            ],
            [
              132.789166846,
              35.282569022
            ],
            [
              132.789218155,
              35.282574667
            ],
            [
              132.789264536,
              35.282588345
            ],
            [
              132.789296259,
              35.282610229
            ]
          ]
        ]
      },
      "properties": {
        "polygon_uuid": "8b6a508b-c06b-4547-ac41-bdad3dcfe1cc",
        "daicho_shubetsu_cd": "FUD25"
      }
    },
    {
      "type": "Feature",
      "geometry": {
        "type": "Polygon",
        "coordinates": [
          [
            [
              132.779171444,
              35.28399084
            ],
            [
              132.779158813,
              35.284066925
            ],
            [
              132.77920287,
              35.284053123
            ],
            [
              132.779264514,
              35.284029275
            ],
            [
              132.779348122,
              35.283989926
            ],
            [
              132.779383312,
              35.283971643
            ],
            [
              132.779418571,
              35.283962412
            ],
            [
              132.779535102,
              35.283978144
            ],
            [
              132.779534554,
              35.283970877
            ],
            [
              132.779547297,
              35.283903824
            ],
            [
              132.779532776,
              35.283881267
            ],
            [
              132.779482177,
              35.283905964
            ],
            [
              132.779416042,
              35.283919879
            ],
            [
              132.779360933,
              35.283931926
            ],
            [
              132.779214407,
              35.283972498
            ],
            [
              132.779171444,
              35.28399084
            ]
          ]
        ]
      },
      "properties": {
        "polygon_uuid": "ed4c1fdc-f549-49dd-b716-bfc5c365bb14",
        "daicho_shubetsu_cd": "FUD25"
      }
    },
    {
      "type": "Feature",
      "geometry": {
        "type": "Polygon",
        "coordinates": [
          [
            [
              132.778220306,
              35.284167374
            ],
            [
              132.778252647,
              35.284196708
            ],
            [
              132.778273048,
              35.284202653
            ],
            [
              132.778828621,
              35.283698775
            ],
            [
              132.77878215,
              35.283658711
            ],
            [
              132.77872038,
              35.28363765
            ],
            [
              132.778152047,
              35.284148811
            ],
            [
              132.778203999,
              35.284152583
            ],
            [
              132.778220306,
              35.284167374
            ]
          ]
        ]
      },
      "properties": {
        "polygon_uuid": "37e36ce8-c0bb-443c-8bb4-c002271c1e22",
        "daicho_shubetsu_cd": "FUD25"
      }
    },
    {
      "type": "Feature",
      "geometry": {
        "type": "Polygon",
        "coordinates": [
          [
            [
              132.780067175,
              35.283642228
            ],
            [
              132.78007333,
              35.283544207
            ],
            [
              132.780000796,
              35.283538635
            ],
            [
              132.779928027,
              35.283551073
            ],
            [
              132.779894781,
              35.283534344
            ],
            [
              132.779916577,
              35.283453428
            ],
            [
              132.77988782,
              35.283446332
            ],
            [
              132.779823253,
              35.283446187
            ],
            [
              132.779567837,
              35.283529421
            ],
            [
              132.779565063,
              35.283530325
            ],
            [
              132.779562352,
              35.28361
            ],
            [
              132.779564928,
              35.28365887
            ],
            [
              132.779829477,
              35.283561256
            ],
            [
              132.779883754,
              35.283699691
            ],
            [
              132.779918083,
              35.283680673
            ],
            [
              132.77997301,
              35.283650243
            ],
            [
              132.780067175,
              35.283642228
            ]
          ]
        ]
      },
      "properties": {
        "polygon_uuid": "77ff930c-760a-4d0f-b940-c52d13c5a1e6",
        "daicho_shubetsu_cd": "FUD25"
      }
    },
    {
      "type": "Feature",
      "geometry": {
        "type": "Polygon",
        "coordinates": [
          [
            [
              132.788546928,
              35.279126626
            ],
            [
              132.788619312,
              35.279153341
            ],
            [
              132.788654463,
              35.279157542
            ],
            [
              132.788688036,
              35.279154865
            ],
            [
              132.788811592,
              35.279138578
            ],
            [
              132.788869503,
              35.279123881
            ],
            [
              132.788887653,
              35.27910125
            ],
            [
              132.788881359,
              35.279076867
            ],
            [
              132.788834525,
              35.279044953
            ],
            [
              132.788686684,
              35.278980604
            ],
            [
              132.788620017,
              35.278948392
            ],
            [
              132.788609209,
              35.278932796
            ],
            [
              132.788571979,
              35.278726137
            ],
            [
              132.788561113,
              35.27870143
            ],
            [
              132.78854426,
              35.278694005
            ],
            [
              132.788467153,
              35.278694401
            ],
            [
              132.788429304,
              35.278702367
            ],
            [
              132.788546928,
              35.279126626
            ]
          ]
        ]
      },
      "properties": {
        "polygon_uuid": "b8b1614f-c992-4552-8bf2-c795216beec2",
        "daicho_shubetsu_cd": "FUD25"
      }
    },
    {
      "type": "Feature",
      "geometry": {
        "type": "Polygon",
        "coordinates": [
          [
            [
              132.790845828,
              35.281093993
            ],
            [
              132.790839775,
              35.281042233
            ],
            [
              132.790835809,
              35.281016746
            ],
            [
              132.790837444,
              35.280984271
            ],
            [
              132.790698912,
              35.280989624
            ],
            [
              132.790571792,
              35.281008058
            ],
            [
              132.790574931,
              35.281057765
            ],
            [
              132.790574001,
              35.281073837
            ],
            [
              132.790611296,
              35.281073955
            ],
            [
              132.790666815,
              35.281077116
            ],
            [
              132.790740885,
              35.281087076
            ],
            [
              132.790793977,
              35.281102661
            ],
            [
              132.790798174,
              35.281102351
            ],
            [
              132.790824231,
              35.281100436
            ],
            [
              132.790845828,
              35.281093993
            ]
          ]
        ]
      },
      "properties": {
        "polygon_uuid": "81fc2e55-b60d-4b3c-8920-c8014e65d9dd",
        "daicho_shubetsu_cd": "FUD25"
      }
    },
    {
      "type": "Feature",
      "geometry": {
        "type": "Polygon",
        "coordinates": [
          [
            [
              132.783597985,
              35.277897654
            ],
            [
              132.783629748,
              35.278005396
            ],
            [
              132.783693823,
              35.278253755
            ],
            [
              132.783902024,
              35.278227083
            ],
            [
              132.783887645,
              35.278180491
            ],
            [
              132.783864989,
              35.278137644
            ],
            [
              132.783849187,
              35.278092649
            ],
            [
              132.783848432,
              35.27802847
            ],
            [
              132.783844887,
              35.278006039
            ],
            [
              132.783847988,
              35.277974526
            ],
            [
              132.78384445,
              35.277948525
            ],
            [
              132.78384417,
              35.277911551
            ],
            [
              132.783838994,
              35.277889667
            ],
            [
              132.783788854,
              35.277884445
            ],
            [
              132.783672832,
              35.277888154
            ],
            [
              132.783597985,
              35.277897654
            ]
          ]
        ]
      },
      "properties": {
        "polygon_uuid": "5d791c88-da97-4682-b5d3-c81c0d170b2d",
        "daicho_shubetsu_cd": "FUD25"
      }
    },
    {
      "type": "Feature",
      "geometry": {
        "type": "Polygon",
        "coordinates": [
          [
            [
              132.786406288,
              35.280559187
            ],
            [
              132.78622789,
              35.280735339
            ],
            [
              132.786246758,
              35.280755533
            ],
            [
              132.786290949,
              35.280796043
            ],
            [
              132.786329117,
              35.28080671
            ],
            [
              132.786356449,
              35.280807928
            ],
            [
              132.786377949,
              35.280804423
            ],
            [
              132.786407296,
              35.280784926
            ],
            [
              132.786422145,
              35.280761227
            ],
            [
              132.786415617,
              35.280726339
            ],
            [
              132.786415156,
              35.280665744
            ],
            [
              132.786410765,
              35.280582572
            ],
            [
              132.786406288,
              35.280559187
            ]
          ]
        ]
      },
      "properties": {
        "polygon_uuid": "9f5ebac0-3ac7-4a02-9aa8-c9b0943ab465",
        "daicho_shubetsu_cd": "FUD25"
      }
    },
    {
      "type": "Feature",
      "geometry": {
        "type": "Polygon",
        "coordinates": [
          [
            [
              132.778551182,
              35.285696609
            ],
            [
              132.778338846,
              35.285638182
            ],
            [
              132.778265806,
              35.285768263
            ],
            [
              132.778537689,
              35.285832339
            ],
            [
              132.778551182,
              35.285696609
            ]
          ]
        ]
      },
      "properties": {
        "polygon_uuid": "985da748-65aa-4f0c-9952-c9ed4af3ceb1",
        "daicho_shubetsu_cd": "FUD25"
      }
    },
    {
      "type": "Feature",
      "geometry": {
        "type": "Polygon",
        "coordinates": [
          [
            [
              132.781892757,
              35.283011011
            ],
            [
              132.781687505,
              35.282956111
            ],
            [
              132.781682344,
              35.282969327
            ],
            [
              132.781646047,
              35.283060651
            ],
            [
              132.781598,
              35.283130599
            ],
            [
              132.781537714,
              35.283187936
            ],
            [
              132.781470572,
              35.283214529
            ],
            [
              132.781426489,
              35.283224711
            ],
            [
              132.781408439,
              35.283227205
            ],
            [
              132.781407474,
              35.283244347
            ],
            [
              132.781426076,
              35.283283651
            ],
            [
              132.781449158,
              35.283310269
            ],
            [
              132.781470332,
              35.283318619
            ],
            [
              132.78152315,
              35.28329572
            ],
            [
              132.781595854,
              35.28327453
            ],
            [
              132.781710431,
              35.283243169
            ],
            [
              132.781753874,
              35.283207142
            ],
            [
              132.781826941,
              35.283151992
            ],
            [
              132.781873381,
              35.283109303
            ],
            [
              132.781890274,
              35.283082932
            ],
            [
              132.781888931,
              35.283021845
            ],
            [
              132.781892757,
              35.283011011
            ]
          ]
        ]
      },
      "properties": {
        "polygon_uuid": "67bfa2a1-5a4c-43ad-bb39-ca0f3f518a21",
        "daicho_shubetsu_cd": "FUD25"
      }
    },
    {
      "type": "Feature",
      "geometry": {
        "type": "Polygon",
        "coordinates": [
          [
            [
              132.784416219,
              35.283430406
            ],
            [
              132.784435007,
              35.283443515
            ],
            [
              132.7845198,
              35.283487891
            ],
            [
              132.784599431,
              35.283506834
            ],
            [
              132.784656476,
              35.28349534
            ],
            [
              132.784719915,
              35.283508255
            ],
            [
              132.784761039,
              35.283526376
            ],
            [
              132.784804569,
              35.283534301
            ],
            [
              132.784855481,
              35.283533023
            ],
            [
              132.784916531,
              35.283525799
            ],
            [
              132.784709245,
              35.283201287
            ],
            [
              132.784670808,
              35.283209631
            ],
            [
              132.784618855,
              35.283237393
            ],
            [
              132.784575819,
              35.283286067
            ],
            [
              132.784543823,
              35.28332493
            ],
            [
              132.784516725,
              35.283354602
            ],
            [
              132.784462389,
              35.283395615
            ],
            [
              132.784416219,
              35.283430406
            ]
          ]
        ]
      },
      "properties": {
        "polygon_uuid": "41f3f88b-51c3-48a3-a06a-ca3ef0f01f51",
        "daicho_shubetsu_cd": "FUD25"
      }
    },
    {
      "type": "Feature",
      "geometry": {
        "type": "Polygon",
        "coordinates": [
          [
            [
              132.787365299,
              35.283334682
            ],
            [
              132.787345891,
              35.283407449
            ],
            [
              132.787329137,
              35.283490364
            ],
            [
              132.787315393,
              35.283533887
            ],
            [
              132.787310653,
              35.283563784
            ],
            [
              132.787319342,
              35.283617375
            ],
            [
              132.78733052,
              35.283671633
            ],
            [
              132.78733169,
              35.283716436
            ],
            [
              132.787299772,
              35.283765482
            ],
            [
              132.787276009,
              35.283798193
            ],
            [
              132.787248077,
              35.283826851
            ],
            [
              132.787182217,
              35.283876751
            ],
            [
              132.787151003,
              35.2839095
            ],
            [
              132.787112638,
              35.283981664
            ],
            [
              132.787095499,
              35.28401434
            ],
            [
              132.7872225,
              35.284071028
            ],
            [
              132.787238826,
              35.284040392
            ],
            [
              132.787265186,
              35.284022605
            ],
            [
              132.787304306,
              35.284009684
            ],
            [
              132.787343717,
              35.28396603
            ],
            [
              132.787402797,
              35.283895798
            ],
            [
              132.787425146,
              35.283850436
            ],
            [
              132.787428892,
              35.283798818
            ],
            [
              132.787416922,
              35.283749318
            ],
            [
              132.787406147,
              35.283696342
            ],
            [
              132.787380997,
              35.283655735
            ],
            [
              132.787380557,
              35.283598028
            ],
            [
              132.787395822,
              35.283536847
            ],
            [
              132.787411025,
              35.283467518
            ],
            [
              132.787421508,
              35.283430801
            ],
            [
              132.787457436,
              35.28336476
            ],
            [
              132.787427479,
              35.283345225
            ],
            [
              132.787365299,
              35.283334682
            ]
          ]
        ]
      },
      "properties": {
        "polygon_uuid": "3acd1d3f-15b8-4bbc-a436-cbd428eff6c1",
        "daicho_shubetsu_cd": "FUD25"
      }
    },
    {
      "type": "Feature",
      "geometry": {
        "type": "Polygon",
        "coordinates": [
          [
            [
              132.782585976,
              35.280617446
            ],
            [
              132.782622485,
              35.28057924
            ],
            [
              132.782660575,
              35.28055551
            ],
            [
              132.782680871,
              35.280514369
            ],
            [
              132.782700444,
              35.280475042
            ],
            [
              132.782643169,
              35.280492231
            ],
            [
              132.782519792,
              35.280527259
            ],
            [
              132.782480261,
              35.280555221
            ],
            [
              132.782585976,
              35.280617446
            ]
          ]
        ]
      },
      "properties": {
        "polygon_uuid": "55a4f3d1-c239-44c9-992c-ccd773a9df16",
        "daicho_shubetsu_cd": "FUD25"
      }
    },
    {
      "type": "Feature",
      "geometry": {
        "type": "Polygon",
        "coordinates": [
          [
            [
              132.790823187,
              35.283142242
            ],
            [
              132.791106499,
              35.282947451
            ],
            [
              132.79108421,
              35.282940095
            ],
            [
              132.790987004,
              35.282927596
            ],
            [
              132.790814448,
              35.282909798
            ],
            [
              132.790724191,
              35.282898888
            ],
            [
              132.790626972,
              35.282884764
            ],
            [
              132.790616442,
              35.282954156
            ],
            [
              132.790700274,
              35.282963724
            ],
            [
              132.790769791,
              35.282983678
            ],
            [
              132.790800733,
              35.283012769
            ],
            [
              132.790814799,
              35.283037886
            ],
            [
              132.79081119,
              35.283084218
            ],
            [
              132.790816525,
              35.283133755
            ],
            [
              132.790823187,
              35.283142242
            ]
          ]
        ]
      },
      "properties": {
        "polygon_uuid": "8778d114-3eac-4d0b-8c8d-cd0772af927f",
        "daicho_shubetsu_cd": "FUD25"
      }
    },
    {
      "type": "Feature",
      "geometry": {
        "type": "Polygon",
        "coordinates": [
          [
            [
              132.784161194,
              35.28072328
            ],
            [
              132.784195846,
              35.280624174
            ],
            [
              132.7841095,
              35.280607344
            ],
            [
              132.784109368,
              35.280602647
            ],
            [
              132.784107991,
              35.280553942
            ],
            [
              132.784086838,
              35.280530514
            ],
            [
              132.784069113,
              35.280522457
            ],
            [
              132.783887181,
              35.280551448
            ],
            [
              132.783856482,
              35.280554658
            ],
            [
              132.783880626,
              35.280655438
            ],
            [
              132.783981965,
              35.281045782
            ],
            [
              132.783995605,
              35.281014707
            ],
            [
              132.784058883,
              35.280915713
            ],
            [
              132.78410576,
              35.280837623
            ],
            [
              132.784133414,
              35.280780582
            ],
            [
              132.784161194,
              35.28072328
            ]
          ]
        ]
      },
      "properties": {
        "polygon_uuid": "662dfe3f-47c3-4140-bd4a-cd392cbae27a",
        "daicho_shubetsu_cd": "FUD25"
      }
    },
    {
      "type": "Feature",
      "geometry": {
        "type": "Polygon",
        "coordinates": [
          [
            [
              132.779142968,
              35.281534491
            ],
            [
              132.779482755,
              35.281633
            ],
            [
              132.779443968,
              35.281754555
            ],
            [
              132.779474189,
              35.281748642
            ],
            [
              132.779581264,
              35.281757208
            ],
            [
              132.779733971,
              35.281668707
            ],
            [
              132.779716033,
              35.281604635
            ],
            [
              132.779671372,
              35.28153047
            ],
            [
              132.779610339,
              35.28145742
            ],
            [
              132.779569981,
              35.281452458
            ],
            [
              132.779528587,
              35.281477466
            ],
            [
              132.779498906,
              35.281484473
            ],
            [
              132.779448088,
              35.281496471
            ],
            [
              132.779402689,
              35.281491535
            ],
            [
              132.779300552,
              35.28148172
            ],
            [
              132.779320081,
              35.28139793
            ],
            [
              132.779311109,
              35.281341692
            ],
            [
              132.779316371,
              35.281323969
            ],
            [
              132.779212364,
              35.281299017
            ],
            [
              132.779228969,
              35.281328897
            ],
            [
              132.779189131,
              35.281396229
            ],
            [
              132.779195792,
              35.281468818
            ],
            [
              132.779229192,
              35.281486854
            ],
            [
              132.779205786,
              35.281522355
            ],
            [
              132.779160576,
              35.281518786
            ],
            [
              132.779142968,
              35.281534491
            ]
          ]
        ]
      },
      "properties": {
        "polygon_uuid": "d88e576d-ef2c-40eb-98b6-d0c9c0208431",
        "daicho_shubetsu_cd": "FUD25"
      }
    },
    {
      "type": "Feature",
      "geometry": {
        "type": "Polygon",
        "coordinates": [
          [
            [
              132.790927567,
              35.281696827
            ],
            [
              132.79066235,
              35.281702381
            ],
            [
              132.790675101,
              35.281746716
            ],
            [
              132.790698443,
              35.281830022
            ],
            [
              132.790709718,
              35.281874781
            ],
            [
              132.790962445,
              35.281873477
            ],
            [
              132.79104147,
              35.28187169
            ],
            [
              132.790967436,
              35.281756928
            ],
            [
              132.790927567,
              35.281696827
            ]
          ]
        ]
      },
      "properties": {
        "polygon_uuid": "aa3ef0fe-0a5c-4673-a659-d106af4a7e54",
        "daicho_shubetsu_cd": "FUD25"
      }
    },
    {
      "type": "Feature",
      "geometry": {
        "type": "Polygon",
        "coordinates": [
          [
            [
              132.778131754,
              35.286072487
            ],
            [
              132.778112071,
              35.286026863
            ],
            [
              132.778107018,
              35.285998328
            ],
            [
              132.778107753,
              35.285967384
            ],
            [
              132.778123831,
              35.285918115
            ],
            [
              132.778180169,
              35.285818661
            ],
            [
              132.778271106,
              35.285688092
            ],
            [
              132.778257447,
              35.285673088
            ],
            [
              132.778169452,
              35.285702186
            ],
            [
              132.778112577,
              35.285730241
            ],
            [
              132.77809505,
              35.285743306
            ],
            [
              132.778065431,
              35.285765386
            ],
            [
              132.778045435,
              35.285808328
            ],
            [
              132.778002856,
              35.285936273
            ],
            [
              132.777971737,
              35.286023315
            ],
            [
              132.778028714,
              35.286040824
            ],
            [
              132.778131754,
              35.286072487
            ]
          ]
        ]
      },
      "properties": {
        "polygon_uuid": "66f8c6c7-c351-4604-a03d-d237bd677d59",
        "daicho_shubetsu_cd": "FUD25"
      }
    },
    {
      "type": "Feature",
      "geometry": {
        "type": "Polygon",
        "coordinates": [
          [
            [
              132.79021776,
              35.282337961
            ],
            [
              132.790191299,
              35.282286387
            ],
            [
              132.790172705,
              35.282274072
            ],
            [
              132.790114911,
              35.282303328
            ],
            [
              132.790045045,
              35.282293346
            ],
            [
              132.790001242,
              35.282283229
            ],
            [
              132.789873962,
              35.282242516
            ],
            [
              132.789857315,
              35.282264666
            ],
            [
              132.789860921,
              35.282296363
            ],
            [
              132.789917589,
              35.282339508
            ],
            [
              132.789956398,
              35.282356546
            ],
            [
              132.790021237,
              35.282368622
            ],
            [
              132.790046551,
              35.282380213
            ],
            [
              132.790058804,
              35.282393563
            ],
            [
              132.790068597,
              35.282404231
            ],
            [
              132.790097328,
              35.282422699
            ],
            [
              132.790115894,
              35.282431566
            ],
            [
              132.790115348,
              35.282434911
            ],
            [
              132.790129843,
              35.282461036
            ],
            [
              132.79015182,
              35.282476092
            ],
            [
              132.790179673,
              35.282489738
            ],
            [
              132.790212481,
              35.282491637
            ],
            [
              132.79024686,
              35.282479049
            ],
            [
              132.790234628,
              35.282419127
            ],
            [
              132.79021776,
              35.282337961
            ]
          ]
        ]
      },
      "properties": {
        "polygon_uuid": "d27de9ef-91fb-479d-b6d3-d276a179ce1a",
        "daicho_shubetsu_cd": "FUD25"
      }
    },
    {
      "type": "Feature",
      "geometry": {
        "type": "Polygon",
        "coordinates": [
          [
            [
              132.78422633,
              35.281379563
            ],
            [
              132.784077434,
              35.28156592
            ],
            [
              132.783965124,
              35.281782928
            ],
            [
              132.784103674,
              35.281813539
            ],
            [
              132.784141374,
              35.281786233
            ],
            [
              132.784170486,
              35.281755144
            ],
            [
              132.78418373,
              35.281658817
            ],
            [
              132.78419871,
              35.281607173
            ],
            [
              132.784266794,
              35.281555258
            ],
            [
              132.784279154,
              35.281526546
            ],
            [
              132.784272803,
              35.281426309
            ],
            [
              132.78422633,
              35.281379563
            ]
          ]
        ]
      },
      "properties": {
        "polygon_uuid": "cd617eac-244d-436f-8504-d3dd7c615c39",
        "daicho_shubetsu_cd": "FUD25"
      }
    },
    {
      "type": "Feature",
      "geometry": {
        "type": "Polygon",
        "coordinates": [
          [
            [
              132.791163298,
              35.285879662
            ],
            [
              132.791156068,
              35.285855865
            ],
            [
              132.791128264,
              35.285791007
            ],
            [
              132.790834813,
              35.28588569
            ],
            [
              132.790863935,
              35.285892762
            ],
            [
              132.790893246,
              35.285924389
            ],
            [
              132.790902254,
              35.285950344
            ],
            [
              132.790932112,
              35.285938634
            ],
            [
              132.791034846,
              35.285896214
            ],
            [
              132.791104325,
              35.285882132
            ],
            [
              132.791163298,
              35.285879662
            ]
          ]
        ]
      },
      "properties": {
        "polygon_uuid": "4d01c4b4-390d-4d44-99fa-d4ed6f55cc59",
        "daicho_shubetsu_cd": "FUD25"
      }
    },
    {
      "type": "Feature",
      "geometry": {
        "type": "Polygon",
        "coordinates": [
          [
            [
              132.777618724,
              35.28652298
            ],
            [
              132.777744654,
              35.286550111
            ],
            [
              132.777762223,
              35.286490764
            ],
            [
              132.777793737,
              35.286491117
            ],
            [
              132.777797379,
              35.286099617
            ],
            [
              132.777762476,
              35.286090273
            ],
            [
              132.777717847,
              35.286080406
            ],
            [
              132.777673269,
              35.286071112
            ],
            [
              132.7776251,
              35.286061725
            ],
            [
              132.777621551,
              35.286233107
            ],
            [
              132.777618724,
              35.28652298
            ]
          ]
        ]
      },
      "properties": {
        "polygon_uuid": "2531b370-507f-4b51-b298-d5f4830e96ae",
        "daicho_shubetsu_cd": "FUD25"
      }
    },
    {
      "type": "Feature",
      "geometry": {
        "type": "Polygon",
        "coordinates": [
          [
            [
              132.789721688,
              35.281155761
            ],
            [
              132.789797666,
              35.281181907
            ],
            [
              132.789939471,
              35.281252883
            ],
            [
              132.789973464,
              35.281230993
            ],
            [
              132.78996283,
              35.281161293
            ],
            [
              132.790004912,
              35.281166592
            ],
            [
              132.790077238,
              35.281168288
            ],
            [
              132.790138521,
              35.281155561
            ],
            [
              132.79019724,
              35.281137332
            ],
            [
              132.790262547,
              35.281101143
            ],
            [
              132.790332865,
              35.281055426
            ],
            [
              132.790368052,
              35.281038696
            ],
            [
              132.790415867,
              35.281023971
            ],
            [
              132.79045059,
              35.281016579
            ],
            [
              132.790446281,
              35.280955585
            ],
            [
              132.790412391,
              35.280909922
            ],
            [
              132.790346896,
              35.28087359
            ],
            [
              132.790331674,
              35.280832414
            ],
            [
              132.79029721,
              35.280711886
            ],
            [
              132.790240234,
              35.280571611
            ],
            [
              132.790208313,
              35.28053969
            ],
            [
              132.790161756,
              35.280542985
            ],
            [
              132.789978008,
              35.280637135
            ],
            [
              132.789972723,
              35.280676888
            ],
            [
              132.789969371,
              35.280725799
            ],
            [
              132.789887821,
              35.280782752
            ],
            [
              132.789843899,
              35.280886877
            ],
            [
              132.789758775,
              35.280963712
            ],
            [
              132.789725763,
              35.281032639
            ],
            [
              132.78970959,
              35.281110646
            ],
            [
              132.789716733,
              35.281154056
            ],
            [
              132.789721688,
              35.281155761
            ]
          ]
        ]
      },
      "properties": {
        "polygon_uuid": "045312a4-32f6-45ee-87e3-d852e0839ab2",
        "daicho_shubetsu_cd": "FUD25"
      }
    },
    {
      "type": "Feature",
      "geometry": {
        "type": "Polygon",
        "coordinates": [
          [
            [
              132.782878729,
              35.282399669
            ],
            [
              132.782902363,
              35.282245594
            ],
            [
              132.782867481,
              35.282237379
            ],
            [
              132.782817807,
              35.282229713
            ],
            [
              132.78263711,
              35.28221382
            ],
            [
              132.782554572,
              35.282204972
            ],
            [
              132.782476508,
              35.282174139
            ],
            [
              132.782319678,
              35.282117151
            ],
            [
              132.782249914,
              35.282108491
            ],
            [
              132.782166721,
              35.28211209
            ],
            [
              132.782085043,
              35.282114316
            ],
            [
              132.782033289,
              35.282131779
            ],
            [
              132.782007027,
              35.282162692
            ],
            [
              132.781988576,
              35.282204426
            ],
            [
              132.781981225,
              35.282254252
            ],
            [
              132.781991434,
              35.28229041
            ],
            [
              132.782184405,
              35.282320523
            ],
            [
              132.782467976,
              35.282373394
            ],
            [
              132.782726481,
              35.282396519
            ],
            [
              132.782878729,
              35.282399669
            ]
          ]
        ]
      },
      "properties": {
        "polygon_uuid": "a8eb2d24-06ac-46c9-8257-d8992ee6ced5",
        "daicho_shubetsu_cd": "FUD25"
      }
    },
    {
      "type": "Feature",
      "geometry": {
        "type": "Polygon",
        "coordinates": [
          [
            [
              132.777809589,
              35.286491295
            ],
            [
              132.777863467,
              35.286491899
            ],
            [
              132.778028714,
              35.286040824
            ],
            [
              132.777971737,
              35.286023315
            ],
            [
              132.777931883,
              35.28611694
            ],
            [
              132.777797379,
              35.286099617
            ],
            [
              132.777793737,
              35.286491117
            ],
            [
              132.777809589,
              35.286491295
            ]
          ]
        ]
      },
      "properties": {
        "polygon_uuid": "dcd8acd5-6a94-48c3-9c39-dad67ff00924",
        "daicho_shubetsu_cd": "FUD25"
      }
    },
    {
      "type": "Feature",
      "geometry": {
        "type": "Polygon",
        "coordinates": [
          [
            [
              132.782625385,
              35.282055292
            ],
            [
              132.782637138,
              35.281977657
            ],
            [
              132.78268286,
              35.281746587
            ],
            [
              132.782696518,
              35.281655088
            ],
            [
              132.782682996,
              35.281618947
            ],
            [
              132.782640766,
              35.281582048
            ],
            [
              132.78259737,
              35.281537006
            ],
            [
              132.782560393,
              35.281464775
            ],
            [
              132.782476553,
              35.281477128
            ],
            [
              132.782366979,
              35.282023098
            ],
            [
              132.782413659,
              35.282056438
            ],
            [
              132.782485358,
              35.282097111
            ],
            [
              132.782518663,
              35.282121684
            ],
            [
              132.782531078,
              35.282108948
            ],
            [
              132.782568054,
              35.282132296
            ],
            [
              132.782555652,
              35.282146843
            ],
            [
              132.782571144,
              35.282151592
            ],
            [
              132.782581941,
              35.282149658
            ],
            [
              132.782597327,
              35.282140527
            ],
            [
              132.782611493,
              35.282116013
            ],
            [
              132.782625385,
              35.282055292
            ]
          ]
        ]
      },
      "properties": {
        "polygon_uuid": "d9156f6f-4d95-4f1a-a1bb-db2dc5b445fa",
        "daicho_shubetsu_cd": "FUD25"
      }
    },
    {
      "type": "Feature",
      "geometry": {
        "type": "Polygon",
        "coordinates": [
          [
            [
              132.782816251,
              35.28257042
            ],
            [
              132.782858074,
              35.282579794
            ],
            [
              132.782973037,
              35.282543602
            ],
            [
              132.782951619,
              35.282477829
            ],
            [
              132.782903649,
              35.282474467
            ],
            [
              132.782817164,
              35.282470446
            ],
            [
              132.782738672,
              35.282470846
            ],
            [
              132.782816251,
              35.28257042
            ]
          ]
        ]
      },
      "properties": {
        "polygon_uuid": "4d3129cc-1296-4dbe-891d-defa764bd4f4",
        "daicho_shubetsu_cd": "FUD25"
      }
    },
    {
      "type": "Feature",
      "geometry": {
        "type": "Polygon",
        "coordinates": [
          [
            [
              132.789932453,
              35.282965161
            ],
            [
              132.789930712,
              35.282955273
            ],
            [
              132.79001342,
              35.28288521
            ],
            [
              132.790020382,
              35.282878587
            ],
            [
              132.789964609,
              35.282831711
            ],
            [
              132.789917334,
              35.282807133
            ],
            [
              132.789836403,
              35.282779971
            ],
            [
              132.789758915,
              35.282763133
            ],
            [
              132.789715002,
              35.282738537
            ],
            [
              132.789674879,
              35.282713328
            ],
            [
              132.789666184,
              35.282708615
            ],
            [
              132.789515668,
              35.282892665
            ],
            [
              132.789558672,
              35.28291002
            ],
            [
              132.789631364,
              35.282925316
            ],
            [
              132.789760157,
              35.282943958
            ],
            [
              132.789839343,
              35.282962855
            ],
            [
              132.789894889,
              35.282969463
            ],
            [
              132.789932453,
              35.282965161
            ]
          ]
        ]
      },
      "properties": {
        "polygon_uuid": "67aa6a83-7df7-46f4-8a91-df0c79542c74",
        "daicho_shubetsu_cd": "FUD25"
      }
    },
    {
      "type": "Feature",
      "geometry": {
        "type": "Polygon",
        "coordinates": [
          [
            [
              132.77905775,
              35.284235545
            ],
            [
              132.779135822,
              35.284360319
            ],
            [
              132.779161579,
              35.28435708
            ],
            [
              132.77959728,
              35.28421035
            ],
            [
              132.779575988,
              35.284114801
            ],
            [
              132.779559798,
              35.284117542
            ],
            [
              132.779451078,
              35.28413066
            ],
            [
              132.77935162,
              35.284152528
            ],
            [
              132.779168058,
              35.284199956
            ],
            [
              132.77905775,
              35.284235545
            ]
          ]
        ]
      },
      "properties": {
        "polygon_uuid": "e555a99e-e805-4e4a-b8ef-e05d7f3b4c05",
        "daicho_shubetsu_cd": "FUD25"
      }
    },
    {
      "type": "Feature",
      "geometry": {
        "type": "Polygon",
        "coordinates": [
          [
            [
              132.786231712,
              35.280357022
            ],
            [
              132.786251964,
              35.280347459
            ],
            [
              132.786385856,
              35.280316222
            ],
            [
              132.786444495,
              35.280296911
            ],
            [
              132.786471625,
              35.280271652
            ],
            [
              132.786504582,
              35.280250436
            ],
            [
              132.786554562,
              35.280220879
            ],
            [
              132.786609078,
              35.280172841
            ],
            [
              132.786681992,
              35.280125621
            ],
            [
              132.78673645,
              35.2801009
            ],
            [
              132.786750952,
              35.280100194
            ],
            [
              132.786757512,
              35.280089266
            ],
            [
              132.786764102,
              35.280082423
            ],
            [
              132.786762348,
              35.280070176
            ],
            [
              132.786758861,
              35.280048405
            ],
            [
              132.786738695,
              35.280017188
            ],
            [
              132.786715279,
              35.27999552
            ],
            [
              132.786663172,
              35.279951078
            ],
            [
              132.786613554,
              35.2799588
            ],
            [
              132.786580499,
              35.279967117
            ],
            [
              132.786535831,
              35.279972778
            ],
            [
              132.786470452,
              35.279976507
            ],
            [
              132.786431539,
              35.279976706
            ],
            [
              132.786400978,
              35.279986368
            ],
            [
              132.786365506,
              35.280003523
            ],
            [
              132.786320058,
              35.280015298
            ],
            [
              132.786181836,
              35.280021437
            ],
            [
              132.786144579,
              35.280021628
            ],
            [
              132.786118112,
              35.280025158
            ],
            [
              132.786082722,
              35.280053175
            ],
            [
              132.786086517,
              35.280072677
            ],
            [
              132.786039488,
              35.280094304
            ],
            [
              132.785969989,
              35.28010077
            ],
            [
              132.785916564,
              35.280097988
            ],
            [
              132.785861975,
              35.280105396
            ],
            [
              132.78579735,
              35.280099617
            ],
            [
              132.785796294,
              35.280124064
            ],
            [
              132.785823855,
              35.280190262
            ],
            [
              132.785951685,
              35.280178406
            ],
            [
              132.786019943,
              35.280171946
            ],
            [
              132.786065236,
              35.280181399
            ],
            [
              132.78608938,
              35.280198927
            ],
            [
              132.786121147,
              35.280238821
            ],
            [
              132.78617803,
              35.280315249
            ],
            [
              132.786206617,
              35.280360701
            ],
            [
              132.78621432,
              35.280356432
            ],
            [
              132.786231712,
              35.280357022
            ]
          ]
        ]
      },
      "properties": {
        "polygon_uuid": "27e90800-3195-4e2c-b7cb-e0bab3cd6289",
        "daicho_shubetsu_cd": "FUD25"
      }
    },
    {
      "type": "Feature",
      "geometry": {
        "type": "Polygon",
        "coordinates": [
          [
            [
              132.783459364,
              35.281926242
            ],
            [
              132.782901825,
              35.28145002
            ],
            [
              132.782776458,
              35.281430572
            ],
            [
              132.782684505,
              35.281447739
            ],
            [
              132.782740787,
              35.28152711
            ],
            [
              132.782790868,
              35.281580264
            ],
            [
              132.782964185,
              35.281725125
            ],
            [
              132.783163098,
              35.281897013
            ],
            [
              132.783237555,
              35.281961811
            ],
            [
              132.783302297,
              35.282055625
            ],
            [
              132.783324486,
              35.282069997
            ],
            [
              132.78338522,
              35.282059457
            ],
            [
              132.783435019,
              35.282019489
            ],
            [
              132.783459364,
              35.281926242
            ]
          ]
        ]
      },
      "properties": {
        "polygon_uuid": "c7a145a5-f514-4a01-9a33-e111aa5f94e8",
        "daicho_shubetsu_cd": "FUD25"
      }
    },
    {
      "type": "Feature",
      "geometry": {
        "type": "Polygon",
        "coordinates": [
          [
            [
              132.790549035,
              35.284336552
            ],
            [
              132.79059002,
              35.284341674
            ],
            [
              132.790616528,
              35.284352371
            ],
            [
              132.790645518,
              35.284365028
            ],
            [
              132.790649228,
              35.284366648
            ],
            [
              132.790738827,
              35.284288565
            ],
            [
              132.790708306,
              35.284255631
            ],
            [
              132.790691993,
              35.284233379
            ],
            [
              132.790700825,
              35.28420107
            ],
            [
              132.790724394,
              35.284175587
            ],
            [
              132.790743622,
              35.284155987
            ],
            [
              132.79075484,
              35.284125594
            ],
            [
              132.790710257,
              35.284143485
            ],
            [
              132.790681594,
              35.284146592
            ],
            [
              132.790647226,
              35.284144603
            ],
            [
              132.790623351,
              35.284132448
            ],
            [
              132.79057958,
              35.28411416
            ],
            [
              132.790573687,
              35.284299012
            ],
            [
              132.790554211,
              35.28431605
            ],
            [
              132.790549035,
              35.284336552
            ]
          ]
        ]
      },
      "properties": {
        "polygon_uuid": "1efd428c-b87c-47cc-be5e-e194ff618a8c",
        "daicho_shubetsu_cd": "FUD25"
      }
    },
    {
      "type": "Feature",
      "geometry": {
        "type": "Polygon",
        "coordinates": [
          [
            [
              132.783802863,
              35.282528543
            ],
            [
              132.783775087,
              35.282456869
            ],
            [
              132.783763851,
              35.282430976
            ],
            [
              132.783750508,
              35.282418371
            ],
            [
              132.783701024,
              35.28239569
            ],
            [
              132.783641339,
              35.282386339
            ],
            [
              132.783562518,
              35.282377085
            ],
            [
              132.783513214,
              35.28237794
            ],
            [
              132.783480201,
              35.282391988
            ],
            [
              132.783440071,
              35.282438059
            ],
            [
              132.78345098,
              35.28248563
            ],
            [
              132.783501971,
              35.28251313
            ],
            [
              132.783542468,
              35.282515338
            ],
            [
              132.783586579,
              35.282509078
            ],
            [
              132.783646859,
              35.282499719
            ],
            [
              132.783691021,
              35.282500097
            ],
            [
              132.783744934,
              35.282524565
            ],
            [
              132.78377153,
              35.282537706
            ],
            [
              132.783802863,
              35.282528543
            ]
          ]
        ]
      },
      "properties": {
        "polygon_uuid": "2d5cee1e-e41a-4a6f-a1ef-e1c71d6db5cf",
        "daicho_shubetsu_cd": "FUD25"
      }
    },
    {
      "type": "Feature",
      "geometry": {
        "type": "Polygon",
        "coordinates": [
          [
            [
              132.783438636,
              35.280745109
            ],
            [
              132.783409536,
              35.280633218
            ],
            [
              132.783383864,
              35.280523361
            ],
            [
              132.783362381,
              35.280529545
            ],
            [
              132.783166506,
              35.280585922
            ],
            [
              132.783177361,
              35.280659978
            ],
            [
              132.783172336,
              35.280725181
            ],
            [
              132.78316284,
              35.280783166
            ],
            [
              132.783115817,
              35.280842246
            ],
            [
              132.783125868,
              35.280857584
            ],
            [
              132.783183197,
              35.280847334
            ],
            [
              132.783252659,
              35.280834284
            ],
            [
              132.783315453,
              35.280816764
            ],
            [
              132.783399089,
              35.280781939
            ],
            [
              132.783438636,
              35.280745109
            ]
          ]
        ]
      },
      "properties": {
        "polygon_uuid": "e779d2c5-bfdf-4080-8c19-e1ccbc6ec2b0",
        "daicho_shubetsu_cd": "FUD25"
      }
    },
    {
      "type": "Feature",
      "geometry": {
        "type": "Polygon",
        "coordinates": [
          [
            [
              132.790232152,
              35.281453944
            ],
            [
              132.79002341,
              35.281570427
            ],
            [
              132.790058555,
              35.281606866
            ],
            [
              132.790076303,
              35.281650381
            ],
            [
              132.79009195,
              35.28171718
            ],
            [
              132.790110205,
              35.281794997
            ],
            [
              132.79014554,
              35.281797573
            ],
            [
              132.790192483,
              35.281778715
            ],
            [
              132.790388952,
              35.281850788
            ],
            [
              132.790453393,
              35.281811155
            ],
            [
              132.790477755,
              35.281808271
            ],
            [
              132.790486698,
              35.281768235
            ],
            [
              132.790479217,
              35.281732696
            ],
            [
              132.790454548,
              35.281695592
            ],
            [
              132.790366321,
              35.281594003
            ],
            [
              132.790232152,
              35.281453944
            ]
          ]
        ]
      },
      "properties": {
        "polygon_uuid": "f43c9be1-310e-4949-8032-e461716fb6de",
        "daicho_shubetsu_cd": "FUD25"
      }
    },
    {
      "type": "Feature",
      "geometry": {
        "type": "Polygon",
        "coordinates": [
          [
            [
              132.783169954,
              35.283026317
            ],
            [
              132.783181324,
              35.283040293
            ],
            [
              132.783210616,
              35.28310186
            ],
            [
              132.783809044,
              35.282912608
            ],
            [
              132.783896119,
              35.28288165
            ],
            [
              132.783879245,
              35.282791816
            ],
            [
              132.783857211,
              35.2827008
            ],
            [
              132.783848269,
              35.28267092
            ],
            [
              132.783169954,
              35.283026317
            ]
          ]
        ]
      },
      "properties": {
        "polygon_uuid": "b316a425-e44e-4664-b5ee-e5044d403c9d",
        "daicho_shubetsu_cd": "FUD25"
      }
    },
    {
      "type": "Feature",
      "geometry": {
        "type": "Polygon",
        "coordinates": [
          [
            [
              132.777299755,
              35.284272447
            ],
            [
              132.777309085,
              35.284245694
            ],
            [
              132.777344683,
              35.284224913
            ],
            [
              132.777384485,
              35.28423161
            ],
            [
              132.777418507,
              35.284258377
            ],
            [
              132.777476579,
              35.284270762
            ],
            [
              132.777512245,
              35.284279922
            ],
            [
              132.777537782,
              35.284254376
            ],
            [
              132.777576273,
              35.284232788
            ],
            [
              132.777605089,
              35.284209665
            ],
            [
              132.777606635,
              35.284158153999996
            ],
            [
              132.777565036,
              35.284152025
            ],
            [
              132.777507193,
              35.284041389
            ],
            [
              132.777472401,
              35.284040773
            ],
            [
              132.777433732,
              35.284038591
            ],
            [
              132.777380532,
              35.284031728
            ],
            [
              132.777338804,
              35.284008168
            ],
            [
              132.777312435,
              35.283971061
            ],
            [
              132.777297655,
              35.283933103
            ],
            [
              132.777227927,
              35.283926692
            ],
            [
              132.777102311,
              35.283915142
            ],
            [
              132.777107808,
              35.283951927
            ],
            [
              132.777112485,
              35.283983232
            ],
            [
              132.77718011,
              35.284109666
            ],
            [
              132.777238771,
              35.284200491
            ],
            [
              132.777299755,
              35.284272447
            ]
          ]
        ]
      },
      "properties": {
        "polygon_uuid": "0fac777d-3d26-43e8-ac7d-e55611a63c34",
        "daicho_shubetsu_cd": "FUD25"
      }
    },
    {
      "type": "Feature",
      "geometry": {
        "type": "Polygon",
        "coordinates": [
          [
            [
              132.789856611,
              35.284247595
            ],
            [
              132.789856889,
              35.284187792
            ],
            [
              132.789851232,
              35.284107842
            ],
            [
              132.789854168,
              35.284073114
            ],
            [
              132.789445696,
              35.284206659
            ],
            [
              132.789471893,
              35.284223761
            ],
            [
              132.789498128,
              35.28424569
            ],
            [
              132.789532242,
              35.284308256
            ],
            [
              132.789560233,
              35.284339829
            ],
            [
              132.789594986,
              35.28437031
            ],
            [
              132.789856611,
              35.284247595
            ]
          ]
        ]
      },
      "properties": {
        "polygon_uuid": "4882fd65-5672-4077-b056-e571a851f814",
        "daicho_shubetsu_cd": "FUD25"
      }
    },
    {
      "type": "Feature",
      "geometry": {
        "type": "Polygon",
        "coordinates": [
          [
            [
              132.784481593,
              35.282048869
            ],
            [
              132.784471551,
              35.282032333
            ],
            [
              132.784462885,
              35.281981457
            ],
            [
              132.784481567,
              35.281933837
            ],
            [
              132.784519301,
              35.281887477
            ],
            [
              132.784530759,
              35.281869766
            ],
            [
              132.784521215,
              35.281855159
            ],
            [
              132.784514842,
              35.281845405
            ],
            [
              132.784315065,
              35.28184279
            ],
            [
              132.784288069,
              35.281860128
            ],
            [
              132.784295248,
              35.281940106
            ],
            [
              132.784280521,
              35.282145302
            ],
            [
              132.784375967,
              35.282095575
            ],
            [
              132.784481593,
              35.282048869
            ]
          ]
        ]
      },
      "properties": {
        "polygon_uuid": "bbcba720-a1dc-44f6-addb-e6417047fa2b",
        "daicho_shubetsu_cd": "FUD25"
      }
    },
    {
      "type": "Feature",
      "geometry": {
        "type": "Polygon",
        "coordinates": [
          [
            [
              132.790797041,
              35.28519572
            ],
            [
              132.790705152,
              35.285096401
            ],
            [
              132.790660785,
              35.285054018
            ],
            [
              132.790561509,
              35.284972916
            ],
            [
              132.790478326,
              35.284922788
            ],
            [
              132.790433344,
              35.284915075
            ],
            [
              132.790398128,
              35.284917424
            ],
            [
              132.79031022,
              35.284940267
            ],
            [
              132.790211692,
              35.284956664
            ],
            [
              132.790146662,
              35.284976499
            ],
            [
              132.790101636,
              35.28496301
            ],
            [
              132.790076059,
              35.284958807
            ],
            [
              132.79005682,
              35.284976963
            ],
            [
              132.790059739,
              35.285127898
            ],
            [
              132.790107638,
              35.285205118
            ],
            [
              132.790157809,
              35.285294401
            ],
            [
              132.790247518,
              35.285276605
            ],
            [
              132.790376841,
              35.285248742
            ],
            [
              132.790618207,
              35.285193329
            ],
            [
              132.79061878,
              35.285164584
            ],
            [
              132.790721934,
              35.285177053
            ],
            [
              132.790797041,
              35.28519572
            ]
          ]
        ]
      },
      "properties": {
        "polygon_uuid": "42b03ece-01ed-4a1c-8e2b-e7ee12dc2fa2",
        "daicho_shubetsu_cd": "FUD25"
      }
    },
    {
      "type": "Feature",
      "geometry": {
        "type": "Polygon",
        "coordinates": [
          [
            [
              132.790738827,
              35.284288565
            ],
            [
              132.790649228,
              35.284366648
            ],
            [
              132.790645518,
              35.284365028
            ],
            [
              132.790846302,
              35.284521302
            ],
            [
              132.790916536,
              35.284438212
            ],
            [
              132.790860648,
              35.284386382
            ],
            [
              132.7907987,
              35.284333756
            ],
            [
              132.790743927,
              35.284295984
            ],
            [
              132.790738827,
              35.284288565
            ]
          ]
        ]
      },
      "properties": {
        "polygon_uuid": "cd725fac-b703-41ad-9acd-ea1170265353",
        "daicho_shubetsu_cd": "FUD25"
      }
    },
    {
      "type": "Feature",
      "geometry": {
        "type": "Polygon",
        "coordinates": [
          [
            [
              132.782232678,
              35.28307847
            ],
            [
              132.782369302,
              35.283243924
            ],
            [
              132.782384831,
              35.283263542
            ],
            [
              132.783067733,
              35.282901681
            ],
            [
              132.783043041,
              35.282872234
            ],
            [
              132.782895859,
              35.282696703
            ],
            [
              132.782778929,
              35.282759356
            ],
            [
              132.782546693,
              35.282884991
            ],
            [
              132.782232678,
              35.28307847
            ]
          ]
        ]
      },
      "properties": {
        "polygon_uuid": "ed17b387-3e59-4aa5-b3d5-eaf49b81cb46",
        "daicho_shubetsu_cd": "FUD25"
      }
    },
    {
      "type": "Feature",
      "geometry": {
        "type": "Polygon",
        "coordinates": [
          [
            [
              132.781409735,
              35.283384077
            ],
            [
              132.781353765,
              35.283354402
            ],
            [
              132.78130718,
              35.283325671
            ],
            [
              132.781276016,
              35.283292335
            ],
            [
              132.781261268,
              35.283239907
            ],
            [
              132.781271897,
              35.283185538
            ],
            [
              132.781267119,
              35.283137585
            ],
            [
              132.781236984,
              35.283094286
            ],
            [
              132.78118488,
              35.283065583
            ],
            [
              132.780972669,
              35.283890801
            ],
            [
              132.780987849,
              35.28390409
            ],
            [
              132.781007741,
              35.283906705
            ],
            [
              132.781036368,
              35.283896602
            ],
            [
              132.781070209,
              35.283874833
            ],
            [
              132.781124547,
              35.283839987
            ],
            [
              132.781170603,
              35.283798715
            ],
            [
              132.781220097,
              35.283725441
            ],
            [
              132.781253505,
              35.283666129
            ],
            [
              132.781304284,
              35.283568104
            ],
            [
              132.781353911,
              35.28351233
            ],
            [
              132.781377437,
              35.283492871
            ],
            [
              132.781409735,
              35.283384077
            ]
          ]
        ]
      },
      "properties": {
        "polygon_uuid": "3692170c-ca3d-4671-a602-ed20ca363dbc",
        "daicho_shubetsu_cd": "FUD25"
      }
    },
    {
      "type": "Feature",
      "geometry": {
        "type": "Polygon",
        "coordinates": [
          [
            [
              132.783881371,
              35.277452156
            ],
            [
              132.784073427,
              35.277361046
            ],
            [
              132.784210408,
              35.277303063
            ],
            [
              132.784227435,
              35.277283255
            ],
            [
              132.784234136,
              35.277263092
            ],
            [
              132.784184308,
              35.277148192
            ],
            [
              132.784105258,
              35.276972018
            ],
            [
              132.784048653,
              35.276869478
            ],
            [
              132.784036421,
              35.276860851
            ],
            [
              132.783589561,
              35.276880182
            ],
            [
              132.78359336,
              35.276910326
            ],
            [
              132.783666668,
              35.277116378
            ],
            [
              132.783711136,
              35.27720419
            ],
            [
              132.783759008,
              35.277287758
            ],
            [
              132.783816285,
              35.277365644
            ],
            [
              132.783881371,
              35.277452156
            ]
          ]
        ]
      },
      "properties": {
        "polygon_uuid": "4eaa72d4-1c87-450a-9715-ed4587dc8596",
        "daicho_shubetsu_cd": "FUD25"
      }
    },
    {
      "type": "Feature",
      "geometry": {
        "type": "Polygon",
        "coordinates": [
          [
            [
              132.783454771,
              35.279207899
            ],
            [
              132.783903931,
              35.279008491
            ],
            [
              132.784064025,
              35.278940061
            ],
            [
              132.784093481,
              35.278849193
            ],
            [
              132.784043307,
              35.27884861
            ],
            [
              132.784023467,
              35.278837442
            ],
            [
              132.784006205,
              35.278826262
            ],
            [
              132.783987337,
              35.27882988
            ],
            [
              132.783921115,
              35.27886069
            ],
            [
              132.783817534,
              35.278906295
            ],
            [
              132.783623533,
              35.278991614
            ],
            [
              132.783434314,
              35.279068656
            ],
            [
              132.783468917,
              35.279119138
            ],
            [
              132.78341711,
              35.279147644
            ],
            [
              132.783454771,
              35.279207899
            ]
          ]
        ]
      },
      "properties": {
        "polygon_uuid": "191ebbf2-f257-4b23-8fb6-edab368f5c33",
        "daicho_shubetsu_cd": "FUD25"
      }
    },
    {
      "type": "Feature",
      "geometry": {
        "type": "Polygon",
        "coordinates": [
          [
            [
              132.783510262,
              35.281810949
            ],
            [
              132.783031906,
              35.281382886
            ],
            [
              132.782776458,
              35.281430572
            ],
            [
              132.782901825,
              35.28145002
            ],
            [
              132.783459364,
              35.281926242
            ],
            [
              132.783495512,
              35.281847999
            ],
            [
              132.783510262,
              35.281810949
            ]
          ]
        ]
      },
      "properties": {
        "polygon_uuid": "3819a3b2-e98b-411d-a618-edbdc125a5b4",
        "daicho_shubetsu_cd": "FUD25"
      }
    },
    {
      "type": "Feature",
      "geometry": {
        "type": "Polygon",
        "coordinates": [
          [
            [
              132.784201293,
              35.27887132
            ],
            [
              132.784161808,
              35.278845188
            ],
            [
              132.784127487,
              35.278849589
            ],
            [
              132.784093481,
              35.278849193
            ],
            [
              132.784064025,
              35.278940061
            ],
            [
              132.783903931,
              35.279008491
            ],
            [
              132.783454771,
              35.279207899
            ],
            [
              132.783489668,
              35.27926373
            ],
            [
              132.783525185,
              35.279303694
            ],
            [
              132.783547559,
              35.279309215
            ],
            [
              132.78360156,
              35.279294852
            ],
            [
              132.783714664,
              35.27925906
            ],
            [
              132.783816586,
              35.279221212
            ],
            [
              132.783903822,
              35.27917217
            ],
            [
              132.783985882,
              35.279120336
            ],
            [
              132.784030292,
              35.279087007
            ],
            [
              132.784066934,
              35.279048788
            ],
            [
              132.784124872,
              35.278987217
            ],
            [
              132.784170823,
              35.278930638
            ],
            [
              132.784201293,
              35.27887132
            ]
          ]
        ]
      },
      "properties": {
        "polygon_uuid": "988f6cae-d4af-431c-af45-f12a05710398",
        "daicho_shubetsu_cd": "FUD25"
      }
    },
    {
      "type": "Feature",
      "geometry": {
        "type": "Polygon",
        "coordinates": [
          [
            [
              132.788528968,
              35.279119998
            ],
            [
              132.788546928,
              35.279126626
            ],
            [
              132.788429304,
              35.278702367
            ],
            [
              132.788406174,
              35.278707235
            ],
            [
              132.788377188,
              35.278710514
            ],
            [
              132.788342781,
              35.278703805
            ],
            [
              132.788301416,
              35.278685862
            ],
            [
              132.788243214,
              35.278662371
            ],
            [
              132.788198138,
              35.278658221
            ],
            [
              132.788157772,
              35.278670949
            ],
            [
              132.788112893,
              35.278697699
            ],
            [
              132.78836191,
              35.279048896
            ],
            [
              132.788528968,
              35.279119998
            ]
          ]
        ]
      },
      "properties": {
        "polygon_uuid": "f069d6c4-2b0a-4579-91c5-f1ec89ecf94a",
        "daicho_shubetsu_cd": "FUD25"
      }
    },
    {
      "type": "Feature",
      "geometry": {
        "type": "Polygon",
        "coordinates": [
          [
            [
              132.784243639,
              35.278744321
            ],
            [
              132.784257183,
              35.278727463
            ],
            [
              132.784280803,
              35.278670998
            ],
            [
              132.784293039,
              35.278585715
            ],
            [
              132.784290711,
              35.27857564
            ],
            [
              132.784281495,
              35.278535767
            ],
            [
              132.784246765,
              35.278486643
            ],
            [
              132.784196631,
              35.278444641
            ],
            [
              132.784125737,
              35.278496416
            ],
            [
              132.784107657,
              35.278490875
            ],
            [
              132.784074311,
              35.278510765
            ],
            [
              132.784090047,
              35.278537178
            ],
            [
              132.784101681,
              35.278561065
            ],
            [
              132.784101893,
              35.278591271
            ],
            [
              132.784088237,
              35.27860261
            ],
            [
              132.7840556,
              35.278602776
            ],
            [
              132.783999376,
              35.278607702
            ],
            [
              132.783972157,
              35.278621748
            ],
            [
              132.783910693,
              35.278671363
            ],
            [
              132.783841398,
              35.278707637
            ],
            [
              132.783861429,
              35.278744158
            ],
            [
              132.783923977,
              35.278724118
            ],
            [
              132.783988391,
              35.27872379
            ],
            [
              132.783991085,
              35.278728821
            ],
            [
              132.784024112,
              35.278790517
            ],
            [
              132.78411592,
              35.278778075
            ],
            [
              132.784208527,
              35.278757882
            ],
            [
              132.784243639,
              35.278744321
            ]
          ]
        ]
      },
      "properties": {
        "polygon_uuid": "b4daa055-894a-446e-ad88-f2becfff9e29",
        "daicho_shubetsu_cd": "FUD25"
      }
    },
    {
      "type": "Feature",
      "geometry": {
        "type": "Polygon",
        "coordinates": [
          [
            [
              132.784258342,
              35.283278882
            ],
            [
              132.784229936,
              35.283099868
            ],
            [
              132.784150367,
              35.283089072
            ],
            [
              132.784018482,
              35.283058174
            ],
            [
              132.783911497,
              35.283035297
            ],
            [
              132.783855556,
              35.283028454
            ],
            [
              132.783798435,
              35.283029764
            ],
            [
              132.783724212,
              35.283068841
            ],
            [
              132.783750749,
              35.283128791
            ],
            [
              132.783906029,
              35.283133091
            ],
            [
              132.783912711,
              35.283195179
            ],
            [
              132.784082002,
              35.283245235
            ],
            [
              132.784221996,
              35.283268544
            ],
            [
              132.784258342,
              35.283278882
            ]
          ]
        ]
      },
      "properties": {
        "polygon_uuid": "b218cde7-a209-4dc9-8848-f4857d5f95ef",
        "daicho_shubetsu_cd": "FUD25"
      }
    },
    {
      "type": "Feature",
      "geometry": {
        "type": "Polygon",
        "coordinates": [
          [
            [
              132.782075191,
              35.282662513
            ],
            [
              132.782194597,
              35.282565859
            ],
            [
              132.782316401,
              35.282468378
            ],
            [
              132.782351494,
              35.282437421
            ],
            [
              132.782364577,
              35.282415629
            ],
            [
              132.782349565,
              35.282384954
            ],
            [
              132.782080897,
              35.282332006
            ],
            [
              132.782046205,
              35.28235091
            ],
            [
              132.781994111,
              35.282399958
            ],
            [
              132.781915332,
              35.282493598
            ],
            [
              132.78187536,
              35.282540738
            ],
            [
              132.782075191,
              35.282662513
            ]
          ]
        ]
      },
      "properties": {
        "polygon_uuid": "099d04e2-1ca8-474c-aad3-f4d5acc6a821",
        "daicho_shubetsu_cd": "FUD25"
      }
    },
    {
      "type": "Feature",
      "geometry": {
        "type": "Polygon",
        "coordinates": [
          [
            [
              132.784032945,
              35.282198066
            ],
            [
              132.784083802,
              35.28218966
            ],
            [
              132.784120734,
              35.282176314
            ],
            [
              132.784161282,
              35.282173391
            ],
            [
              132.784210121,
              35.282171784
            ],
            [
              132.784252259,
              35.282160026
            ],
            [
              132.784280521,
              35.282145302
            ],
            [
              132.784295248,
              35.281940106
            ],
            [
              132.784288069,
              35.281860128
            ],
            [
              132.784264803,
              35.281849384
            ],
            [
              132.784229114,
              35.281838024
            ],
            [
              132.784183546,
              35.281834183
            ],
            [
              132.784138837,
              35.281834411
            ],
            [
              132.784071799,
              35.281838148
            ],
            [
              132.784031166,
              35.281843183
            ],
            [
              132.784032945,
              35.282198066
            ]
          ]
        ]
      },
      "properties": {
        "polygon_uuid": "3727aec4-b841-4af0-bbdb-f692248e9115",
        "daicho_shubetsu_cd": "FUD25"
      }
    },
    {
      "type": "Feature",
      "geometry": {
        "type": "Polygon",
        "coordinates": [
          [
            [
              132.786499534,
              35.280890243
            ],
            [
              132.786605981,
              35.280887644
            ],
            [
              132.786614483,
              35.280852679
            ],
            [
              132.786615421,
              35.280811591
            ],
            [
              132.786611203,
              35.280751014
            ],
            [
              132.78660584,
              35.280704823
            ],
            [
              132.786619148,
              35.28064313
            ],
            [
              132.786611738,
              35.280613875
            ],
            [
              132.786592212,
              35.280560074
            ],
            [
              132.786570763,
              35.280539642
            ],
            [
              132.786554504,
              35.280542807
            ],
            [
              132.786541668,
              35.280542584
            ],
            [
              132.786540261,
              35.28057518
            ],
            [
              132.786540716,
              35.280634922
            ],
            [
              132.786541984,
              35.280692626
            ],
            [
              132.786534817,
              35.280730003
            ],
            [
              132.786520965,
              35.280759268
            ],
            [
              132.786488039,
              35.280784558
            ],
            [
              132.786455066,
              35.280803737
            ],
            [
              132.786441547,
              35.280809774
            ],
            [
              132.786447697,
              35.28082683
            ],
            [
              132.786459079,
              35.28084115
            ],
            [
              132.786469263,
              35.280862667
            ],
            [
              132.786480629,
              35.280874933
            ],
            [
              132.786489452,
              35.280882078
            ],
            [
              132.786499534,
              35.280890243
            ]
          ]
        ]
      },
      "properties": {
        "polygon_uuid": "20d7f4b5-48d1-49f0-bd92-f74fba4339af",
        "daicho_shubetsu_cd": "FUD25"
      }
    },
    {
      "type": "Feature",
      "geometry": {
        "type": "Polygon",
        "coordinates": [
          [
            [
              132.77959728,
              35.28421035
            ],
            [
              132.779625142,
              35.284246653
            ],
            [
              132.779719955,
              35.284218525
            ],
            [
              132.779932711,
              35.284181001
            ],
            [
              132.780166829,
              35.284130802
            ],
            [
              132.780412989,
              35.284051637
            ],
            [
              132.780391163,
              35.284002735
            ],
            [
              132.780355828,
              35.283991604
            ],
            [
              132.780280627,
              35.283978162
            ],
            [
              132.780240817,
              35.283983391
            ],
            [
              132.780047985,
              35.284020813
            ],
            [
              132.779827595,
              35.284062146
            ],
            [
              132.779613372,
              35.284108474
            ],
            [
              132.779575988,
              35.284114801
            ],
            [
              132.77959728,
              35.28421035
            ]
          ]
        ]
      },
      "properties": {
        "polygon_uuid": "603fd3db-a943-4ef8-a669-f8b47c94b88c",
        "daicho_shubetsu_cd": "FUD25"
      }
    },
    {
      "type": "Feature",
      "geometry": {
        "type": "Polygon",
        "coordinates": [
          [
            [
              132.783722232,
              35.28122723
            ],
            [
              132.783712492,
              35.281166404
            ],
            [
              132.78363987,
              35.28090697
            ],
            [
              132.783598893,
              35.280744235
            ],
            [
              132.783590567,
              35.280672123
            ],
            [
              132.783486396,
              35.28076499
            ],
            [
              132.78343373,
              35.280807804
            ],
            [
              132.78340839,
              35.280818785
            ],
            [
              132.783582599,
              35.281252803
            ],
            [
              132.783722232,
              35.28122723
            ]
          ]
        ]
      },
      "properties": {
        "polygon_uuid": "0c4350a6-5fec-4e69-85ac-f9202baaa3e0",
        "daicho_shubetsu_cd": "FUD25"
      }
    },
    {
      "type": "Feature",
      "geometry": {
        "type": "Polygon",
        "coordinates": [
          [
            [
              132.783370388,
              35.279458925
            ],
            [
              132.783358302,
              35.279417949
            ],
            [
              132.783309131,
              35.279436304
            ],
            [
              132.783226081,
              35.279471134
            ],
            [
              132.783152118,
              35.27951979
            ],
            [
              132.783091978,
              35.279558412
            ],
            [
              132.783211889,
              35.279631577
            ],
            [
              132.783252341,
              35.279577264
            ],
            [
              132.783321655,
              35.279497853
            ],
            [
              132.783370388,
              35.279458925
            ]
          ]
        ]
      },
      "properties": {
        "polygon_uuid": "79152233-b8ee-4f93-9f6c-f9860054a593",
        "daicho_shubetsu_cd": "FUD25"
      }
    },
    {
      "type": "Feature",
      "geometry": {
        "type": "Polygon",
        "coordinates": [
          [
            [
              132.778922427,
              35.283808546
            ],
            [
              132.778901921,
              35.283780126
            ],
            [
              132.778842453,
              35.2837107
            ],
            [
              132.778828621,
              35.283698775
            ],
            [
              132.778273048,
              35.284202653
            ],
            [
              132.778319471,
              35.284216179
            ],
            [
              132.778372675,
              35.284223833
            ],
            [
              132.778423044,
              35.284221879
            ],
            [
              132.778473657,
              35.284206172
            ],
            [
              132.778551372,
              35.284132091
            ],
            [
              132.778658291,
              35.284039244
            ],
            [
              132.778770262,
              35.283942008
            ],
            [
              132.778922427,
              35.283808546
            ]
          ]
        ]
      },
      "properties": {
        "polygon_uuid": "54da4e5a-92a8-4f3f-8652-fa656b4cc7d0",
        "daicho_shubetsu_cd": "FUD25"
      }
    },
    {
      "type": "Feature",
      "geometry": {
        "type": "Polygon",
        "coordinates": [
          [
            [
              132.791561175,
              35.282001208
            ],
            [
              132.791546542,
              35.281957157
            ],
            [
              132.791519086,
              35.281885593
            ],
            [
              132.791514681,
              35.2818836
            ],
            [
              132.791497991,
              35.281876049
            ],
            [
              132.791449192,
              35.281872165
            ],
            [
              132.791397183,
              35.281888291
            ],
            [
              132.791303798,
              35.281889844
            ],
            [
              132.791166862,
              35.281892122
            ],
            [
              132.791227399,
              35.282106658
            ],
            [
              132.791251704,
              35.28210554
            ],
            [
              132.791284596,
              35.28211847
            ],
            [
              132.791310857,
              35.282143845
            ],
            [
              132.791317446,
              35.282125884
            ],
            [
              132.79134092,
              35.2821168
            ],
            [
              132.791372056,
              35.282120086
            ],
            [
              132.791442489,
              35.282094212
            ],
            [
              132.791531261,
              35.282047559
            ],
            [
              132.791553771,
              35.28202262
            ],
            [
              132.791561175,
              35.282001208
            ]
          ]
        ]
      },
      "properties": {
        "polygon_uuid": "85ebba10-4e47-4cef-89dc-fb39d1e5c68b",
        "daicho_shubetsu_cd": "FUD25"
      }
    },
    {
      "type": "Feature",
      "geometry": {
        "type": "Polygon",
        "coordinates": [
          [
            [
              132.782895859,
              35.282696703
            ],
            [
              132.783043041,
              35.282872234
            ],
            [
              132.783695724,
              35.282532963
            ],
            [
              132.783670499,
              35.282536998
            ],
            [
              132.783627151,
              35.282546876
            ],
            [
              132.783577124,
              35.282549545
            ],
            [
              132.783531472,
              35.282546761
            ],
            [
              132.783464193,
              35.282527791
            ],
            [
              132.783424292,
              35.282507174
            ],
            [
              132.783404449,
              35.282510896
            ],
            [
              132.783363461,
              35.282511916
            ],
            [
              132.783318801,
              35.282542921
            ],
            [
              132.783245475,
              35.282578901
            ],
            [
              132.783200751,
              35.282601459
            ],
            [
              132.783127333,
              35.282625369
            ],
            [
              132.783039951,
              35.282651765
            ],
            [
              132.782945217,
              35.282679405
            ],
            [
              132.782895859,
              35.282696703
            ]
          ]
        ]
      },
      "properties": {
        "polygon_uuid": "98ef5adb-6a64-4231-a04d-fb44c4bf4ce2",
        "daicho_shubetsu_cd": "FUD25"
      }
    },
    {
      "type": "Feature",
      "geometry": {
        "type": "Polygon",
        "coordinates": [
          [
            [
              132.789089483,
              35.282433705
            ],
            [
              132.78914558,
              35.282427099
            ],
            [
              132.78917365,
              35.282423363
            ],
            [
              132.78919838,
              35.282421302
            ],
            [
              132.789250174,
              35.282414272
            ],
            [
              132.78925829,
              35.282396838
            ],
            [
              132.789259372,
              35.282384272
            ],
            [
              132.789259142,
              35.28235432
            ],
            [
              132.789266035,
              35.282331094
            ],
            [
              132.789283569,
              35.282312645
            ],
            [
              132.789301036,
              35.282285501
            ],
            [
              132.789339648,
              35.282249552
            ],
            [
              132.789360613,
              35.282217557
            ],
            [
              132.789383861,
              35.28217589
            ],
            [
              132.789412927,
              35.28212453
            ],
            [
              132.789439755,
              35.28208864
            ],
            [
              132.789458364,
              35.282056659
            ],
            [
              132.789470398,
              35.282045792
            ],
            [
              132.789465232,
              35.282029962
            ],
            [
              132.78945099,
              35.282017081
            ],
            [
              132.789437926,
              35.282003621
            ],
            [
              132.789421333,
              35.281991146
            ],
            [
              132.789407038,
              35.281970928
            ],
            [
              132.789346899,
              35.281965441
            ],
            [
              132.789340118,
              35.282003158
            ],
            [
              132.789328476,
              35.282021577
            ],
            [
              132.789319898,
              35.282044864
            ],
            [
              132.789283245,
              35.282089869
            ],
            [
              132.789237264,
              35.28212458
            ],
            [
              132.789184493,
              35.282151052
            ],
            [
              132.789175915,
              35.282158022
            ],
            [
              132.789145217,
              35.282182969
            ],
            [
              132.789127861,
              35.28222236
            ],
            [
              132.789117244,
              35.28225012
            ],
            [
              132.789107252,
              35.282276245
            ],
            [
              132.789091831,
              35.28234872
            ],
            [
              132.789089483,
              35.282433705
            ]
          ]
        ]
      },
      "properties": {
        "polygon_uuid": "cc70c95f-da7e-47b8-af7b-fb797ace95c1",
        "daicho_shubetsu_cd": "FUD25"
      }
    },
    {
      "type": "Feature",
      "geometry": {
        "type": "Polygon",
        "coordinates": [
          [
            [
              132.781856028,
              35.283843182
            ],
            [
              132.781715553,
              35.283667887
            ],
            [
              132.781676844,
              35.283870092
            ],
            [
              132.78164216,
              35.284053326
            ],
            [
              132.781688625,
              35.28404107
            ],
            [
              132.781781161,
              35.28401465
            ],
            [
              132.781856056,
              35.283991336
            ],
            [
              132.781945669,
              35.283955042
            ],
            [
              132.781856028,
              35.283843182
            ]
          ]
        ]
      },
      "properties": {
        "polygon_uuid": "78f930e1-8d73-4ddb-b4a4-fcef35b0ebf8",
        "daicho_shubetsu_cd": "FUD25"
      }
    },
    {
      "type": "Feature",
      "geometry": {
        "type": "Polygon",
        "coordinates": [
          [
            [
              132.781308672,
              35.282860196
            ],
            [
              132.781353825,
              35.282868183
            ],
            [
              132.781402214,
              35.282862459
            ],
            [
              132.781458892,
              35.282848477
            ],
            [
              132.781500478,
              35.282826354
            ],
            [
              132.781547021,
              35.282797359
            ],
            [
              132.781598734,
              35.282773912
            ],
            [
              132.781620244,
              35.282762751
            ],
            [
              132.781631831,
              35.282748997
            ],
            [
              132.781651779,
              35.282736571
            ],
            [
              132.781669683,
              35.282674855
            ],
            [
              132.781727368,
              35.282573223
            ],
            [
              132.781690482,
              35.282554238
            ],
            [
              132.78163258,
              35.282627113
            ],
            [
              132.781592872,
              35.282676615
            ],
            [
              132.781556442,
              35.282717884
            ],
            [
              132.781485044,
              35.282773025
            ],
            [
              132.781446788,
              35.28279376
            ],
            [
              132.781413532,
              35.282813102
            ],
            [
              132.781376916,
              35.282829721
            ],
            [
              132.781348649,
              35.282846298
            ],
            [
              132.781308672,
              35.282860196
            ]
          ]
        ]
      },
      "properties": {
        "polygon_uuid": "1a18c4ad-cf13-4bde-af22-fdafee2c1561",
        "daicho_shubetsu_cd": "FUD25"
      }
    },
    {
      "type": "Feature",
      "geometry": {
        "type": "Polygon",
        "coordinates": [
          [
            [
              132.784037567,
              35.278293629
            ],
            [
              132.784012271,
              35.278251254
            ],
            [
              132.783998261,
              35.278216109
            ],
            [
              132.783977125,
              35.278147195
            ],
            [
              132.783959852,
              35.278134606
            ],
            [
              132.783947533,
              35.278121538
            ],
            [
              132.783947961,
              35.278152275
            ],
            [
              132.783950917,
              35.278202265
            ],
            [
              132.783940329,
              35.278250444
            ],
            [
              132.783902024,
              35.278227083
            ],
            [
              132.783693823,
              35.278253755
            ],
            [
              132.783711003,
              35.27832035
            ],
            [
              132.783788916,
              35.278349834
            ],
            [
              132.783842357,
              35.278374916
            ],
            [
              132.783856909,
              35.278368503
            ],
            [
              132.783880786,
              35.278345844
            ],
            [
              132.783884915,
              35.278323989
            ],
            [
              132.783899436,
              35.27831335
            ],
            [
              132.783920763,
              35.278306335
            ],
            [
              132.783927708,
              35.27830405
            ],
            [
              132.783963764,
              35.278301754
            ],
            [
              132.783990432,
              35.278307252
            ],
            [
              132.784037567,
              35.278293629
            ]
          ]
        ]
      },
      "properties": {
        "polygon_uuid": "6092615e-bb0d-4f60-b367-fe2bf72cdaaa",
        "daicho_shubetsu_cd": "FUD25"
      }
    },
    {
      "type": "Feature",
      "geometry": {
        "type": "Polygon",
        "coordinates": [
          [
            [
              132.783043041,
              35.282872234
            ],
            [
              132.783067733,
              35.282901681
            ],
            [
              132.783095517,
              35.282934817
            ],
            [
              132.783169954,
              35.283026317
            ],
            [
              132.783848269,
              35.28267092
            ],
            [
              132.783833047,
              35.282620055
            ],
            [
              132.783815849,
              35.282584537
            ],
            [
              132.783736776,
              35.282542092
            ],
            [
              132.783709459,
              35.282530765
            ],
            [
              132.783695724,
              35.282532963
            ],
            [
              132.783043041,
              35.282872234
            ]
          ]
        ]
      },
      "properties": {
        "polygon_uuid": "49ce1f1a-9e1a-40fd-82df-ff556ef248cf",
        "daicho_shubetsu_cd": "FUD25"
      }
    }
  ]
}