{
  "type": "FeatureCollection",
  "features": [
    {
      "type": "Feature",
      "geometry": {
        "type": "Point",
        "coordinates": [
          132.67863947337779,
          35.382492020052936
        ]
      },
      "properties": {
        "FarmCommitteeCd": "3220321",
        "FarmCommitteeName": "出雲市農業委員会",
        "TodofukenCode": "32",
        "ShikuchosonCode": "322032",
        "OazaCode": "73300",
        "ClassificationOfLandCodeName": "畑",
        "ClassificationOfLand": "2",
        "AreaOnRegistry": "3173",
        "SectionOfNoushinhouCodeName": "設定なし",
        "SectionOfNoushinhou": "0",
        "SectionOfToshikeikakuhouCodeName": "設定なし",
        "SectionOfToshikeikakuhou": "0",
        "OwnerFarmIntentionCodeName": "非公表",
        "OwnerFarmIntention": "999",
        "FarmerIndicationNumberHash": "38a991924f640b63cdbfeabd64202e63",
        "KindOfRightCodeName": "賃借権",
        "KindOfRight": "5",
        "CommencementDate": "20210313",
        "EndStagesDate": "20251231",
        "RightSettingContentsCodeName": "農地中間管理権が設定されていない",
        "RightSettingContents": "0",
        "UsageSituationInvestigationDate": "20250828",
        "UsageSituationInvestigationResultCodeName": "遊休農地（低利用）",
        "UsageSituationInvestigationResult": "2",
        "UseIntentionInvestigationDate": "",
        "OwnerStatementIntentSurveyResultsCodeName": "調査中",
        "OwnerStatementIntentSurveyResults": "9",
        "UseIntentionAscertainmentResultCodeName": "調査中",
        "UseIntentionAscertainmentResult": "2",
        "PublicNoticeDate": "",
        "RightOfMiddleManagement": "",
        "RecommendationContenDate": "",
        "ActionOrderDate": "",
        "MayorPublicAnnouncementDate": "",
        "Address": "島根県出雲市大社町杵築西1599(１)",
        "Tiban": "1599(１)",
        "SectionOfPolygon": "3",
        "SectionOfPolygonCodeName": "その他",
        "DaichoId": "320158865",
        "daicho_shubetsu_cd": "KNO01"
      }
    },
    {
      "type": "Feature",
      "geometry": {
        "type": "Point",
        "coordinates": [
          132.67866406212758,
          35.38272832533343
        ]
      },
      "properties": {
        "FarmCommitteeCd": "3220321",
        "FarmCommitteeName": "出雲市農業委員会",
        "TodofukenCode": "32",
        "ShikuchosonCode": "322032",
        "OazaCode": "73300",
        "ClassificationOfLandCodeName": "畑",
        "ClassificationOfLand": "2",
        "AreaOnRegistry": "660",
        "SectionOfNoushinhouCodeName": "農業振興地域内・農用地区域内(青地)",
        "SectionOfNoushinhou": "1",
        "SectionOfToshikeikakuhouCodeName": "設定なし",
        "SectionOfToshikeikakuhou": "0",
        "OwnerFarmIntentionCodeName": "非公表",
        "OwnerFarmIntention": "999",
        "FarmerIndicationNumberHash": "8746ee73fbd878286c91c4a80357cfa4",
        "KindOfRightCodeName": "賃借権等の設定がない",
        "KindOfRight": "0",
        "CommencementDate": "",
        "EndStagesDate": "",
        "RightSettingContentsCodeName": "農地中間管理権が設定されていない",
        "RightSettingContents": "0",
        "UsageSituationInvestigationDate": "20250828",
        "UsageSituationInvestigationResultCodeName": "遊休農地（低利用）",
        "UsageSituationInvestigationResult": "2",
        "UseIntentionInvestigationDate": "",
        "OwnerStatementIntentSurveyResultsCodeName": "調査中",
        "OwnerStatementIntentSurveyResults": "9",
        "UseIntentionAscertainmentResultCodeName": "調査中",
        "UseIntentionAscertainmentResult": "2",
        "PublicNoticeDate": "",
        "RightOfMiddleManagement": "",
        "RecommendationContenDate": "",
        "ActionOrderDate": "",
        "MayorPublicAnnouncementDate": "",
        "Address": "島根県出雲市大社町杵築西1600",
        "Tiban": "1600",
        "SectionOfPolygon": "3",
        "SectionOfPolygonCodeName": "その他",
        "DaichoId": "320158868",
        "daicho_shubetsu_cd": "KNO01"
      }
    },
    {
      "type": "Feature",
      "geometry": {
        "type": "Point",
        "coordinates": [
          132.6786636157146,
          35.38265046002707
        ]
      },
      "properties": {
        "FarmCommitteeCd": "3220321",
        "FarmCommitteeName": "出雲市農業委員会",
        "TodofukenCode": "32",
        "ShikuchosonCode": "322032",
        "OazaCode": "73300",
        "ClassificationOfLandCodeName": "畑",
        "ClassificationOfLand": "2",
        "AreaOnRegistry": "151",
        "SectionOfNoushinhouCodeName": "農業振興地域内・農用地区域内(青地)",
        "SectionOfNoushinhou": "1",
        "SectionOfToshikeikakuhouCodeName": "設定なし",
        "SectionOfToshikeikakuhou": "0",
        "OwnerFarmIntentionCodeName": "非公表",
        "OwnerFarmIntention": "999",
        "FarmerIndicationNumberHash": "8746ee73fbd878286c91c4a80357cfa4",
        "KindOfRightCodeName": "賃借権等の設定がない",
        "KindOfRight": "0",
        "CommencementDate": "",
        "EndStagesDate": "",
        "RightSettingContentsCodeName": "農地中間管理権が設定されていない",
        "RightSettingContents": "0",
        "UsageSituationInvestigationDate": "20250828",
        "UsageSituationInvestigationResultCodeName": "遊休農地（低利用）",
        "UsageSituationInvestigationResult": "2",
        "UseIntentionInvestigationDate": "",
        "OwnerStatementIntentSurveyResultsCodeName": "調査中",
        "OwnerStatementIntentSurveyResults": "9",
        "UseIntentionAscertainmentResultCodeName": "調査中",
        "UseIntentionAscertainmentResult": "2",
        "PublicNoticeDate": "",
        "RightOfMiddleManagement": "",
        "RecommendationContenDate": "",
        "ActionOrderDate": "",
        "MayorPublicAnnouncementDate": "",
        "Address": "島根県出雲市大社町杵築西1600-1",
        "Tiban": "1600-1",
        "SectionOfPolygon": "3",
        "SectionOfPolygonCodeName": "その他",
        "DaichoId": "320158869",
        "daicho_shubetsu_cd": "KNO01"
      }
    },
    {
      "type": "Feature",
      "geometry": {
        "type": "Point",
        "coordinates": [
          132.67866591459955,
          35.382915656554715
        ]
      },
      "properties": {
        "FarmCommitteeCd": "3220321",
        "FarmCommitteeName": "出雲市農業委員会",
        "TodofukenCode": "32",
        "ShikuchosonCode": "322032",
        "OazaCode": "73300",
        "ClassificationOfLandCodeName": "畑",
        "ClassificationOfLand": "2",
        "AreaOnRegistry": "1314",
        "SectionOfNoushinhouCodeName": "農業振興地域内・農用地区域内(青地)",
        "SectionOfNoushinhou": "1",
        "SectionOfToshikeikakuhouCodeName": "設定なし",
        "SectionOfToshikeikakuhou": "0",
        "OwnerFarmIntentionCodeName": "非公表",
        "OwnerFarmIntention": "999",
        "FarmerIndicationNumberHash": "e8a0f057765a5739368c032d8ba3f69e",
        "KindOfRightCodeName": "賃借権等の設定がない",
        "KindOfRight": "0",
        "CommencementDate": "",
        "EndStagesDate": "",
        "RightSettingContentsCodeName": "農地中間管理権が設定されていない",
        "RightSettingContents": "0",
        "UsageSituationInvestigationDate": "20250828",
        "UsageSituationInvestigationResultCodeName": "遊休農地（低利用）",
        "UsageSituationInvestigationResult": "2",
        "UseIntentionInvestigationDate": "",
        "OwnerStatementIntentSurveyResultsCodeName": "調査中",
        "OwnerStatementIntentSurveyResults": "9",
        "UseIntentionAscertainmentResultCodeName": "調査中",
        "UseIntentionAscertainmentResult": "2",
        "PublicNoticeDate": "",
        "RightOfMiddleManagement": "",
        "RecommendationContenDate": "",
        "ActionOrderDate": "",
        "MayorPublicAnnouncementDate": "",
        "Address": "島根県出雲市大社町杵築西1601",
        "Tiban": "1601",
        "SectionOfPolygon": "3",
        "SectionOfPolygonCodeName": "その他",
        "DaichoId": "320158870",
        "daicho_shubetsu_cd": "KNO01"
      }
    },
    {
      "type": "Feature",
      "geometry": {
        "type": "Point",
        "coordinates": [
          132.67866865062845,
          35.38316675044728
        ]
      },
      "properties": {
        "FarmCommitteeCd": "3220321",
        "FarmCommitteeName": "出雲市農業委員会",
        "TodofukenCode": "32",
        "ShikuchosonCode": "322032",
        "OazaCode": "73300",
        "ClassificationOfLandCodeName": "畑",
        "ClassificationOfLand": "2",
        "AreaOnRegistry": "1340",
        "SectionOfNoushinhouCodeName": "農業振興地域内・農用地区域内(青地)",
        "SectionOfNoushinhou": "1",
        "SectionOfToshikeikakuhouCodeName": "設定なし",
        "SectionOfToshikeikakuhou": "0",
        "OwnerFarmIntentionCodeName": "非公表",
        "OwnerFarmIntention": "999",
        "FarmerIndicationNumberHash": "25f91d075e16ef44a6bba5855de276dd",
        "KindOfRightCodeName": "賃借権等の設定がない",
        "KindOfRight": "0",
        "CommencementDate": "",
        "EndStagesDate": "",
        "RightSettingContentsCodeName": "農地中間管理権が設定されていない",
        "RightSettingContents": "0",
        "UsageSituationInvestigationDate": "20250828",
        "UsageSituationInvestigationResultCodeName": "遊休農地ではない",
        "UsageSituationInvestigationResult": "3",
        "UseIntentionInvestigationDate": "",
        "OwnerStatementIntentSurveyResultsCodeName": "調査対象外",
        "OwnerStatementIntentSurveyResults": "6",
        "UseIntentionAscertainmentResultCodeName": "対象外",
        "UseIntentionAscertainmentResult": "1",
        "PublicNoticeDate": "",
        "RightOfMiddleManagement": "",
        "RecommendationContenDate": "",
        "ActionOrderDate": "",
        "MayorPublicAnnouncementDate": "",
        "Address": "島根県出雲市大社町杵築西1602",
        "Tiban": "1602",
        "SectionOfPolygon": "3",
        "SectionOfPolygonCodeName": "その他",
        "DaichoId": "320158871",
        "daicho_shubetsu_cd": "KNO01"
      }
    },
    {
      "type": "Feature",
      "geometry": {
        "type": "Point",
        "coordinates": [
          132.6786668572866,
          35.38338136985638
        ]
      },
      "properties": {
        "FarmCommitteeCd": "3220321",
        "FarmCommitteeName": "出雲市農業委員会",
        "TodofukenCode": "32",
        "ShikuchosonCode": "322032",
        "OazaCode": "73300",
        "ClassificationOfLandCodeName": "畑",
        "ClassificationOfLand": "2",
        "AreaOnRegistry": "912",
        "SectionOfNoushinhouCodeName": "農業振興地域内・農用地区域内(青地)",
        "SectionOfNoushinhou": "1",
        "SectionOfToshikeikakuhouCodeName": "設定なし",
        "SectionOfToshikeikakuhou": "0",
        "OwnerFarmIntentionCodeName": "非公表",
        "OwnerFarmIntention": "999",
        "FarmerIndicationNumberHash": "25f91d075e16ef44a6bba5855de276dd",
        "KindOfRightCodeName": "賃借権等の設定がない",
        "KindOfRight": "0",
        "CommencementDate": "",
        "EndStagesDate": "",
        "RightSettingContentsCodeName": "農地中間管理権が設定されていない",
        "RightSettingContents": "0",
        "UsageSituationInvestigationDate": "20250828",
        "UsageSituationInvestigationResultCodeName": "遊休農地ではない",
        "UsageSituationInvestigationResult": "3",
        "UseIntentionInvestigationDate": "",
        "OwnerStatementIntentSurveyResultsCodeName": "調査対象外",
        "OwnerStatementIntentSurveyResults": "6",
        "UseIntentionAscertainmentResultCodeName": "対象外",
        "UseIntentionAscertainmentResult": "1",
        "PublicNoticeDate": "",
        "RightOfMiddleManagement": "",
        "RecommendationContenDate": "",
        "ActionOrderDate": "",
        "MayorPublicAnnouncementDate": "",
        "Address": "島根県出雲市大社町杵築西1603",
        "Tiban": "1603",
        "SectionOfPolygon": "3",
        "SectionOfPolygonCodeName": "その他",
        "DaichoId": "320158874",
        "daicho_shubetsu_cd": "KNO01"
      }
    },
    {
      "type": "Feature",
      "geometry": {
        "type": "Point",
        "coordinates": [
          132.67868175955928,
          35.38358324007897
        ]
      },
      "properties": {
        "FarmCommitteeCd": "3220321",
        "FarmCommitteeName": "出雲市農業委員会",
        "TodofukenCode": "32",
        "ShikuchosonCode": "322032",
        "OazaCode": "73300",
        "ClassificationOfLandCodeName": "畑",
        "ClassificationOfLand": "2",
        "AreaOnRegistry": "478",
        "SectionOfNoushinhouCodeName": "農業振興地域内・農用地区域内(青地)",
        "SectionOfNoushinhou": "1",
        "SectionOfToshikeikakuhouCodeName": "設定なし",
        "SectionOfToshikeikakuhou": "0",
        "OwnerFarmIntentionCodeName": "非公表",
        "OwnerFarmIntention": "999",
        "FarmerIndicationNumberHash": "093fd21abd9f42e1eaeb57c191dd1463",
        "KindOfRightCodeName": "賃借権等の設定がない",
        "KindOfRight": "0",
        "CommencementDate": "",
        "EndStagesDate": "",
        "RightSettingContentsCodeName": "農地中間管理権が設定されていない",
        "RightSettingContents": "0",
        "UsageSituationInvestigationDate": "20250828",
        "UsageSituationInvestigationResultCodeName": "遊休農地ではない",
        "UsageSituationInvestigationResult": "3",
        "UseIntentionInvestigationDate": "",
        "OwnerStatementIntentSurveyResultsCodeName": "調査対象外",
        "OwnerStatementIntentSurveyResults": "6",
        "UseIntentionAscertainmentResultCodeName": "対象外",
        "UseIntentionAscertainmentResult": "1",
        "PublicNoticeDate": "",
        "RightOfMiddleManagement": "",
        "RecommendationContenDate": "",
        "ActionOrderDate": "",
        "MayorPublicAnnouncementDate": "",
        "Address": "島根県出雲市大社町杵築西1604-1",
        "Tiban": "1604-1",
        "SectionOfPolygon": "3",
        "SectionOfPolygonCodeName": "その他",
        "DaichoId": "320158875",
        "daicho_shubetsu_cd": "KNO01"
      }
    },
    {
      "type": "Feature",
      "geometry": {
        "type": "Point",
        "coordinates": [
          132.67869517552168,
          35.38377438423933
        ]
      },
      "properties": {
        "FarmCommitteeCd": "3220321",
        "FarmCommitteeName": "出雲市農業委員会",
        "TodofukenCode": "32",
        "ShikuchosonCode": "322032",
        "OazaCode": "73300",
        "ClassificationOfLandCodeName": "畑",
        "ClassificationOfLand": "2",
        "AreaOnRegistry": "1332",
        "SectionOfNoushinhouCodeName": "設定なし",
        "SectionOfNoushinhou": "0",
        "SectionOfToshikeikakuhouCodeName": "非線引き都市計画の「用途地域」",
        "SectionOfToshikeikakuhou": "3",
        "OwnerFarmIntentionCodeName": "非公表",
        "OwnerFarmIntention": "999",
        "FarmerIndicationNumberHash": "ce922ec7d803145e443f060f93c52c85",
        "KindOfRightCodeName": "賃借権等の設定がない",
        "KindOfRight": "0",
        "CommencementDate": "",
        "EndStagesDate": "",
        "RightSettingContentsCodeName": "農地中間管理権が設定されていない",
        "RightSettingContents": "0",
        "UsageSituationInvestigationDate": "20250828",
        "UsageSituationInvestigationResultCodeName": "遊休農地ではない",
        "UsageSituationInvestigationResult": "3",
        "UseIntentionInvestigationDate": "",
        "OwnerStatementIntentSurveyResultsCodeName": "調査対象外",
        "OwnerStatementIntentSurveyResults": "6",
        "UseIntentionAscertainmentResultCodeName": "対象外",
        "UseIntentionAscertainmentResult": "1",
        "PublicNoticeDate": "",
        "RightOfMiddleManagement": "",
        "RecommendationContenDate": "",
        "ActionOrderDate": "",
        "MayorPublicAnnouncementDate": "",
        "Address": "島根県出雲市大社町杵築西1605",
        "Tiban": "1605",
        "SectionOfPolygon": "3",
        "SectionOfPolygonCodeName": "その他",
        "DaichoId": "320158877",
        "daicho_shubetsu_cd": "KNO01"
      }
    },
    {
      "type": "Feature",
      "geometry": {
        "type": "Point",
        "coordinates": [
          132.6787011460755,
          35.38411292743775
        ]
      },
      "properties": {
        "FarmCommitteeCd": "3220321",
        "FarmCommitteeName": "出雲市農業委員会",
        "TodofukenCode": "32",
        "ShikuchosonCode": "322032",
        "OazaCode": "73300",
        "ClassificationOfLandCodeName": "畑",
        "ClassificationOfLand": "2",
        "AreaOnRegistry": "1964",
        "SectionOfNoushinhouCodeName": "農業振興地域内・農用地区域内(青地)",
        "SectionOfNoushinhou": "1",
        "SectionOfToshikeikakuhouCodeName": "設定なし",
        "SectionOfToshikeikakuhou": "0",
        "OwnerFarmIntentionCodeName": "非公表",
        "OwnerFarmIntention": "999",
        "FarmerIndicationNumberHash": "59c25c1e2b0c58af8fa024fa023cb981",
        "KindOfRightCodeName": "使用貸借権",
        "KindOfRight": "4",
        "CommencementDate": "20190301",
        "EndStagesDate": "20290228",
        "RightSettingContentsCodeName": "農地中間管理権が設定されていない",
        "RightSettingContents": "0",
        "UsageSituationInvestigationDate": "20250828",
        "UsageSituationInvestigationResultCodeName": "遊休農地ではない",
        "UsageSituationInvestigationResult": "3",
        "UseIntentionInvestigationDate": "",
        "OwnerStatementIntentSurveyResultsCodeName": "調査対象外",
        "OwnerStatementIntentSurveyResults": "6",
        "UseIntentionAscertainmentResultCodeName": "対象外",
        "UseIntentionAscertainmentResult": "1",
        "PublicNoticeDate": "",
        "RightOfMiddleManagement": "",
        "RecommendationContenDate": "",
        "ActionOrderDate": "",
        "MayorPublicAnnouncementDate": "",
        "Address": "島根県出雲市大社町杵築西1606",
        "Tiban": "1606",
        "SectionOfPolygon": "3",
        "SectionOfPolygonCodeName": "その他",
        "DaichoId": "320158880",
        "daicho_shubetsu_cd": "KNO01"
      }
    },
    {
      "type": "Feature",
      "geometry": {
        "type": "Point",
        "coordinates": [
          132.67870956790136,
          35.384518069391156
        ]
      },
      "properties": {
        "FarmCommitteeCd": "3220321",
        "FarmCommitteeName": "出雲市農業委員会",
        "TodofukenCode": "32",
        "ShikuchosonCode": "322032",
        "OazaCode": "73300",
        "ClassificationOfLandCodeName": "畑",
        "ClassificationOfLand": "2",
        "AreaOnRegistry": "2123",
        "SectionOfNoushinhouCodeName": "農業振興地域内・農用地区域内(青地)",
        "SectionOfNoushinhou": "1",
        "SectionOfToshikeikakuhouCodeName": "設定なし",
        "SectionOfToshikeikakuhou": "0",
        "OwnerFarmIntentionCodeName": "非公表",
        "OwnerFarmIntention": "999",
        "FarmerIndicationNumberHash": "2f84b9da6ca70a4bf2227928619201b3",
        "KindOfRightCodeName": "使用貸借権",
        "KindOfRight": "4",
        "CommencementDate": "",
        "EndStagesDate": "",
        "RightSettingContentsCodeName": "農地中間管理権が設定されていない",
        "RightSettingContents": "0",
        "UsageSituationInvestigationDate": "20250828",
        "UsageSituationInvestigationResultCodeName": "遊休農地ではない",
        "UsageSituationInvestigationResult": "3",
        "UseIntentionInvestigationDate": "",
        "OwnerStatementIntentSurveyResultsCodeName": "調査対象外",
        "OwnerStatementIntentSurveyResults": "6",
        "UseIntentionAscertainmentResultCodeName": "対象外",
        "UseIntentionAscertainmentResult": "1",
        "PublicNoticeDate": "",
        "RightOfMiddleManagement": "",
        "RecommendationContenDate": "",
        "ActionOrderDate": "",
        "MayorPublicAnnouncementDate": "",
        "Address": "島根県出雲市大社町杵築西1608-1",
        "Tiban": "1608-1",
        "SectionOfPolygon": "3",
        "SectionOfPolygonCodeName": "その他",
        "DaichoId": "320158881",
        "daicho_shubetsu_cd": "KNO01"
      }
    },
    {
      "type": "Feature",
      "geometry": {
        "type": "Point",
        "coordinates": [
          132.67800291675925,
          35.385152312835096
        ]
      },
      "properties": {
        "FarmCommitteeCd": "3220321",
        "FarmCommitteeName": "出雲市農業委員会",
        "TodofukenCode": "32",
        "ShikuchosonCode": "322032",
        "OazaCode": "73300",
        "ClassificationOfLandCodeName": "畑",
        "ClassificationOfLand": "2",
        "AreaOnRegistry": "529",
        "SectionOfNoushinhouCodeName": "農業振興地域内・農用地区域内(青地)",
        "SectionOfNoushinhou": "1",
        "SectionOfToshikeikakuhouCodeName": "設定なし",
        "SectionOfToshikeikakuhou": "0",
        "OwnerFarmIntentionCodeName": "非公表",
        "OwnerFarmIntention": "999",
        "FarmerIndicationNumberHash": "2dce0b15b6724139fd5f487768784a54",
        "KindOfRightCodeName": "賃借権等の設定がない",
        "KindOfRight": "0",
        "CommencementDate": "",
        "EndStagesDate": "",
        "RightSettingContentsCodeName": "農地中間管理権が設定されていない",
        "RightSettingContents": "0",
        "UsageSituationInvestigationDate": "20250828",
        "UsageSituationInvestigationResultCodeName": "遊休農地ではない",
        "UsageSituationInvestigationResult": "3",
        "UseIntentionInvestigationDate": "",
        "OwnerStatementIntentSurveyResultsCodeName": "調査対象外",
        "OwnerStatementIntentSurveyResults": "6",
        "UseIntentionAscertainmentResultCodeName": "対象外",
        "UseIntentionAscertainmentResult": "1",
        "PublicNoticeDate": "",
        "RightOfMiddleManagement": "",
        "RecommendationContenDate": "",
        "ActionOrderDate": "",
        "MayorPublicAnnouncementDate": "",
        "Address": "島根県出雲市大社町杵築西1614",
        "Tiban": "1614",
        "SectionOfPolygon": "3",
        "SectionOfPolygonCodeName": "その他",
        "DaichoId": "320158883",
        "daicho_shubetsu_cd": "KNO01"
      }
    },
    {
      "type": "Feature",
      "geometry": {
        "type": "Point",
        "coordinates": [
          132.67813830303245,
          35.384914395872656
        ]
      },
      "properties": {
        "FarmCommitteeCd": "3220321",
        "FarmCommitteeName": "出雲市農業委員会",
        "TodofukenCode": "32",
        "ShikuchosonCode": "322032",
        "OazaCode": "73300",
        "ClassificationOfLandCodeName": "畑",
        "ClassificationOfLand": "2",
        "AreaOnRegistry": "2098",
        "SectionOfNoushinhouCodeName": "農業振興地域内・農用地区域内(青地)",
        "SectionOfNoushinhou": "1",
        "SectionOfToshikeikakuhouCodeName": "設定なし",
        "SectionOfToshikeikakuhou": "0",
        "OwnerFarmIntentionCodeName": "非公表",
        "OwnerFarmIntention": "999",
        "FarmerIndicationNumberHash": "2d411bedf0706856f34f48cae4b8ed56",
        "KindOfRightCodeName": "賃借権",
        "KindOfRight": "5",
        "CommencementDate": "20210521",
        "EndStagesDate": "20311231",
        "RightSettingContentsCodeName": "農地中間管理権が設定されていない",
        "RightSettingContents": "0",
        "UsageSituationInvestigationDate": "20250828",
        "UsageSituationInvestigationResultCodeName": "遊休農地ではない",
        "UsageSituationInvestigationResult": "3",
        "UseIntentionInvestigationDate": "",
        "OwnerStatementIntentSurveyResultsCodeName": "調査対象外",
        "OwnerStatementIntentSurveyResults": "6",
        "UseIntentionAscertainmentResultCodeName": "対象外",
        "UseIntentionAscertainmentResult": "1",
        "PublicNoticeDate": "",
        "RightOfMiddleManagement": "",
        "RecommendationContenDate": "",
        "ActionOrderDate": "",
        "MayorPublicAnnouncementDate": "",
        "Address": "島根県出雲市大社町杵築西1615(１)",
        "Tiban": "1615(１)",
        "SectionOfPolygon": "3",
        "SectionOfPolygonCodeName": "その他",
        "DaichoId": "320158884",
        "daicho_shubetsu_cd": "KNO01"
      }
    },
    {
      "type": "Feature",
      "geometry": {
        "type": "Point",
        "coordinates": [
          132.67827690708262,
          35.385152748976104
        ]
      },
      "properties": {
        "FarmCommitteeCd": "3220321",
        "FarmCommitteeName": "出雲市農業委員会",
        "TodofukenCode": "32",
        "ShikuchosonCode": "322032",
        "OazaCode": "73300",
        "ClassificationOfLandCodeName": "畑",
        "ClassificationOfLand": "2",
        "AreaOnRegistry": "2098",
        "SectionOfNoushinhouCodeName": "農業振興地域内・農用地区域内(青地)",
        "SectionOfNoushinhou": "1",
        "SectionOfToshikeikakuhouCodeName": "設定なし",
        "SectionOfToshikeikakuhou": "0",
        "OwnerFarmIntentionCodeName": "非公表",
        "OwnerFarmIntention": "999",
        "FarmerIndicationNumberHash": "77184d599dddf31278e79a2475d47027",
        "KindOfRightCodeName": "賃借権等の設定がない",
        "KindOfRight": "0",
        "CommencementDate": "",
        "EndStagesDate": "",
        "RightSettingContentsCodeName": "農地中間管理権が設定されていない",
        "RightSettingContents": "0",
        "UsageSituationInvestigationDate": "20250828",
        "UsageSituationInvestigationResultCodeName": "遊休農地ではない",
        "UsageSituationInvestigationResult": "3",
        "UseIntentionInvestigationDate": "",
        "OwnerStatementIntentSurveyResultsCodeName": "調査対象外",
        "OwnerStatementIntentSurveyResults": "6",
        "UseIntentionAscertainmentResultCodeName": "対象外",
        "UseIntentionAscertainmentResult": "1",
        "PublicNoticeDate": "",
        "RightOfMiddleManagement": "",
        "RecommendationContenDate": "",
        "ActionOrderDate": "",
        "MayorPublicAnnouncementDate": "",
        "Address": "島根県出雲市大社町杵築西1615(２)",
        "Tiban": "1615(２)",
        "SectionOfPolygon": "3",
        "SectionOfPolygonCodeName": "その他",
        "DaichoId": "320158885",
        "daicho_shubetsu_cd": "KNO01"
      }
    },
    {
      "type": "Feature",
      "geometry": {
        "type": "Point",
        "coordinates": [
          132.67812413420265,
          35.38431877145052
        ]
      },
      "properties": {
        "FarmCommitteeCd": "3220321",
        "FarmCommitteeName": "出雲市農業委員会",
        "TodofukenCode": "32",
        "ShikuchosonCode": "322032",
        "OazaCode": "73300",
        "ClassificationOfLandCodeName": "畑",
        "ClassificationOfLand": "2",
        "AreaOnRegistry": "2982",
        "SectionOfNoushinhouCodeName": "設定なし",
        "SectionOfNoushinhou": "0",
        "SectionOfToshikeikakuhouCodeName": "設定なし",
        "SectionOfToshikeikakuhou": "0",
        "OwnerFarmIntentionCodeName": "非公表",
        "OwnerFarmIntention": "999",
        "FarmerIndicationNumberHash": "2f171874eab451f118ffd2fdb611fb10",
        "KindOfRightCodeName": "賃借権等の設定がない",
        "KindOfRight": "0",
        "CommencementDate": "",
        "EndStagesDate": "",
        "RightSettingContentsCodeName": "農地中間管理権が設定されていない",
        "RightSettingContents": "0",
        "UsageSituationInvestigationDate": "20250828",
        "UsageSituationInvestigationResultCodeName": "遊休農地ではない",
        "UsageSituationInvestigationResult": "3",
        "UseIntentionInvestigationDate": "",
        "OwnerStatementIntentSurveyResultsCodeName": "調査対象外",
        "OwnerStatementIntentSurveyResults": "6",
        "UseIntentionAscertainmentResultCodeName": "対象外",
        "UseIntentionAscertainmentResult": "1",
        "PublicNoticeDate": "",
        "RightOfMiddleManagement": "",
        "RecommendationContenDate": "",
        "ActionOrderDate": "",
        "MayorPublicAnnouncementDate": "",
        "Address": "島根県出雲市大社町杵築西1616(１)",
        "Tiban": "1616(１)",
        "SectionOfPolygon": "3",
        "SectionOfPolygonCodeName": "その他",
        "DaichoId": "320158887",
        "daicho_shubetsu_cd": "KNO01"
      }
    },
    {
      "type": "Feature",
      "geometry": {
        "type": "Point",
        "coordinates": [
          132.67812995587815,
          35.38458420025645
        ]
      },
      "properties": {
        "FarmCommitteeCd": "3220321",
        "FarmCommitteeName": "出雲市農業委員会",
        "TodofukenCode": "32",
        "ShikuchosonCode": "322032",
        "OazaCode": "73300",
        "ClassificationOfLandCodeName": "畑",
        "ClassificationOfLand": "2",
        "AreaOnRegistry": "2982",
        "SectionOfNoushinhouCodeName": "設定なし",
        "SectionOfNoushinhou": "0",
        "SectionOfToshikeikakuhouCodeName": "設定なし",
        "SectionOfToshikeikakuhou": "0",
        "OwnerFarmIntentionCodeName": "非公表",
        "OwnerFarmIntention": "999",
        "FarmerIndicationNumberHash": "2f171874eab451f118ffd2fdb611fb10",
        "KindOfRightCodeName": "賃借権等の設定がない",
        "KindOfRight": "0",
        "CommencementDate": "",
        "EndStagesDate": "",
        "RightSettingContentsCodeName": "農地中間管理権が設定されていない",
        "RightSettingContents": "0",
        "UsageSituationInvestigationDate": "20250828",
        "UsageSituationInvestigationResultCodeName": "遊休農地ではない",
        "UsageSituationInvestigationResult": "3",
        "UseIntentionInvestigationDate": "",
        "OwnerStatementIntentSurveyResultsCodeName": "調査対象外",
        "OwnerStatementIntentSurveyResults": "6",
        "UseIntentionAscertainmentResultCodeName": "対象外",
        "UseIntentionAscertainmentResult": "1",
        "PublicNoticeDate": "",
        "RightOfMiddleManagement": "",
        "RecommendationContenDate": "",
        "ActionOrderDate": "",
        "MayorPublicAnnouncementDate": "",
        "Address": "島根県出雲市大社町杵築西1616(２)",
        "Tiban": "1616(２)",
        "SectionOfPolygon": "3",
        "SectionOfPolygonCodeName": "その他",
        "DaichoId": "320158888",
        "daicho_shubetsu_cd": "KNO01"
      }
    },
    {
      "type": "Feature",
      "geometry": {
        "type": "Point",
        "coordinates": [
          132.6781236180701,
          35.38411392511887
        ]
      },
      "properties": {
        "FarmCommitteeCd": "3220321",
        "FarmCommitteeName": "出雲市農業委員会",
        "TodofukenCode": "32",
        "ShikuchosonCode": "322032",
        "OazaCode": "73300",
        "ClassificationOfLandCodeName": "畑",
        "ClassificationOfLand": "2",
        "AreaOnRegistry": "1501",
        "SectionOfNoushinhouCodeName": "農業振興地域内・農用地区域内(青地)",
        "SectionOfNoushinhou": "1",
        "SectionOfToshikeikakuhouCodeName": "設定なし",
        "SectionOfToshikeikakuhou": "0",
        "OwnerFarmIntentionCodeName": "非公表",
        "OwnerFarmIntention": "999",
        "FarmerIndicationNumberHash": "59c25c1e2b0c58af8fa024fa023cb981",
        "KindOfRightCodeName": "賃借権",
        "KindOfRight": "5",
        "CommencementDate": "20151201",
        "EndStagesDate": "20351130",
        "RightSettingContentsCodeName": "農地中間管理権が設定されていない",
        "RightSettingContents": "0",
        "UsageSituationInvestigationDate": "20250828",
        "UsageSituationInvestigationResultCodeName": "遊休農地ではない",
        "UsageSituationInvestigationResult": "3",
        "UseIntentionInvestigationDate": "",
        "OwnerStatementIntentSurveyResultsCodeName": "調査対象外",
        "OwnerStatementIntentSurveyResults": "6",
        "UseIntentionAscertainmentResultCodeName": "対象外",
        "UseIntentionAscertainmentResult": "1",
        "PublicNoticeDate": "",
        "RightOfMiddleManagement": "",
        "RecommendationContenDate": "",
        "ActionOrderDate": "",
        "MayorPublicAnnouncementDate": "",
        "Address": "島根県出雲市大社町杵築西1617",
        "Tiban": "1617",
        "SectionOfPolygon": "3",
        "SectionOfPolygonCodeName": "その他",
        "DaichoId": "320158889",
        "daicho_shubetsu_cd": "KNO01"
      }
    },
    {
      "type": "Feature",
      "geometry": {
        "type": "Point",
        "coordinates": [
          132.6781185485038,
          35.38377220910298
        ]
      },
      "properties": {
        "FarmCommitteeCd": "3220321",
        "FarmCommitteeName": "出雲市農業委員会",
        "TodofukenCode": "32",
        "ShikuchosonCode": "322032",
        "OazaCode": "73300",
        "ClassificationOfLandCodeName": "畑",
        "ClassificationOfLand": "2",
        "AreaOnRegistry": "1729",
        "SectionOfNoushinhouCodeName": "農業振興地域内・農用地区域内(青地)",
        "SectionOfNoushinhou": "1",
        "SectionOfToshikeikakuhouCodeName": "設定なし",
        "SectionOfToshikeikakuhou": "0",
        "OwnerFarmIntentionCodeName": "非公表",
        "OwnerFarmIntention": "999",
        "FarmerIndicationNumberHash": "59c25c1e2b0c58af8fa024fa023cb981",
        "KindOfRightCodeName": "賃借権",
        "KindOfRight": "5",
        "CommencementDate": "20151201",
        "EndStagesDate": "20351130",
        "RightSettingContentsCodeName": "農地中間管理権が設定されていない",
        "RightSettingContents": "0",
        "UsageSituationInvestigationDate": "20250828",
        "UsageSituationInvestigationResultCodeName": "遊休農地ではない",
        "UsageSituationInvestigationResult": "3",
        "UseIntentionInvestigationDate": "",
        "OwnerStatementIntentSurveyResultsCodeName": "調査対象外",
        "OwnerStatementIntentSurveyResults": "6",
        "UseIntentionAscertainmentResultCodeName": "対象外",
        "UseIntentionAscertainmentResult": "1",
        "PublicNoticeDate": "",
        "RightOfMiddleManagement": "",
        "RecommendationContenDate": "",
        "ActionOrderDate": "",
        "MayorPublicAnnouncementDate": "",
        "Address": "島根県出雲市大社町杵築西1618(１)",
        "Tiban": "1618(１)",
        "SectionOfPolygon": "3",
        "SectionOfPolygonCodeName": "その他",
        "DaichoId": "320158890",
        "daicho_shubetsu_cd": "KNO01"
      }
    },
    {
      "type": "Feature",
      "geometry": {
        "type": "Point",
        "coordinates": [
          132.67811837282377,
          35.38361492368111
        ]
      },
      "properties": {
        "FarmCommitteeCd": "3220321",
        "FarmCommitteeName": "出雲市農業委員会",
        "TodofukenCode": "32",
        "ShikuchosonCode": "322032",
        "OazaCode": "73300",
        "ClassificationOfLandCodeName": "畑",
        "ClassificationOfLand": "2",
        "AreaOnRegistry": "1729",
        "SectionOfNoushinhouCodeName": "農業振興地域内・農用地区域内(青地)",
        "SectionOfNoushinhou": "1",
        "SectionOfToshikeikakuhouCodeName": "設定なし",
        "SectionOfToshikeikakuhou": "0",
        "OwnerFarmIntentionCodeName": "非公表",
        "OwnerFarmIntention": "999",
        "FarmerIndicationNumberHash": "1344ce1fdea38b5496ff71dd6f5c29cf",
        "KindOfRightCodeName": "賃借権等の設定がない",
        "KindOfRight": "0",
        "CommencementDate": "",
        "EndStagesDate": "",
        "RightSettingContentsCodeName": "農地中間管理権が設定されていない",
        "RightSettingContents": "0",
        "UsageSituationInvestigationDate": "20250828",
        "UsageSituationInvestigationResultCodeName": "遊休農地ではない",
        "UsageSituationInvestigationResult": "3",
        "UseIntentionInvestigationDate": "",
        "OwnerStatementIntentSurveyResultsCodeName": "調査対象外",
        "OwnerStatementIntentSurveyResults": "6",
        "UseIntentionAscertainmentResultCodeName": "対象外",
        "UseIntentionAscertainmentResult": "1",
        "PublicNoticeDate": "",
        "RightOfMiddleManagement": "",
        "RecommendationContenDate": "",
        "ActionOrderDate": "",
        "MayorPublicAnnouncementDate": "",
        "Address": "島根県出雲市大社町杵築西1618(２)",
        "Tiban": "1618(２)",
        "SectionOfPolygon": "3",
        "SectionOfPolygonCodeName": "その他",
        "DaichoId": "320158891",
        "daicho_shubetsu_cd": "KNO01"
      }
    },
    {
      "type": "Feature",
      "geometry": {
        "type": "Point",
        "coordinates": [
          132.67812001809193,
          35.38390965727601
        ]
      },
      "properties": {
        "FarmCommitteeCd": "3220321",
        "FarmCommitteeName": "出雲市農業委員会",
        "TodofukenCode": "32",
        "ShikuchosonCode": "322032",
        "OazaCode": "73300",
        "ClassificationOfLandCodeName": "畑",
        "ClassificationOfLand": "2",
        "AreaOnRegistry": "775",
        "SectionOfNoushinhouCodeName": "農業振興地域内・農用地区域内(青地)",
        "SectionOfNoushinhou": "1",
        "SectionOfToshikeikakuhouCodeName": "設定なし",
        "SectionOfToshikeikakuhou": "0",
        "OwnerFarmIntentionCodeName": "非公表",
        "OwnerFarmIntention": "999",
        "FarmerIndicationNumberHash": "59c25c1e2b0c58af8fa024fa023cb981",
        "KindOfRightCodeName": "賃借権",
        "KindOfRight": "5",
        "CommencementDate": "20151201",
        "EndStagesDate": "20351130",
        "RightSettingContentsCodeName": "農地中間管理権が設定されていない",
        "RightSettingContents": "0",
        "UsageSituationInvestigationDate": "20250828",
        "UsageSituationInvestigationResultCodeName": "遊休農地ではない",
        "UsageSituationInvestigationResult": "3",
        "UseIntentionInvestigationDate": "",
        "OwnerStatementIntentSurveyResultsCodeName": "調査対象外",
        "OwnerStatementIntentSurveyResults": "6",
        "UseIntentionAscertainmentResultCodeName": "対象外",
        "UseIntentionAscertainmentResult": "1",
        "PublicNoticeDate": "",
        "RightOfMiddleManagement": "",
        "RecommendationContenDate": "",
        "ActionOrderDate": "",
        "MayorPublicAnnouncementDate": "",
        "Address": "島根県出雲市大社町杵築西1618-1",
        "Tiban": "1618-1",
        "SectionOfPolygon": "3",
        "SectionOfPolygonCodeName": "その他",
        "DaichoId": "320158892",
        "daicho_shubetsu_cd": "KNO01"
      }
    },
    {
      "type": "Feature",
      "geometry": {
        "type": "Point",
        "coordinates": [
          132.67797649331402,
          35.38339655775636
        ]
      },
      "properties": {
        "FarmCommitteeCd": "3220321",
        "FarmCommitteeName": "出雲市農業委員会",
        "TodofukenCode": "32",
        "ShikuchosonCode": "322032",
        "OazaCode": "73300",
        "ClassificationOfLandCodeName": "畑",
        "ClassificationOfLand": "2",
        "AreaOnRegistry": "522",
        "SectionOfNoushinhouCodeName": "農業振興地域内・農用地区域内(青地)",
        "SectionOfNoushinhou": "1",
        "SectionOfToshikeikakuhouCodeName": "設定なし",
        "SectionOfToshikeikakuhou": "0",
        "OwnerFarmIntentionCodeName": "非公表",
        "OwnerFarmIntention": "999",
        "FarmerIndicationNumberHash": "62711b8c6f974ace8ed58267aed4a5c9",
        "KindOfRightCodeName": "賃借権等の設定がない",
        "KindOfRight": "0",
        "CommencementDate": "",
        "EndStagesDate": "",
        "RightSettingContentsCodeName": "農地中間管理権が設定されていない",
        "RightSettingContents": "0",
        "UsageSituationInvestigationDate": "20250828",
        "UsageSituationInvestigationResultCodeName": "遊休農地ではない",
        "UsageSituationInvestigationResult": "3",
        "UseIntentionInvestigationDate": "",
        "OwnerStatementIntentSurveyResultsCodeName": "調査対象外",
        "OwnerStatementIntentSurveyResults": "6",
        "UseIntentionAscertainmentResultCodeName": "対象外",
        "UseIntentionAscertainmentResult": "1",
        "PublicNoticeDate": "",
        "RightOfMiddleManagement": "",
        "RecommendationContenDate": "",
        "ActionOrderDate": "",
        "MayorPublicAnnouncementDate": "",
        "Address": "島根県出雲市大社町杵築西1619",
        "Tiban": "1619",
        "SectionOfPolygon": "3",
        "SectionOfPolygonCodeName": "その他",
        "DaichoId": "320158893",
        "daicho_shubetsu_cd": "KNO01"
      }
    },
    {
      "type": "Feature",
      "geometry": {
        "type": "Point",
        "coordinates": [
          132.6782513163243,
          35.383394214207556
        ]
      },
      "properties": {
        "FarmCommitteeCd": "3220321",
        "FarmCommitteeName": "出雲市農業委員会",
        "TodofukenCode": "32",
        "ShikuchosonCode": "322032",
        "OazaCode": "73300",
        "ClassificationOfLandCodeName": "畑",
        "ClassificationOfLand": "2",
        "AreaOnRegistry": "525",
        "SectionOfNoushinhouCodeName": "農業振興地域内・農用地区域内(青地)",
        "SectionOfNoushinhou": "1",
        "SectionOfToshikeikakuhouCodeName": "設定なし",
        "SectionOfToshikeikakuhou": "0",
        "OwnerFarmIntentionCodeName": "非公表",
        "OwnerFarmIntention": "999",
        "FarmerIndicationNumberHash": "c8e867822963a16c69b366b0d7c5c278",
        "KindOfRightCodeName": "賃借権等の設定がない",
        "KindOfRight": "0",
        "CommencementDate": "",
        "EndStagesDate": "",
        "RightSettingContentsCodeName": "農地中間管理権が設定されていない",
        "RightSettingContents": "0",
        "UsageSituationInvestigationDate": "20250828",
        "UsageSituationInvestigationResultCodeName": "遊休農地（低利用）",
        "UsageSituationInvestigationResult": "2",
        "UseIntentionInvestigationDate": "",
        "OwnerStatementIntentSurveyResultsCodeName": "調査中",
        "OwnerStatementIntentSurveyResults": "9",
        "UseIntentionAscertainmentResultCodeName": "調査中",
        "UseIntentionAscertainmentResult": "2",
        "PublicNoticeDate": "",
        "RightOfMiddleManagement": "",
        "RecommendationContenDate": "",
        "ActionOrderDate": "",
        "MayorPublicAnnouncementDate": "",
        "Address": "島根県出雲市大社町杵築西1620",
        "Tiban": "1620",
        "SectionOfPolygon": "3",
        "SectionOfPolygonCodeName": "その他",
        "DaichoId": "320158894",
        "daicho_shubetsu_cd": "KNO01"
      }
    },
    {
      "type": "Feature",
      "geometry": {
        "type": "Point",
        "coordinates": [
          132.67811271614343,
          35.38310816728992
        ]
      },
      "properties": {
        "FarmCommitteeCd": "3220321",
        "FarmCommitteeName": "出雲市農業委員会",
        "TodofukenCode": "32",
        "ShikuchosonCode": "322032",
        "OazaCode": "73300",
        "ClassificationOfLandCodeName": "畑",
        "ClassificationOfLand": "2",
        "AreaOnRegistry": "2145",
        "SectionOfNoushinhouCodeName": "農業振興地域内・農用地区域内(青地)",
        "SectionOfNoushinhou": "1",
        "SectionOfToshikeikakuhouCodeName": "設定なし",
        "SectionOfToshikeikakuhou": "0",
        "OwnerFarmIntentionCodeName": "非公表",
        "OwnerFarmIntention": "999",
        "FarmerIndicationNumberHash": "0017ca2b2184ae93794592ecf5542cec",
        "KindOfRightCodeName": "使用貸借権",
        "KindOfRight": "4",
        "CommencementDate": "20240830",
        "EndStagesDate": "20381231",
        "RightSettingContentsCodeName": "農地中間管理権が設定されていない",
        "RightSettingContents": "0",
        "UsageSituationInvestigationDate": "20250828",
        "UsageSituationInvestigationResultCodeName": "遊休農地ではない",
        "UsageSituationInvestigationResult": "3",
        "UseIntentionInvestigationDate": "",
        "OwnerStatementIntentSurveyResultsCodeName": "調査対象外",
        "OwnerStatementIntentSurveyResults": "6",
        "UseIntentionAscertainmentResultCodeName": "対象外",
        "UseIntentionAscertainmentResult": "1",
        "PublicNoticeDate": "",
        "RightOfMiddleManagement": "",
        "RecommendationContenDate": "",
        "ActionOrderDate": "",
        "MayorPublicAnnouncementDate": "",
        "Address": "島根県出雲市大社町杵築西1621",
        "Tiban": "1621",
        "SectionOfPolygon": "3",
        "SectionOfPolygonCodeName": "その他",
        "DaichoId": "320158895",
        "daicho_shubetsu_cd": "KNO01"
      }
    },
    {
      "type": "Feature",
      "geometry": {
        "type": "Point",
        "coordinates": [
          132.67810719708106,
          35.38280392891094
        ]
      },
      "properties": {
        "FarmCommitteeCd": "3220321",
        "FarmCommitteeName": "出雲市農業委員会",
        "TodofukenCode": "32",
        "ShikuchosonCode": "322032",
        "OazaCode": "73300",
        "ClassificationOfLandCodeName": "畑",
        "ClassificationOfLand": "2",
        "AreaOnRegistry": "1228",
        "SectionOfNoushinhouCodeName": "農業振興地域内・農用地区域内(青地)",
        "SectionOfNoushinhou": "1",
        "SectionOfToshikeikakuhouCodeName": "設定なし",
        "SectionOfToshikeikakuhou": "0",
        "OwnerFarmIntentionCodeName": "非公表",
        "OwnerFarmIntention": "999",
        "FarmerIndicationNumberHash": "2777fad176cef02dc1a0ecc6058ea731",
        "KindOfRightCodeName": "賃借権等の設定がない",
        "KindOfRight": "0",
        "CommencementDate": "",
        "EndStagesDate": "",
        "RightSettingContentsCodeName": "農地中間管理権が設定されていない",
        "RightSettingContents": "0",
        "UsageSituationInvestigationDate": "20250828",
        "UsageSituationInvestigationResultCodeName": "遊休農地（低利用）",
        "UsageSituationInvestigationResult": "2",
        "UseIntentionInvestigationDate": "",
        "OwnerStatementIntentSurveyResultsCodeName": "調査中",
        "OwnerStatementIntentSurveyResults": "9",
        "UseIntentionAscertainmentResultCodeName": "調査中",
        "UseIntentionAscertainmentResult": "2",
        "PublicNoticeDate": "",
        "RightOfMiddleManagement": "",
        "RecommendationContenDate": "",
        "ActionOrderDate": "",
        "MayorPublicAnnouncementDate": "",
        "Address": "島根県出雲市大社町杵築西1622",
        "Tiban": "1622",
        "SectionOfPolygon": "3",
        "SectionOfPolygonCodeName": "その他",
        "DaichoId": "320158896",
        "daicho_shubetsu_cd": "KNO01"
      }
    },
    {
      "type": "Feature",
      "geometry": {
        "type": "Point",
        "coordinates": [
          132.678104814607,
          35.38261445224018
        ]
      },
      "properties": {
        "FarmCommitteeCd": "3220321",
        "FarmCommitteeName": "出雲市農業委員会",
        "TodofukenCode": "32",
        "ShikuchosonCode": "322032",
        "OazaCode": "73300",
        "ClassificationOfLandCodeName": "畑",
        "ClassificationOfLand": "2",
        "AreaOnRegistry": "864",
        "SectionOfNoushinhouCodeName": "農業振興地域内・農用地区域内(青地)",
        "SectionOfNoushinhou": "1",
        "SectionOfToshikeikakuhouCodeName": "設定なし",
        "SectionOfToshikeikakuhou": "0",
        "OwnerFarmIntentionCodeName": "非公表",
        "OwnerFarmIntention": "999",
        "FarmerIndicationNumberHash": "18e4ef36c3024cb64bca6cd38c1ac355",
        "KindOfRightCodeName": "賃借権等の設定がない",
        "KindOfRight": "0",
        "CommencementDate": "",
        "EndStagesDate": "",
        "RightSettingContentsCodeName": "農地中間管理権が設定されていない",
        "RightSettingContents": "0",
        "UsageSituationInvestigationDate": "20250828",
        "UsageSituationInvestigationResultCodeName": "遊休農地ではない",
        "UsageSituationInvestigationResult": "3",
        "UseIntentionInvestigationDate": "",
        "OwnerStatementIntentSurveyResultsCodeName": "調査対象外",
        "OwnerStatementIntentSurveyResults": "6",
        "UseIntentionAscertainmentResultCodeName": "対象外",
        "UseIntentionAscertainmentResult": "1",
        "PublicNoticeDate": "",
        "RightOfMiddleManagement": "",
        "RecommendationContenDate": "",
        "ActionOrderDate": "",
        "MayorPublicAnnouncementDate": "",
        "Address": "島根県出雲市大社町杵築西1623",
        "Tiban": "1623",
        "SectionOfPolygon": "3",
        "SectionOfPolygonCodeName": "その他",
        "DaichoId": "320158897",
        "daicho_shubetsu_cd": "KNO01"
      }
    },
    {
      "type": "Feature",
      "geometry": {
        "type": "Point",
        "coordinates": [
          132.6781014160137,
          35.38244903790026
        ]
      },
      "properties": {
        "FarmCommitteeCd": "3220321",
        "FarmCommitteeName": "出雲市農業委員会",
        "TodofukenCode": "32",
        "ShikuchosonCode": "322032",
        "OazaCode": "73300",
        "ClassificationOfLandCodeName": "畑",
        "ClassificationOfLand": "2",
        "AreaOnRegistry": "978",
        "SectionOfNoushinhouCodeName": "農業振興地域内・農用地区域内(青地)",
        "SectionOfNoushinhou": "1",
        "SectionOfToshikeikakuhouCodeName": "設定なし",
        "SectionOfToshikeikakuhou": "0",
        "OwnerFarmIntentionCodeName": "非公表",
        "OwnerFarmIntention": "999",
        "FarmerIndicationNumberHash": "be04136494c542643771cd917c5f80ec",
        "KindOfRightCodeName": "賃借権等の設定がない",
        "KindOfRight": "0",
        "CommencementDate": "",
        "EndStagesDate": "",
        "RightSettingContentsCodeName": "農地中間管理権が設定されていない",
        "RightSettingContents": "0",
        "UsageSituationInvestigationDate": "20250828",
        "UsageSituationInvestigationResultCodeName": "遊休農地ではない",
        "UsageSituationInvestigationResult": "3",
        "UseIntentionInvestigationDate": "",
        "OwnerStatementIntentSurveyResultsCodeName": "調査対象外",
        "OwnerStatementIntentSurveyResults": "6",
        "UseIntentionAscertainmentResultCodeName": "対象外",
        "UseIntentionAscertainmentResult": "1",
        "PublicNoticeDate": "",
        "RightOfMiddleManagement": "",
        "RecommendationContenDate": "",
        "ActionOrderDate": "",
        "MayorPublicAnnouncementDate": "",
        "Address": "島根県出雲市大社町杵築西1624",
        "Tiban": "1624",
        "SectionOfPolygon": "3",
        "SectionOfPolygonCodeName": "その他",
        "DaichoId": "320158898",
        "daicho_shubetsu_cd": "KNO01"
      }
    },
    {
      "type": "Feature",
      "geometry": {
        "type": "Point",
        "coordinates": [
          132.67749701993492,
          35.38240031506006
        ]
      },
      "properties": {
        "FarmCommitteeCd": "3220321",
        "FarmCommitteeName": "出雲市農業委員会",
        "TodofukenCode": "32",
        "ShikuchosonCode": "322032",
        "OazaCode": "73300",
        "ClassificationOfLandCodeName": "畑",
        "ClassificationOfLand": "2",
        "AreaOnRegistry": "1920",
        "SectionOfNoushinhouCodeName": "農業振興地域内・農用地区域内(青地)",
        "SectionOfNoushinhou": "1",
        "SectionOfToshikeikakuhouCodeName": "設定なし",
        "SectionOfToshikeikakuhou": "0",
        "OwnerFarmIntentionCodeName": "非公表",
        "OwnerFarmIntention": "999",
        "FarmerIndicationNumberHash": "ccdbcc3780ac6fc46b4434638d94aab0",
        "KindOfRightCodeName": "使用貸借権",
        "KindOfRight": "4",
        "CommencementDate": "20140201",
        "EndStagesDate": "20350131",
        "RightSettingContentsCodeName": "農地中間管理権が設定されていない",
        "RightSettingContents": "0",
        "UsageSituationInvestigationDate": "20250828",
        "UsageSituationInvestigationResultCodeName": "遊休農地ではない",
        "UsageSituationInvestigationResult": "3",
        "UseIntentionInvestigationDate": "",
        "OwnerStatementIntentSurveyResultsCodeName": "調査対象外",
        "OwnerStatementIntentSurveyResults": "6",
        "UseIntentionAscertainmentResultCodeName": "対象外",
        "UseIntentionAscertainmentResult": "1",
        "PublicNoticeDate": "",
        "RightOfMiddleManagement": "",
        "RecommendationContenDate": "",
        "ActionOrderDate": "",
        "MayorPublicAnnouncementDate": "",
        "Address": "島根県出雲市大社町杵築西1633",
        "Tiban": "1633",
        "SectionOfPolygon": "3",
        "SectionOfPolygonCodeName": "その他",
        "DaichoId": "320158908",
        "daicho_shubetsu_cd": "KNO01"
      }
    },
    {
      "type": "Feature",
      "geometry": {
        "type": "Point",
        "coordinates": [
          132.67750281623958,
          35.38270846075768
        ]
      },
      "properties": {
        "FarmCommitteeCd": "3220321",
        "FarmCommitteeName": "出雲市農業委員会",
        "TodofukenCode": "32",
        "ShikuchosonCode": "322032",
        "OazaCode": "73300",
        "ClassificationOfLandCodeName": "畑",
        "ClassificationOfLand": "2",
        "AreaOnRegistry": "1518",
        "SectionOfNoushinhouCodeName": "農業振興地域内・農用地区域内(青地)",
        "SectionOfNoushinhou": "1",
        "SectionOfToshikeikakuhouCodeName": "設定なし",
        "SectionOfToshikeikakuhou": "0",
        "OwnerFarmIntentionCodeName": "非公表",
        "OwnerFarmIntention": "999",
        "FarmerIndicationNumberHash": "25f91d075e16ef44a6bba5855de276dd",
        "KindOfRightCodeName": "賃借権等の設定がない",
        "KindOfRight": "0",
        "CommencementDate": "",
        "EndStagesDate": "",
        "RightSettingContentsCodeName": "農地中間管理権が設定されていない",
        "RightSettingContents": "0",
        "UsageSituationInvestigationDate": "20250828",
        "UsageSituationInvestigationResultCodeName": "遊休農地ではない",
        "UsageSituationInvestigationResult": "3",
        "UseIntentionInvestigationDate": "",
        "OwnerStatementIntentSurveyResultsCodeName": "調査対象外",
        "OwnerStatementIntentSurveyResults": "6",
        "UseIntentionAscertainmentResultCodeName": "対象外",
        "UseIntentionAscertainmentResult": "1",
        "PublicNoticeDate": "",
        "RightOfMiddleManagement": "",
        "RecommendationContenDate": "",
        "ActionOrderDate": "",
        "MayorPublicAnnouncementDate": "",
        "Address": "島根県出雲市大社町杵築西1634",
        "Tiban": "1634",
        "SectionOfPolygon": "3",
        "SectionOfPolygonCodeName": "その他",
        "DaichoId": "320158909",
        "daicho_shubetsu_cd": "KNO01"
      }
    },
    {
      "type": "Feature",
      "geometry": {
        "type": "Point",
        "coordinates": [
          132.67750847772407,
          35.3829940494732
        ]
      },
      "properties": {
        "FarmCommitteeCd": "3220321",
        "FarmCommitteeName": "出雲市農業委員会",
        "TodofukenCode": "32",
        "ShikuchosonCode": "322032",
        "OazaCode": "73300",
        "ClassificationOfLandCodeName": "畑",
        "ClassificationOfLand": "2",
        "AreaOnRegistry": "1666",
        "SectionOfNoushinhouCodeName": "農業振興地域内・農用地区域内(青地)",
        "SectionOfNoushinhou": "1",
        "SectionOfToshikeikakuhouCodeName": "設定なし",
        "SectionOfToshikeikakuhou": "0",
        "OwnerFarmIntentionCodeName": "非公表",
        "OwnerFarmIntention": "999",
        "FarmerIndicationNumberHash": "a4a37ebd22d8a6c520efe6215bb99212",
        "KindOfRightCodeName": "賃借権等の設定がない",
        "KindOfRight": "0",
        "CommencementDate": "",
        "EndStagesDate": "",
        "RightSettingContentsCodeName": "農地中間管理権が設定されていない",
        "RightSettingContents": "0",
        "UsageSituationInvestigationDate": "20250828",
        "UsageSituationInvestigationResultCodeName": "遊休農地ではない",
        "UsageSituationInvestigationResult": "3",
        "UseIntentionInvestigationDate": "",
        "OwnerStatementIntentSurveyResultsCodeName": "調査対象外",
        "OwnerStatementIntentSurveyResults": "6",
        "UseIntentionAscertainmentResultCodeName": "対象外",
        "UseIntentionAscertainmentResult": "1",
        "PublicNoticeDate": "",
        "RightOfMiddleManagement": "",
        "RecommendationContenDate": "",
        "ActionOrderDate": "",
        "MayorPublicAnnouncementDate": "",
        "Address": "島根県出雲市大社町杵築西1635",
        "Tiban": "1635",
        "SectionOfPolygon": "3",
        "SectionOfPolygonCodeName": "その他",
        "DaichoId": "320158910",
        "daicho_shubetsu_cd": "KNO01"
      }
    },
    {
      "type": "Feature",
      "geometry": {
        "type": "Point",
        "coordinates": [
          132.677509942221,
          35.38321668997806
        ]
      },
      "properties": {
        "FarmCommitteeCd": "3220321",
        "FarmCommitteeName": "出雲市農業委員会",
        "TodofukenCode": "32",
        "ShikuchosonCode": "322032",
        "OazaCode": "73300",
        "ClassificationOfLandCodeName": "畑",
        "ClassificationOfLand": "2",
        "AreaOnRegistry": "821",
        "SectionOfNoushinhouCodeName": "農業振興地域内・農用地区域内(青地)",
        "SectionOfNoushinhou": "1",
        "SectionOfToshikeikakuhouCodeName": "設定なし",
        "SectionOfToshikeikakuhou": "0",
        "OwnerFarmIntentionCodeName": "非公表",
        "OwnerFarmIntention": "999",
        "FarmerIndicationNumberHash": "16af067c2cf0db0569dbf405c5061d0b",
        "KindOfRightCodeName": "賃借権等の設定がない",
        "KindOfRight": "0",
        "CommencementDate": "",
        "EndStagesDate": "",
        "RightSettingContentsCodeName": "農地中間管理権が設定されていない",
        "RightSettingContents": "0",
        "UsageSituationInvestigationDate": "20250828",
        "UsageSituationInvestigationResultCodeName": "遊休農地ではない",
        "UsageSituationInvestigationResult": "3",
        "UseIntentionInvestigationDate": "",
        "OwnerStatementIntentSurveyResultsCodeName": "調査対象外",
        "OwnerStatementIntentSurveyResults": "6",
        "UseIntentionAscertainmentResultCodeName": "対象外",
        "UseIntentionAscertainmentResult": "1",
        "PublicNoticeDate": "",
        "RightOfMiddleManagement": "",
        "RecommendationContenDate": "",
        "ActionOrderDate": "",
        "MayorPublicAnnouncementDate": "",
        "Address": "島根県出雲市大社町杵築西1636",
        "Tiban": "1636",
        "SectionOfPolygon": "3",
        "SectionOfPolygonCodeName": "その他",
        "DaichoId": "320158911",
        "daicho_shubetsu_cd": "KNO01"
      }
    },
    {
      "type": "Feature",
      "geometry": {
        "type": "Point",
        "coordinates": [
          132.67745877965996,
          35.38339266637721
        ]
      },
      "properties": {
        "FarmCommitteeCd": "3220321",
        "FarmCommitteeName": "出雲市農業委員会",
        "TodofukenCode": "32",
        "ShikuchosonCode": "322032",
        "OazaCode": "73300",
        "ClassificationOfLandCodeName": "畑",
        "ClassificationOfLand": "2",
        "AreaOnRegistry": "223",
        "SectionOfNoushinhouCodeName": "農業振興地域内・農用地区域内(青地)",
        "SectionOfNoushinhou": "1",
        "SectionOfToshikeikakuhouCodeName": "設定なし",
        "SectionOfToshikeikakuhou": "0",
        "OwnerFarmIntentionCodeName": "非公表",
        "OwnerFarmIntention": "999",
        "FarmerIndicationNumberHash": "b00639ff191f08eede9c655180fad933",
        "KindOfRightCodeName": "賃借権等の設定がない",
        "KindOfRight": "0",
        "CommencementDate": "",
        "EndStagesDate": "",
        "RightSettingContentsCodeName": "農地中間管理権が設定されていない",
        "RightSettingContents": "0",
        "UsageSituationInvestigationDate": "20250828",
        "UsageSituationInvestigationResultCodeName": "遊休農地ではない",
        "UsageSituationInvestigationResult": "3",
        "UseIntentionInvestigationDate": "",
        "OwnerStatementIntentSurveyResultsCodeName": "調査対象外",
        "OwnerStatementIntentSurveyResults": "6",
        "UseIntentionAscertainmentResultCodeName": "対象外",
        "UseIntentionAscertainmentResult": "1",
        "PublicNoticeDate": "",
        "RightOfMiddleManagement": "",
        "RecommendationContenDate": "",
        "ActionOrderDate": "",
        "MayorPublicAnnouncementDate": "",
        "Address": "島根県出雲市大社町杵築西1637-4",
        "Tiban": "1637-4",
        "SectionOfPolygon": "3",
        "SectionOfPolygonCodeName": "その他",
        "DaichoId": "320158912",
        "daicho_shubetsu_cd": "KNO01"
      }
    },
    {
      "type": "Feature",
      "geometry": {
        "type": "Point",
        "coordinates": [
          132.67755304436136,
          35.38339224833773
        ]
      },
      "properties": {
        "FarmCommitteeCd": "3220321",
        "FarmCommitteeName": "出雲市農業委員会",
        "TodofukenCode": "32",
        "ShikuchosonCode": "322032",
        "OazaCode": "73300",
        "ClassificationOfLandCodeName": "畑",
        "ClassificationOfLand": "2",
        "AreaOnRegistry": "165",
        "SectionOfNoushinhouCodeName": "農業振興地域内・農用地区域内(青地)",
        "SectionOfNoushinhou": "1",
        "SectionOfToshikeikakuhouCodeName": "設定なし",
        "SectionOfToshikeikakuhou": "0",
        "OwnerFarmIntentionCodeName": "非公表",
        "OwnerFarmIntention": "999",
        "FarmerIndicationNumberHash": "40becb519bf409ca430a7fbd7c659cba",
        "KindOfRightCodeName": "賃借権等の設定がない",
        "KindOfRight": "0",
        "CommencementDate": "",
        "EndStagesDate": "",
        "RightSettingContentsCodeName": "農地中間管理権が設定されていない",
        "RightSettingContents": "0",
        "UsageSituationInvestigationDate": "20250828",
        "UsageSituationInvestigationResultCodeName": "遊休農地ではない",
        "UsageSituationInvestigationResult": "3",
        "UseIntentionInvestigationDate": "",
        "OwnerStatementIntentSurveyResultsCodeName": "調査対象外",
        "OwnerStatementIntentSurveyResults": "6",
        "UseIntentionAscertainmentResultCodeName": "対象外",
        "UseIntentionAscertainmentResult": "1",
        "PublicNoticeDate": "",
        "RightOfMiddleManagement": "",
        "RecommendationContenDate": "",
        "ActionOrderDate": "",
        "MayorPublicAnnouncementDate": "",
        "Address": "島根県出雲市大社町杵築西1637-6",
        "Tiban": "1637-6",
        "SectionOfPolygon": "3",
        "SectionOfPolygonCodeName": "その他",
        "DaichoId": "320158913",
        "daicho_shubetsu_cd": "KNO01"
      }
    },
    {
      "type": "Feature",
      "geometry": {
        "type": "Point",
        "coordinates": [
          132.67766149108698,
          35.38339182537746
        ]
      },
      "properties": {
        "FarmCommitteeCd": "3220321",
        "FarmCommitteeName": "出雲市農業委員会",
        "TodofukenCode": "32",
        "ShikuchosonCode": "322032",
        "OazaCode": "73300",
        "ClassificationOfLandCodeName": "畑",
        "ClassificationOfLand": "2",
        "AreaOnRegistry": "282",
        "SectionOfNoushinhouCodeName": "農業振興地域内・農用地区域内(青地)",
        "SectionOfNoushinhou": "1",
        "SectionOfToshikeikakuhouCodeName": "設定なし",
        "SectionOfToshikeikakuhou": "0",
        "OwnerFarmIntentionCodeName": "非公表",
        "OwnerFarmIntention": "999",
        "FarmerIndicationNumberHash": "108cab045b3ef799273329fd7511be4c",
        "KindOfRightCodeName": "賃借権等の設定がない",
        "KindOfRight": "0",
        "CommencementDate": "",
        "EndStagesDate": "",
        "RightSettingContentsCodeName": "農地中間管理権が設定されていない",
        "RightSettingContents": "0",
        "UsageSituationInvestigationDate": "20250828",
        "UsageSituationInvestigationResultCodeName": "遊休農地ではない",
        "UsageSituationInvestigationResult": "3",
        "UseIntentionInvestigationDate": "",
        "OwnerStatementIntentSurveyResultsCodeName": "調査対象外",
        "OwnerStatementIntentSurveyResults": "6",
        "UseIntentionAscertainmentResultCodeName": "対象外",
        "UseIntentionAscertainmentResult": "1",
        "PublicNoticeDate": "",
        "RightOfMiddleManagement": "",
        "RecommendationContenDate": "",
        "ActionOrderDate": "",
        "MayorPublicAnnouncementDate": "",
        "Address": "島根県出雲市大社町杵築西1637-7",
        "Tiban": "1637-7",
        "SectionOfPolygon": "3",
        "SectionOfPolygonCodeName": "その他",
        "DaichoId": "320158914",
        "daicho_shubetsu_cd": "KNO01"
      }
    },
    {
      "type": "Feature",
      "geometry": {
        "type": "Point",
        "coordinates": [
          132.6777597518108,
          35.383389986997095
        ]
      },
      "properties": {
        "FarmCommitteeCd": "3220321",
        "FarmCommitteeName": "出雲市農業委員会",
        "TodofukenCode": "32",
        "ShikuchosonCode": "322032",
        "OazaCode": "73300",
        "ClassificationOfLandCodeName": "畑",
        "ClassificationOfLand": "2",
        "AreaOnRegistry": "120",
        "SectionOfNoushinhouCodeName": "農業振興地域内・農用地区域内(青地)",
        "SectionOfNoushinhou": "1",
        "SectionOfToshikeikakuhouCodeName": "設定なし",
        "SectionOfToshikeikakuhou": "0",
        "OwnerFarmIntentionCodeName": "非公表",
        "OwnerFarmIntention": "999",
        "FarmerIndicationNumberHash": "82d3f98b34b54efb28d9870eb16d9534",
        "KindOfRightCodeName": "賃借権等の設定がない",
        "KindOfRight": "0",
        "CommencementDate": "",
        "EndStagesDate": "",
        "RightSettingContentsCodeName": "農地中間管理権が設定されていない",
        "RightSettingContents": "0",
        "UsageSituationInvestigationDate": "20250828",
        "UsageSituationInvestigationResultCodeName": "遊休農地ではない",
        "UsageSituationInvestigationResult": "3",
        "UseIntentionInvestigationDate": "",
        "OwnerStatementIntentSurveyResultsCodeName": "調査対象外",
        "OwnerStatementIntentSurveyResults": "6",
        "UseIntentionAscertainmentResultCodeName": "対象外",
        "UseIntentionAscertainmentResult": "1",
        "PublicNoticeDate": "",
        "RightOfMiddleManagement": "",
        "RecommendationContenDate": "",
        "ActionOrderDate": "",
        "MayorPublicAnnouncementDate": "",
        "Address": "島根県出雲市大社町杵築西1637-8",
        "Tiban": "1637-8",
        "SectionOfPolygon": "3",
        "SectionOfPolygonCodeName": "その他",
        "DaichoId": "320158915",
        "daicho_shubetsu_cd": "KNO01"
      }
    },
    {
      "type": "Feature",
      "geometry": {
        "type": "Point",
        "coordinates": [
          132.67751694662394,
          35.38373628168337
        ]
      },
      "properties": {
        "FarmCommitteeCd": "3220321",
        "FarmCommitteeName": "出雲市農業委員会",
        "TodofukenCode": "32",
        "ShikuchosonCode": "322032",
        "OazaCode": "73300",
        "ClassificationOfLandCodeName": "畑",
        "ClassificationOfLand": "2",
        "AreaOnRegistry": "2254",
        "SectionOfNoushinhouCodeName": "農業振興地域内・農用地区域内(青地)",
        "SectionOfNoushinhou": "1",
        "SectionOfToshikeikakuhouCodeName": "設定なし",
        "SectionOfToshikeikakuhou": "0",
        "OwnerFarmIntentionCodeName": "非公表",
        "OwnerFarmIntention": "999",
        "FarmerIndicationNumberHash": "99a09d2e0711bdf13789a39848b16960",
        "KindOfRightCodeName": "賃借権等の設定がない",
        "KindOfRight": "0",
        "CommencementDate": "",
        "EndStagesDate": "",
        "RightSettingContentsCodeName": "農地中間管理権が設定されていない",
        "RightSettingContents": "0",
        "UsageSituationInvestigationDate": "20250828",
        "UsageSituationInvestigationResultCodeName": "遊休農地（低利用）",
        "UsageSituationInvestigationResult": "2",
        "UseIntentionInvestigationDate": "",
        "OwnerStatementIntentSurveyResultsCodeName": "調査中",
        "OwnerStatementIntentSurveyResults": "9",
        "UseIntentionAscertainmentResultCodeName": "調査中",
        "UseIntentionAscertainmentResult": "2",
        "PublicNoticeDate": "",
        "RightOfMiddleManagement": "",
        "RecommendationContenDate": "",
        "ActionOrderDate": "",
        "MayorPublicAnnouncementDate": "",
        "Address": "島根県出雲市大社町杵築西1639",
        "Tiban": "1639",
        "SectionOfPolygon": "3",
        "SectionOfPolygonCodeName": "その他",
        "DaichoId": "320158916",
        "daicho_shubetsu_cd": "KNO01"
      }
    },
    {
      "type": "Feature",
      "geometry": {
        "type": "Point",
        "coordinates": [
          132.6775225506867,
          35.38408588815664
        ]
      },
      "properties": {
        "FarmCommitteeCd": "3220321",
        "FarmCommitteeName": "出雲市農業委員会",
        "TodofukenCode": "32",
        "ShikuchosonCode": "322032",
        "OazaCode": "73300",
        "ClassificationOfLandCodeName": "畑",
        "ClassificationOfLand": "2",
        "AreaOnRegistry": "1669",
        "SectionOfNoushinhouCodeName": "農業振興地域内・農用地区域内(青地)",
        "SectionOfNoushinhou": "1",
        "SectionOfToshikeikakuhouCodeName": "設定なし",
        "SectionOfToshikeikakuhou": "0",
        "OwnerFarmIntentionCodeName": "非公表",
        "OwnerFarmIntention": "999",
        "FarmerIndicationNumberHash": "ccdbcc3780ac6fc46b4434638d94aab0",
        "KindOfRightCodeName": "使用貸借権",
        "KindOfRight": "4",
        "CommencementDate": "20220201",
        "EndStagesDate": "20261231",
        "RightSettingContentsCodeName": "農地中間管理権が設定されていない",
        "RightSettingContents": "0",
        "UsageSituationInvestigationDate": "20250828",
        "UsageSituationInvestigationResultCodeName": "遊休農地ではない",
        "UsageSituationInvestigationResult": "3",
        "UseIntentionInvestigationDate": "",
        "OwnerStatementIntentSurveyResultsCodeName": "調査対象外",
        "OwnerStatementIntentSurveyResults": "6",
        "UseIntentionAscertainmentResultCodeName": "対象外",
        "UseIntentionAscertainmentResult": "1",
        "PublicNoticeDate": "",
        "RightOfMiddleManagement": "",
        "RecommendationContenDate": "",
        "ActionOrderDate": "",
        "MayorPublicAnnouncementDate": "",
        "Address": "島根県出雲市大社町杵築西1640",
        "Tiban": "1640",
        "SectionOfPolygon": "3",
        "SectionOfPolygonCodeName": "その他",
        "DaichoId": "320158917",
        "daicho_shubetsu_cd": "KNO01"
      }
    },
    {
      "type": "Feature",
      "geometry": {
        "type": "Point",
        "coordinates": [
          132.6775281315881,
          35.38450522984452
        ]
      },
      "properties": {
        "FarmCommitteeCd": "3220321",
        "FarmCommitteeName": "出雲市農業委員会",
        "TodofukenCode": "32",
        "ShikuchosonCode": "322032",
        "OazaCode": "73300",
        "ClassificationOfLandCodeName": "畑",
        "ClassificationOfLand": "2",
        "AreaOnRegistry": "3026",
        "SectionOfNoushinhouCodeName": "農業振興地域内・農用地区域内(青地)",
        "SectionOfNoushinhou": "1",
        "SectionOfToshikeikakuhouCodeName": "設定なし",
        "SectionOfToshikeikakuhou": "0",
        "OwnerFarmIntentionCodeName": "非公表",
        "OwnerFarmIntention": "999",
        "FarmerIndicationNumberHash": "38a991924f640b63cdbfeabd64202e63",
        "KindOfRightCodeName": "使用貸借権",
        "KindOfRight": "4",
        "CommencementDate": "20140201",
        "EndStagesDate": "20350131",
        "RightSettingContentsCodeName": "農地中間管理権が設定されていない",
        "RightSettingContents": "0",
        "UsageSituationInvestigationDate": "20250828",
        "UsageSituationInvestigationResultCodeName": "遊休農地ではない",
        "UsageSituationInvestigationResult": "3",
        "UseIntentionInvestigationDate": "",
        "OwnerStatementIntentSurveyResultsCodeName": "調査対象外",
        "OwnerStatementIntentSurveyResults": "6",
        "UseIntentionAscertainmentResultCodeName": "対象外",
        "UseIntentionAscertainmentResult": "1",
        "PublicNoticeDate": "",
        "RightOfMiddleManagement": "",
        "RecommendationContenDate": "",
        "ActionOrderDate": "",
        "MayorPublicAnnouncementDate": "",
        "Address": "島根県出雲市大社町杵築西1640-1",
        "Tiban": "1640-1",
        "SectionOfPolygon": "3",
        "SectionOfPolygonCodeName": "その他",
        "DaichoId": "320158918",
        "daicho_shubetsu_cd": "KNO01"
      }
    },
    {
      "type": "Feature",
      "geometry": {
        "type": "Point",
        "coordinates": [
          132.677532138612,
          35.38485473140915
        ]
      },
      "properties": {
        "FarmCommitteeCd": "3220321",
        "FarmCommitteeName": "出雲市農業委員会",
        "TodofukenCode": "32",
        "ShikuchosonCode": "322032",
        "OazaCode": "73300",
        "ClassificationOfLandCodeName": "畑",
        "ClassificationOfLand": "2",
        "AreaOnRegistry": "885",
        "SectionOfNoushinhouCodeName": "農業振興地域内・農用地区域内(青地)",
        "SectionOfNoushinhou": "1",
        "SectionOfToshikeikakuhouCodeName": "設定なし",
        "SectionOfToshikeikakuhou": "0",
        "OwnerFarmIntentionCodeName": "非公表",
        "OwnerFarmIntention": "999",
        "FarmerIndicationNumberHash": "527e4280cd1fa84f5970b782012c0a59",
        "KindOfRightCodeName": "賃借権等の設定がない",
        "KindOfRight": "0",
        "CommencementDate": "",
        "EndStagesDate": "",
        "RightSettingContentsCodeName": "農地中間管理権が設定されていない",
        "RightSettingContents": "0",
        "UsageSituationInvestigationDate": "20250828",
        "UsageSituationInvestigationResultCodeName": "遊休農地ではない",
        "UsageSituationInvestigationResult": "3",
        "UseIntentionInvestigationDate": "",
        "OwnerStatementIntentSurveyResultsCodeName": "調査対象外",
        "OwnerStatementIntentSurveyResults": "6",
        "UseIntentionAscertainmentResultCodeName": "対象外",
        "UseIntentionAscertainmentResult": "1",
        "PublicNoticeDate": "",
        "RightOfMiddleManagement": "",
        "RecommendationContenDate": "",
        "ActionOrderDate": "",
        "MayorPublicAnnouncementDate": "",
        "Address": "島根県出雲市大社町杵築西1641",
        "Tiban": "1641",
        "SectionOfPolygon": "3",
        "SectionOfPolygonCodeName": "その他",
        "DaichoId": "320158920",
        "daicho_shubetsu_cd": "KNO01"
      }
    },
    {
      "type": "Feature",
      "geometry": {
        "type": "Point",
        "coordinates": [
          132.6775484594012,
          35.38500018197011
        ]
      },
      "properties": {
        "FarmCommitteeCd": "3220321",
        "FarmCommitteeName": "出雲市農業委員会",
        "TodofukenCode": "32",
        "ShikuchosonCode": "322032",
        "OazaCode": "73300",
        "ClassificationOfLandCodeName": "畑",
        "ClassificationOfLand": "2",
        "AreaOnRegistry": "741",
        "SectionOfNoushinhouCodeName": "農業振興地域内・農用地区域内(青地)",
        "SectionOfNoushinhou": "1",
        "SectionOfToshikeikakuhouCodeName": "設定なし",
        "SectionOfToshikeikakuhou": "0",
        "OwnerFarmIntentionCodeName": "非公表",
        "OwnerFarmIntention": "999",
        "FarmerIndicationNumberHash": "0530b912b8046207cb6f7b4dfc427e18",
        "KindOfRightCodeName": "賃借権等の設定がない",
        "KindOfRight": "0",
        "CommencementDate": "",
        "EndStagesDate": "",
        "RightSettingContentsCodeName": "農地中間管理権が設定されていない",
        "RightSettingContents": "0",
        "UsageSituationInvestigationDate": "20250828",
        "UsageSituationInvestigationResultCodeName": "遊休農地ではない",
        "UsageSituationInvestigationResult": "3",
        "UseIntentionInvestigationDate": "",
        "OwnerStatementIntentSurveyResultsCodeName": "調査対象外",
        "OwnerStatementIntentSurveyResults": "6",
        "UseIntentionAscertainmentResultCodeName": "対象外",
        "UseIntentionAscertainmentResult": "1",
        "PublicNoticeDate": "",
        "RightOfMiddleManagement": "",
        "RecommendationContenDate": "",
        "ActionOrderDate": "",
        "MayorPublicAnnouncementDate": "",
        "Address": "島根県出雲市大社町杵築西1642",
        "Tiban": "1642",
        "SectionOfPolygon": "3",
        "SectionOfPolygonCodeName": "その他",
        "DaichoId": "320158921",
        "daicho_shubetsu_cd": "KNO01"
      }
    },
    {
      "type": "Feature",
      "geometry": {
        "type": "Point",
        "coordinates": [
          132.68140854131371,
          35.38830589851224
        ]
      },
      "properties": {
        "FarmCommitteeCd": "3220321",
        "FarmCommitteeName": "出雲市農業委員会",
        "TodofukenCode": "32",
        "ShikuchosonCode": "322032",
        "OazaCode": "73300",
        "ClassificationOfLandCodeName": "畑",
        "ClassificationOfLand": "2",
        "AreaOnRegistry": "246",
        "SectionOfNoushinhouCodeName": "設定なし",
        "SectionOfNoushinhou": "0",
        "SectionOfToshikeikakuhouCodeName": "設定なし",
        "SectionOfToshikeikakuhou": "0",
        "OwnerFarmIntentionCodeName": "非公表",
        "OwnerFarmIntention": "999",
        "FarmerIndicationNumberHash": "1246a0105429df5ea36e8af1307f7d72",
        "KindOfRightCodeName": "賃借権等の設定がない",
        "KindOfRight": "0",
        "CommencementDate": "",
        "EndStagesDate": "",
        "RightSettingContentsCodeName": "農地中間管理権が設定されていない",
        "RightSettingContents": "0",
        "UsageSituationInvestigationDate": "20250828",
        "UsageSituationInvestigationResultCodeName": "遊休農地ではない",
        "UsageSituationInvestigationResult": "3",
        "UseIntentionInvestigationDate": "",
        "OwnerStatementIntentSurveyResultsCodeName": "調査対象外",
        "OwnerStatementIntentSurveyResults": "6",
        "UseIntentionAscertainmentResultCodeName": "対象外",
        "UseIntentionAscertainmentResult": "1",
        "PublicNoticeDate": "",
        "RightOfMiddleManagement": "",
        "RecommendationContenDate": "",
        "ActionOrderDate": "",
        "MayorPublicAnnouncementDate": "",
        "Address": "島根県出雲市大社町杵築西1663-1",
        "Tiban": "1663-1",
        "SectionOfPolygon": "3",
        "SectionOfPolygonCodeName": "その他",
        "DaichoId": "320158936",
        "daicho_shubetsu_cd": "KNO01"
      }
    },
    {
      "type": "Feature",
      "geometry": {
        "type": "Point",
        "coordinates": [
          132.6785967452457,
          35.390390907823296
        ]
      },
      "properties": {
        "FarmCommitteeCd": "3220321",
        "FarmCommitteeName": "出雲市農業委員会",
        "TodofukenCode": "32",
        "ShikuchosonCode": "322032",
        "OazaCode": "73300",
        "ClassificationOfLandCodeName": "畑",
        "ClassificationOfLand": "2",
        "AreaOnRegistry": "368",
        "SectionOfNoushinhouCodeName": "設定なし",
        "SectionOfNoushinhou": "0",
        "SectionOfToshikeikakuhouCodeName": "設定なし",
        "SectionOfToshikeikakuhou": "0",
        "OwnerFarmIntentionCodeName": "非公表",
        "OwnerFarmIntention": "999",
        "FarmerIndicationNumberHash": "9ad962bc5b080cba87592946ce320a8a",
        "KindOfRightCodeName": "賃借権等の設定がない",
        "KindOfRight": "0",
        "CommencementDate": "",
        "EndStagesDate": "",
        "RightSettingContentsCodeName": "農地中間管理権が設定されていない",
        "RightSettingContents": "0",
        "UsageSituationInvestigationDate": "20250828",
        "UsageSituationInvestigationResultCodeName": "遊休農地ではない",
        "UsageSituationInvestigationResult": "3",
        "UseIntentionInvestigationDate": "",
        "OwnerStatementIntentSurveyResultsCodeName": "調査対象外",
        "OwnerStatementIntentSurveyResults": "6",
        "UseIntentionAscertainmentResultCodeName": "対象外",
        "UseIntentionAscertainmentResult": "1",
        "PublicNoticeDate": "",
        "RightOfMiddleManagement": "",
        "RecommendationContenDate": "",
        "ActionOrderDate": "",
        "MayorPublicAnnouncementDate": "",
        "Address": "島根県出雲市大社町杵築西1776-3",
        "Tiban": "1776-3",
        "SectionOfPolygon": "3",
        "SectionOfPolygonCodeName": "その他",
        "DaichoId": "320158944",
        "daicho_shubetsu_cd": "KNO01"
      }
    },
    {
      "type": "Feature",
      "geometry": {
        "type": "Point",
        "coordinates": [
          132.67890273249182,
          35.390478833959726
        ]
      },
      "properties": {
        "FarmCommitteeCd": "3220321",
        "FarmCommitteeName": "出雲市農業委員会",
        "TodofukenCode": "32",
        "ShikuchosonCode": "322032",
        "OazaCode": "73300",
        "ClassificationOfLandCodeName": "畑",
        "ClassificationOfLand": "2",
        "AreaOnRegistry": "363",
        "SectionOfNoushinhouCodeName": "設定なし",
        "SectionOfNoushinhou": "0",
        "SectionOfToshikeikakuhouCodeName": "設定なし",
        "SectionOfToshikeikakuhou": "0",
        "OwnerFarmIntentionCodeName": "非公表",
        "OwnerFarmIntention": "999",
        "FarmerIndicationNumberHash": "c6e7ab4401ba378178e78caac417636a",
        "KindOfRightCodeName": "賃借権等の設定がない",
        "KindOfRight": "0",
        "CommencementDate": "",
        "EndStagesDate": "",
        "RightSettingContentsCodeName": "農地中間管理権が設定されていない",
        "RightSettingContents": "0",
        "UsageSituationInvestigationDate": "20250828",
        "UsageSituationInvestigationResultCodeName": "遊休農地ではない",
        "UsageSituationInvestigationResult": "3",
        "UseIntentionInvestigationDate": "",
        "OwnerStatementIntentSurveyResultsCodeName": "調査対象外",
        "OwnerStatementIntentSurveyResults": "6",
        "UseIntentionAscertainmentResultCodeName": "対象外",
        "UseIntentionAscertainmentResult": "1",
        "PublicNoticeDate": "",
        "RightOfMiddleManagement": "",
        "RecommendationContenDate": "",
        "ActionOrderDate": "",
        "MayorPublicAnnouncementDate": "",
        "Address": "島根県出雲市大社町杵築西1778-2",
        "Tiban": "1778-2",
        "SectionOfPolygon": "3",
        "SectionOfPolygonCodeName": "その他",
        "DaichoId": "320158945",
        "daicho_shubetsu_cd": "KNO01"
      }
    },
    {
      "type": "Feature",
      "geometry": {
        "type": "Point",
        "coordinates": [
          132.67876455854253,
          35.39063865097615
        ]
      },
      "properties": {
        "FarmCommitteeCd": "3220321",
        "FarmCommitteeName": "出雲市農業委員会",
        "TodofukenCode": "32",
        "ShikuchosonCode": "322032",
        "OazaCode": "73300",
        "ClassificationOfLandCodeName": "畑",
        "ClassificationOfLand": "2",
        "AreaOnRegistry": "590",
        "SectionOfNoushinhouCodeName": "設定なし",
        "SectionOfNoushinhou": "0",
        "SectionOfToshikeikakuhouCodeName": "設定なし",
        "SectionOfToshikeikakuhou": "0",
        "OwnerFarmIntentionCodeName": "非公表",
        "OwnerFarmIntention": "999",
        "FarmerIndicationNumberHash": "51b04207b40a1a85c517480d202f951e",
        "KindOfRightCodeName": "賃借権等の設定がない",
        "KindOfRight": "0",
        "CommencementDate": "",
        "EndStagesDate": "",
        "RightSettingContentsCodeName": "農地中間管理権が設定されていない",
        "RightSettingContents": "0",
        "UsageSituationInvestigationDate": "20250828",
        "UsageSituationInvestigationResultCodeName": "遊休農地ではない",
        "UsageSituationInvestigationResult": "3",
        "UseIntentionInvestigationDate": "",
        "OwnerStatementIntentSurveyResultsCodeName": "調査対象外",
        "OwnerStatementIntentSurveyResults": "6",
        "UseIntentionAscertainmentResultCodeName": "対象外",
        "UseIntentionAscertainmentResult": "1",
        "PublicNoticeDate": "",
        "RightOfMiddleManagement": "",
        "RecommendationContenDate": "",
        "ActionOrderDate": "",
        "MayorPublicAnnouncementDate": "",
        "Address": "島根県出雲市大社町杵築西1778-3",
        "Tiban": "1778-3",
        "SectionOfPolygon": "3",
        "SectionOfPolygonCodeName": "その他",
        "DaichoId": "320158946",
        "daicho_shubetsu_cd": "KNO01"
      }
    },
    {
      "type": "Feature",
      "geometry": {
        "type": "Point",
        "coordinates": [
          132.67875499856686,
          35.3908096075544
        ]
      },
      "properties": {
        "FarmCommitteeCd": "3220321",
        "FarmCommitteeName": "出雲市農業委員会",
        "TodofukenCode": "32",
        "ShikuchosonCode": "322032",
        "OazaCode": "73300",
        "ClassificationOfLandCodeName": "畑",
        "ClassificationOfLand": "2",
        "AreaOnRegistry": "81",
        "SectionOfNoushinhouCodeName": "設定なし",
        "SectionOfNoushinhou": "0",
        "SectionOfToshikeikakuhouCodeName": "設定なし",
        "SectionOfToshikeikakuhou": "0",
        "OwnerFarmIntentionCodeName": "非公表",
        "OwnerFarmIntention": "999",
        "FarmerIndicationNumberHash": "51b04207b40a1a85c517480d202f951e",
        "KindOfRightCodeName": "賃借権等の設定がない",
        "KindOfRight": "0",
        "CommencementDate": "",
        "EndStagesDate": "",
        "RightSettingContentsCodeName": "農地中間管理権が設定されていない",
        "RightSettingContents": "0",
        "UsageSituationInvestigationDate": "20250828",
        "UsageSituationInvestigationResultCodeName": "遊休農地ではない",
        "UsageSituationInvestigationResult": "3",
        "UseIntentionInvestigationDate": "",
        "OwnerStatementIntentSurveyResultsCodeName": "調査対象外",
        "OwnerStatementIntentSurveyResults": "6",
        "UseIntentionAscertainmentResultCodeName": "対象外",
        "UseIntentionAscertainmentResult": "1",
        "PublicNoticeDate": "",
        "RightOfMiddleManagement": "",
        "RecommendationContenDate": "",
        "ActionOrderDate": "",
        "MayorPublicAnnouncementDate": "",
        "Address": "島根県出雲市大社町杵築西1778-4",
        "Tiban": "1778-4",
        "SectionOfPolygon": "3",
        "SectionOfPolygonCodeName": "その他",
        "DaichoId": "320158947",
        "daicho_shubetsu_cd": "KNO01"
      }
    },
    {
      "type": "Feature",
      "geometry": {
        "type": "Point",
        "coordinates": [
          132.67914041861602,
          35.39045372982389
        ]
      },
      "properties": {
        "FarmCommitteeCd": "3220321",
        "FarmCommitteeName": "出雲市農業委員会",
        "TodofukenCode": "32",
        "ShikuchosonCode": "322032",
        "OazaCode": "73300",
        "ClassificationOfLandCodeName": "畑",
        "ClassificationOfLand": "2",
        "AreaOnRegistry": "296",
        "SectionOfNoushinhouCodeName": "設定なし",
        "SectionOfNoushinhou": "0",
        "SectionOfToshikeikakuhouCodeName": "設定なし",
        "SectionOfToshikeikakuhou": "0",
        "OwnerFarmIntentionCodeName": "非公表",
        "OwnerFarmIntention": "999",
        "FarmerIndicationNumberHash": "e64390558377616b32f604b80a08dde4",
        "KindOfRightCodeName": "賃借権等の設定がない",
        "KindOfRight": "0",
        "CommencementDate": "",
        "EndStagesDate": "",
        "RightSettingContentsCodeName": "農地中間管理権が設定されていない",
        "RightSettingContents": "0",
        "UsageSituationInvestigationDate": "20250828",
        "UsageSituationInvestigationResultCodeName": "遊休農地ではない",
        "UsageSituationInvestigationResult": "3",
        "UseIntentionInvestigationDate": "",
        "OwnerStatementIntentSurveyResultsCodeName": "調査対象外",
        "OwnerStatementIntentSurveyResults": "6",
        "UseIntentionAscertainmentResultCodeName": "対象外",
        "UseIntentionAscertainmentResult": "1",
        "PublicNoticeDate": "",
        "RightOfMiddleManagement": "",
        "RecommendationContenDate": "",
        "ActionOrderDate": "",
        "MayorPublicAnnouncementDate": "",
        "Address": "島根県出雲市大社町杵築西1779-1",
        "Tiban": "1779-1",
        "SectionOfPolygon": "3",
        "SectionOfPolygonCodeName": "その他",
        "DaichoId": "320158948",
        "daicho_shubetsu_cd": "KNO01"
      }
    },
    {
      "type": "Feature",
      "geometry": {
        "type": "Point",
        "coordinates": [
          132.6790926960124,
          35.390349723448765
        ]
      },
      "properties": {
        "FarmCommitteeCd": "3220321",
        "FarmCommitteeName": "出雲市農業委員会",
        "TodofukenCode": "32",
        "ShikuchosonCode": "322032",
        "OazaCode": "73300",
        "ClassificationOfLandCodeName": "畑",
        "ClassificationOfLand": "2",
        "AreaOnRegistry": "133",
        "SectionOfNoushinhouCodeName": "設定なし",
        "SectionOfNoushinhou": "0",
        "SectionOfToshikeikakuhouCodeName": "設定なし",
        "SectionOfToshikeikakuhou": "0",
        "OwnerFarmIntentionCodeName": "非公表",
        "OwnerFarmIntention": "999",
        "FarmerIndicationNumberHash": "f606ded33b20ff9ed830cfd81a1e1a0a",
        "KindOfRightCodeName": "賃借権等の設定がない",
        "KindOfRight": "0",
        "CommencementDate": "",
        "EndStagesDate": "",
        "RightSettingContentsCodeName": "農地中間管理権が設定されていない",
        "RightSettingContents": "0",
        "UsageSituationInvestigationDate": "20250828",
        "UsageSituationInvestigationResultCodeName": "遊休農地（低利用）",
        "UsageSituationInvestigationResult": "2",
        "UseIntentionInvestigationDate": "",
        "OwnerStatementIntentSurveyResultsCodeName": "調査中",
        "OwnerStatementIntentSurveyResults": "9",
        "UseIntentionAscertainmentResultCodeName": "調査中",
        "UseIntentionAscertainmentResult": "2",
        "PublicNoticeDate": "",
        "RightOfMiddleManagement": "",
        "RecommendationContenDate": "",
        "ActionOrderDate": "",
        "MayorPublicAnnouncementDate": "",
        "Address": "島根県出雲市大社町杵築西1779-2",
        "Tiban": "1779-2",
        "SectionOfPolygon": "3",
        "SectionOfPolygonCodeName": "その他",
        "DaichoId": "320158949",
        "daicho_shubetsu_cd": "KNO01"
      }
    },
    {
      "type": "Feature",
      "geometry": {
        "type": "Point",
        "coordinates": [
          132.67899517133006,
          35.39035171536358
        ]
      },
      "properties": {
        "FarmCommitteeCd": "3220321",
        "FarmCommitteeName": "出雲市農業委員会",
        "TodofukenCode": "32",
        "ShikuchosonCode": "322032",
        "OazaCode": "73300",
        "ClassificationOfLandCodeName": "畑",
        "ClassificationOfLand": "2",
        "AreaOnRegistry": "226",
        "SectionOfNoushinhouCodeName": "設定なし",
        "SectionOfNoushinhou": "0",
        "SectionOfToshikeikakuhouCodeName": "設定なし",
        "SectionOfToshikeikakuhou": "0",
        "OwnerFarmIntentionCodeName": "非公表",
        "OwnerFarmIntention": "999",
        "FarmerIndicationNumberHash": "c6e7ab4401ba378178e78caac417636a",
        "KindOfRightCodeName": "賃借権等の設定がない",
        "KindOfRight": "0",
        "CommencementDate": "",
        "EndStagesDate": "",
        "RightSettingContentsCodeName": "農地中間管理権が設定されていない",
        "RightSettingContents": "0",
        "UsageSituationInvestigationDate": "20250828",
        "UsageSituationInvestigationResultCodeName": "遊休農地ではない",
        "UsageSituationInvestigationResult": "3",
        "UseIntentionInvestigationDate": "",
        "OwnerStatementIntentSurveyResultsCodeName": "調査対象外",
        "OwnerStatementIntentSurveyResults": "6",
        "UseIntentionAscertainmentResultCodeName": "対象外",
        "UseIntentionAscertainmentResult": "1",
        "PublicNoticeDate": "",
        "RightOfMiddleManagement": "",
        "RecommendationContenDate": "",
        "ActionOrderDate": "",
        "MayorPublicAnnouncementDate": "",
        "Address": "島根県出雲市大社町杵築西1779-3",
        "Tiban": "1779-3",
        "SectionOfPolygon": "3",
        "SectionOfPolygonCodeName": "その他",
        "DaichoId": "320158950",
        "daicho_shubetsu_cd": "KNO01"
      }
    },
    {
      "type": "Feature",
      "geometry": {
        "type": "Point",
        "coordinates": [
          132.67887964247853,
          35.39035077309831
        ]
      },
      "properties": {
        "FarmCommitteeCd": "3220321",
        "FarmCommitteeName": "出雲市農業委員会",
        "TodofukenCode": "32",
        "ShikuchosonCode": "322032",
        "OazaCode": "73300",
        "ClassificationOfLandCodeName": "畑",
        "ClassificationOfLand": "2",
        "AreaOnRegistry": "161",
        "SectionOfNoushinhouCodeName": "設定なし",
        "SectionOfNoushinhou": "0",
        "SectionOfToshikeikakuhouCodeName": "設定なし",
        "SectionOfToshikeikakuhou": "0",
        "OwnerFarmIntentionCodeName": "非公表",
        "OwnerFarmIntention": "999",
        "FarmerIndicationNumberHash": "895980bea977f54de8b47f23d93f69d5",
        "KindOfRightCodeName": "賃借権等の設定がない",
        "KindOfRight": "0",
        "CommencementDate": "",
        "EndStagesDate": "",
        "RightSettingContentsCodeName": "農地中間管理権が設定されていない",
        "RightSettingContents": "0",
        "UsageSituationInvestigationDate": "20250828",
        "UsageSituationInvestigationResultCodeName": "遊休農地（不耕作緑）",
        "UsageSituationInvestigationResult": "6",
        "UseIntentionInvestigationDate": "20241126",
        "OwnerStatementIntentSurveyResultsCodeName": "農地中間管理事業の利用",
        "OwnerStatementIntentSurveyResults": "2",
        "UseIntentionAscertainmentResultCodeName": "調査中",
        "UseIntentionAscertainmentResult": "2",
        "PublicNoticeDate": "",
        "RightOfMiddleManagement": "",
        "RecommendationContenDate": "",
        "ActionOrderDate": "",
        "MayorPublicAnnouncementDate": "",
        "Address": "島根県出雲市大社町杵築西1779-4",
        "Tiban": "1779-4",
        "SectionOfPolygon": "3",
        "SectionOfPolygonCodeName": "その他",
        "DaichoId": "320158951",
        "daicho_shubetsu_cd": "KNO01"
      }
    },
    {
      "type": "Feature",
      "geometry": {
        "type": "Point",
        "coordinates": [
          132.678781497878,
          35.39034928971075
        ]
      },
      "properties": {
        "FarmCommitteeCd": "3220321",
        "FarmCommitteeName": "出雲市農業委員会",
        "TodofukenCode": "32",
        "ShikuchosonCode": "322032",
        "OazaCode": "73300",
        "ClassificationOfLandCodeName": "畑",
        "ClassificationOfLand": "2",
        "AreaOnRegistry": "139",
        "SectionOfNoushinhouCodeName": "設定なし",
        "SectionOfNoushinhou": "0",
        "SectionOfToshikeikakuhouCodeName": "設定なし",
        "SectionOfToshikeikakuhou": "0",
        "OwnerFarmIntentionCodeName": "非公表",
        "OwnerFarmIntention": "999",
        "FarmerIndicationNumberHash": "9de9df6554fbf7e3438a0c457c5749af",
        "KindOfRightCodeName": "賃借権等の設定がない",
        "KindOfRight": "0",
        "CommencementDate": "",
        "EndStagesDate": "",
        "RightSettingContentsCodeName": "農地中間管理権が設定されていない",
        "RightSettingContents": "0",
        "UsageSituationInvestigationDate": "20250828",
        "UsageSituationInvestigationResultCodeName": "遊休農地（低利用）",
        "UsageSituationInvestigationResult": "2",
        "UseIntentionInvestigationDate": "",
        "OwnerStatementIntentSurveyResultsCodeName": "調査中",
        "OwnerStatementIntentSurveyResults": "9",
        "UseIntentionAscertainmentResultCodeName": "調査中",
        "UseIntentionAscertainmentResult": "2",
        "PublicNoticeDate": "",
        "RightOfMiddleManagement": "",
        "RecommendationContenDate": "",
        "ActionOrderDate": "",
        "MayorPublicAnnouncementDate": "",
        "Address": "島根県出雲市大社町杵築西1779-5",
        "Tiban": "1779-5",
        "SectionOfPolygon": "3",
        "SectionOfPolygonCodeName": "その他",
        "DaichoId": "320158952",
        "daicho_shubetsu_cd": "KNO01"
      }
    },
    {
      "type": "Feature",
      "geometry": {
        "type": "Point",
        "coordinates": [
          132.67944658056226,
          35.390668033416695
        ]
      },
      "properties": {
        "FarmCommitteeCd": "3220321",
        "FarmCommitteeName": "出雲市農業委員会",
        "TodofukenCode": "32",
        "ShikuchosonCode": "322032",
        "OazaCode": "73300",
        "ClassificationOfLandCodeName": "畑",
        "ClassificationOfLand": "2",
        "AreaOnRegistry": "294",
        "SectionOfNoushinhouCodeName": "設定なし",
        "SectionOfNoushinhou": "0",
        "SectionOfToshikeikakuhouCodeName": "設定なし",
        "SectionOfToshikeikakuhou": "0",
        "OwnerFarmIntentionCodeName": "非公表",
        "OwnerFarmIntention": "999",
        "FarmerIndicationNumberHash": "2dce0b15b6724139fd5f487768784a54",
        "KindOfRightCodeName": "賃借権等の設定がない",
        "KindOfRight": "0",
        "CommencementDate": "",
        "EndStagesDate": "",
        "RightSettingContentsCodeName": "農地中間管理権が設定されていない",
        "RightSettingContents": "0",
        "UsageSituationInvestigationDate": "20250828",
        "UsageSituationInvestigationResultCodeName": "その他",
        "UsageSituationInvestigationResult": "4",
        "UseIntentionInvestigationDate": "",
        "OwnerStatementIntentSurveyResultsCodeName": "調査中",
        "OwnerStatementIntentSurveyResults": "9",
        "UseIntentionAscertainmentResultCodeName": "調査中",
        "UseIntentionAscertainmentResult": "2",
        "PublicNoticeDate": "",
        "RightOfMiddleManagement": "",
        "RecommendationContenDate": "",
        "ActionOrderDate": "",
        "MayorPublicAnnouncementDate": "",
        "Address": "島根県出雲市大社町杵築西1782-1",
        "Tiban": "1782-1",
        "SectionOfPolygon": "3",
        "SectionOfPolygonCodeName": "その他",
        "DaichoId": "320158953",
        "daicho_shubetsu_cd": "KNO01"
      }
    },
    {
      "type": "Feature",
      "geometry": {
        "type": "Point",
        "coordinates": [
          132.67939427995563,
          35.390395952688294
        ]
      },
      "properties": {
        "FarmCommitteeCd": "3220321",
        "FarmCommitteeName": "出雲市農業委員会",
        "TodofukenCode": "32",
        "ShikuchosonCode": "322032",
        "OazaCode": "73300",
        "ClassificationOfLandCodeName": "畑",
        "ClassificationOfLand": "2",
        "AreaOnRegistry": "476",
        "SectionOfNoushinhouCodeName": "設定なし",
        "SectionOfNoushinhou": "0",
        "SectionOfToshikeikakuhouCodeName": "設定なし",
        "SectionOfToshikeikakuhou": "0",
        "OwnerFarmIntentionCodeName": "非公表",
        "OwnerFarmIntention": "999",
        "FarmerIndicationNumberHash": "2bc2d934c779253fcaa2f0a067b657be",
        "KindOfRightCodeName": "賃借権等の設定がない",
        "KindOfRight": "0",
        "CommencementDate": "",
        "EndStagesDate": "",
        "RightSettingContentsCodeName": "農地中間管理権が設定されていない",
        "RightSettingContents": "0",
        "UsageSituationInvestigationDate": "20250828",
        "UsageSituationInvestigationResultCodeName": "遊休農地（低利用）",
        "UsageSituationInvestigationResult": "2",
        "UseIntentionInvestigationDate": "",
        "OwnerStatementIntentSurveyResultsCodeName": "調査中",
        "OwnerStatementIntentSurveyResults": "9",
        "UseIntentionAscertainmentResultCodeName": "調査中",
        "UseIntentionAscertainmentResult": "2",
        "PublicNoticeDate": "",
        "RightOfMiddleManagement": "",
        "RecommendationContenDate": "",
        "ActionOrderDate": "",
        "MayorPublicAnnouncementDate": "",
        "Address": "島根県出雲市大社町杵築西1783-1",
        "Tiban": "1783-1",
        "SectionOfPolygon": "3",
        "SectionOfPolygonCodeName": "その他",
        "DaichoId": "320158954",
        "daicho_shubetsu_cd": "KNO01"
      }
    },
    {
      "type": "Feature",
      "geometry": {
        "type": "Point",
        "coordinates": [
          132.67926990493095,
          35.39037744101335
        ]
      },
      "properties": {
        "FarmCommitteeCd": "3220321",
        "FarmCommitteeName": "出雲市農業委員会",
        "TodofukenCode": "32",
        "ShikuchosonCode": "322032",
        "OazaCode": "73300",
        "ClassificationOfLandCodeName": "畑",
        "ClassificationOfLand": "2",
        "AreaOnRegistry": "384",
        "SectionOfNoushinhouCodeName": "設定なし",
        "SectionOfNoushinhou": "0",
        "SectionOfToshikeikakuhouCodeName": "設定なし",
        "SectionOfToshikeikakuhou": "0",
        "OwnerFarmIntentionCodeName": "非公表",
        "OwnerFarmIntention": "999",
        "FarmerIndicationNumberHash": "69b43da0961afb9bdd89ccf8d0167e1a",
        "KindOfRightCodeName": "賃借権等の設定がない",
        "KindOfRight": "0",
        "CommencementDate": "",
        "EndStagesDate": "",
        "RightSettingContentsCodeName": "農地中間管理権が設定されていない",
        "RightSettingContents": "0",
        "UsageSituationInvestigationDate": "20250828",
        "UsageSituationInvestigationResultCodeName": "遊休農地（低利用）",
        "UsageSituationInvestigationResult": "2",
        "UseIntentionInvestigationDate": "",
        "OwnerStatementIntentSurveyResultsCodeName": "調査中",
        "OwnerStatementIntentSurveyResults": "9",
        "UseIntentionAscertainmentResultCodeName": "調査中",
        "UseIntentionAscertainmentResult": "2",
        "PublicNoticeDate": "",
        "RightOfMiddleManagement": "",
        "RecommendationContenDate": "",
        "ActionOrderDate": "",
        "MayorPublicAnnouncementDate": "",
        "Address": "島根県出雲市大社町杵築西1783-2",
        "Tiban": "1783-2",
        "SectionOfPolygon": "3",
        "SectionOfPolygonCodeName": "その他",
        "DaichoId": "320158955",
        "daicho_shubetsu_cd": "KNO01"
      }
    },
    {
      "type": "Feature",
      "geometry": {
        "type": "Point",
        "coordinates": [
          132.67952546355815,
          35.39039900135702
        ]
      },
      "properties": {
        "FarmCommitteeCd": "3220321",
        "FarmCommitteeName": "出雲市農業委員会",
        "TodofukenCode": "32",
        "ShikuchosonCode": "322032",
        "OazaCode": "73300",
        "ClassificationOfLandCodeName": "畑",
        "ClassificationOfLand": "2",
        "AreaOnRegistry": "582",
        "SectionOfNoushinhouCodeName": "設定なし",
        "SectionOfNoushinhou": "0",
        "SectionOfToshikeikakuhouCodeName": "設定なし",
        "SectionOfToshikeikakuhou": "0",
        "OwnerFarmIntentionCodeName": "非公表",
        "OwnerFarmIntention": "999",
        "FarmerIndicationNumberHash": "af986852a2207522f3be734f17e41c4c",
        "KindOfRightCodeName": "賃借権等の設定がない",
        "KindOfRight": "0",
        "CommencementDate": "",
        "EndStagesDate": "",
        "RightSettingContentsCodeName": "農地中間管理権が設定されていない",
        "RightSettingContents": "0",
        "UsageSituationInvestigationDate": "20250828",
        "UsageSituationInvestigationResultCodeName": "その他",
        "UsageSituationInvestigationResult": "4",
        "UseIntentionInvestigationDate": "",
        "OwnerStatementIntentSurveyResultsCodeName": "調査中",
        "OwnerStatementIntentSurveyResults": "9",
        "UseIntentionAscertainmentResultCodeName": "調査中",
        "UseIntentionAscertainmentResult": "2",
        "PublicNoticeDate": "",
        "RightOfMiddleManagement": "",
        "RecommendationContenDate": "",
        "ActionOrderDate": "",
        "MayorPublicAnnouncementDate": "",
        "Address": "島根県出雲市大社町杵築西1784",
        "Tiban": "1784",
        "SectionOfPolygon": "3",
        "SectionOfPolygonCodeName": "その他",
        "DaichoId": "320158956",
        "daicho_shubetsu_cd": "KNO01"
      }
    },
    {
      "type": "Feature",
      "geometry": {
        "type": "Point",
        "coordinates": [
          132.67967167193584,
          35.39033585681601
        ]
      },
      "properties": {
        "FarmCommitteeCd": "3220321",
        "FarmCommitteeName": "出雲市農業委員会",
        "TodofukenCode": "32",
        "ShikuchosonCode": "322032",
        "OazaCode": "73300",
        "ClassificationOfLandCodeName": "畑",
        "ClassificationOfLand": "2",
        "AreaOnRegistry": "304",
        "SectionOfNoushinhouCodeName": "設定なし",
        "SectionOfNoushinhou": "0",
        "SectionOfToshikeikakuhouCodeName": "設定なし",
        "SectionOfToshikeikakuhou": "0",
        "OwnerFarmIntentionCodeName": "非公表",
        "OwnerFarmIntention": "999",
        "FarmerIndicationNumberHash": "1a0f9021ee1a85eb758cdac8dbaca61f",
        "KindOfRightCodeName": "賃借権等の設定がない",
        "KindOfRight": "0",
        "CommencementDate": "",
        "EndStagesDate": "",
        "RightSettingContentsCodeName": "農地中間管理権が設定されていない",
        "RightSettingContents": "0",
        "UsageSituationInvestigationDate": "20250828",
        "UsageSituationInvestigationResultCodeName": "その他",
        "UsageSituationInvestigationResult": "4",
        "UseIntentionInvestigationDate": "",
        "OwnerStatementIntentSurveyResultsCodeName": "調査中",
        "OwnerStatementIntentSurveyResults": "9",
        "UseIntentionAscertainmentResultCodeName": "調査中",
        "UseIntentionAscertainmentResult": "2",
        "PublicNoticeDate": "",
        "RightOfMiddleManagement": "",
        "RecommendationContenDate": "",
        "ActionOrderDate": "",
        "MayorPublicAnnouncementDate": "",
        "Address": "島根県出雲市大社町杵築西1785-3",
        "Tiban": "1785-3",
        "SectionOfPolygon": "3",
        "SectionOfPolygonCodeName": "その他",
        "DaichoId": "320158959",
        "daicho_shubetsu_cd": "KNO01"
      }
    },
    {
      "type": "Feature",
      "geometry": {
        "type": "Point",
        "coordinates": [
          132.68009404505972,
          35.390388669624336
        ]
      },
      "properties": {
        "FarmCommitteeCd": "3220321",
        "FarmCommitteeName": "出雲市農業委員会",
        "TodofukenCode": "32",
        "ShikuchosonCode": "322032",
        "OazaCode": "73300",
        "ClassificationOfLandCodeName": "畑",
        "ClassificationOfLand": "2",
        "AreaOnRegistry": "403",
        "SectionOfNoushinhouCodeName": "設定なし",
        "SectionOfNoushinhou": "0",
        "SectionOfToshikeikakuhouCodeName": "設定なし",
        "SectionOfToshikeikakuhou": "0",
        "OwnerFarmIntentionCodeName": "非公表",
        "OwnerFarmIntention": "999",
        "FarmerIndicationNumberHash": "fdb58321eef15bb025520d3e641ac9b0",
        "KindOfRightCodeName": "賃借権等の設定がない",
        "KindOfRight": "0",
        "CommencementDate": "",
        "EndStagesDate": "",
        "RightSettingContentsCodeName": "農地中間管理権が設定されていない",
        "RightSettingContents": "0",
        "UsageSituationInvestigationDate": "20250828",
        "UsageSituationInvestigationResultCodeName": "遊休農地ではない",
        "UsageSituationInvestigationResult": "3",
        "UseIntentionInvestigationDate": "",
        "OwnerStatementIntentSurveyResultsCodeName": "調査対象外",
        "OwnerStatementIntentSurveyResults": "6",
        "UseIntentionAscertainmentResultCodeName": "対象外",
        "UseIntentionAscertainmentResult": "1",
        "PublicNoticeDate": "",
        "RightOfMiddleManagement": "",
        "RecommendationContenDate": "",
        "ActionOrderDate": "",
        "MayorPublicAnnouncementDate": "",
        "Address": "島根県出雲市大社町杵築西1786-1",
        "Tiban": "1786-1",
        "SectionOfPolygon": "3",
        "SectionOfPolygonCodeName": "その他",
        "DaichoId": "320158961",
        "daicho_shubetsu_cd": "KNO01"
      }
    },
    {
      "type": "Feature",
      "geometry": {
        "type": "Point",
        "coordinates": [
          132.68010701479722,
          35.39020077885835
        ]
      },
      "properties": {
        "FarmCommitteeCd": "3220321",
        "FarmCommitteeName": "出雲市農業委員会",
        "TodofukenCode": "32",
        "ShikuchosonCode": "322032",
        "OazaCode": "73300",
        "ClassificationOfLandCodeName": "畑",
        "ClassificationOfLand": "2",
        "AreaOnRegistry": "9.04",
        "SectionOfNoushinhouCodeName": "設定なし",
        "SectionOfNoushinhou": "0",
        "SectionOfToshikeikakuhouCodeName": "設定なし",
        "SectionOfToshikeikakuhou": "0",
        "OwnerFarmIntentionCodeName": "非公表",
        "OwnerFarmIntention": "999",
        "FarmerIndicationNumberHash": "fdb58321eef15bb025520d3e641ac9b0",
        "KindOfRightCodeName": "賃借権等の設定がない",
        "KindOfRight": "0",
        "CommencementDate": "",
        "EndStagesDate": "",
        "RightSettingContentsCodeName": "農地中間管理権が設定されていない",
        "RightSettingContents": "0",
        "UsageSituationInvestigationDate": "20250828",
        "UsageSituationInvestigationResultCodeName": "遊休農地ではない",
        "UsageSituationInvestigationResult": "3",
        "UseIntentionInvestigationDate": "",
        "OwnerStatementIntentSurveyResultsCodeName": "調査対象外",
        "OwnerStatementIntentSurveyResults": "6",
        "UseIntentionAscertainmentResultCodeName": "対象外",
        "UseIntentionAscertainmentResult": "1",
        "PublicNoticeDate": "",
        "RightOfMiddleManagement": "",
        "RecommendationContenDate": "",
        "ActionOrderDate": "",
        "MayorPublicAnnouncementDate": "",
        "Address": "島根県出雲市大社町杵築西1786-6",
        "Tiban": "1786-6",
        "SectionOfPolygon": "3",
        "SectionOfPolygonCodeName": "その他",
        "DaichoId": "320158962",
        "daicho_shubetsu_cd": "KNO01"
      }
    },
    {
      "type": "Feature",
      "geometry": {
        "type": "Point",
        "coordinates": [
          132.6803084060439,
          35.39062664791957
        ]
      },
      "properties": {
        "FarmCommitteeCd": "3220321",
        "FarmCommitteeName": "出雲市農業委員会",
        "TodofukenCode": "32",
        "ShikuchosonCode": "322032",
        "OazaCode": "73300",
        "ClassificationOfLandCodeName": "畑",
        "ClassificationOfLand": "2",
        "AreaOnRegistry": "154",
        "SectionOfNoushinhouCodeName": "設定なし",
        "SectionOfNoushinhou": "0",
        "SectionOfToshikeikakuhouCodeName": "設定なし",
        "SectionOfToshikeikakuhou": "0",
        "OwnerFarmIntentionCodeName": "非公表",
        "OwnerFarmIntention": "999",
        "FarmerIndicationNumberHash": "fdb58321eef15bb025520d3e641ac9b0",
        "KindOfRightCodeName": "賃借権等の設定がない",
        "KindOfRight": "0",
        "CommencementDate": "",
        "EndStagesDate": "",
        "RightSettingContentsCodeName": "農地中間管理権が設定されていない",
        "RightSettingContents": "0",
        "UsageSituationInvestigationDate": "20250828",
        "UsageSituationInvestigationResultCodeName": "遊休農地ではない",
        "UsageSituationInvestigationResult": "3",
        "UseIntentionInvestigationDate": "",
        "OwnerStatementIntentSurveyResultsCodeName": "調査対象外",
        "OwnerStatementIntentSurveyResults": "6",
        "UseIntentionAscertainmentResultCodeName": "対象外",
        "UseIntentionAscertainmentResult": "1",
        "PublicNoticeDate": "",
        "RightOfMiddleManagement": "",
        "RecommendationContenDate": "",
        "ActionOrderDate": "",
        "MayorPublicAnnouncementDate": "",
        "Address": "島根県出雲市大社町杵築西1788-1",
        "Tiban": "1788-1",
        "SectionOfPolygon": "3",
        "SectionOfPolygonCodeName": "その他",
        "DaichoId": "320158966",
        "daicho_shubetsu_cd": "KNO01"
      }
    },
    {
      "type": "Feature",
      "geometry": {
        "type": "Point",
        "coordinates": [
          132.68045747195941,
          35.39087617811266
        ]
      },
      "properties": {
        "FarmCommitteeCd": "3220321",
        "FarmCommitteeName": "出雲市農業委員会",
        "TodofukenCode": "32",
        "ShikuchosonCode": "322032",
        "OazaCode": "73300",
        "ClassificationOfLandCodeName": "畑",
        "ClassificationOfLand": "2",
        "AreaOnRegistry": "230",
        "SectionOfNoushinhouCodeName": "設定なし",
        "SectionOfNoushinhou": "0",
        "SectionOfToshikeikakuhouCodeName": "設定なし",
        "SectionOfToshikeikakuhou": "0",
        "OwnerFarmIntentionCodeName": "非公表",
        "OwnerFarmIntention": "999",
        "FarmerIndicationNumberHash": "eb55e2be553556920b29a9edbcb6b5d0",
        "KindOfRightCodeName": "賃借権等の設定がない",
        "KindOfRight": "0",
        "CommencementDate": "",
        "EndStagesDate": "",
        "RightSettingContentsCodeName": "農地中間管理権が設定されていない",
        "RightSettingContents": "0",
        "UsageSituationInvestigationDate": "20250828",
        "UsageSituationInvestigationResultCodeName": "遊休農地ではない",
        "UsageSituationInvestigationResult": "3",
        "UseIntentionInvestigationDate": "",
        "OwnerStatementIntentSurveyResultsCodeName": "調査対象外",
        "OwnerStatementIntentSurveyResults": "6",
        "UseIntentionAscertainmentResultCodeName": "対象外",
        "UseIntentionAscertainmentResult": "1",
        "PublicNoticeDate": "",
        "RightOfMiddleManagement": "",
        "RecommendationContenDate": "",
        "ActionOrderDate": "",
        "MayorPublicAnnouncementDate": "",
        "Address": "島根県出雲市大社町杵築西1791-1",
        "Tiban": "1791-1",
        "SectionOfPolygon": "3",
        "SectionOfPolygonCodeName": "その他",
        "DaichoId": "320158968",
        "daicho_shubetsu_cd": "KNO01"
      }
    },
    {
      "type": "Feature",
      "geometry": {
        "type": "Point",
        "coordinates": [
          132.68047126081717,
          35.3907289214469
        ]
      },
      "properties": {
        "FarmCommitteeCd": "3220321",
        "FarmCommitteeName": "出雲市農業委員会",
        "TodofukenCode": "32",
        "ShikuchosonCode": "322032",
        "OazaCode": "73300",
        "ClassificationOfLandCodeName": "畑",
        "ClassificationOfLand": "2",
        "AreaOnRegistry": "14",
        "SectionOfNoushinhouCodeName": "設定なし",
        "SectionOfNoushinhou": "0",
        "SectionOfToshikeikakuhouCodeName": "設定なし",
        "SectionOfToshikeikakuhou": "0",
        "OwnerFarmIntentionCodeName": "非公表",
        "OwnerFarmIntention": "999",
        "FarmerIndicationNumberHash": "eb55e2be553556920b29a9edbcb6b5d0",
        "KindOfRightCodeName": "賃借権等の設定がない",
        "KindOfRight": "0",
        "CommencementDate": "",
        "EndStagesDate": "",
        "RightSettingContentsCodeName": "農地中間管理権が設定されていない",
        "RightSettingContents": "0",
        "UsageSituationInvestigationDate": "20250828",
        "UsageSituationInvestigationResultCodeName": "遊休農地ではない",
        "UsageSituationInvestigationResult": "3",
        "UseIntentionInvestigationDate": "",
        "OwnerStatementIntentSurveyResultsCodeName": "調査対象外",
        "OwnerStatementIntentSurveyResults": "6",
        "UseIntentionAscertainmentResultCodeName": "対象外",
        "UseIntentionAscertainmentResult": "1",
        "PublicNoticeDate": "",
        "RightOfMiddleManagement": "",
        "RecommendationContenDate": "",
        "ActionOrderDate": "",
        "MayorPublicAnnouncementDate": "",
        "Address": "島根県出雲市大社町杵築西1791-3",
        "Tiban": "1791-3",
        "SectionOfPolygon": "3",
        "SectionOfPolygonCodeName": "その他",
        "DaichoId": "320158969",
        "daicho_shubetsu_cd": "KNO01"
      }
    },
    {
      "type": "Feature",
      "geometry": {
        "type": "Point",
        "coordinates": [
          132.68032470463618,
          35.39080027505648
        ]
      },
      "properties": {
        "FarmCommitteeCd": "3220321",
        "FarmCommitteeName": "出雲市農業委員会",
        "TodofukenCode": "32",
        "ShikuchosonCode": "322032",
        "OazaCode": "73300",
        "ClassificationOfLandCodeName": "畑",
        "ClassificationOfLand": "2",
        "AreaOnRegistry": "327",
        "SectionOfNoushinhouCodeName": "設定なし",
        "SectionOfNoushinhou": "0",
        "SectionOfToshikeikakuhouCodeName": "設定なし",
        "SectionOfToshikeikakuhou": "0",
        "OwnerFarmIntentionCodeName": "非公表",
        "OwnerFarmIntention": "999",
        "FarmerIndicationNumberHash": "eb55e2be553556920b29a9edbcb6b5d0",
        "KindOfRightCodeName": "賃借権等の設定がない",
        "KindOfRight": "0",
        "CommencementDate": "",
        "EndStagesDate": "",
        "RightSettingContentsCodeName": "農地中間管理権が設定されていない",
        "RightSettingContents": "0",
        "UsageSituationInvestigationDate": "20250828",
        "UsageSituationInvestigationResultCodeName": "遊休農地ではない",
        "UsageSituationInvestigationResult": "3",
        "UseIntentionInvestigationDate": "",
        "OwnerStatementIntentSurveyResultsCodeName": "調査対象外",
        "OwnerStatementIntentSurveyResults": "6",
        "UseIntentionAscertainmentResultCodeName": "対象外",
        "UseIntentionAscertainmentResult": "1",
        "PublicNoticeDate": "",
        "RightOfMiddleManagement": "",
        "RecommendationContenDate": "",
        "ActionOrderDate": "",
        "MayorPublicAnnouncementDate": "",
        "Address": "島根県出雲市大社町杵築西1792",
        "Tiban": "1792",
        "SectionOfPolygon": "3",
        "SectionOfPolygonCodeName": "その他",
        "DaichoId": "320158970",
        "daicho_shubetsu_cd": "KNO01"
      }
    },
    {
      "type": "Feature",
      "geometry": {
        "type": "Point",
        "coordinates": [
          132.68035862169415,
          35.39071131543486
        ]
      },
      "properties": {
        "FarmCommitteeCd": "3220321",
        "FarmCommitteeName": "出雲市農業委員会",
        "TodofukenCode": "32",
        "ShikuchosonCode": "322032",
        "OazaCode": "73300",
        "ClassificationOfLandCodeName": "畑",
        "ClassificationOfLand": "2",
        "AreaOnRegistry": "22",
        "SectionOfNoushinhouCodeName": "設定なし",
        "SectionOfNoushinhou": "0",
        "SectionOfToshikeikakuhouCodeName": "設定なし",
        "SectionOfToshikeikakuhou": "0",
        "OwnerFarmIntentionCodeName": "非公表",
        "OwnerFarmIntention": "999",
        "FarmerIndicationNumberHash": "eb55e2be553556920b29a9edbcb6b5d0",
        "KindOfRightCodeName": "賃借権等の設定がない",
        "KindOfRight": "0",
        "CommencementDate": "",
        "EndStagesDate": "",
        "RightSettingContentsCodeName": "農地中間管理権が設定されていない",
        "RightSettingContents": "0",
        "UsageSituationInvestigationDate": "20250828",
        "UsageSituationInvestigationResultCodeName": "遊休農地ではない",
        "UsageSituationInvestigationResult": "3",
        "UseIntentionInvestigationDate": "",
        "OwnerStatementIntentSurveyResultsCodeName": "調査対象外",
        "OwnerStatementIntentSurveyResults": "6",
        "UseIntentionAscertainmentResultCodeName": "対象外",
        "UseIntentionAscertainmentResult": "1",
        "PublicNoticeDate": "",
        "RightOfMiddleManagement": "",
        "RecommendationContenDate": "",
        "ActionOrderDate": "",
        "MayorPublicAnnouncementDate": "",
        "Address": "島根県出雲市大社町杵築西1792-1",
        "Tiban": "1792-1",
        "SectionOfPolygon": "3",
        "SectionOfPolygonCodeName": "その他",
        "DaichoId": "320158971",
        "daicho_shubetsu_cd": "KNO01"
      }
    },
    {
      "type": "Feature",
      "geometry": {
        "type": "Point",
        "coordinates": [
          132.68022939301494,
          35.39079399871725
        ]
      },
      "properties": {
        "FarmCommitteeCd": "3220321",
        "FarmCommitteeName": "出雲市農業委員会",
        "TodofukenCode": "32",
        "ShikuchosonCode": "322032",
        "OazaCode": "73300",
        "ClassificationOfLandCodeName": "畑",
        "ClassificationOfLand": "2",
        "AreaOnRegistry": "14",
        "SectionOfNoushinhouCodeName": "設定なし",
        "SectionOfNoushinhou": "0",
        "SectionOfToshikeikakuhouCodeName": "設定なし",
        "SectionOfToshikeikakuhou": "0",
        "OwnerFarmIntentionCodeName": "非公表",
        "OwnerFarmIntention": "999",
        "FarmerIndicationNumberHash": "eb55e2be553556920b29a9edbcb6b5d0",
        "KindOfRightCodeName": "賃借権等の設定がない",
        "KindOfRight": "0",
        "CommencementDate": "",
        "EndStagesDate": "",
        "RightSettingContentsCodeName": "農地中間管理権が設定されていない",
        "RightSettingContents": "0",
        "UsageSituationInvestigationDate": "20250828",
        "UsageSituationInvestigationResultCodeName": "遊休農地ではない",
        "UsageSituationInvestigationResult": "3",
        "UseIntentionInvestigationDate": "",
        "OwnerStatementIntentSurveyResultsCodeName": "調査対象外",
        "OwnerStatementIntentSurveyResults": "6",
        "UseIntentionAscertainmentResultCodeName": "対象外",
        "UseIntentionAscertainmentResult": "1",
        "PublicNoticeDate": "",
        "RightOfMiddleManagement": "",
        "RecommendationContenDate": "",
        "ActionOrderDate": "",
        "MayorPublicAnnouncementDate": "",
        "Address": "島根県出雲市大社町杵築西1792-2",
        "Tiban": "1792-2",
        "SectionOfPolygon": "3",
        "SectionOfPolygonCodeName": "その他",
        "DaichoId": "320158972",
        "daicho_shubetsu_cd": "KNO01"
      }
    },
    {
      "type": "Feature",
      "geometry": {
        "type": "Point",
        "coordinates": [
          132.67989431804688,
          35.39089995892122
        ]
      },
      "properties": {
        "FarmCommitteeCd": "3220321",
        "FarmCommitteeName": "出雲市農業委員会",
        "TodofukenCode": "32",
        "ShikuchosonCode": "322032",
        "OazaCode": "73300",
        "ClassificationOfLandCodeName": "畑",
        "ClassificationOfLand": "2",
        "AreaOnRegistry": "191",
        "SectionOfNoushinhouCodeName": "設定なし",
        "SectionOfNoushinhou": "0",
        "SectionOfToshikeikakuhouCodeName": "設定なし",
        "SectionOfToshikeikakuhou": "0",
        "OwnerFarmIntentionCodeName": "非公表",
        "OwnerFarmIntention": "999",
        "FarmerIndicationNumberHash": "a08d3f92c4cbe8b40ee8897f383004a3",
        "KindOfRightCodeName": "賃借権等の設定がない",
        "KindOfRight": "0",
        "CommencementDate": "",
        "EndStagesDate": "",
        "RightSettingContentsCodeName": "農地中間管理権が設定されていない",
        "RightSettingContents": "0",
        "UsageSituationInvestigationDate": "20250828",
        "UsageSituationInvestigationResultCodeName": "遊休農地ではない",
        "UsageSituationInvestigationResult": "3",
        "UseIntentionInvestigationDate": "",
        "OwnerStatementIntentSurveyResultsCodeName": "調査対象外",
        "OwnerStatementIntentSurveyResults": "6",
        "UseIntentionAscertainmentResultCodeName": "対象外",
        "UseIntentionAscertainmentResult": "1",
        "PublicNoticeDate": "",
        "RightOfMiddleManagement": "",
        "RecommendationContenDate": "",
        "ActionOrderDate": "",
        "MayorPublicAnnouncementDate": "",
        "Address": "島根県出雲市大社町杵築西1795-1",
        "Tiban": "1795-1",
        "SectionOfPolygon": "3",
        "SectionOfPolygonCodeName": "その他",
        "DaichoId": "320158975",
        "daicho_shubetsu_cd": "KNO01"
      }
    },
    {
      "type": "Feature",
      "geometry": {
        "type": "Point",
        "coordinates": [
          132.67987412116378,
          35.390802208278785
        ]
      },
      "properties": {
        "FarmCommitteeCd": "3220321",
        "FarmCommitteeName": "出雲市農業委員会",
        "TodofukenCode": "32",
        "ShikuchosonCode": "322032",
        "OazaCode": "73300",
        "ClassificationOfLandCodeName": "畑",
        "ClassificationOfLand": "2",
        "AreaOnRegistry": "26",
        "SectionOfNoushinhouCodeName": "設定なし",
        "SectionOfNoushinhou": "0",
        "SectionOfToshikeikakuhouCodeName": "設定なし",
        "SectionOfToshikeikakuhou": "0",
        "OwnerFarmIntentionCodeName": "非公表",
        "OwnerFarmIntention": "999",
        "FarmerIndicationNumberHash": "a08d3f92c4cbe8b40ee8897f383004a3",
        "KindOfRightCodeName": "賃借権等の設定がない",
        "KindOfRight": "0",
        "CommencementDate": "",
        "EndStagesDate": "",
        "RightSettingContentsCodeName": "農地中間管理権が設定されていない",
        "RightSettingContents": "0",
        "UsageSituationInvestigationDate": "20250828",
        "UsageSituationInvestigationResultCodeName": "遊休農地ではない",
        "UsageSituationInvestigationResult": "3",
        "UseIntentionInvestigationDate": "",
        "OwnerStatementIntentSurveyResultsCodeName": "調査対象外",
        "OwnerStatementIntentSurveyResults": "6",
        "UseIntentionAscertainmentResultCodeName": "対象外",
        "UseIntentionAscertainmentResult": "1",
        "PublicNoticeDate": "",
        "RightOfMiddleManagement": "",
        "RecommendationContenDate": "",
        "ActionOrderDate": "",
        "MayorPublicAnnouncementDate": "",
        "Address": "島根県出雲市大社町杵築西1795-3",
        "Tiban": "1795-3",
        "SectionOfPolygon": "3",
        "SectionOfPolygonCodeName": "その他",
        "DaichoId": "320158976",
        "daicho_shubetsu_cd": "KNO01"
      }
    },
    {
      "type": "Feature",
      "geometry": {
        "type": "Point",
        "coordinates": [
          132.67981024913763,
          35.39088843047334
        ]
      },
      "properties": {
        "FarmCommitteeCd": "3220321",
        "FarmCommitteeName": "出雲市農業委員会",
        "TodofukenCode": "32",
        "ShikuchosonCode": "322032",
        "OazaCode": "73300",
        "ClassificationOfLandCodeName": "畑",
        "ClassificationOfLand": "2",
        "AreaOnRegistry": "94",
        "SectionOfNoushinhouCodeName": "設定なし",
        "SectionOfNoushinhou": "0",
        "SectionOfToshikeikakuhouCodeName": "設定なし",
        "SectionOfToshikeikakuhou": "0",
        "OwnerFarmIntentionCodeName": "非公表",
        "OwnerFarmIntention": "999",
        "FarmerIndicationNumberHash": "a08d3f92c4cbe8b40ee8897f383004a3",
        "KindOfRightCodeName": "賃借権等の設定がない",
        "KindOfRight": "0",
        "CommencementDate": "",
        "EndStagesDate": "",
        "RightSettingContentsCodeName": "農地中間管理権が設定されていない",
        "RightSettingContents": "0",
        "UsageSituationInvestigationDate": "20250828",
        "UsageSituationInvestigationResultCodeName": "遊休農地ではない",
        "UsageSituationInvestigationResult": "3",
        "UseIntentionInvestigationDate": "",
        "OwnerStatementIntentSurveyResultsCodeName": "調査対象外",
        "OwnerStatementIntentSurveyResults": "6",
        "UseIntentionAscertainmentResultCodeName": "対象外",
        "UseIntentionAscertainmentResult": "1",
        "PublicNoticeDate": "",
        "RightOfMiddleManagement": "",
        "RecommendationContenDate": "",
        "ActionOrderDate": "",
        "MayorPublicAnnouncementDate": "",
        "Address": "島根県出雲市大社町杵築西1796-1",
        "Tiban": "1796-1",
        "SectionOfPolygon": "3",
        "SectionOfPolygonCodeName": "その他",
        "DaichoId": "320158977",
        "daicho_shubetsu_cd": "KNO01"
      }
    },
    {
      "type": "Feature",
      "geometry": {
        "type": "Point",
        "coordinates": [
          132.6796396659494,
          35.39125007409533
        ]
      },
      "properties": {
        "FarmCommitteeCd": "3220321",
        "FarmCommitteeName": "出雲市農業委員会",
        "TodofukenCode": "32",
        "ShikuchosonCode": "322032",
        "OazaCode": "73300",
        "ClassificationOfLandCodeName": "畑",
        "ClassificationOfLand": "2",
        "AreaOnRegistry": "529",
        "SectionOfNoushinhouCodeName": "設定なし",
        "SectionOfNoushinhou": "0",
        "SectionOfToshikeikakuhouCodeName": "設定なし",
        "SectionOfToshikeikakuhou": "0",
        "OwnerFarmIntentionCodeName": "非公表",
        "OwnerFarmIntention": "999",
        "FarmerIndicationNumberHash": "a468d738a25bd5c36d07385a67239592",
        "KindOfRightCodeName": "賃借権等の設定がない",
        "KindOfRight": "0",
        "CommencementDate": "",
        "EndStagesDate": "",
        "RightSettingContentsCodeName": "農地中間管理権が設定されていない",
        "RightSettingContents": "0",
        "UsageSituationInvestigationDate": "20250828",
        "UsageSituationInvestigationResultCodeName": "遊休農地（不耕作緑）",
        "UsageSituationInvestigationResult": "6",
        "UseIntentionInvestigationDate": "",
        "OwnerStatementIntentSurveyResultsCodeName": "調査中",
        "OwnerStatementIntentSurveyResults": "9",
        "UseIntentionAscertainmentResultCodeName": "調査中",
        "UseIntentionAscertainmentResult": "2",
        "PublicNoticeDate": "",
        "RightOfMiddleManagement": "",
        "RecommendationContenDate": "",
        "ActionOrderDate": "",
        "MayorPublicAnnouncementDate": "",
        "Address": "島根県出雲市大社町杵築西1798",
        "Tiban": "1798",
        "SectionOfPolygon": "3",
        "SectionOfPolygonCodeName": "その他",
        "DaichoId": "320158978",
        "daicho_shubetsu_cd": "KNO01"
      }
    },
    {
      "type": "Feature",
      "geometry": {
        "type": "Point",
        "coordinates": [
          132.67978108374822,
          35.39117666573703
        ]
      },
      "properties": {
        "FarmCommitteeCd": "3220321",
        "FarmCommitteeName": "出雲市農業委員会",
        "TodofukenCode": "32",
        "ShikuchosonCode": "322032",
        "OazaCode": "73300",
        "ClassificationOfLandCodeName": "畑",
        "ClassificationOfLand": "2",
        "AreaOnRegistry": "383",
        "SectionOfNoushinhouCodeName": "設定なし",
        "SectionOfNoushinhou": "0",
        "SectionOfToshikeikakuhouCodeName": "設定なし",
        "SectionOfToshikeikakuhou": "0",
        "OwnerFarmIntentionCodeName": "非公表",
        "OwnerFarmIntention": "999",
        "FarmerIndicationNumberHash": "8746ee73fbd878286c91c4a80357cfa4",
        "KindOfRightCodeName": "賃借権等の設定がない",
        "KindOfRight": "0",
        "CommencementDate": "",
        "EndStagesDate": "",
        "RightSettingContentsCodeName": "農地中間管理権が設定されていない",
        "RightSettingContents": "0",
        "UsageSituationInvestigationDate": "20250828",
        "UsageSituationInvestigationResultCodeName": "その他",
        "UsageSituationInvestigationResult": "4",
        "UseIntentionInvestigationDate": "",
        "OwnerStatementIntentSurveyResultsCodeName": "調査中",
        "OwnerStatementIntentSurveyResults": "9",
        "UseIntentionAscertainmentResultCodeName": "調査中",
        "UseIntentionAscertainmentResult": "2",
        "PublicNoticeDate": "",
        "RightOfMiddleManagement": "",
        "RecommendationContenDate": "",
        "ActionOrderDate": "",
        "MayorPublicAnnouncementDate": "",
        "Address": "島根県出雲市大社町杵築西1799-1",
        "Tiban": "1799-1",
        "SectionOfPolygon": "3",
        "SectionOfPolygonCodeName": "その他",
        "DaichoId": "320158979",
        "daicho_shubetsu_cd": "KNO01"
      }
    },
    {
      "type": "Feature",
      "geometry": {
        "type": "Point",
        "coordinates": [
          132.67989746104485,
          35.391233889505
        ]
      },
      "properties": {
        "FarmCommitteeCd": "3220321",
        "FarmCommitteeName": "出雲市農業委員会",
        "TodofukenCode": "32",
        "ShikuchosonCode": "322032",
        "OazaCode": "73300",
        "ClassificationOfLandCodeName": "畑",
        "ClassificationOfLand": "2",
        "AreaOnRegistry": "308",
        "SectionOfNoushinhouCodeName": "設定なし",
        "SectionOfNoushinhou": "0",
        "SectionOfToshikeikakuhouCodeName": "設定なし",
        "SectionOfToshikeikakuhou": "0",
        "OwnerFarmIntentionCodeName": "非公表",
        "OwnerFarmIntention": "999",
        "FarmerIndicationNumberHash": "007749f320ccb67702c8504c788fe98f",
        "KindOfRightCodeName": "賃借権等の設定がない",
        "KindOfRight": "0",
        "CommencementDate": "",
        "EndStagesDate": "",
        "RightSettingContentsCodeName": "農地中間管理権が設定されていない",
        "RightSettingContents": "0",
        "UsageSituationInvestigationDate": "20250828",
        "UsageSituationInvestigationResultCodeName": "遊休農地ではない",
        "UsageSituationInvestigationResult": "3",
        "UseIntentionInvestigationDate": "",
        "OwnerStatementIntentSurveyResultsCodeName": "調査対象外",
        "OwnerStatementIntentSurveyResults": "6",
        "UseIntentionAscertainmentResultCodeName": "対象外",
        "UseIntentionAscertainmentResult": "1",
        "PublicNoticeDate": "",
        "RightOfMiddleManagement": "",
        "RecommendationContenDate": "",
        "ActionOrderDate": "",
        "MayorPublicAnnouncementDate": "",
        "Address": "島根県出雲市大社町杵築西1800",
        "Tiban": "1800",
        "SectionOfPolygon": "3",
        "SectionOfPolygonCodeName": "その他",
        "DaichoId": "320158980",
        "daicho_shubetsu_cd": "KNO01"
      }
    },
    {
      "type": "Feature",
      "geometry": {
        "type": "Point",
        "coordinates": [
          132.67989061592954,
          35.391064771182464
        ]
      },
      "properties": {
        "FarmCommitteeCd": "3220321",
        "FarmCommitteeName": "出雲市農業委員会",
        "TodofukenCode": "32",
        "ShikuchosonCode": "322032",
        "OazaCode": "73300",
        "ClassificationOfLandCodeName": "畑",
        "ClassificationOfLand": "2",
        "AreaOnRegistry": "95",
        "SectionOfNoushinhouCodeName": "設定なし",
        "SectionOfNoushinhou": "0",
        "SectionOfToshikeikakuhouCodeName": "設定なし",
        "SectionOfToshikeikakuhou": "0",
        "OwnerFarmIntentionCodeName": "非公表",
        "OwnerFarmIntention": "999",
        "FarmerIndicationNumberHash": "8746ee73fbd878286c91c4a80357cfa4",
        "KindOfRightCodeName": "賃借権等の設定がない",
        "KindOfRight": "0",
        "CommencementDate": "",
        "EndStagesDate": "",
        "RightSettingContentsCodeName": "農地中間管理権が設定されていない",
        "RightSettingContents": "0",
        "UsageSituationInvestigationDate": "20250828",
        "UsageSituationInvestigationResultCodeName": "遊休農地（不耕作緑）",
        "UsageSituationInvestigationResult": "6",
        "UseIntentionInvestigationDate": "20241126",
        "OwnerStatementIntentSurveyResultsCodeName": "調査中",
        "OwnerStatementIntentSurveyResults": "9",
        "UseIntentionAscertainmentResultCodeName": "調査中",
        "UseIntentionAscertainmentResult": "2",
        "PublicNoticeDate": "",
        "RightOfMiddleManagement": "",
        "RecommendationContenDate": "",
        "ActionOrderDate": "",
        "MayorPublicAnnouncementDate": "",
        "Address": "島根県出雲市大社町杵築西1801-1",
        "Tiban": "1801-1",
        "SectionOfPolygon": "3",
        "SectionOfPolygonCodeName": "その他",
        "DaichoId": "320158981",
        "daicho_shubetsu_cd": "KNO01"
      }
    },
    {
      "type": "Feature",
      "geometry": {
        "type": "Point",
        "coordinates": [
          132.67996101275833,
          35.39119942088869
        ]
      },
      "properties": {
        "FarmCommitteeCd": "3220321",
        "FarmCommitteeName": "出雲市農業委員会",
        "TodofukenCode": "32",
        "ShikuchosonCode": "322032",
        "OazaCode": "73300",
        "ClassificationOfLandCodeName": "畑",
        "ClassificationOfLand": "2",
        "AreaOnRegistry": "17",
        "SectionOfNoushinhouCodeName": "設定なし",
        "SectionOfNoushinhou": "0",
        "SectionOfToshikeikakuhouCodeName": "設定なし",
        "SectionOfToshikeikakuhou": "0",
        "OwnerFarmIntentionCodeName": "非公表",
        "OwnerFarmIntention": "999",
        "FarmerIndicationNumberHash": "f0de7783c5d39cb0c932eeb5891f31d8",
        "KindOfRightCodeName": "賃借権等の設定がない",
        "KindOfRight": "0",
        "CommencementDate": "",
        "EndStagesDate": "",
        "RightSettingContentsCodeName": "農地中間管理権が設定されていない",
        "RightSettingContents": "0",
        "UsageSituationInvestigationDate": "20250828",
        "UsageSituationInvestigationResultCodeName": "遊休農地（不耕作緑）",
        "UsageSituationInvestigationResult": "6",
        "UseIntentionInvestigationDate": "",
        "OwnerStatementIntentSurveyResultsCodeName": "調査中",
        "OwnerStatementIntentSurveyResults": "9",
        "UseIntentionAscertainmentResultCodeName": "調査中",
        "UseIntentionAscertainmentResult": "2",
        "PublicNoticeDate": "",
        "RightOfMiddleManagement": "",
        "RecommendationContenDate": "",
        "ActionOrderDate": "",
        "MayorPublicAnnouncementDate": "",
        "Address": "島根県出雲市大社町杵築西1802-4",
        "Tiban": "1802-4",
        "SectionOfPolygon": "3",
        "SectionOfPolygonCodeName": "その他",
        "DaichoId": "320158988",
        "daicho_shubetsu_cd": "KNO01"
      }
    },
    {
      "type": "Feature",
      "geometry": {
        "type": "Point",
        "coordinates": [
          132.680281880446,
          35.39143309055552
        ]
      },
      "properties": {
        "FarmCommitteeCd": "3220321",
        "FarmCommitteeName": "出雲市農業委員会",
        "TodofukenCode": "32",
        "ShikuchosonCode": "322032",
        "OazaCode": "73300",
        "ClassificationOfLandCodeName": "畑",
        "ClassificationOfLand": "2",
        "AreaOnRegistry": "1801",
        "SectionOfNoushinhouCodeName": "設定なし",
        "SectionOfNoushinhou": "0",
        "SectionOfToshikeikakuhouCodeName": "設定なし",
        "SectionOfToshikeikakuhou": "0",
        "OwnerFarmIntentionCodeName": "非公表",
        "OwnerFarmIntention": "999",
        "FarmerIndicationNumberHash": "52cdf65066e0313bca1897f7db4b0a42",
        "KindOfRightCodeName": "賃借権等の設定がない",
        "KindOfRight": "0",
        "CommencementDate": "",
        "EndStagesDate": "",
        "RightSettingContentsCodeName": "農地中間管理権が設定されていない",
        "RightSettingContents": "0",
        "UsageSituationInvestigationDate": "20250828",
        "UsageSituationInvestigationResultCodeName": "遊休農地（低利用）",
        "UsageSituationInvestigationResult": "2",
        "UseIntentionInvestigationDate": "20241126",
        "OwnerStatementIntentSurveyResultsCodeName": "調査中",
        "OwnerStatementIntentSurveyResults": "9",
        "UseIntentionAscertainmentResultCodeName": "調査中",
        "UseIntentionAscertainmentResult": "2",
        "PublicNoticeDate": "",
        "RightOfMiddleManagement": "",
        "RecommendationContenDate": "",
        "ActionOrderDate": "",
        "MayorPublicAnnouncementDate": "",
        "Address": "島根県出雲市大社町杵築西1806-1",
        "Tiban": "1806-1",
        "SectionOfPolygon": "3",
        "SectionOfPolygonCodeName": "その他",
        "DaichoId": "320158992",
        "daicho_shubetsu_cd": "KNO01"
      }
    },
    {
      "type": "Feature",
      "geometry": {
        "type": "Point",
        "coordinates": [
          132.68006429021972,
          35.39156872151118
        ]
      },
      "properties": {
        "FarmCommitteeCd": "3220321",
        "FarmCommitteeName": "出雲市農業委員会",
        "TodofukenCode": "32",
        "ShikuchosonCode": "322032",
        "OazaCode": "73300",
        "ClassificationOfLandCodeName": "畑",
        "ClassificationOfLand": "2",
        "AreaOnRegistry": "187",
        "SectionOfNoushinhouCodeName": "設定なし",
        "SectionOfNoushinhou": "0",
        "SectionOfToshikeikakuhouCodeName": "設定なし",
        "SectionOfToshikeikakuhou": "0",
        "OwnerFarmIntentionCodeName": "非公表",
        "OwnerFarmIntention": "999",
        "FarmerIndicationNumberHash": "52cdf65066e0313bca1897f7db4b0a42",
        "KindOfRightCodeName": "賃借権等の設定がない",
        "KindOfRight": "0",
        "CommencementDate": "",
        "EndStagesDate": "",
        "RightSettingContentsCodeName": "農地中間管理権が設定されていない",
        "RightSettingContents": "0",
        "UsageSituationInvestigationDate": "20250828",
        "UsageSituationInvestigationResultCodeName": "遊休農地（低利用）",
        "UsageSituationInvestigationResult": "2",
        "UseIntentionInvestigationDate": "20241126",
        "OwnerStatementIntentSurveyResultsCodeName": "調査中",
        "OwnerStatementIntentSurveyResults": "9",
        "UseIntentionAscertainmentResultCodeName": "調査中",
        "UseIntentionAscertainmentResult": "2",
        "PublicNoticeDate": "",
        "RightOfMiddleManagement": "",
        "RecommendationContenDate": "",
        "ActionOrderDate": "",
        "MayorPublicAnnouncementDate": "",
        "Address": "島根県出雲市大社町杵築西1806-2",
        "Tiban": "1806-2",
        "SectionOfPolygon": "3",
        "SectionOfPolygonCodeName": "その他",
        "DaichoId": "320158993",
        "daicho_shubetsu_cd": "KNO01"
      }
    },
    {
      "type": "Feature",
      "geometry": {
        "type": "Point",
        "coordinates": [
          132.68016760361158,
          35.391963060825404
        ]
      },
      "properties": {
        "FarmCommitteeCd": "3220321",
        "FarmCommitteeName": "出雲市農業委員会",
        "TodofukenCode": "32",
        "ShikuchosonCode": "322032",
        "OazaCode": "73300",
        "ClassificationOfLandCodeName": "畑",
        "ClassificationOfLand": "2",
        "AreaOnRegistry": "331",
        "SectionOfNoushinhouCodeName": "設定なし",
        "SectionOfNoushinhou": "0",
        "SectionOfToshikeikakuhouCodeName": "設定なし",
        "SectionOfToshikeikakuhou": "0",
        "OwnerFarmIntentionCodeName": "非公表",
        "OwnerFarmIntention": "999",
        "FarmerIndicationNumberHash": "238be6c48eca12943ca87362b475080d",
        "KindOfRightCodeName": "賃借権等の設定がない",
        "KindOfRight": "0",
        "CommencementDate": "",
        "EndStagesDate": "",
        "RightSettingContentsCodeName": "農地中間管理権が設定されていない",
        "RightSettingContents": "0",
        "UsageSituationInvestigationDate": "20250828",
        "UsageSituationInvestigationResultCodeName": "遊休農地（低利用）",
        "UsageSituationInvestigationResult": "2",
        "UseIntentionInvestigationDate": "",
        "OwnerStatementIntentSurveyResultsCodeName": "調査中",
        "OwnerStatementIntentSurveyResults": "9",
        "UseIntentionAscertainmentResultCodeName": "調査中",
        "UseIntentionAscertainmentResult": "2",
        "PublicNoticeDate": "",
        "RightOfMiddleManagement": "",
        "RecommendationContenDate": "",
        "ActionOrderDate": "",
        "MayorPublicAnnouncementDate": "",
        "Address": "島根県出雲市大社町杵築西1810-3",
        "Tiban": "1810-3",
        "SectionOfPolygon": "3",
        "SectionOfPolygonCodeName": "その他",
        "DaichoId": "320158995",
        "daicho_shubetsu_cd": "KNO01"
      }
    },
    {
      "type": "Feature",
      "geometry": {
        "type": "Point",
        "coordinates": [
          132.68022691487153,
          35.39167326331471
        ]
      },
      "properties": {
        "FarmCommitteeCd": "3220321",
        "FarmCommitteeName": "出雲市農業委員会",
        "TodofukenCode": "32",
        "ShikuchosonCode": "322032",
        "OazaCode": "73300",
        "ClassificationOfLandCodeName": "畑",
        "ClassificationOfLand": "2",
        "AreaOnRegistry": "532",
        "SectionOfNoushinhouCodeName": "設定なし",
        "SectionOfNoushinhou": "0",
        "SectionOfToshikeikakuhouCodeName": "設定なし",
        "SectionOfToshikeikakuhou": "0",
        "OwnerFarmIntentionCodeName": "非公表",
        "OwnerFarmIntention": "999",
        "FarmerIndicationNumberHash": "49ed404bda74da71a609b59ed03696f8",
        "KindOfRightCodeName": "賃借権等の設定がない",
        "KindOfRight": "0",
        "CommencementDate": "",
        "EndStagesDate": "",
        "RightSettingContentsCodeName": "農地中間管理権が設定されていない",
        "RightSettingContents": "0",
        "UsageSituationInvestigationDate": "20250828",
        "UsageSituationInvestigationResultCodeName": "遊休農地（低利用）",
        "UsageSituationInvestigationResult": "2",
        "UseIntentionInvestigationDate": "20231201",
        "OwnerStatementIntentSurveyResultsCodeName": "調査中",
        "OwnerStatementIntentSurveyResults": "9",
        "UseIntentionAscertainmentResultCodeName": "調査中",
        "UseIntentionAscertainmentResult": "2",
        "PublicNoticeDate": "",
        "RightOfMiddleManagement": "",
        "RecommendationContenDate": "",
        "ActionOrderDate": "",
        "MayorPublicAnnouncementDate": "",
        "Address": "島根県出雲市大社町杵築西1812-1",
        "Tiban": "1812-1",
        "SectionOfPolygon": "3",
        "SectionOfPolygonCodeName": "その他",
        "DaichoId": "320158996",
        "daicho_shubetsu_cd": "KNO01"
      }
    },
    {
      "type": "Feature",
      "geometry": {
        "type": "Point",
        "coordinates": [
          132.67968325334783,
          35.39148347773837
        ]
      },
      "properties": {
        "FarmCommitteeCd": "3220321",
        "FarmCommitteeName": "出雲市農業委員会",
        "TodofukenCode": "32",
        "ShikuchosonCode": "322032",
        "OazaCode": "73300",
        "ClassificationOfLandCodeName": "畑",
        "ClassificationOfLand": "2",
        "AreaOnRegistry": "968",
        "SectionOfNoushinhouCodeName": "設定なし",
        "SectionOfNoushinhou": "0",
        "SectionOfToshikeikakuhouCodeName": "設定なし",
        "SectionOfToshikeikakuhou": "0",
        "OwnerFarmIntentionCodeName": "非公表",
        "OwnerFarmIntention": "999",
        "FarmerIndicationNumberHash": "1220120b26331d03b15b753b6deea8da",
        "KindOfRightCodeName": "賃借権等の設定がない",
        "KindOfRight": "0",
        "CommencementDate": "",
        "EndStagesDate": "",
        "RightSettingContentsCodeName": "農地中間管理権が設定されていない",
        "RightSettingContents": "0",
        "UsageSituationInvestigationDate": "20250828",
        "UsageSituationInvestigationResultCodeName": "遊休農地ではない",
        "UsageSituationInvestigationResult": "3",
        "UseIntentionInvestigationDate": "",
        "OwnerStatementIntentSurveyResultsCodeName": "調査対象外",
        "OwnerStatementIntentSurveyResults": "6",
        "UseIntentionAscertainmentResultCodeName": "対象外",
        "UseIntentionAscertainmentResult": "1",
        "PublicNoticeDate": "",
        "RightOfMiddleManagement": "",
        "RecommendationContenDate": "",
        "ActionOrderDate": "",
        "MayorPublicAnnouncementDate": "",
        "Address": "島根県出雲市大社町杵築西1814",
        "Tiban": "1814",
        "SectionOfPolygon": "3",
        "SectionOfPolygonCodeName": "その他",
        "DaichoId": "320158997",
        "daicho_shubetsu_cd": "KNO01"
      }
    },
    {
      "type": "Feature",
      "geometry": {
        "type": "Point",
        "coordinates": [
          132.67946726625428,
          35.39129400471745
        ]
      },
      "properties": {
        "FarmCommitteeCd": "3220321",
        "FarmCommitteeName": "出雲市農業委員会",
        "TodofukenCode": "32",
        "ShikuchosonCode": "322032",
        "OazaCode": "73300",
        "ClassificationOfLandCodeName": "畑",
        "ClassificationOfLand": "2",
        "AreaOnRegistry": "461",
        "SectionOfNoushinhouCodeName": "設定なし",
        "SectionOfNoushinhou": "0",
        "SectionOfToshikeikakuhouCodeName": "設定なし",
        "SectionOfToshikeikakuhou": "0",
        "OwnerFarmIntentionCodeName": "非公表",
        "OwnerFarmIntention": "999",
        "FarmerIndicationNumberHash": "649fa488627bd7ff0121ba58f8a1e126",
        "KindOfRightCodeName": "賃借権等の設定がない",
        "KindOfRight": "0",
        "CommencementDate": "",
        "EndStagesDate": "",
        "RightSettingContentsCodeName": "農地中間管理権が設定されていない",
        "RightSettingContents": "0",
        "UsageSituationInvestigationDate": "20250828",
        "UsageSituationInvestigationResultCodeName": "遊休農地（低利用）",
        "UsageSituationInvestigationResult": "2",
        "UseIntentionInvestigationDate": "",
        "OwnerStatementIntentSurveyResultsCodeName": "調査中",
        "OwnerStatementIntentSurveyResults": "9",
        "UseIntentionAscertainmentResultCodeName": "調査中",
        "UseIntentionAscertainmentResult": "2",
        "PublicNoticeDate": "",
        "RightOfMiddleManagement": "",
        "RecommendationContenDate": "",
        "ActionOrderDate": "",
        "MayorPublicAnnouncementDate": "",
        "Address": "島根県出雲市大社町杵築西1817-1",
        "Tiban": "1817-1",
        "SectionOfPolygon": "3",
        "SectionOfPolygonCodeName": "その他",
        "DaichoId": "320158998",
        "daicho_shubetsu_cd": "KNO01"
      }
    },
    {
      "type": "Feature",
      "geometry": {
        "type": "Point",
        "coordinates": [
          132.67933872501686,
          35.391210888600206
        ]
      },
      "properties": {
        "FarmCommitteeCd": "3220321",
        "FarmCommitteeName": "出雲市農業委員会",
        "TodofukenCode": "32",
        "ShikuchosonCode": "322032",
        "OazaCode": "73300",
        "ClassificationOfLandCodeName": "畑",
        "ClassificationOfLand": "2",
        "AreaOnRegistry": "171",
        "SectionOfNoushinhouCodeName": "設定なし",
        "SectionOfNoushinhou": "0",
        "SectionOfToshikeikakuhouCodeName": "設定なし",
        "SectionOfToshikeikakuhou": "0",
        "OwnerFarmIntentionCodeName": "非公表",
        "OwnerFarmIntention": "999",
        "FarmerIndicationNumberHash": "649fa488627bd7ff0121ba58f8a1e126",
        "KindOfRightCodeName": "賃借権等の設定がない",
        "KindOfRight": "0",
        "CommencementDate": "",
        "EndStagesDate": "",
        "RightSettingContentsCodeName": "農地中間管理権が設定されていない",
        "RightSettingContents": "0",
        "UsageSituationInvestigationDate": "20250828",
        "UsageSituationInvestigationResultCodeName": "遊休農地（低利用）",
        "UsageSituationInvestigationResult": "2",
        "UseIntentionInvestigationDate": "",
        "OwnerStatementIntentSurveyResultsCodeName": "調査中",
        "OwnerStatementIntentSurveyResults": "9",
        "UseIntentionAscertainmentResultCodeName": "調査中",
        "UseIntentionAscertainmentResult": "2",
        "PublicNoticeDate": "",
        "RightOfMiddleManagement": "",
        "RecommendationContenDate": "",
        "ActionOrderDate": "",
        "MayorPublicAnnouncementDate": "",
        "Address": "島根県出雲市大社町杵築西1817-2",
        "Tiban": "1817-2",
        "SectionOfPolygon": "3",
        "SectionOfPolygonCodeName": "その他",
        "DaichoId": "320158999",
        "daicho_shubetsu_cd": "KNO01"
      }
    },
    {
      "type": "Feature",
      "geometry": {
        "type": "Point",
        "coordinates": [
          132.67939713066,
          35.39136631913157
        ]
      },
      "properties": {
        "FarmCommitteeCd": "3220321",
        "FarmCommitteeName": "出雲市農業委員会",
        "TodofukenCode": "32",
        "ShikuchosonCode": "322032",
        "OazaCode": "73300",
        "ClassificationOfLandCodeName": "畑",
        "ClassificationOfLand": "2",
        "AreaOnRegistry": "37",
        "SectionOfNoushinhouCodeName": "設定なし",
        "SectionOfNoushinhou": "0",
        "SectionOfToshikeikakuhouCodeName": "設定なし",
        "SectionOfToshikeikakuhou": "0",
        "OwnerFarmIntentionCodeName": "非公表",
        "OwnerFarmIntention": "999",
        "FarmerIndicationNumberHash": "649fa488627bd7ff0121ba58f8a1e126",
        "KindOfRightCodeName": "賃借権等の設定がない",
        "KindOfRight": "0",
        "CommencementDate": "",
        "EndStagesDate": "",
        "RightSettingContentsCodeName": "農地中間管理権が設定されていない",
        "RightSettingContents": "0",
        "UsageSituationInvestigationDate": "20250828",
        "UsageSituationInvestigationResultCodeName": "遊休農地（低利用）",
        "UsageSituationInvestigationResult": "2",
        "UseIntentionInvestigationDate": "",
        "OwnerStatementIntentSurveyResultsCodeName": "調査中",
        "OwnerStatementIntentSurveyResults": "9",
        "UseIntentionAscertainmentResultCodeName": "調査中",
        "UseIntentionAscertainmentResult": "2",
        "PublicNoticeDate": "",
        "RightOfMiddleManagement": "",
        "RecommendationContenDate": "",
        "ActionOrderDate": "",
        "MayorPublicAnnouncementDate": "",
        "Address": "島根県出雲市大社町杵築西1817-6",
        "Tiban": "1817-6",
        "SectionOfPolygon": "3",
        "SectionOfPolygonCodeName": "その他",
        "DaichoId": "320159000",
        "daicho_shubetsu_cd": "KNO01"
      }
    },
    {
      "type": "Feature",
      "geometry": {
        "type": "Point",
        "coordinates": [
          132.67936371144953,
          35.391343928565085
        ]
      },
      "properties": {
        "FarmCommitteeCd": "3220321",
        "FarmCommitteeName": "出雲市農業委員会",
        "TodofukenCode": "32",
        "ShikuchosonCode": "322032",
        "OazaCode": "73300",
        "ClassificationOfLandCodeName": "畑",
        "ClassificationOfLand": "2",
        "AreaOnRegistry": "37",
        "SectionOfNoushinhouCodeName": "設定なし",
        "SectionOfNoushinhou": "0",
        "SectionOfToshikeikakuhouCodeName": "設定なし",
        "SectionOfToshikeikakuhou": "0",
        "OwnerFarmIntentionCodeName": "非公表",
        "OwnerFarmIntention": "999",
        "FarmerIndicationNumberHash": "649fa488627bd7ff0121ba58f8a1e126",
        "KindOfRightCodeName": "賃借権等の設定がない",
        "KindOfRight": "0",
        "CommencementDate": "",
        "EndStagesDate": "",
        "RightSettingContentsCodeName": "農地中間管理権が設定されていない",
        "RightSettingContents": "0",
        "UsageSituationInvestigationDate": "20250828",
        "UsageSituationInvestigationResultCodeName": "遊休農地ではない",
        "UsageSituationInvestigationResult": "3",
        "UseIntentionInvestigationDate": "",
        "OwnerStatementIntentSurveyResultsCodeName": "調査対象外",
        "OwnerStatementIntentSurveyResults": "6",
        "UseIntentionAscertainmentResultCodeName": "対象外",
        "UseIntentionAscertainmentResult": "1",
        "PublicNoticeDate": "",
        "RightOfMiddleManagement": "",
        "RecommendationContenDate": "",
        "ActionOrderDate": "",
        "MayorPublicAnnouncementDate": "",
        "Address": "島根県出雲市大社町杵築西1817-7",
        "Tiban": "1817-7",
        "SectionOfPolygon": "3",
        "SectionOfPolygonCodeName": "その他",
        "DaichoId": "320159001",
        "daicho_shubetsu_cd": "KNO01"
      }
    },
    {
      "type": "Feature",
      "geometry": {
        "type": "Point",
        "coordinates": [
          132.67898490584986,
          35.391249007998766
        ]
      },
      "properties": {
        "FarmCommitteeCd": "3220321",
        "FarmCommitteeName": "出雲市農業委員会",
        "TodofukenCode": "32",
        "ShikuchosonCode": "322032",
        "OazaCode": "73300",
        "ClassificationOfLandCodeName": "畑",
        "ClassificationOfLand": "2",
        "AreaOnRegistry": "202",
        "SectionOfNoushinhouCodeName": "設定なし",
        "SectionOfNoushinhou": "0",
        "SectionOfToshikeikakuhouCodeName": "設定なし",
        "SectionOfToshikeikakuhou": "0",
        "OwnerFarmIntentionCodeName": "非公表",
        "OwnerFarmIntention": "999",
        "FarmerIndicationNumberHash": "07f64d28f424ea6cd4d5fb0283fed58b",
        "KindOfRightCodeName": "賃借権等の設定がない",
        "KindOfRight": "0",
        "CommencementDate": "",
        "EndStagesDate": "",
        "RightSettingContentsCodeName": "農地中間管理権が設定されていない",
        "RightSettingContents": "0",
        "UsageSituationInvestigationDate": "20250828",
        "UsageSituationInvestigationResultCodeName": "遊休農地（低利用）",
        "UsageSituationInvestigationResult": "2",
        "UseIntentionInvestigationDate": "",
        "OwnerStatementIntentSurveyResultsCodeName": "調査中",
        "OwnerStatementIntentSurveyResults": "9",
        "UseIntentionAscertainmentResultCodeName": "調査中",
        "UseIntentionAscertainmentResult": "2",
        "PublicNoticeDate": "",
        "RightOfMiddleManagement": "",
        "RecommendationContenDate": "",
        "ActionOrderDate": "",
        "MayorPublicAnnouncementDate": "",
        "Address": "島根県出雲市大社町杵築西1822-2",
        "Tiban": "1822-2",
        "SectionOfPolygon": "3",
        "SectionOfPolygonCodeName": "その他",
        "DaichoId": "320159005",
        "daicho_shubetsu_cd": "KNO01"
      }
    },
    {
      "type": "Feature",
      "geometry": {
        "type": "Point",
        "coordinates": [
          132.67886969833967,
          35.39092962402993
        ]
      },
      "properties": {
        "FarmCommitteeCd": "3220321",
        "FarmCommitteeName": "出雲市農業委員会",
        "TodofukenCode": "32",
        "ShikuchosonCode": "322032",
        "OazaCode": "73300",
        "ClassificationOfLandCodeName": "畑",
        "ClassificationOfLand": "2",
        "AreaOnRegistry": "98",
        "SectionOfNoushinhouCodeName": "設定なし",
        "SectionOfNoushinhou": "0",
        "SectionOfToshikeikakuhouCodeName": "設定なし",
        "SectionOfToshikeikakuhou": "0",
        "OwnerFarmIntentionCodeName": "非公表",
        "OwnerFarmIntention": "999",
        "FarmerIndicationNumberHash": "56810a247ca35a663e3eeb332b3518de",
        "KindOfRightCodeName": "賃借権等の設定がない",
        "KindOfRight": "0",
        "CommencementDate": "",
        "EndStagesDate": "",
        "RightSettingContentsCodeName": "農地中間管理権が設定されていない",
        "RightSettingContents": "0",
        "UsageSituationInvestigationDate": "20250828",
        "UsageSituationInvestigationResultCodeName": "遊休農地ではない",
        "UsageSituationInvestigationResult": "3",
        "UseIntentionInvestigationDate": "",
        "OwnerStatementIntentSurveyResultsCodeName": "調査対象外",
        "OwnerStatementIntentSurveyResults": "6",
        "UseIntentionAscertainmentResultCodeName": "対象外",
        "UseIntentionAscertainmentResult": "1",
        "PublicNoticeDate": "",
        "RightOfMiddleManagement": "",
        "RecommendationContenDate": "",
        "ActionOrderDate": "",
        "MayorPublicAnnouncementDate": "",
        "Address": "島根県出雲市大社町杵築西1824-2",
        "Tiban": "1824-2",
        "SectionOfPolygon": "3",
        "SectionOfPolygonCodeName": "その他",
        "DaichoId": "320159010",
        "daicho_shubetsu_cd": "KNO01"
      }
    },
    {
      "type": "Feature",
      "geometry": {
        "type": "Point",
        "coordinates": [
          132.67782255958693,
          35.3913930829221
        ]
      },
      "properties": {
        "FarmCommitteeCd": "3220321",
        "FarmCommitteeName": "出雲市農業委員会",
        "TodofukenCode": "32",
        "ShikuchosonCode": "322032",
        "OazaCode": "73300",
        "ClassificationOfLandCodeName": "畑",
        "ClassificationOfLand": "2",
        "AreaOnRegistry": "181",
        "SectionOfNoushinhouCodeName": "設定なし",
        "SectionOfNoushinhou": "0",
        "SectionOfToshikeikakuhouCodeName": "設定なし",
        "SectionOfToshikeikakuhou": "0",
        "OwnerFarmIntentionCodeName": "非公表",
        "OwnerFarmIntention": "999",
        "FarmerIndicationNumberHash": "386c08d064199194f85c18eaab7af211",
        "KindOfRightCodeName": "賃借権等の設定がない",
        "KindOfRight": "0",
        "CommencementDate": "",
        "EndStagesDate": "",
        "RightSettingContentsCodeName": "農地中間管理権が設定されていない",
        "RightSettingContents": "0",
        "UsageSituationInvestigationDate": "20250828",
        "UsageSituationInvestigationResultCodeName": "遊休農地ではない",
        "UsageSituationInvestigationResult": "3",
        "UseIntentionInvestigationDate": "",
        "OwnerStatementIntentSurveyResultsCodeName": "調査対象外",
        "OwnerStatementIntentSurveyResults": "6",
        "UseIntentionAscertainmentResultCodeName": "対象外",
        "UseIntentionAscertainmentResult": "1",
        "PublicNoticeDate": "",
        "RightOfMiddleManagement": "",
        "RecommendationContenDate": "",
        "ActionOrderDate": "",
        "MayorPublicAnnouncementDate": "",
        "Address": "島根県出雲市大社町杵築西1829-1",
        "Tiban": "1829-1",
        "SectionOfPolygon": "3",
        "SectionOfPolygonCodeName": "その他",
        "DaichoId": "320159012",
        "daicho_shubetsu_cd": "KNO01"
      }
    },
    {
      "type": "Feature",
      "geometry": {
        "type": "Point",
        "coordinates": [
          132.67788680506183,
          35.39134762928439
        ]
      },
      "properties": {
        "FarmCommitteeCd": "3220321",
        "FarmCommitteeName": "出雲市農業委員会",
        "TodofukenCode": "32",
        "ShikuchosonCode": "322032",
        "OazaCode": "73300",
        "ClassificationOfLandCodeName": "畑",
        "ClassificationOfLand": "2",
        "AreaOnRegistry": "58",
        "SectionOfNoushinhouCodeName": "設定なし",
        "SectionOfNoushinhou": "0",
        "SectionOfToshikeikakuhouCodeName": "設定なし",
        "SectionOfToshikeikakuhou": "0",
        "OwnerFarmIntentionCodeName": "非公表",
        "OwnerFarmIntention": "999",
        "FarmerIndicationNumberHash": "386c08d064199194f85c18eaab7af211",
        "KindOfRightCodeName": "賃借権等の設定がない",
        "KindOfRight": "0",
        "CommencementDate": "",
        "EndStagesDate": "",
        "RightSettingContentsCodeName": "農地中間管理権が設定されていない",
        "RightSettingContents": "0",
        "UsageSituationInvestigationDate": "20250828",
        "UsageSituationInvestigationResultCodeName": "遊休農地（低利用）",
        "UsageSituationInvestigationResult": "2",
        "UseIntentionInvestigationDate": "",
        "OwnerStatementIntentSurveyResultsCodeName": "調査中",
        "OwnerStatementIntentSurveyResults": "9",
        "UseIntentionAscertainmentResultCodeName": "調査中",
        "UseIntentionAscertainmentResult": "2",
        "PublicNoticeDate": "",
        "RightOfMiddleManagement": "",
        "RecommendationContenDate": "",
        "ActionOrderDate": "",
        "MayorPublicAnnouncementDate": "",
        "Address": "島根県出雲市大社町杵築西1829-3",
        "Tiban": "1829-3",
        "SectionOfPolygon": "3",
        "SectionOfPolygonCodeName": "その他",
        "DaichoId": "320159013",
        "daicho_shubetsu_cd": "KNO01"
      }
    },
    {
      "type": "Feature",
      "geometry": {
        "type": "Point",
        "coordinates": [
          132.6753369054831,
          35.39126115526841
        ]
      },
      "properties": {
        "FarmCommitteeCd": "3220321",
        "FarmCommitteeName": "出雲市農業委員会",
        "TodofukenCode": "32",
        "ShikuchosonCode": "322032",
        "OazaCode": "73300",
        "ClassificationOfLandCodeName": "畑",
        "ClassificationOfLand": "2",
        "AreaOnRegistry": "281",
        "SectionOfNoushinhouCodeName": "設定なし",
        "SectionOfNoushinhou": "0",
        "SectionOfToshikeikakuhouCodeName": "設定なし",
        "SectionOfToshikeikakuhou": "0",
        "OwnerFarmIntentionCodeName": "非公表",
        "OwnerFarmIntention": "999",
        "FarmerIndicationNumberHash": "481f83aa6477e6949de4198d920954bb",
        "KindOfRightCodeName": "賃借権等の設定がない",
        "KindOfRight": "0",
        "CommencementDate": "",
        "EndStagesDate": "",
        "RightSettingContentsCodeName": "農地中間管理権が設定されていない",
        "RightSettingContents": "0",
        "UsageSituationInvestigationDate": "20240903",
        "UsageSituationInvestigationResultCodeName": "遊休農地ではない",
        "UsageSituationInvestigationResult": "3",
        "UseIntentionInvestigationDate": "",
        "OwnerStatementIntentSurveyResultsCodeName": "調査対象外",
        "OwnerStatementIntentSurveyResults": "6",
        "UseIntentionAscertainmentResultCodeName": "対象外",
        "UseIntentionAscertainmentResult": "1",
        "PublicNoticeDate": "",
        "RightOfMiddleManagement": "",
        "RecommendationContenDate": "",
        "ActionOrderDate": "",
        "MayorPublicAnnouncementDate": "",
        "Address": "島根県出雲市大社町杵築西1878-2",
        "Tiban": "1878-2",
        "SectionOfPolygon": "3",
        "SectionOfPolygonCodeName": "その他",
        "DaichoId": "320159018",
        "daicho_shubetsu_cd": "KNO01"
      }
    },
    {
      "type": "Feature",
      "geometry": {
        "type": "Point",
        "coordinates": [
          132.6749790732145,
          35.39177612713713
        ]
      },
      "properties": {
        "FarmCommitteeCd": "3220321",
        "FarmCommitteeName": "出雲市農業委員会",
        "TodofukenCode": "32",
        "ShikuchosonCode": "322032",
        "OazaCode": "73300",
        "ClassificationOfLandCodeName": "畑",
        "ClassificationOfLand": "2",
        "AreaOnRegistry": "74",
        "SectionOfNoushinhouCodeName": "設定なし",
        "SectionOfNoushinhou": "0",
        "SectionOfToshikeikakuhouCodeName": "設定なし",
        "SectionOfToshikeikakuhou": "0",
        "OwnerFarmIntentionCodeName": "非公表",
        "OwnerFarmIntention": "999",
        "FarmerIndicationNumberHash": "4387efdf05035e853329f70ca630d850",
        "KindOfRightCodeName": "賃借権等の設定がない",
        "KindOfRight": "0",
        "CommencementDate": "",
        "EndStagesDate": "",
        "RightSettingContentsCodeName": "農地中間管理権が設定されていない",
        "RightSettingContents": "0",
        "UsageSituationInvestigationDate": "20250828",
        "UsageSituationInvestigationResultCodeName": "遊休農地（不耕作黄）",
        "UsageSituationInvestigationResult": "7",
        "UseIntentionInvestigationDate": "20241126",
        "OwnerStatementIntentSurveyResultsCodeName": "調査中",
        "OwnerStatementIntentSurveyResults": "9",
        "UseIntentionAscertainmentResultCodeName": "調査中",
        "UseIntentionAscertainmentResult": "2",
        "PublicNoticeDate": "",
        "RightOfMiddleManagement": "",
        "RecommendationContenDate": "",
        "ActionOrderDate": "",
        "MayorPublicAnnouncementDate": "",
        "Address": "島根県出雲市大社町杵築西1880-7",
        "Tiban": "1880-7",
        "SectionOfPolygon": "3",
        "SectionOfPolygonCodeName": "その他",
        "DaichoId": "320159020",
        "daicho_shubetsu_cd": "KNO01"
      }
    },
    {
      "type": "Feature",
      "geometry": {
        "type": "Point",
        "coordinates": [
          132.67498454475674,
          35.3916911089549
        ]
      },
      "properties": {
        "FarmCommitteeCd": "3220321",
        "FarmCommitteeName": "出雲市農業委員会",
        "TodofukenCode": "32",
        "ShikuchosonCode": "322032",
        "OazaCode": "73300",
        "ClassificationOfLandCodeName": "畑",
        "ClassificationOfLand": "2",
        "AreaOnRegistry": "71",
        "SectionOfNoushinhouCodeName": "設定なし",
        "SectionOfNoushinhou": "0",
        "SectionOfToshikeikakuhouCodeName": "設定なし",
        "SectionOfToshikeikakuhou": "0",
        "OwnerFarmIntentionCodeName": "非公表",
        "OwnerFarmIntention": "999",
        "FarmerIndicationNumberHash": "99a09d2e0711bdf13789a39848b16960",
        "KindOfRightCodeName": "賃借権等の設定がない",
        "KindOfRight": "0",
        "CommencementDate": "",
        "EndStagesDate": "",
        "RightSettingContentsCodeName": "農地中間管理権が設定されていない",
        "RightSettingContents": "0",
        "UsageSituationInvestigationDate": "20250828",
        "UsageSituationInvestigationResultCodeName": "遊休農地（不耕作黄）",
        "UsageSituationInvestigationResult": "7",
        "UseIntentionInvestigationDate": "20241126",
        "OwnerStatementIntentSurveyResultsCodeName": "調査中",
        "OwnerStatementIntentSurveyResults": "9",
        "UseIntentionAscertainmentResultCodeName": "調査中",
        "UseIntentionAscertainmentResult": "2",
        "PublicNoticeDate": "",
        "RightOfMiddleManagement": "",
        "RecommendationContenDate": "",
        "ActionOrderDate": "",
        "MayorPublicAnnouncementDate": "",
        "Address": "島根県出雲市大社町杵築西1880-8",
        "Tiban": "1880-8",
        "SectionOfPolygon": "3",
        "SectionOfPolygonCodeName": "その他",
        "DaichoId": "320159021",
        "daicho_shubetsu_cd": "KNO01"
      }
    },
    {
      "type": "Feature",
      "geometry": {
        "type": "Point",
        "coordinates": [
          132.67487901253705,
          35.3916772558817
        ]
      },
      "properties": {
        "FarmCommitteeCd": "3220321",
        "FarmCommitteeName": "出雲市農業委員会",
        "TodofukenCode": "32",
        "ShikuchosonCode": "322032",
        "OazaCode": "73300",
        "ClassificationOfLandCodeName": "畑",
        "ClassificationOfLand": "2",
        "AreaOnRegistry": "56",
        "SectionOfNoushinhouCodeName": "設定なし",
        "SectionOfNoushinhou": "0",
        "SectionOfToshikeikakuhouCodeName": "設定なし",
        "SectionOfToshikeikakuhou": "0",
        "OwnerFarmIntentionCodeName": "非公表",
        "OwnerFarmIntention": "999",
        "FarmerIndicationNumberHash": "cbce8862e5bb0f306371744fe4708e2e",
        "KindOfRightCodeName": "賃借権等の設定がない",
        "KindOfRight": "0",
        "CommencementDate": "",
        "EndStagesDate": "",
        "RightSettingContentsCodeName": "農地中間管理権が設定されていない",
        "RightSettingContents": "0",
        "UsageSituationInvestigationDate": "20250828",
        "UsageSituationInvestigationResultCodeName": "遊休農地（不耕作黄）",
        "UsageSituationInvestigationResult": "7",
        "UseIntentionInvestigationDate": "20241126",
        "OwnerStatementIntentSurveyResultsCodeName": "調査中",
        "OwnerStatementIntentSurveyResults": "9",
        "UseIntentionAscertainmentResultCodeName": "調査中",
        "UseIntentionAscertainmentResult": "2",
        "PublicNoticeDate": "",
        "RightOfMiddleManagement": "",
        "RecommendationContenDate": "",
        "ActionOrderDate": "",
        "MayorPublicAnnouncementDate": "",
        "Address": "島根県出雲市大社町杵築西1880-12",
        "Tiban": "1880-12",
        "SectionOfPolygon": "3",
        "SectionOfPolygonCodeName": "その他",
        "DaichoId": "320159023",
        "daicho_shubetsu_cd": "KNO01"
      }
    },
    {
      "type": "Feature",
      "geometry": {
        "type": "Point",
        "coordinates": [
          132.67487689602197,
          35.39179213565761
        ]
      },
      "properties": {
        "FarmCommitteeCd": "3220321",
        "FarmCommitteeName": "出雲市農業委員会",
        "TodofukenCode": "32",
        "ShikuchosonCode": "322032",
        "OazaCode": "73300",
        "ClassificationOfLandCodeName": "畑",
        "ClassificationOfLand": "2",
        "AreaOnRegistry": "54",
        "SectionOfNoushinhouCodeName": "設定なし",
        "SectionOfNoushinhou": "0",
        "SectionOfToshikeikakuhouCodeName": "設定なし",
        "SectionOfToshikeikakuhou": "0",
        "OwnerFarmIntentionCodeName": "非公表",
        "OwnerFarmIntention": "999",
        "FarmerIndicationNumberHash": "4387efdf05035e853329f70ca630d850",
        "KindOfRightCodeName": "賃借権等の設定がない",
        "KindOfRight": "0",
        "CommencementDate": "",
        "EndStagesDate": "",
        "RightSettingContentsCodeName": "農地中間管理権が設定されていない",
        "RightSettingContents": "0",
        "UsageSituationInvestigationDate": "20250828",
        "UsageSituationInvestigationResultCodeName": "遊休農地（不耕作黄）",
        "UsageSituationInvestigationResult": "7",
        "UseIntentionInvestigationDate": "20241126",
        "OwnerStatementIntentSurveyResultsCodeName": "調査中",
        "OwnerStatementIntentSurveyResults": "9",
        "UseIntentionAscertainmentResultCodeName": "調査中",
        "UseIntentionAscertainmentResult": "2",
        "PublicNoticeDate": "",
        "RightOfMiddleManagement": "",
        "RecommendationContenDate": "",
        "ActionOrderDate": "",
        "MayorPublicAnnouncementDate": "",
        "Address": "島根県出雲市大社町杵築西1880-14",
        "Tiban": "1880-14",
        "SectionOfPolygon": "3",
        "SectionOfPolygonCodeName": "その他",
        "DaichoId": "320159024",
        "daicho_shubetsu_cd": "KNO01"
      }
    },
    {
      "type": "Feature",
      "geometry": {
        "type": "Point",
        "coordinates": [
          132.68021891416558,
          35.3922149359583
        ]
      },
      "properties": {
        "FarmCommitteeCd": "3220321",
        "FarmCommitteeName": "出雲市農業委員会",
        "TodofukenCode": "32",
        "ShikuchosonCode": "322032",
        "OazaCode": "73300",
        "ClassificationOfLandCodeName": "畑",
        "ClassificationOfLand": "2",
        "AreaOnRegistry": "190",
        "SectionOfNoushinhouCodeName": "設定なし",
        "SectionOfNoushinhou": "0",
        "SectionOfToshikeikakuhouCodeName": "設定なし",
        "SectionOfToshikeikakuhou": "0",
        "OwnerFarmIntentionCodeName": "非公表",
        "OwnerFarmIntention": "999",
        "FarmerIndicationNumberHash": "a6ccf3ed0e6f64e47a05b0e667fadbd9",
        "KindOfRightCodeName": "賃借権等の設定がない",
        "KindOfRight": "0",
        "CommencementDate": "",
        "EndStagesDate": "",
        "RightSettingContentsCodeName": "農地中間管理権が設定されていない",
        "RightSettingContents": "0",
        "UsageSituationInvestigationDate": "20250828",
        "UsageSituationInvestigationResultCodeName": "遊休農地（低利用）",
        "UsageSituationInvestigationResult": "2",
        "UseIntentionInvestigationDate": "20241126",
        "OwnerStatementIntentSurveyResultsCodeName": "調査中",
        "OwnerStatementIntentSurveyResults": "9",
        "UseIntentionAscertainmentResultCodeName": "調査中",
        "UseIntentionAscertainmentResult": "2",
        "PublicNoticeDate": "",
        "RightOfMiddleManagement": "",
        "RecommendationContenDate": "",
        "ActionOrderDate": "",
        "MayorPublicAnnouncementDate": "",
        "Address": "島根県出雲市大社町杵築西1899-1",
        "Tiban": "1899-1",
        "SectionOfPolygon": "3",
        "SectionOfPolygonCodeName": "その他",
        "DaichoId": "320159027",
        "daicho_shubetsu_cd": "KNO01"
      }
    },
    {
      "type": "Feature",
      "geometry": {
        "type": "Point",
        "coordinates": [
          132.68009318908622,
          35.39215406207473
        ]
      },
      "properties": {
        "FarmCommitteeCd": "3220321",
        "FarmCommitteeName": "出雲市農業委員会",
        "TodofukenCode": "32",
        "ShikuchosonCode": "322032",
        "OazaCode": "73300",
        "ClassificationOfLandCodeName": "畑",
        "ClassificationOfLand": "2",
        "AreaOnRegistry": "30",
        "SectionOfNoushinhouCodeName": "設定なし",
        "SectionOfNoushinhou": "0",
        "SectionOfToshikeikakuhouCodeName": "設定なし",
        "SectionOfToshikeikakuhou": "0",
        "OwnerFarmIntentionCodeName": "非公表",
        "OwnerFarmIntention": "999",
        "FarmerIndicationNumberHash": "a6ccf3ed0e6f64e47a05b0e667fadbd9",
        "KindOfRightCodeName": "賃借権等の設定がない",
        "KindOfRight": "0",
        "CommencementDate": "",
        "EndStagesDate": "",
        "RightSettingContentsCodeName": "農地中間管理権が設定されていない",
        "RightSettingContents": "0",
        "UsageSituationInvestigationDate": "20250828",
        "UsageSituationInvestigationResultCodeName": "遊休農地（低利用）",
        "UsageSituationInvestigationResult": "2",
        "UseIntentionInvestigationDate": "20241126",
        "OwnerStatementIntentSurveyResultsCodeName": "調査中",
        "OwnerStatementIntentSurveyResults": "9",
        "UseIntentionAscertainmentResultCodeName": "調査中",
        "UseIntentionAscertainmentResult": "2",
        "PublicNoticeDate": "",
        "RightOfMiddleManagement": "",
        "RecommendationContenDate": "",
        "ActionOrderDate": "",
        "MayorPublicAnnouncementDate": "",
        "Address": "島根県出雲市大社町杵築西1899-5",
        "Tiban": "1899-5",
        "SectionOfPolygon": "3",
        "SectionOfPolygonCodeName": "その他",
        "DaichoId": "320159029",
        "daicho_shubetsu_cd": "KNO01"
      }
    },
    {
      "type": "Feature",
      "geometry": {
        "type": "Point",
        "coordinates": [
          132.6801343728386,
          35.39218645185848
        ]
      },
      "properties": {
        "FarmCommitteeCd": "3220321",
        "FarmCommitteeName": "出雲市農業委員会",
        "TodofukenCode": "32",
        "ShikuchosonCode": "322032",
        "OazaCode": "73300",
        "ClassificationOfLandCodeName": "畑",
        "ClassificationOfLand": "2",
        "AreaOnRegistry": "149",
        "SectionOfNoushinhouCodeName": "設定なし",
        "SectionOfNoushinhou": "0",
        "SectionOfToshikeikakuhouCodeName": "設定なし",
        "SectionOfToshikeikakuhou": "0",
        "OwnerFarmIntentionCodeName": "非公表",
        "OwnerFarmIntention": "999",
        "FarmerIndicationNumberHash": "a6ccf3ed0e6f64e47a05b0e667fadbd9",
        "KindOfRightCodeName": "賃借権等の設定がない",
        "KindOfRight": "0",
        "CommencementDate": "",
        "EndStagesDate": "",
        "RightSettingContentsCodeName": "農地中間管理権が設定されていない",
        "RightSettingContents": "0",
        "UsageSituationInvestigationDate": "20250828",
        "UsageSituationInvestigationResultCodeName": "遊休農地（低利用）",
        "UsageSituationInvestigationResult": "2",
        "UseIntentionInvestigationDate": "20241126",
        "OwnerStatementIntentSurveyResultsCodeName": "調査中",
        "OwnerStatementIntentSurveyResults": "9",
        "UseIntentionAscertainmentResultCodeName": "調査中",
        "UseIntentionAscertainmentResult": "2",
        "PublicNoticeDate": "",
        "RightOfMiddleManagement": "",
        "RecommendationContenDate": "",
        "ActionOrderDate": "",
        "MayorPublicAnnouncementDate": "",
        "Address": "島根県出雲市大社町杵築西1899-6",
        "Tiban": "1899-6",
        "SectionOfPolygon": "3",
        "SectionOfPolygonCodeName": "その他",
        "DaichoId": "320159030",
        "daicho_shubetsu_cd": "KNO01"
      }
    },
    {
      "type": "Feature",
      "geometry": {
        "type": "Point",
        "coordinates": [
          132.6803467558293,
          35.39226241544682
        ]
      },
      "properties": {
        "FarmCommitteeCd": "3220321",
        "FarmCommitteeName": "出雲市農業委員会",
        "TodofukenCode": "32",
        "ShikuchosonCode": "322032",
        "OazaCode": "73300",
        "ClassificationOfLandCodeName": "畑",
        "ClassificationOfLand": "2",
        "AreaOnRegistry": "594",
        "SectionOfNoushinhouCodeName": "設定なし",
        "SectionOfNoushinhou": "0",
        "SectionOfToshikeikakuhouCodeName": "設定なし",
        "SectionOfToshikeikakuhou": "0",
        "OwnerFarmIntentionCodeName": "非公表",
        "OwnerFarmIntention": "999",
        "FarmerIndicationNumberHash": "a66d172bdf075809d08f9399db0d6267",
        "KindOfRightCodeName": "賃借権等の設定がない",
        "KindOfRight": "0",
        "CommencementDate": "",
        "EndStagesDate": "",
        "RightSettingContentsCodeName": "農地中間管理権が設定されていない",
        "RightSettingContents": "0",
        "UsageSituationInvestigationDate": "20250828",
        "UsageSituationInvestigationResultCodeName": "遊休農地ではない",
        "UsageSituationInvestigationResult": "3",
        "UseIntentionInvestigationDate": "",
        "OwnerStatementIntentSurveyResultsCodeName": "調査対象外",
        "OwnerStatementIntentSurveyResults": "6",
        "UseIntentionAscertainmentResultCodeName": "対象外",
        "UseIntentionAscertainmentResult": "1",
        "PublicNoticeDate": "",
        "RightOfMiddleManagement": "",
        "RecommendationContenDate": "",
        "ActionOrderDate": "",
        "MayorPublicAnnouncementDate": "",
        "Address": "島根県出雲市大社町杵築西1900-1",
        "Tiban": "1900-1",
        "SectionOfPolygon": "3",
        "SectionOfPolygonCodeName": "その他",
        "DaichoId": "320159031",
        "daicho_shubetsu_cd": "KNO01"
      }
    },
    {
      "type": "Feature",
      "geometry": {
        "type": "Point",
        "coordinates": [
          132.67978052524705,
          35.39223455313712
        ]
      },
      "properties": {
        "FarmCommitteeCd": "3220321",
        "FarmCommitteeName": "出雲市農業委員会",
        "TodofukenCode": "32",
        "ShikuchosonCode": "322032",
        "OazaCode": "73300",
        "ClassificationOfLandCodeName": "畑",
        "ClassificationOfLand": "2",
        "AreaOnRegistry": "572",
        "SectionOfNoushinhouCodeName": "設定なし",
        "SectionOfNoushinhou": "0",
        "SectionOfToshikeikakuhouCodeName": "設定なし",
        "SectionOfToshikeikakuhou": "0",
        "OwnerFarmIntentionCodeName": "非公表",
        "OwnerFarmIntention": "999",
        "FarmerIndicationNumberHash": "bf6991b02f83423e728a163d464c47be",
        "KindOfRightCodeName": "賃借権等の設定がない",
        "KindOfRight": "0",
        "CommencementDate": "",
        "EndStagesDate": "",
        "RightSettingContentsCodeName": "農地中間管理権が設定されていない",
        "RightSettingContents": "0",
        "UsageSituationInvestigationDate": "20250828",
        "UsageSituationInvestigationResultCodeName": "遊休農地（低利用）",
        "UsageSituationInvestigationResult": "2",
        "UseIntentionInvestigationDate": "",
        "OwnerStatementIntentSurveyResultsCodeName": "調査中",
        "OwnerStatementIntentSurveyResults": "9",
        "UseIntentionAscertainmentResultCodeName": "調査中",
        "UseIntentionAscertainmentResult": "2",
        "PublicNoticeDate": "",
        "RightOfMiddleManagement": "",
        "RecommendationContenDate": "",
        "ActionOrderDate": "",
        "MayorPublicAnnouncementDate": "",
        "Address": "島根県出雲市大社町杵築西1902-1",
        "Tiban": "1902-1",
        "SectionOfPolygon": "3",
        "SectionOfPolygonCodeName": "その他",
        "DaichoId": "320159036",
        "daicho_shubetsu_cd": "KNO01"
      }
    },
    {
      "type": "Feature",
      "geometry": {
        "type": "Point",
        "coordinates": [
          132.67591442698358,
          35.391923897120726
        ]
      },
      "properties": {
        "FarmCommitteeCd": "3220321",
        "FarmCommitteeName": "出雲市農業委員会",
        "TodofukenCode": "32",
        "ShikuchosonCode": "322032",
        "OazaCode": "73300",
        "ClassificationOfLandCodeName": "畑",
        "ClassificationOfLand": "2",
        "AreaOnRegistry": "124",
        "SectionOfNoushinhouCodeName": "設定なし",
        "SectionOfNoushinhou": "0",
        "SectionOfToshikeikakuhouCodeName": "設定なし",
        "SectionOfToshikeikakuhou": "0",
        "OwnerFarmIntentionCodeName": "非公表",
        "OwnerFarmIntention": "999",
        "FarmerIndicationNumberHash": "f23a761251120a3cde722dc1ca8499a3",
        "KindOfRightCodeName": "賃借権等の設定がない",
        "KindOfRight": "0",
        "CommencementDate": "",
        "EndStagesDate": "",
        "RightSettingContentsCodeName": "農地中間管理権が設定されていない",
        "RightSettingContents": "0",
        "UsageSituationInvestigationDate": "20250828",
        "UsageSituationInvestigationResultCodeName": "遊休農地ではない",
        "UsageSituationInvestigationResult": "3",
        "UseIntentionInvestigationDate": "",
        "OwnerStatementIntentSurveyResultsCodeName": "調査対象外",
        "OwnerStatementIntentSurveyResults": "6",
        "UseIntentionAscertainmentResultCodeName": "対象外",
        "UseIntentionAscertainmentResult": "1",
        "PublicNoticeDate": "",
        "RightOfMiddleManagement": "",
        "RecommendationContenDate": "",
        "ActionOrderDate": "",
        "MayorPublicAnnouncementDate": "",
        "Address": "島根県出雲市大社町杵築西1949-1",
        "Tiban": "1949-1",
        "SectionOfPolygon": "3",
        "SectionOfPolygonCodeName": "その他",
        "DaichoId": "320159075",
        "daicho_shubetsu_cd": "KNO01"
      }
    },
    {
      "type": "Feature",
      "geometry": {
        "type": "Point",
        "coordinates": [
          132.6752620317131,
          35.391886643462534
        ]
      },
      "properties": {
        "FarmCommitteeCd": "3220321",
        "FarmCommitteeName": "出雲市農業委員会",
        "TodofukenCode": "32",
        "ShikuchosonCode": "322032",
        "OazaCode": "73300",
        "ClassificationOfLandCodeName": "畑",
        "ClassificationOfLand": "2",
        "AreaOnRegistry": "156",
        "SectionOfNoushinhouCodeName": "設定なし",
        "SectionOfNoushinhou": "0",
        "SectionOfToshikeikakuhouCodeName": "設定なし",
        "SectionOfToshikeikakuhou": "0",
        "OwnerFarmIntentionCodeName": "非公表",
        "OwnerFarmIntention": "999",
        "FarmerIndicationNumberHash": "e77a75c2f7fe39b4faf26937c5a73678",
        "KindOfRightCodeName": "賃借権等の設定がない",
        "KindOfRight": "0",
        "CommencementDate": "",
        "EndStagesDate": "",
        "RightSettingContentsCodeName": "農地中間管理権が設定されていない",
        "RightSettingContents": "0",
        "UsageSituationInvestigationDate": "20250828",
        "UsageSituationInvestigationResultCodeName": "遊休農地（不耕作黄）",
        "UsageSituationInvestigationResult": "7",
        "UseIntentionInvestigationDate": "20241126",
        "OwnerStatementIntentSurveyResultsCodeName": "調査中",
        "OwnerStatementIntentSurveyResults": "9",
        "UseIntentionAscertainmentResultCodeName": "調査中",
        "UseIntentionAscertainmentResult": "2",
        "PublicNoticeDate": "",
        "RightOfMiddleManagement": "",
        "RecommendationContenDate": "",
        "ActionOrderDate": "",
        "MayorPublicAnnouncementDate": "",
        "Address": "島根県出雲市大社町杵築西1950-1",
        "Tiban": "1950-1",
        "SectionOfPolygon": "3",
        "SectionOfPolygonCodeName": "その他",
        "DaichoId": "320159076",
        "daicho_shubetsu_cd": "KNO01"
      }
    },
    {
      "type": "Feature",
      "geometry": {
        "type": "Point",
        "coordinates": [
          132.6753986193512,
          35.39189693506892
        ]
      },
      "properties": {
        "FarmCommitteeCd": "3220321",
        "FarmCommitteeName": "出雲市農業委員会",
        "TodofukenCode": "32",
        "ShikuchosonCode": "322032",
        "OazaCode": "73300",
        "ClassificationOfLandCodeName": "畑",
        "ClassificationOfLand": "2",
        "AreaOnRegistry": "201",
        "SectionOfNoushinhouCodeName": "設定なし",
        "SectionOfNoushinhou": "0",
        "SectionOfToshikeikakuhouCodeName": "設定なし",
        "SectionOfToshikeikakuhou": "0",
        "OwnerFarmIntentionCodeName": "非公表",
        "OwnerFarmIntention": "999",
        "FarmerIndicationNumberHash": "e77a75c2f7fe39b4faf26937c5a73678",
        "KindOfRightCodeName": "賃借権等の設定がない",
        "KindOfRight": "0",
        "CommencementDate": "",
        "EndStagesDate": "",
        "RightSettingContentsCodeName": "農地中間管理権が設定されていない",
        "RightSettingContents": "0",
        "UsageSituationInvestigationDate": "20250828",
        "UsageSituationInvestigationResultCodeName": "遊休農地（不耕作黄）",
        "UsageSituationInvestigationResult": "7",
        "UseIntentionInvestigationDate": "20241126",
        "OwnerStatementIntentSurveyResultsCodeName": "調査中",
        "OwnerStatementIntentSurveyResults": "9",
        "UseIntentionAscertainmentResultCodeName": "調査中",
        "UseIntentionAscertainmentResult": "2",
        "PublicNoticeDate": "",
        "RightOfMiddleManagement": "",
        "RecommendationContenDate": "",
        "ActionOrderDate": "",
        "MayorPublicAnnouncementDate": "",
        "Address": "島根県出雲市大社町杵築西1950-2",
        "Tiban": "1950-2",
        "SectionOfPolygon": "3",
        "SectionOfPolygonCodeName": "その他",
        "DaichoId": "320159077",
        "daicho_shubetsu_cd": "KNO01"
      }
    },
    {
      "type": "Feature",
      "geometry": {
        "type": "Point",
        "coordinates": [
          132.67553022187147,
          35.39190383718562
        ]
      },
      "properties": {
        "FarmCommitteeCd": "3220321",
        "FarmCommitteeName": "出雲市農業委員会",
        "TodofukenCode": "32",
        "ShikuchosonCode": "322032",
        "OazaCode": "73300",
        "ClassificationOfLandCodeName": "畑",
        "ClassificationOfLand": "2",
        "AreaOnRegistry": "128",
        "SectionOfNoushinhouCodeName": "設定なし",
        "SectionOfNoushinhou": "0",
        "SectionOfToshikeikakuhouCodeName": "設定なし",
        "SectionOfToshikeikakuhou": "0",
        "OwnerFarmIntentionCodeName": "非公表",
        "OwnerFarmIntention": "999",
        "FarmerIndicationNumberHash": "e77a75c2f7fe39b4faf26937c5a73678",
        "KindOfRightCodeName": "賃借権等の設定がない",
        "KindOfRight": "0",
        "CommencementDate": "",
        "EndStagesDate": "",
        "RightSettingContentsCodeName": "農地中間管理権が設定されていない",
        "RightSettingContents": "0",
        "UsageSituationInvestigationDate": "20250828",
        "UsageSituationInvestigationResultCodeName": "遊休農地（低利用）",
        "UsageSituationInvestigationResult": "2",
        "UseIntentionInvestigationDate": "20241126",
        "OwnerStatementIntentSurveyResultsCodeName": "調査中",
        "OwnerStatementIntentSurveyResults": "9",
        "UseIntentionAscertainmentResultCodeName": "調査中",
        "UseIntentionAscertainmentResult": "2",
        "PublicNoticeDate": "",
        "RightOfMiddleManagement": "",
        "RecommendationContenDate": "",
        "ActionOrderDate": "",
        "MayorPublicAnnouncementDate": "",
        "Address": "島根県出雲市大社町杵築西1950-3",
        "Tiban": "1950-3",
        "SectionOfPolygon": "3",
        "SectionOfPolygonCodeName": "その他",
        "DaichoId": "320159078",
        "daicho_shubetsu_cd": "KNO01"
      }
    },
    {
      "type": "Feature",
      "geometry": {
        "type": "Point",
        "coordinates": [
          132.67501869247815,
          35.39188384096908
        ]
      },
      "properties": {
        "FarmCommitteeCd": "3220321",
        "FarmCommitteeName": "出雲市農業委員会",
        "TodofukenCode": "32",
        "ShikuchosonCode": "322032",
        "OazaCode": "73300",
        "ClassificationOfLandCodeName": "畑",
        "ClassificationOfLand": "2",
        "AreaOnRegistry": "183",
        "SectionOfNoushinhouCodeName": "設定なし",
        "SectionOfNoushinhou": "0",
        "SectionOfToshikeikakuhouCodeName": "設定なし",
        "SectionOfToshikeikakuhou": "0",
        "OwnerFarmIntentionCodeName": "非公表",
        "OwnerFarmIntention": "999",
        "FarmerIndicationNumberHash": "e77a75c2f7fe39b4faf26937c5a73678",
        "KindOfRightCodeName": "賃借権等の設定がない",
        "KindOfRight": "0",
        "CommencementDate": "",
        "EndStagesDate": "",
        "RightSettingContentsCodeName": "農地中間管理権が設定されていない",
        "RightSettingContents": "0",
        "UsageSituationInvestigationDate": "20250828",
        "UsageSituationInvestigationResultCodeName": "遊休農地（不耕作黄）",
        "UsageSituationInvestigationResult": "7",
        "UseIntentionInvestigationDate": "20241126",
        "OwnerStatementIntentSurveyResultsCodeName": "調査中",
        "OwnerStatementIntentSurveyResults": "9",
        "UseIntentionAscertainmentResultCodeName": "調査中",
        "UseIntentionAscertainmentResult": "2",
        "PublicNoticeDate": "",
        "RightOfMiddleManagement": "",
        "RecommendationContenDate": "",
        "ActionOrderDate": "",
        "MayorPublicAnnouncementDate": "",
        "Address": "島根県出雲市大社町杵築西1950-5",
        "Tiban": "1950-5",
        "SectionOfPolygon": "3",
        "SectionOfPolygonCodeName": "その他",
        "DaichoId": "320159079",
        "daicho_shubetsu_cd": "KNO01"
      }
    },
    {
      "type": "Feature",
      "geometry": {
        "type": "Point",
        "coordinates": [
          132.67484303954686,
          35.391882562955125
        ]
      },
      "properties": {
        "FarmCommitteeCd": "3220321",
        "FarmCommitteeName": "出雲市農業委員会",
        "TodofukenCode": "32",
        "ShikuchosonCode": "322032",
        "OazaCode": "73300",
        "ClassificationOfLandCodeName": "畑",
        "ClassificationOfLand": "2",
        "AreaOnRegistry": "206",
        "SectionOfNoushinhouCodeName": "設定なし",
        "SectionOfNoushinhou": "0",
        "SectionOfToshikeikakuhouCodeName": "設定なし",
        "SectionOfToshikeikakuhou": "0",
        "OwnerFarmIntentionCodeName": "非公表",
        "OwnerFarmIntention": "999",
        "FarmerIndicationNumberHash": "56810a247ca35a663e3eeb332b3518de",
        "KindOfRightCodeName": "賃借権等の設定がない",
        "KindOfRight": "0",
        "CommencementDate": "",
        "EndStagesDate": "",
        "RightSettingContentsCodeName": "農地中間管理権が設定されていない",
        "RightSettingContents": "0",
        "UsageSituationInvestigationDate": "20250828",
        "UsageSituationInvestigationResultCodeName": "遊休農地（低利用）",
        "UsageSituationInvestigationResult": "2",
        "UseIntentionInvestigationDate": "",
        "OwnerStatementIntentSurveyResultsCodeName": "調査中",
        "OwnerStatementIntentSurveyResults": "9",
        "UseIntentionAscertainmentResultCodeName": "調査中",
        "UseIntentionAscertainmentResult": "2",
        "PublicNoticeDate": "",
        "RightOfMiddleManagement": "",
        "RecommendationContenDate": "",
        "ActionOrderDate": "",
        "MayorPublicAnnouncementDate": "",
        "Address": "島根県出雲市大社町杵築西1950-6",
        "Tiban": "1950-6",
        "SectionOfPolygon": "3",
        "SectionOfPolygonCodeName": "その他",
        "DaichoId": "320159080",
        "daicho_shubetsu_cd": "KNO01"
      }
    },
    {
      "type": "Feature",
      "geometry": {
        "type": "Point",
        "coordinates": [
          132.67594424375957,
          35.39217970854103
        ]
      },
      "properties": {
        "FarmCommitteeCd": "3220321",
        "FarmCommitteeName": "出雲市農業委員会",
        "TodofukenCode": "32",
        "ShikuchosonCode": "322032",
        "OazaCode": "73300",
        "ClassificationOfLandCodeName": "畑",
        "ClassificationOfLand": "2",
        "AreaOnRegistry": "179",
        "SectionOfNoushinhouCodeName": "設定なし",
        "SectionOfNoushinhou": "0",
        "SectionOfToshikeikakuhouCodeName": "設定なし",
        "SectionOfToshikeikakuhou": "0",
        "OwnerFarmIntentionCodeName": "非公表",
        "OwnerFarmIntention": "999",
        "FarmerIndicationNumberHash": "1f5b1850f8175f50155e3b96fabba481",
        "KindOfRightCodeName": "賃借権等の設定がない",
        "KindOfRight": "0",
        "CommencementDate": "",
        "EndStagesDate": "",
        "RightSettingContentsCodeName": "農地中間管理権が設定されていない",
        "RightSettingContents": "0",
        "UsageSituationInvestigationDate": "20250828",
        "UsageSituationInvestigationResultCodeName": "遊休農地ではない",
        "UsageSituationInvestigationResult": "3",
        "UseIntentionInvestigationDate": "",
        "OwnerStatementIntentSurveyResultsCodeName": "調査対象外",
        "OwnerStatementIntentSurveyResults": "6",
        "UseIntentionAscertainmentResultCodeName": "対象外",
        "UseIntentionAscertainmentResult": "1",
        "PublicNoticeDate": "",
        "RightOfMiddleManagement": "",
        "RecommendationContenDate": "",
        "ActionOrderDate": "",
        "MayorPublicAnnouncementDate": "",
        "Address": "島根県出雲市大社町杵築西1953-2",
        "Tiban": "1953-2",
        "SectionOfPolygon": "3",
        "SectionOfPolygonCodeName": "その他",
        "DaichoId": "320159082",
        "daicho_shubetsu_cd": "KNO01"
      }
    },
    {
      "type": "Feature",
      "geometry": {
        "type": "Point",
        "coordinates": [
          132.67480193289754,
          35.39229789754689
        ]
      },
      "properties": {
        "FarmCommitteeCd": "3220321",
        "FarmCommitteeName": "出雲市農業委員会",
        "TodofukenCode": "32",
        "ShikuchosonCode": "322032",
        "OazaCode": "73300",
        "ClassificationOfLandCodeName": "畑",
        "ClassificationOfLand": "2",
        "AreaOnRegistry": "702",
        "SectionOfNoushinhouCodeName": "設定なし",
        "SectionOfNoushinhou": "0",
        "SectionOfToshikeikakuhouCodeName": "設定なし",
        "SectionOfToshikeikakuhou": "0",
        "OwnerFarmIntentionCodeName": "非公表",
        "OwnerFarmIntention": "999",
        "FarmerIndicationNumberHash": "9de9df6554fbf7e3438a0c457c5749af",
        "KindOfRightCodeName": "賃借権等の設定がない",
        "KindOfRight": "0",
        "CommencementDate": "",
        "EndStagesDate": "",
        "RightSettingContentsCodeName": "農地中間管理権が設定されていない",
        "RightSettingContents": "0",
        "UsageSituationInvestigationDate": "20250828",
        "UsageSituationInvestigationResultCodeName": "遊休農地（不耕作黄）",
        "UsageSituationInvestigationResult": "7",
        "UseIntentionInvestigationDate": "20241126",
        "OwnerStatementIntentSurveyResultsCodeName": "その他（農業上の利用以外等）",
        "OwnerStatementIntentSurveyResults": "5",
        "UseIntentionAscertainmentResultCodeName": "調査中",
        "UseIntentionAscertainmentResult": "2",
        "PublicNoticeDate": "",
        "RightOfMiddleManagement": "",
        "RecommendationContenDate": "",
        "ActionOrderDate": "",
        "MayorPublicAnnouncementDate": "",
        "Address": "島根県出雲市大社町杵築西1956-3",
        "Tiban": "1956-3",
        "SectionOfPolygon": "3",
        "SectionOfPolygonCodeName": "その他",
        "DaichoId": "320159084",
        "daicho_shubetsu_cd": "KNO01"
      }
    },
    {
      "type": "Feature",
      "geometry": {
        "type": "Point",
        "coordinates": [
          132.6752186884833,
          35.39226253316158
        ]
      },
      "properties": {
        "FarmCommitteeCd": "3220321",
        "FarmCommitteeName": "出雲市農業委員会",
        "TodofukenCode": "32",
        "ShikuchosonCode": "322032",
        "OazaCode": "73300",
        "ClassificationOfLandCodeName": "畑",
        "ClassificationOfLand": "2",
        "AreaOnRegistry": "129",
        "SectionOfNoushinhouCodeName": "設定なし",
        "SectionOfNoushinhou": "0",
        "SectionOfToshikeikakuhouCodeName": "設定なし",
        "SectionOfToshikeikakuhou": "0",
        "OwnerFarmIntentionCodeName": "非公表",
        "OwnerFarmIntention": "999",
        "FarmerIndicationNumberHash": "5b6c269880128557f84be64b7b96ee3f",
        "KindOfRightCodeName": "賃借権等の設定がない",
        "KindOfRight": "0",
        "CommencementDate": "",
        "EndStagesDate": "",
        "RightSettingContentsCodeName": "農地中間管理権が設定されていない",
        "RightSettingContents": "0",
        "UsageSituationInvestigationDate": "20250828",
        "UsageSituationInvestigationResultCodeName": "遊休農地ではない",
        "UsageSituationInvestigationResult": "3",
        "UseIntentionInvestigationDate": "20231201",
        "OwnerStatementIntentSurveyResultsCodeName": "調査対象外",
        "OwnerStatementIntentSurveyResults": "6",
        "UseIntentionAscertainmentResultCodeName": "対象外",
        "UseIntentionAscertainmentResult": "1",
        "PublicNoticeDate": "",
        "RightOfMiddleManagement": "",
        "RecommendationContenDate": "",
        "ActionOrderDate": "",
        "MayorPublicAnnouncementDate": "",
        "Address": "島根県出雲市大社町杵築西1956-18",
        "Tiban": "1956-18",
        "SectionOfPolygon": "3",
        "SectionOfPolygonCodeName": "その他",
        "DaichoId": "320159085",
        "daicho_shubetsu_cd": "KNO01"
      }
    },
    {
      "type": "Feature",
      "geometry": {
        "type": "Point",
        "coordinates": [
          132.67734637999556,
          35.39195434602525
        ]
      },
      "properties": {
        "FarmCommitteeCd": "3220321",
        "FarmCommitteeName": "出雲市農業委員会",
        "TodofukenCode": "32",
        "ShikuchosonCode": "322032",
        "OazaCode": "73300",
        "ClassificationOfLandCodeName": "その他",
        "ClassificationOfLand": "9",
        "AreaOnRegistry": "40",
        "SectionOfNoushinhouCodeName": "設定なし",
        "SectionOfNoushinhou": "0",
        "SectionOfToshikeikakuhouCodeName": "設定なし",
        "SectionOfToshikeikakuhou": "0",
        "OwnerFarmIntentionCodeName": "非公表",
        "OwnerFarmIntention": "999",
        "FarmerIndicationNumberHash": "57b1ad42fb432ca8ef5ee979fd50c166",
        "KindOfRightCodeName": "賃借権等の設定がない",
        "KindOfRight": "0",
        "CommencementDate": "",
        "EndStagesDate": "",
        "RightSettingContentsCodeName": "農地中間管理権が設定されていない",
        "RightSettingContents": "0",
        "UsageSituationInvestigationDate": "20250912",
        "UsageSituationInvestigationResultCodeName": "遊休農地（不耕作黄）",
        "UsageSituationInvestigationResult": "7",
        "UseIntentionInvestigationDate": "20241126",
        "OwnerStatementIntentSurveyResultsCodeName": "調査中",
        "OwnerStatementIntentSurveyResults": "9",
        "UseIntentionAscertainmentResultCodeName": "調査中",
        "UseIntentionAscertainmentResult": "2",
        "PublicNoticeDate": "",
        "RightOfMiddleManagement": "",
        "RecommendationContenDate": "",
        "ActionOrderDate": "",
        "MayorPublicAnnouncementDate": "",
        "Address": "島根県出雲市大社町杵築西2509-4",
        "Tiban": "2509-4",
        "SectionOfPolygon": "3",
        "SectionOfPolygonCodeName": "その他",
        "DaichoId": "320159251",
        "daicho_shubetsu_cd": "KNO01"
      }
    },
    {
      "type": "Feature",
      "geometry": {
        "type": "Point",
        "coordinates": [
          132.67769590385618,
          35.392193267158184
        ]
      },
      "properties": {
        "FarmCommitteeCd": "3220321",
        "FarmCommitteeName": "出雲市農業委員会",
        "TodofukenCode": "32",
        "ShikuchosonCode": "322032",
        "OazaCode": "73300",
        "ClassificationOfLandCodeName": "畑",
        "ClassificationOfLand": "2",
        "AreaOnRegistry": "307",
        "SectionOfNoushinhouCodeName": "設定なし",
        "SectionOfNoushinhou": "0",
        "SectionOfToshikeikakuhouCodeName": "設定なし",
        "SectionOfToshikeikakuhou": "0",
        "OwnerFarmIntentionCodeName": "非公表",
        "OwnerFarmIntention": "999",
        "FarmerIndicationNumberHash": "8b604481ae1f910044f132840e5aefe3",
        "KindOfRightCodeName": "賃借権等の設定がない",
        "KindOfRight": "0",
        "CommencementDate": "",
        "EndStagesDate": "",
        "RightSettingContentsCodeName": "農地中間管理権が設定されていない",
        "RightSettingContents": "0",
        "UsageSituationInvestigationDate": "20250828",
        "UsageSituationInvestigationResultCodeName": "遊休農地（不耕作黄）",
        "UsageSituationInvestigationResult": "7",
        "UseIntentionInvestigationDate": "",
        "OwnerStatementIntentSurveyResultsCodeName": "調査中",
        "OwnerStatementIntentSurveyResults": "9",
        "UseIntentionAscertainmentResultCodeName": "調査中",
        "UseIntentionAscertainmentResult": "2",
        "PublicNoticeDate": "",
        "RightOfMiddleManagement": "",
        "RecommendationContenDate": "",
        "ActionOrderDate": "",
        "MayorPublicAnnouncementDate": "",
        "Address": "島根県出雲市大社町杵築西2511-2",
        "Tiban": "2511-2",
        "SectionOfPolygon": "3",
        "SectionOfPolygonCodeName": "その他",
        "DaichoId": "320159255",
        "daicho_shubetsu_cd": "KNO01"
      }
    },
    {
      "type": "Feature",
      "geometry": {
        "type": "Point",
        "coordinates": [
          132.6775003574379,
          35.39221036701801
        ]
      },
      "properties": {
        "FarmCommitteeCd": "3220321",
        "FarmCommitteeName": "出雲市農業委員会",
        "TodofukenCode": "32",
        "ShikuchosonCode": "322032",
        "OazaCode": "73300",
        "ClassificationOfLandCodeName": "畑",
        "ClassificationOfLand": "2",
        "AreaOnRegistry": "622",
        "SectionOfNoushinhouCodeName": "設定なし",
        "SectionOfNoushinhou": "0",
        "SectionOfToshikeikakuhouCodeName": "設定なし",
        "SectionOfToshikeikakuhou": "0",
        "OwnerFarmIntentionCodeName": "非公表",
        "OwnerFarmIntention": "999",
        "FarmerIndicationNumberHash": "07f64d28f424ea6cd4d5fb0283fed58b",
        "KindOfRightCodeName": "賃借権等の設定がない",
        "KindOfRight": "0",
        "CommencementDate": "",
        "EndStagesDate": "",
        "RightSettingContentsCodeName": "農地中間管理権が設定されていない",
        "RightSettingContents": "0",
        "UsageSituationInvestigationDate": "20250828",
        "UsageSituationInvestigationResultCodeName": "遊休農地（不耕作黄）",
        "UsageSituationInvestigationResult": "7",
        "UseIntentionInvestigationDate": "20241126",
        "OwnerStatementIntentSurveyResultsCodeName": "その他（農業上の利用以外等）",
        "OwnerStatementIntentSurveyResults": "5",
        "UseIntentionAscertainmentResultCodeName": "調査中",
        "UseIntentionAscertainmentResult": "2",
        "PublicNoticeDate": "",
        "RightOfMiddleManagement": "",
        "RecommendationContenDate": "",
        "ActionOrderDate": "",
        "MayorPublicAnnouncementDate": "",
        "Address": "島根県出雲市大社町杵築西2511-3",
        "Tiban": "2511-3",
        "SectionOfPolygon": "3",
        "SectionOfPolygonCodeName": "その他",
        "DaichoId": "320159256",
        "daicho_shubetsu_cd": "KNO01"
      }
    },
    {
      "type": "Feature",
      "geometry": {
        "type": "Point",
        "coordinates": [
          132.67794441810835,
          35.385974090928975
        ]
      },
      "properties": {
        "FarmCommitteeCd": "3220321",
        "FarmCommitteeName": "出雲市農業委員会",
        "TodofukenCode": "32",
        "ShikuchosonCode": "322032",
        "OazaCode": "73300",
        "ClassificationOfLandCodeName": "畑",
        "ClassificationOfLand": "2",
        "AreaOnRegistry": "192",
        "SectionOfNoushinhouCodeName": "農業振興地域内・農用地区域内(青地)",
        "SectionOfNoushinhou": "1",
        "SectionOfToshikeikakuhouCodeName": "設定なし",
        "SectionOfToshikeikakuhou": "0",
        "OwnerFarmIntentionCodeName": "非公表",
        "OwnerFarmIntention": "999",
        "FarmerIndicationNumberHash": "2ed30f27b0575367912385851ed5405d",
        "KindOfRightCodeName": "賃借権等の設定がない",
        "KindOfRight": "0",
        "CommencementDate": "",
        "EndStagesDate": "",
        "RightSettingContentsCodeName": "農地中間管理権が設定されていない",
        "RightSettingContents": "0",
        "UsageSituationInvestigationDate": "20250828",
        "UsageSituationInvestigationResultCodeName": "その他",
        "UsageSituationInvestigationResult": "4",
        "UseIntentionInvestigationDate": "",
        "OwnerStatementIntentSurveyResultsCodeName": "調査中",
        "OwnerStatementIntentSurveyResults": "9",
        "UseIntentionAscertainmentResultCodeName": "調査中",
        "UseIntentionAscertainmentResult": "2",
        "PublicNoticeDate": "",
        "RightOfMiddleManagement": "",
        "RecommendationContenDate": "",
        "ActionOrderDate": "",
        "MayorPublicAnnouncementDate": "",
        "Address": "島根県出雲市大社町杵築西2537-12",
        "Tiban": "2537-12",
        "SectionOfPolygon": "3",
        "SectionOfPolygonCodeName": "その他",
        "DaichoId": "320159268",
        "daicho_shubetsu_cd": "KNO01"
      }
    },
    {
      "type": "Feature",
      "geometry": {
        "type": "Point",
        "coordinates": [
          132.6777980284218,
          35.38608074285808
        ]
      },
      "properties": {
        "FarmCommitteeCd": "3220321",
        "FarmCommitteeName": "出雲市農業委員会",
        "TodofukenCode": "32",
        "ShikuchosonCode": "322032",
        "OazaCode": "73300",
        "ClassificationOfLandCodeName": "畑",
        "ClassificationOfLand": "2",
        "AreaOnRegistry": "850",
        "SectionOfNoushinhouCodeName": "農業振興地域内・農用地区域内(青地)",
        "SectionOfNoushinhou": "1",
        "SectionOfToshikeikakuhouCodeName": "設定なし",
        "SectionOfToshikeikakuhou": "0",
        "OwnerFarmIntentionCodeName": "非公表",
        "OwnerFarmIntention": "999",
        "FarmerIndicationNumberHash": "818af086e7f26581be5a5cf27a9fd206",
        "KindOfRightCodeName": "賃借権等の設定がない",
        "KindOfRight": "0",
        "CommencementDate": "",
        "EndStagesDate": "",
        "RightSettingContentsCodeName": "農地中間管理権が設定されていない",
        "RightSettingContents": "0",
        "UsageSituationInvestigationDate": "20250828",
        "UsageSituationInvestigationResultCodeName": "その他",
        "UsageSituationInvestigationResult": "4",
        "UseIntentionInvestigationDate": "20231201",
        "OwnerStatementIntentSurveyResultsCodeName": "調査中",
        "OwnerStatementIntentSurveyResults": "9",
        "UseIntentionAscertainmentResultCodeName": "調査中",
        "UseIntentionAscertainmentResult": "2",
        "PublicNoticeDate": "",
        "RightOfMiddleManagement": "",
        "RecommendationContenDate": "",
        "ActionOrderDate": "",
        "MayorPublicAnnouncementDate": "",
        "Address": "島根県出雲市大社町杵築西2537-14",
        "Tiban": "2537-14",
        "SectionOfPolygon": "3",
        "SectionOfPolygonCodeName": "その他",
        "DaichoId": "320159270",
        "daicho_shubetsu_cd": "KNO01"
      }
    },
    {
      "type": "Feature",
      "geometry": {
        "type": "Point",
        "coordinates": [
          132.67661556934533,
          35.38407307686801
        ]
      },
      "properties": {
        "FarmCommitteeCd": "3220321",
        "FarmCommitteeName": "出雲市農業委員会",
        "TodofukenCode": "32",
        "ShikuchosonCode": "322032",
        "OazaCode": "73300",
        "ClassificationOfLandCodeName": "その他",
        "ClassificationOfLand": "9",
        "AreaOnRegistry": "54",
        "SectionOfNoushinhouCodeName": "農業振興地域内・農用地区域内(青地)",
        "SectionOfNoushinhou": "1",
        "SectionOfToshikeikakuhouCodeName": "設定なし",
        "SectionOfToshikeikakuhou": "0",
        "OwnerFarmIntentionCodeName": "非公表",
        "OwnerFarmIntention": "999",
        "FarmerIndicationNumberHash": "113ee50a18f3ced9d0e15a291f7dc4e9",
        "KindOfRightCodeName": "賃借権等の設定がない",
        "KindOfRight": "0",
        "CommencementDate": "",
        "EndStagesDate": "",
        "RightSettingContentsCodeName": "農地中間管理権が設定されていない",
        "RightSettingContents": "0",
        "UsageSituationInvestigationDate": "20250912",
        "UsageSituationInvestigationResultCodeName": "その他",
        "UsageSituationInvestigationResult": "4",
        "UseIntentionInvestigationDate": "20241126",
        "OwnerStatementIntentSurveyResultsCodeName": "調査中",
        "OwnerStatementIntentSurveyResults": "9",
        "UseIntentionAscertainmentResultCodeName": "調査中",
        "UseIntentionAscertainmentResult": "2",
        "PublicNoticeDate": "",
        "RightOfMiddleManagement": "",
        "RecommendationContenDate": "",
        "ActionOrderDate": "",
        "MayorPublicAnnouncementDate": "",
        "Address": "島根県出雲市大社町杵築西2537-38",
        "Tiban": "2537-38",
        "SectionOfPolygon": "3",
        "SectionOfPolygonCodeName": "その他",
        "DaichoId": "320159276",
        "daicho_shubetsu_cd": "KNO01"
      }
    },
    {
      "type": "Feature",
      "geometry": {
        "type": "Point",
        "coordinates": [
          132.676600791555,
          35.38434095633589
        ]
      },
      "properties": {
        "FarmCommitteeCd": "3220321",
        "FarmCommitteeName": "出雲市農業委員会",
        "TodofukenCode": "32",
        "ShikuchosonCode": "322032",
        "OazaCode": "73300",
        "ClassificationOfLandCodeName": "畑",
        "ClassificationOfLand": "2",
        "AreaOnRegistry": "314",
        "SectionOfNoushinhouCodeName": "農業振興地域内・農用地区域内(青地)",
        "SectionOfNoushinhou": "1",
        "SectionOfToshikeikakuhouCodeName": "設定なし",
        "SectionOfToshikeikakuhou": "0",
        "OwnerFarmIntentionCodeName": "非公表",
        "OwnerFarmIntention": "999",
        "FarmerIndicationNumberHash": "949ae99ac0002f01e6beddbe1ce6d379",
        "KindOfRightCodeName": "賃借権等の設定がない",
        "KindOfRight": "0",
        "CommencementDate": "",
        "EndStagesDate": "",
        "RightSettingContentsCodeName": "農地中間管理権が設定されていない",
        "RightSettingContents": "0",
        "UsageSituationInvestigationDate": "20250828",
        "UsageSituationInvestigationResultCodeName": "遊休農地（不耕作黄）",
        "UsageSituationInvestigationResult": "7",
        "UseIntentionInvestigationDate": "",
        "OwnerStatementIntentSurveyResultsCodeName": "調査中",
        "OwnerStatementIntentSurveyResults": "9",
        "UseIntentionAscertainmentResultCodeName": "調査中",
        "UseIntentionAscertainmentResult": "2",
        "PublicNoticeDate": "",
        "RightOfMiddleManagement": "",
        "RecommendationContenDate": "",
        "ActionOrderDate": "",
        "MayorPublicAnnouncementDate": "",
        "Address": "島根県出雲市大社町杵築西2537-39",
        "Tiban": "2537-39",
        "SectionOfPolygon": "3",
        "SectionOfPolygonCodeName": "その他",
        "DaichoId": "320159277",
        "daicho_shubetsu_cd": "KNO01"
      }
    },
    {
      "type": "Feature",
      "geometry": {
        "type": "Point",
        "coordinates": [
          132.67660264911547,
          35.384624188989015
        ]
      },
      "properties": {
        "FarmCommitteeCd": "3220321",
        "FarmCommitteeName": "出雲市農業委員会",
        "TodofukenCode": "32",
        "ShikuchosonCode": "322032",
        "OazaCode": "73300",
        "ClassificationOfLandCodeName": "畑",
        "ClassificationOfLand": "2",
        "AreaOnRegistry": "253",
        "SectionOfNoushinhouCodeName": "農業振興地域内・農用地区域内(青地)",
        "SectionOfNoushinhou": "1",
        "SectionOfToshikeikakuhouCodeName": "設定なし",
        "SectionOfToshikeikakuhou": "0",
        "OwnerFarmIntentionCodeName": "非公表",
        "OwnerFarmIntention": "999",
        "FarmerIndicationNumberHash": "8a26c239177fc2ffa759b25983fedd6e",
        "KindOfRightCodeName": "賃借権等の設定がない",
        "KindOfRight": "0",
        "CommencementDate": "",
        "EndStagesDate": "",
        "RightSettingContentsCodeName": "農地中間管理権が設定されていない",
        "RightSettingContents": "0",
        "UsageSituationInvestigationDate": "20250828",
        "UsageSituationInvestigationResultCodeName": "遊休農地（不耕作黄）",
        "UsageSituationInvestigationResult": "7",
        "UseIntentionInvestigationDate": "20241126",
        "OwnerStatementIntentSurveyResultsCodeName": "農地中間管理事業の利用",
        "OwnerStatementIntentSurveyResults": "2",
        "UseIntentionAscertainmentResultCodeName": "調査中",
        "UseIntentionAscertainmentResult": "2",
        "PublicNoticeDate": "",
        "RightOfMiddleManagement": "",
        "RecommendationContenDate": "",
        "ActionOrderDate": "",
        "MayorPublicAnnouncementDate": "",
        "Address": "島根県出雲市大社町杵築西2537-40",
        "Tiban": "2537-40",
        "SectionOfPolygon": "3",
        "SectionOfPolygonCodeName": "その他",
        "DaichoId": "320159278",
        "daicho_shubetsu_cd": "KNO01"
      }
    },
    {
      "type": "Feature",
      "geometry": {
        "type": "Point",
        "coordinates": [
          132.67658847735115,
          35.38489372726564
        ]
      },
      "properties": {
        "FarmCommitteeCd": "3220321",
        "FarmCommitteeName": "出雲市農業委員会",
        "TodofukenCode": "32",
        "ShikuchosonCode": "322032",
        "OazaCode": "73300",
        "ClassificationOfLandCodeName": "畑",
        "ClassificationOfLand": "2",
        "AreaOnRegistry": "392",
        "SectionOfNoushinhouCodeName": "農業振興地域内・農用地区域内(青地)",
        "SectionOfNoushinhou": "1",
        "SectionOfToshikeikakuhouCodeName": "設定なし",
        "SectionOfToshikeikakuhou": "0",
        "OwnerFarmIntentionCodeName": "非公表",
        "OwnerFarmIntention": "999",
        "FarmerIndicationNumberHash": "ddf7abcda32ee204f954430d83d412bc",
        "KindOfRightCodeName": "賃借権等の設定がない",
        "KindOfRight": "0",
        "CommencementDate": "",
        "EndStagesDate": "",
        "RightSettingContentsCodeName": "農地中間管理権が設定されていない",
        "RightSettingContents": "0",
        "UsageSituationInvestigationDate": "20250828",
        "UsageSituationInvestigationResultCodeName": "遊休農地（不耕作黄）",
        "UsageSituationInvestigationResult": "7",
        "UseIntentionInvestigationDate": "20241126",
        "OwnerStatementIntentSurveyResultsCodeName": "農地中間管理事業の利用",
        "OwnerStatementIntentSurveyResults": "2",
        "UseIntentionAscertainmentResultCodeName": "調査中",
        "UseIntentionAscertainmentResult": "2",
        "PublicNoticeDate": "",
        "RightOfMiddleManagement": "",
        "RecommendationContenDate": "",
        "ActionOrderDate": "",
        "MayorPublicAnnouncementDate": "",
        "Address": "島根県出雲市大社町杵築西2537-41",
        "Tiban": "2537-41",
        "SectionOfPolygon": "3",
        "SectionOfPolygonCodeName": "その他",
        "DaichoId": "320159279",
        "daicho_shubetsu_cd": "KNO01"
      }
    },
    {
      "type": "Feature",
      "geometry": {
        "type": "Point",
        "coordinates": [
          132.67698614573018,
          35.384873151184316
        ]
      },
      "properties": {
        "FarmCommitteeCd": "3220321",
        "FarmCommitteeName": "出雲市農業委員会",
        "TodofukenCode": "32",
        "ShikuchosonCode": "322032",
        "OazaCode": "73300",
        "ClassificationOfLandCodeName": "畑",
        "ClassificationOfLand": "2",
        "AreaOnRegistry": "1375",
        "SectionOfNoushinhouCodeName": "農業振興地域内・農用地区域内(青地)",
        "SectionOfNoushinhou": "1",
        "SectionOfToshikeikakuhouCodeName": "設定なし",
        "SectionOfToshikeikakuhou": "0",
        "OwnerFarmIntentionCodeName": "非公表",
        "OwnerFarmIntention": "999",
        "FarmerIndicationNumberHash": "2dce0b15b6724139fd5f487768784a54",
        "KindOfRightCodeName": "賃借権等の設定がない",
        "KindOfRight": "0",
        "CommencementDate": "",
        "EndStagesDate": "",
        "RightSettingContentsCodeName": "農地中間管理権が設定されていない",
        "RightSettingContents": "0",
        "UsageSituationInvestigationDate": "20250828",
        "UsageSituationInvestigationResultCodeName": "遊休農地（低利用）",
        "UsageSituationInvestigationResult": "2",
        "UseIntentionInvestigationDate": "",
        "OwnerStatementIntentSurveyResultsCodeName": "調査中",
        "OwnerStatementIntentSurveyResults": "9",
        "UseIntentionAscertainmentResultCodeName": "調査中",
        "UseIntentionAscertainmentResult": "2",
        "PublicNoticeDate": "",
        "RightOfMiddleManagement": "",
        "RecommendationContenDate": "",
        "ActionOrderDate": "",
        "MayorPublicAnnouncementDate": "",
        "Address": "島根県出雲市大社町杵築西2544-2",
        "Tiban": "2544-2",
        "SectionOfPolygon": "3",
        "SectionOfPolygonCodeName": "その他",
        "DaichoId": "320159283",
        "daicho_shubetsu_cd": "KNO01"
      }
    },
    {
      "type": "Feature",
      "geometry": {
        "type": "Point",
        "coordinates": [
          132.6769759087809,
          35.38465475405554
        ]
      },
      "properties": {
        "FarmCommitteeCd": "3220321",
        "FarmCommitteeName": "出雲市農業委員会",
        "TodofukenCode": "32",
        "ShikuchosonCode": "322032",
        "OazaCode": "73300",
        "ClassificationOfLandCodeName": "畑",
        "ClassificationOfLand": "2",
        "AreaOnRegistry": "3337",
        "SectionOfNoushinhouCodeName": "農業振興地域内・農用地区域内(青地)",
        "SectionOfNoushinhou": "1",
        "SectionOfToshikeikakuhouCodeName": "設定なし",
        "SectionOfToshikeikakuhou": "0",
        "OwnerFarmIntentionCodeName": "非公表",
        "OwnerFarmIntention": "999",
        "FarmerIndicationNumberHash": "c1ada3a213ef7daca60aa0a2e9a80194",
        "KindOfRightCodeName": "使用貸借権",
        "KindOfRight": "4",
        "CommencementDate": "20240101",
        "EndStagesDate": "20291231",
        "RightSettingContentsCodeName": "農地中間管理権が設定されていない",
        "RightSettingContents": "0",
        "UsageSituationInvestigationDate": "20250828",
        "UsageSituationInvestigationResultCodeName": "遊休農地ではない",
        "UsageSituationInvestigationResult": "3",
        "UseIntentionInvestigationDate": "",
        "OwnerStatementIntentSurveyResultsCodeName": "調査対象外",
        "OwnerStatementIntentSurveyResults": "6",
        "UseIntentionAscertainmentResultCodeName": "対象外",
        "UseIntentionAscertainmentResult": "1",
        "PublicNoticeDate": "",
        "RightOfMiddleManagement": "",
        "RecommendationContenDate": "",
        "ActionOrderDate": "",
        "MayorPublicAnnouncementDate": "",
        "Address": "島根県出雲市大社町杵築西2545-1(１)",
        "Tiban": "2545-1(１)",
        "SectionOfPolygon": "3",
        "SectionOfPolygonCodeName": "その他",
        "DaichoId": "320159284",
        "daicho_shubetsu_cd": "KNO01"
      }
    },
    {
      "type": "Feature",
      "geometry": {
        "type": "Point",
        "coordinates": [
          132.67696767769536,
          35.38433874711348
        ]
      },
      "properties": {
        "FarmCommitteeCd": "3220321",
        "FarmCommitteeName": "出雲市農業委員会",
        "TodofukenCode": "32",
        "ShikuchosonCode": "322032",
        "OazaCode": "73300",
        "ClassificationOfLandCodeName": "畑",
        "ClassificationOfLand": "2",
        "AreaOnRegistry": "3337",
        "SectionOfNoushinhouCodeName": "農業振興地域内・農用地区域内(青地)",
        "SectionOfNoushinhou": "1",
        "SectionOfToshikeikakuhouCodeName": "設定なし",
        "SectionOfToshikeikakuhou": "0",
        "OwnerFarmIntentionCodeName": "非公表",
        "OwnerFarmIntention": "999",
        "FarmerIndicationNumberHash": "a0f069f9207e51639c95152ef849bb7c",
        "KindOfRightCodeName": "賃借権等の設定がない",
        "KindOfRight": "0",
        "CommencementDate": "",
        "EndStagesDate": "",
        "RightSettingContentsCodeName": "農地中間管理権が設定されていない",
        "RightSettingContents": "0",
        "UsageSituationInvestigationDate": "20250828",
        "UsageSituationInvestigationResultCodeName": "遊休農地ではない",
        "UsageSituationInvestigationResult": "3",
        "UseIntentionInvestigationDate": "",
        "OwnerStatementIntentSurveyResultsCodeName": "調査対象外",
        "OwnerStatementIntentSurveyResults": "6",
        "UseIntentionAscertainmentResultCodeName": "対象外",
        "UseIntentionAscertainmentResult": "1",
        "PublicNoticeDate": "",
        "RightOfMiddleManagement": "",
        "RecommendationContenDate": "",
        "ActionOrderDate": "",
        "MayorPublicAnnouncementDate": "",
        "Address": "島根県出雲市大社町杵築西2545-1(２)",
        "Tiban": "2545-1(２)",
        "SectionOfPolygon": "3",
        "SectionOfPolygonCodeName": "その他",
        "DaichoId": "320159285",
        "daicho_shubetsu_cd": "KNO01"
      }
    },
    {
      "type": "Feature",
      "geometry": {
        "type": "Point",
        "coordinates": [
          132.67670047558843,
          35.382765742665384
        ]
      },
      "properties": {
        "FarmCommitteeCd": "3220321",
        "FarmCommitteeName": "出雲市農業委員会",
        "TodofukenCode": "32",
        "ShikuchosonCode": "322032",
        "OazaCode": "73300",
        "ClassificationOfLandCodeName": "畑",
        "ClassificationOfLand": "2",
        "AreaOnRegistry": "55",
        "SectionOfNoushinhouCodeName": "農業振興地域内・農用地区域内(青地)",
        "SectionOfNoushinhou": "1",
        "SectionOfToshikeikakuhouCodeName": "設定なし",
        "SectionOfToshikeikakuhou": "0",
        "OwnerFarmIntentionCodeName": "非公表",
        "OwnerFarmIntention": "999",
        "FarmerIndicationNumberHash": "ebce8867335755cd42236f6cdb71a9ef",
        "KindOfRightCodeName": "賃借権等の設定がない",
        "KindOfRight": "0",
        "CommencementDate": "",
        "EndStagesDate": "",
        "RightSettingContentsCodeName": "農地中間管理権が設定されていない",
        "RightSettingContents": "0",
        "UsageSituationInvestigationDate": "20250828",
        "UsageSituationInvestigationResultCodeName": "遊休農地ではない",
        "UsageSituationInvestigationResult": "3",
        "UseIntentionInvestigationDate": "",
        "OwnerStatementIntentSurveyResultsCodeName": "調査対象外",
        "OwnerStatementIntentSurveyResults": "6",
        "UseIntentionAscertainmentResultCodeName": "対象外",
        "UseIntentionAscertainmentResult": "1",
        "PublicNoticeDate": "",
        "RightOfMiddleManagement": "",
        "RecommendationContenDate": "",
        "ActionOrderDate": "",
        "MayorPublicAnnouncementDate": "",
        "Address": "島根県出雲市大社町杵築西2545-6",
        "Tiban": "2545-6",
        "SectionOfPolygon": "3",
        "SectionOfPolygonCodeName": "その他",
        "DaichoId": "320159286",
        "daicho_shubetsu_cd": "KNO01"
      }
    },
    {
      "type": "Feature",
      "geometry": {
        "type": "Point",
        "coordinates": [
          132.67660379341004,
          35.38276852275512
        ]
      },
      "properties": {
        "FarmCommitteeCd": "3220321",
        "FarmCommitteeName": "出雲市農業委員会",
        "TodofukenCode": "32",
        "ShikuchosonCode": "322032",
        "OazaCode": "73300",
        "ClassificationOfLandCodeName": "畑",
        "ClassificationOfLand": "2",
        "AreaOnRegistry": "170",
        "SectionOfNoushinhouCodeName": "農業振興地域内・農用地区域内(青地)",
        "SectionOfNoushinhou": "1",
        "SectionOfToshikeikakuhouCodeName": "設定なし",
        "SectionOfToshikeikakuhou": "0",
        "OwnerFarmIntentionCodeName": "非公表",
        "OwnerFarmIntention": "999",
        "FarmerIndicationNumberHash": "ebce8867335755cd42236f6cdb71a9ef",
        "KindOfRightCodeName": "賃借権等の設定がない",
        "KindOfRight": "0",
        "CommencementDate": "",
        "EndStagesDate": "",
        "RightSettingContentsCodeName": "農地中間管理権が設定されていない",
        "RightSettingContents": "0",
        "UsageSituationInvestigationDate": "20250828",
        "UsageSituationInvestigationResultCodeName": "遊休農地（不耕作緑）",
        "UsageSituationInvestigationResult": "6",
        "UseIntentionInvestigationDate": "",
        "OwnerStatementIntentSurveyResultsCodeName": "調査中",
        "OwnerStatementIntentSurveyResults": "9",
        "UseIntentionAscertainmentResultCodeName": "調査中",
        "UseIntentionAscertainmentResult": "2",
        "PublicNoticeDate": "",
        "RightOfMiddleManagement": "",
        "RecommendationContenDate": "",
        "ActionOrderDate": "",
        "MayorPublicAnnouncementDate": "",
        "Address": "島根県出雲市大社町杵築西2545-7",
        "Tiban": "2545-7",
        "SectionOfPolygon": "3",
        "SectionOfPolygonCodeName": "その他",
        "DaichoId": "320159287",
        "daicho_shubetsu_cd": "KNO01"
      }
    },
    {
      "type": "Feature",
      "geometry": {
        "type": "Point",
        "coordinates": [
          132.67660903646703,
          35.38264821103917
        ]
      },
      "properties": {
        "FarmCommitteeCd": "3220321",
        "FarmCommitteeName": "出雲市農業委員会",
        "TodofukenCode": "32",
        "ShikuchosonCode": "322032",
        "OazaCode": "73300",
        "ClassificationOfLandCodeName": "畑",
        "ClassificationOfLand": "2",
        "AreaOnRegistry": "165",
        "SectionOfNoushinhouCodeName": "農業振興地域内・農用地区域内(青地)",
        "SectionOfNoushinhou": "1",
        "SectionOfToshikeikakuhouCodeName": "設定なし",
        "SectionOfToshikeikakuhou": "0",
        "OwnerFarmIntentionCodeName": "非公表",
        "OwnerFarmIntention": "999",
        "FarmerIndicationNumberHash": "0b0649bc9d18aceff81aa8fddf59055f",
        "KindOfRightCodeName": "賃借権等の設定がない",
        "KindOfRight": "0",
        "CommencementDate": "",
        "EndStagesDate": "",
        "RightSettingContentsCodeName": "農地中間管理権が設定されていない",
        "RightSettingContents": "0",
        "UsageSituationInvestigationDate": "20250828",
        "UsageSituationInvestigationResultCodeName": "遊休農地（不耕作緑）",
        "UsageSituationInvestigationResult": "6",
        "UseIntentionInvestigationDate": "",
        "OwnerStatementIntentSurveyResultsCodeName": "調査中",
        "OwnerStatementIntentSurveyResults": "9",
        "UseIntentionAscertainmentResultCodeName": "調査中",
        "UseIntentionAscertainmentResult": "2",
        "PublicNoticeDate": "",
        "RightOfMiddleManagement": "",
        "RecommendationContenDate": "",
        "ActionOrderDate": "",
        "MayorPublicAnnouncementDate": "",
        "Address": "島根県出雲市大社町杵築西2545-9",
        "Tiban": "2545-9",
        "SectionOfPolygon": "3",
        "SectionOfPolygonCodeName": "その他",
        "DaichoId": "320159289",
        "daicho_shubetsu_cd": "KNO01"
      }
    },
    {
      "type": "Feature",
      "geometry": {
        "type": "Point",
        "coordinates": [
          132.6767078592853,
          35.38264490920376
        ]
      },
      "properties": {
        "FarmCommitteeCd": "3220321",
        "FarmCommitteeName": "出雲市農業委員会",
        "TodofukenCode": "32",
        "ShikuchosonCode": "322032",
        "OazaCode": "73300",
        "ClassificationOfLandCodeName": "畑",
        "ClassificationOfLand": "2",
        "AreaOnRegistry": "82",
        "SectionOfNoushinhouCodeName": "農業振興地域内・農用地区域内(青地)",
        "SectionOfNoushinhou": "1",
        "SectionOfToshikeikakuhouCodeName": "設定なし",
        "SectionOfToshikeikakuhou": "0",
        "OwnerFarmIntentionCodeName": "非公表",
        "OwnerFarmIntention": "999",
        "FarmerIndicationNumberHash": "0b0649bc9d18aceff81aa8fddf59055f",
        "KindOfRightCodeName": "賃借権等の設定がない",
        "KindOfRight": "0",
        "CommencementDate": "",
        "EndStagesDate": "",
        "RightSettingContentsCodeName": "農地中間管理権が設定されていない",
        "RightSettingContents": "0",
        "UsageSituationInvestigationDate": "20250828",
        "UsageSituationInvestigationResultCodeName": "遊休農地ではない",
        "UsageSituationInvestigationResult": "3",
        "UseIntentionInvestigationDate": "",
        "OwnerStatementIntentSurveyResultsCodeName": "調査対象外",
        "OwnerStatementIntentSurveyResults": "6",
        "UseIntentionAscertainmentResultCodeName": "対象外",
        "UseIntentionAscertainmentResult": "1",
        "PublicNoticeDate": "",
        "RightOfMiddleManagement": "",
        "RecommendationContenDate": "",
        "ActionOrderDate": "",
        "MayorPublicAnnouncementDate": "",
        "Address": "島根県出雲市大社町杵築西2545-10",
        "Tiban": "2545-10",
        "SectionOfPolygon": "3",
        "SectionOfPolygonCodeName": "その他",
        "DaichoId": "320159290",
        "daicho_shubetsu_cd": "KNO01"
      }
    },
    {
      "type": "Feature",
      "geometry": {
        "type": "Point",
        "coordinates": [
          132.67658280287733,
          35.38289791009843
        ]
      },
      "properties": {
        "FarmCommitteeCd": "3220321",
        "FarmCommitteeName": "出雲市農業委員会",
        "TodofukenCode": "32",
        "ShikuchosonCode": "322032",
        "OazaCode": "73300",
        "ClassificationOfLandCodeName": "畑",
        "ClassificationOfLand": "2",
        "AreaOnRegistry": "159",
        "SectionOfNoushinhouCodeName": "農業振興地域内・農用地区域内(青地)",
        "SectionOfNoushinhou": "1",
        "SectionOfToshikeikakuhouCodeName": "設定なし",
        "SectionOfToshikeikakuhou": "0",
        "OwnerFarmIntentionCodeName": "非公表",
        "OwnerFarmIntention": "999",
        "FarmerIndicationNumberHash": "ebce8867335755cd42236f6cdb71a9ef",
        "KindOfRightCodeName": "賃借権等の設定がない",
        "KindOfRight": "0",
        "CommencementDate": "",
        "EndStagesDate": "",
        "RightSettingContentsCodeName": "農地中間管理権が設定されていない",
        "RightSettingContents": "0",
        "UsageSituationInvestigationDate": "20250828",
        "UsageSituationInvestigationResultCodeName": "遊休農地ではない",
        "UsageSituationInvestigationResult": "3",
        "UseIntentionInvestigationDate": "",
        "OwnerStatementIntentSurveyResultsCodeName": "調査対象外",
        "OwnerStatementIntentSurveyResults": "6",
        "UseIntentionAscertainmentResultCodeName": "対象外",
        "UseIntentionAscertainmentResult": "1",
        "PublicNoticeDate": "",
        "RightOfMiddleManagement": "",
        "RecommendationContenDate": "",
        "ActionOrderDate": "",
        "MayorPublicAnnouncementDate": "",
        "Address": "島根県出雲市大社町杵築西2545-12",
        "Tiban": "2545-12",
        "SectionOfPolygon": "3",
        "SectionOfPolygonCodeName": "その他",
        "DaichoId": "320159291",
        "daicho_shubetsu_cd": "KNO01"
      }
    },
    {
      "type": "Feature",
      "geometry": {
        "type": "Point",
        "coordinates": [
          132.67667147626977,
          35.38290018623639
        ]
      },
      "properties": {
        "FarmCommitteeCd": "3220321",
        "FarmCommitteeName": "出雲市農業委員会",
        "TodofukenCode": "32",
        "ShikuchosonCode": "322032",
        "OazaCode": "73300",
        "ClassificationOfLandCodeName": "畑",
        "ClassificationOfLand": "2",
        "AreaOnRegistry": "106",
        "SectionOfNoushinhouCodeName": "農業振興地域内・農用地区域内(青地)",
        "SectionOfNoushinhou": "1",
        "SectionOfToshikeikakuhouCodeName": "設定なし",
        "SectionOfToshikeikakuhou": "0",
        "OwnerFarmIntentionCodeName": "非公表",
        "OwnerFarmIntention": "999",
        "FarmerIndicationNumberHash": "ebce8867335755cd42236f6cdb71a9ef",
        "KindOfRightCodeName": "賃借権等の設定がない",
        "KindOfRight": "0",
        "CommencementDate": "",
        "EndStagesDate": "",
        "RightSettingContentsCodeName": "農地中間管理権が設定されていない",
        "RightSettingContents": "0",
        "UsageSituationInvestigationDate": "20250828",
        "UsageSituationInvestigationResultCodeName": "遊休農地ではない",
        "UsageSituationInvestigationResult": "3",
        "UseIntentionInvestigationDate": "",
        "OwnerStatementIntentSurveyResultsCodeName": "調査対象外",
        "OwnerStatementIntentSurveyResults": "6",
        "UseIntentionAscertainmentResultCodeName": "対象外",
        "UseIntentionAscertainmentResult": "1",
        "PublicNoticeDate": "",
        "RightOfMiddleManagement": "",
        "RecommendationContenDate": "",
        "ActionOrderDate": "",
        "MayorPublicAnnouncementDate": "",
        "Address": "島根県出雲市大社町杵築西2545-23",
        "Tiban": "2545-23",
        "SectionOfPolygon": "3",
        "SectionOfPolygonCodeName": "その他",
        "DaichoId": "320159292",
        "daicho_shubetsu_cd": "KNO01"
      }
    },
    {
      "type": "Feature",
      "geometry": {
        "type": "Point",
        "coordinates": [
          132.67696094330415,
          35.384010386817536
        ]
      },
      "properties": {
        "FarmCommitteeCd": "3220321",
        "FarmCommitteeName": "出雲市農業委員会",
        "TodofukenCode": "32",
        "ShikuchosonCode": "322032",
        "OazaCode": "73300",
        "ClassificationOfLandCodeName": "畑",
        "ClassificationOfLand": "2",
        "AreaOnRegistry": "999",
        "SectionOfNoushinhouCodeName": "農業振興地域内・農用地区域内(青地)",
        "SectionOfNoushinhou": "1",
        "SectionOfToshikeikakuhouCodeName": "設定なし",
        "SectionOfToshikeikakuhou": "0",
        "OwnerFarmIntentionCodeName": "非公表",
        "OwnerFarmIntention": "999",
        "FarmerIndicationNumberHash": "ccdbcc3780ac6fc46b4434638d94aab0",
        "KindOfRightCodeName": "使用貸借権",
        "KindOfRight": "4",
        "CommencementDate": "20220201",
        "EndStagesDate": "20261231",
        "RightSettingContentsCodeName": "農地中間管理権が設定されていない",
        "RightSettingContents": "0",
        "UsageSituationInvestigationDate": "20250828",
        "UsageSituationInvestigationResultCodeName": "遊休農地ではない",
        "UsageSituationInvestigationResult": "3",
        "UseIntentionInvestigationDate": "",
        "OwnerStatementIntentSurveyResultsCodeName": "調査対象外",
        "OwnerStatementIntentSurveyResults": "6",
        "UseIntentionAscertainmentResultCodeName": "対象外",
        "UseIntentionAscertainmentResult": "1",
        "PublicNoticeDate": "",
        "RightOfMiddleManagement": "",
        "RecommendationContenDate": "",
        "ActionOrderDate": "",
        "MayorPublicAnnouncementDate": "",
        "Address": "島根県出雲市大社町杵築西2546-3",
        "Tiban": "2546-3",
        "SectionOfPolygon": "3",
        "SectionOfPolygonCodeName": "その他",
        "DaichoId": "320159293",
        "daicho_shubetsu_cd": "KNO01"
      }
    },
    {
      "type": "Feature",
      "geometry": {
        "type": "Point",
        "coordinates": [
          132.67695647851244,
          35.38382170845882
        ]
      },
      "properties": {
        "FarmCommitteeCd": "3220321",
        "FarmCommitteeName": "出雲市農業委員会",
        "TodofukenCode": "32",
        "ShikuchosonCode": "322032",
        "OazaCode": "73300",
        "ClassificationOfLandCodeName": "畑",
        "ClassificationOfLand": "2",
        "AreaOnRegistry": "1013",
        "SectionOfNoushinhouCodeName": "農業振興地域内・農用地区域内(青地)",
        "SectionOfNoushinhou": "1",
        "SectionOfToshikeikakuhouCodeName": "設定なし",
        "SectionOfToshikeikakuhou": "0",
        "OwnerFarmIntentionCodeName": "非公表",
        "OwnerFarmIntention": "999",
        "FarmerIndicationNumberHash": "113ee50a18f3ced9d0e15a291f7dc4e9",
        "KindOfRightCodeName": "賃借権等の設定がない",
        "KindOfRight": "0",
        "CommencementDate": "",
        "EndStagesDate": "",
        "RightSettingContentsCodeName": "農地中間管理権が設定されていない",
        "RightSettingContents": "0",
        "UsageSituationInvestigationDate": "20250828",
        "UsageSituationInvestigationResultCodeName": "遊休農地ではない",
        "UsageSituationInvestigationResult": "3",
        "UseIntentionInvestigationDate": "",
        "OwnerStatementIntentSurveyResultsCodeName": "調査対象外",
        "OwnerStatementIntentSurveyResults": "6",
        "UseIntentionAscertainmentResultCodeName": "対象外",
        "UseIntentionAscertainmentResult": "1",
        "PublicNoticeDate": "",
        "RightOfMiddleManagement": "",
        "RecommendationContenDate": "",
        "ActionOrderDate": "",
        "MayorPublicAnnouncementDate": "",
        "Address": "島根県出雲市大社町杵築西2546-4",
        "Tiban": "2546-4",
        "SectionOfPolygon": "3",
        "SectionOfPolygonCodeName": "その他",
        "DaichoId": "320159294",
        "daicho_shubetsu_cd": "KNO01"
      }
    },
    {
      "type": "Feature",
      "geometry": {
        "type": "Point",
        "coordinates": [
          132.67677109813454,
          35.38363386870487
        ]
      },
      "properties": {
        "FarmCommitteeCd": "3220321",
        "FarmCommitteeName": "出雲市農業委員会",
        "TodofukenCode": "32",
        "ShikuchosonCode": "322032",
        "OazaCode": "73300",
        "ClassificationOfLandCodeName": "畑",
        "ClassificationOfLand": "2",
        "AreaOnRegistry": "304",
        "SectionOfNoushinhouCodeName": "農業振興地域内・農用地区域内(青地)",
        "SectionOfNoushinhou": "1",
        "SectionOfToshikeikakuhouCodeName": "設定なし",
        "SectionOfToshikeikakuhou": "0",
        "OwnerFarmIntentionCodeName": "非公表",
        "OwnerFarmIntention": "999",
        "FarmerIndicationNumberHash": "e8a0f057765a5739368c032d8ba3f69e",
        "KindOfRightCodeName": "賃借権等の設定がない",
        "KindOfRight": "0",
        "CommencementDate": "",
        "EndStagesDate": "",
        "RightSettingContentsCodeName": "農地中間管理権が設定されていない",
        "RightSettingContents": "0",
        "UsageSituationInvestigationDate": "20250828",
        "UsageSituationInvestigationResultCodeName": "遊休農地（低利用）",
        "UsageSituationInvestigationResult": "2",
        "UseIntentionInvestigationDate": "",
        "OwnerStatementIntentSurveyResultsCodeName": "調査中",
        "OwnerStatementIntentSurveyResults": "9",
        "UseIntentionAscertainmentResultCodeName": "調査中",
        "UseIntentionAscertainmentResult": "2",
        "PublicNoticeDate": "",
        "RightOfMiddleManagement": "",
        "RecommendationContenDate": "",
        "ActionOrderDate": "",
        "MayorPublicAnnouncementDate": "",
        "Address": "島根県出雲市大社町杵築西2547-2",
        "Tiban": "2547-2",
        "SectionOfPolygon": "3",
        "SectionOfPolygonCodeName": "その他",
        "DaichoId": "320159295",
        "daicho_shubetsu_cd": "KNO01"
      }
    },
    {
      "type": "Feature",
      "geometry": {
        "type": "Point",
        "coordinates": [
          132.6769663836429,
          35.383633238065855
        ]
      },
      "properties": {
        "FarmCommitteeCd": "3220321",
        "FarmCommitteeName": "出雲市農業委員会",
        "TodofukenCode": "32",
        "ShikuchosonCode": "322032",
        "OazaCode": "73300",
        "ClassificationOfLandCodeName": "畑",
        "ClassificationOfLand": "2",
        "AreaOnRegistry": "435",
        "SectionOfNoushinhouCodeName": "農業振興地域内・農用地区域内(青地)",
        "SectionOfNoushinhou": "1",
        "SectionOfToshikeikakuhouCodeName": "設定なし",
        "SectionOfToshikeikakuhou": "0",
        "OwnerFarmIntentionCodeName": "非公表",
        "OwnerFarmIntention": "999",
        "FarmerIndicationNumberHash": "c2f924c2570687ab431ba8d0b4812674",
        "KindOfRightCodeName": "賃借権等の設定がない",
        "KindOfRight": "0",
        "CommencementDate": "",
        "EndStagesDate": "",
        "RightSettingContentsCodeName": "農地中間管理権が設定されていない",
        "RightSettingContents": "0",
        "UsageSituationInvestigationDate": "20250828",
        "UsageSituationInvestigationResultCodeName": "遊休農地（低利用）",
        "UsageSituationInvestigationResult": "2",
        "UseIntentionInvestigationDate": "",
        "OwnerStatementIntentSurveyResultsCodeName": "調査中",
        "OwnerStatementIntentSurveyResults": "9",
        "UseIntentionAscertainmentResultCodeName": "調査中",
        "UseIntentionAscertainmentResult": "2",
        "PublicNoticeDate": "",
        "RightOfMiddleManagement": "",
        "RecommendationContenDate": "",
        "ActionOrderDate": "",
        "MayorPublicAnnouncementDate": "",
        "Address": "島根県出雲市大社町杵築西2547-4",
        "Tiban": "2547-4",
        "SectionOfPolygon": "3",
        "SectionOfPolygonCodeName": "その他",
        "DaichoId": "320159296",
        "daicho_shubetsu_cd": "KNO01"
      }
    },
    {
      "type": "Feature",
      "geometry": {
        "type": "Point",
        "coordinates": [
          132.67714983091398,
          35.383632479185465
        ]
      },
      "properties": {
        "FarmCommitteeCd": "3220321",
        "FarmCommitteeName": "出雲市農業委員会",
        "TodofukenCode": "32",
        "ShikuchosonCode": "322032",
        "OazaCode": "73300",
        "ClassificationOfLandCodeName": "畑",
        "ClassificationOfLand": "2",
        "AreaOnRegistry": "260",
        "SectionOfNoushinhouCodeName": "農業振興地域内・農用地区域内(青地)",
        "SectionOfNoushinhou": "1",
        "SectionOfToshikeikakuhouCodeName": "設定なし",
        "SectionOfToshikeikakuhou": "0",
        "OwnerFarmIntentionCodeName": "非公表",
        "OwnerFarmIntention": "999",
        "FarmerIndicationNumberHash": "c2f924c2570687ab431ba8d0b4812674",
        "KindOfRightCodeName": "賃借権等の設定がない",
        "KindOfRight": "0",
        "CommencementDate": "",
        "EndStagesDate": "",
        "RightSettingContentsCodeName": "農地中間管理権が設定されていない",
        "RightSettingContents": "0",
        "UsageSituationInvestigationDate": "20250828",
        "UsageSituationInvestigationResultCodeName": "遊休農地（低利用）",
        "UsageSituationInvestigationResult": "2",
        "UseIntentionInvestigationDate": "",
        "OwnerStatementIntentSurveyResultsCodeName": "調査中",
        "OwnerStatementIntentSurveyResults": "9",
        "UseIntentionAscertainmentResultCodeName": "調査中",
        "UseIntentionAscertainmentResult": "2",
        "PublicNoticeDate": "",
        "RightOfMiddleManagement": "",
        "RecommendationContenDate": "",
        "ActionOrderDate": "",
        "MayorPublicAnnouncementDate": "",
        "Address": "島根県出雲市大社町杵築西2547-6",
        "Tiban": "2547-6",
        "SectionOfPolygon": "3",
        "SectionOfPolygonCodeName": "その他",
        "DaichoId": "320159297",
        "daicho_shubetsu_cd": "KNO01"
      }
    },
    {
      "type": "Feature",
      "geometry": {
        "type": "Point",
        "coordinates": [
          132.67696076229743,
          35.383408657034735
        ]
      },
      "properties": {
        "FarmCommitteeCd": "3220321",
        "FarmCommitteeName": "出雲市農業委員会",
        "TodofukenCode": "32",
        "ShikuchosonCode": "322032",
        "OazaCode": "73300",
        "ClassificationOfLandCodeName": "畑",
        "ClassificationOfLand": "2",
        "AreaOnRegistry": "902",
        "SectionOfNoushinhouCodeName": "農業振興地域内・農用地区域内(青地)",
        "SectionOfNoushinhou": "1",
        "SectionOfToshikeikakuhouCodeName": "設定なし",
        "SectionOfToshikeikakuhou": "0",
        "OwnerFarmIntentionCodeName": "非公表",
        "OwnerFarmIntention": "999",
        "FarmerIndicationNumberHash": "25f91d075e16ef44a6bba5855de276dd",
        "KindOfRightCodeName": "使用貸借権",
        "KindOfRight": "4",
        "CommencementDate": "20241101",
        "EndStagesDate": "20281031",
        "RightSettingContentsCodeName": "農地中間管理権が設定されていない",
        "RightSettingContents": "0",
        "UsageSituationInvestigationDate": "20250828",
        "UsageSituationInvestigationResultCodeName": "遊休農地ではない",
        "UsageSituationInvestigationResult": "3",
        "UseIntentionInvestigationDate": "",
        "OwnerStatementIntentSurveyResultsCodeName": "調査対象外",
        "OwnerStatementIntentSurveyResults": "6",
        "UseIntentionAscertainmentResultCodeName": "対象外",
        "UseIntentionAscertainmentResult": "1",
        "PublicNoticeDate": "",
        "RightOfMiddleManagement": "",
        "RecommendationContenDate": "",
        "ActionOrderDate": "",
        "MayorPublicAnnouncementDate": "",
        "Address": "島根県出雲市大社町杵築西2548-1",
        "Tiban": "2548-1",
        "SectionOfPolygon": "3",
        "SectionOfPolygonCodeName": "その他",
        "DaichoId": "320159298",
        "daicho_shubetsu_cd": "KNO01"
      }
    },
    {
      "type": "Feature",
      "geometry": {
        "type": "Point",
        "coordinates": [
          132.67698265397243,
          35.383042511271086
        ]
      },
      "properties": {
        "FarmCommitteeCd": "3220321",
        "FarmCommitteeName": "出雲市農業委員会",
        "TodofukenCode": "32",
        "ShikuchosonCode": "322032",
        "OazaCode": "73300",
        "ClassificationOfLandCodeName": "畑",
        "ClassificationOfLand": "2",
        "AreaOnRegistry": "2675",
        "SectionOfNoushinhouCodeName": "農業振興地域内・農用地区域内(青地)",
        "SectionOfNoushinhou": "1",
        "SectionOfToshikeikakuhouCodeName": "設定なし",
        "SectionOfToshikeikakuhou": "0",
        "OwnerFarmIntentionCodeName": "非公表",
        "OwnerFarmIntention": "999",
        "FarmerIndicationNumberHash": "25f91d075e16ef44a6bba5855de276dd",
        "KindOfRightCodeName": "賃借権等の設定がない",
        "KindOfRight": "0",
        "CommencementDate": "",
        "EndStagesDate": "",
        "RightSettingContentsCodeName": "農地中間管理権が設定されていない",
        "RightSettingContents": "0",
        "UsageSituationInvestigationDate": "20250828",
        "UsageSituationInvestigationResultCodeName": "遊休農地ではない",
        "UsageSituationInvestigationResult": "3",
        "UseIntentionInvestigationDate": "",
        "OwnerStatementIntentSurveyResultsCodeName": "調査対象外",
        "OwnerStatementIntentSurveyResults": "6",
        "UseIntentionAscertainmentResultCodeName": "対象外",
        "UseIntentionAscertainmentResult": "1",
        "PublicNoticeDate": "",
        "RightOfMiddleManagement": "",
        "RecommendationContenDate": "",
        "ActionOrderDate": "",
        "MayorPublicAnnouncementDate": "",
        "Address": "島根県出雲市大社町杵築西2548-8",
        "Tiban": "2548-8",
        "SectionOfPolygon": "3",
        "SectionOfPolygonCodeName": "その他",
        "DaichoId": "320159299",
        "daicho_shubetsu_cd": "KNO01"
      }
    },
    {
      "type": "Feature",
      "geometry": {
        "type": "Point",
        "coordinates": [
          132.6770152686514,
          35.382401842561976
        ]
      },
      "properties": {
        "FarmCommitteeCd": "3220321",
        "FarmCommitteeName": "出雲市農業委員会",
        "TodofukenCode": "32",
        "ShikuchosonCode": "322032",
        "OazaCode": "73300",
        "ClassificationOfLandCodeName": "畑",
        "ClassificationOfLand": "2",
        "AreaOnRegistry": "2713",
        "SectionOfNoushinhouCodeName": "農業振興地域内・農用地区域内(青地)",
        "SectionOfNoushinhou": "1",
        "SectionOfToshikeikakuhouCodeName": "設定なし",
        "SectionOfToshikeikakuhou": "0",
        "OwnerFarmIntentionCodeName": "非公表",
        "OwnerFarmIntention": "999",
        "FarmerIndicationNumberHash": "0b0649bc9d18aceff81aa8fddf59055f",
        "KindOfRightCodeName": "賃借権等の設定がない",
        "KindOfRight": "0",
        "CommencementDate": "",
        "EndStagesDate": "",
        "RightSettingContentsCodeName": "農地中間管理権が設定されていない",
        "RightSettingContents": "0",
        "UsageSituationInvestigationDate": "20250828",
        "UsageSituationInvestigationResultCodeName": "遊休農地ではない",
        "UsageSituationInvestigationResult": "3",
        "UseIntentionInvestigationDate": "",
        "OwnerStatementIntentSurveyResultsCodeName": "調査対象外",
        "OwnerStatementIntentSurveyResults": "6",
        "UseIntentionAscertainmentResultCodeName": "対象外",
        "UseIntentionAscertainmentResult": "1",
        "PublicNoticeDate": "",
        "RightOfMiddleManagement": "",
        "RecommendationContenDate": "",
        "ActionOrderDate": "",
        "MayorPublicAnnouncementDate": "",
        "Address": "島根県出雲市大社町杵築西2548-11",
        "Tiban": "2548-11",
        "SectionOfPolygon": "3",
        "SectionOfPolygonCodeName": "その他",
        "DaichoId": "320159300",
        "daicho_shubetsu_cd": "KNO01"
      }
    },
    {
      "type": "Feature",
      "geometry": {
        "type": "Point",
        "coordinates": [
          132.67661642273978,
          35.382522565581716
        ]
      },
      "properties": {
        "FarmCommitteeCd": "3220321",
        "FarmCommitteeName": "出雲市農業委員会",
        "TodofukenCode": "32",
        "ShikuchosonCode": "322032",
        "OazaCode": "73300",
        "ClassificationOfLandCodeName": "畑",
        "ClassificationOfLand": "2",
        "AreaOnRegistry": "151",
        "SectionOfNoushinhouCodeName": "農業振興地域内・農用地区域内(青地)",
        "SectionOfNoushinhou": "1",
        "SectionOfToshikeikakuhouCodeName": "設定なし",
        "SectionOfToshikeikakuhou": "0",
        "OwnerFarmIntentionCodeName": "非公表",
        "OwnerFarmIntention": "999",
        "FarmerIndicationNumberHash": "0b0649bc9d18aceff81aa8fddf59055f",
        "KindOfRightCodeName": "賃借権等の設定がない",
        "KindOfRight": "0",
        "CommencementDate": "",
        "EndStagesDate": "",
        "RightSettingContentsCodeName": "農地中間管理権が設定されていない",
        "RightSettingContents": "0",
        "UsageSituationInvestigationDate": "20250828",
        "UsageSituationInvestigationResultCodeName": "遊休農地（低利用）",
        "UsageSituationInvestigationResult": "2",
        "UseIntentionInvestigationDate": "",
        "OwnerStatementIntentSurveyResultsCodeName": "調査中",
        "OwnerStatementIntentSurveyResults": "9",
        "UseIntentionAscertainmentResultCodeName": "調査中",
        "UseIntentionAscertainmentResult": "2",
        "PublicNoticeDate": "",
        "RightOfMiddleManagement": "",
        "RecommendationContenDate": "",
        "ActionOrderDate": "",
        "MayorPublicAnnouncementDate": "",
        "Address": "島根県出雲市大社町杵築西2549-24",
        "Tiban": "2549-24",
        "SectionOfPolygon": "3",
        "SectionOfPolygonCodeName": "その他",
        "DaichoId": "320159303",
        "daicho_shubetsu_cd": "KNO01"
      }
    },
    {
      "type": "Feature",
      "geometry": {
        "type": "Point",
        "coordinates": [
          132.67671519549353,
          35.38251993009206
        ]
      },
      "properties": {
        "FarmCommitteeCd": "3220321",
        "FarmCommitteeName": "出雲市農業委員会",
        "TodofukenCode": "32",
        "ShikuchosonCode": "322032",
        "OazaCode": "73300",
        "ClassificationOfLandCodeName": "畑",
        "ClassificationOfLand": "2",
        "AreaOnRegistry": "106",
        "SectionOfNoushinhouCodeName": "農業振興地域内・農用地区域内(青地)",
        "SectionOfNoushinhou": "1",
        "SectionOfToshikeikakuhouCodeName": "設定なし",
        "SectionOfToshikeikakuhou": "0",
        "OwnerFarmIntentionCodeName": "非公表",
        "OwnerFarmIntention": "999",
        "FarmerIndicationNumberHash": "0b0649bc9d18aceff81aa8fddf59055f",
        "KindOfRightCodeName": "賃借権等の設定がない",
        "KindOfRight": "0",
        "CommencementDate": "",
        "EndStagesDate": "",
        "RightSettingContentsCodeName": "農地中間管理権が設定されていない",
        "RightSettingContents": "0",
        "UsageSituationInvestigationDate": "20250828",
        "UsageSituationInvestigationResultCodeName": "遊休農地（低利用）",
        "UsageSituationInvestigationResult": "2",
        "UseIntentionInvestigationDate": "",
        "OwnerStatementIntentSurveyResultsCodeName": "調査中",
        "OwnerStatementIntentSurveyResults": "9",
        "UseIntentionAscertainmentResultCodeName": "調査中",
        "UseIntentionAscertainmentResult": "2",
        "PublicNoticeDate": "",
        "RightOfMiddleManagement": "",
        "RecommendationContenDate": "",
        "ActionOrderDate": "",
        "MayorPublicAnnouncementDate": "",
        "Address": "島根県出雲市大社町杵築西2549-25",
        "Tiban": "2549-25",
        "SectionOfPolygon": "3",
        "SectionOfPolygonCodeName": "その他",
        "DaichoId": "320159304",
        "daicho_shubetsu_cd": "KNO01"
      }
    },
    {
      "type": "Feature",
      "geometry": {
        "type": "Point",
        "coordinates": [
          132.68300720733836,
          35.38918605879179
        ]
      },
      "properties": {
        "FarmCommitteeCd": "3220321",
        "FarmCommitteeName": "出雲市農業委員会",
        "TodofukenCode": "32",
        "ShikuchosonCode": "322032",
        "OazaCode": "73300",
        "ClassificationOfLandCodeName": "畑",
        "ClassificationOfLand": "2",
        "AreaOnRegistry": "203",
        "SectionOfNoushinhouCodeName": "設定なし",
        "SectionOfNoushinhou": "0",
        "SectionOfToshikeikakuhouCodeName": "設定なし",
        "SectionOfToshikeikakuhou": "0",
        "OwnerFarmIntentionCodeName": "非公表",
        "OwnerFarmIntention": "999",
        "FarmerIndicationNumberHash": "a141ad27ff26900fe625fcc37544d363",
        "KindOfRightCodeName": "賃借権等の設定がない",
        "KindOfRight": "0",
        "CommencementDate": "",
        "EndStagesDate": "",
        "RightSettingContentsCodeName": "農地中間管理権が設定されていない",
        "RightSettingContents": "0",
        "UsageSituationInvestigationDate": "20250828",
        "UsageSituationInvestigationResultCodeName": "遊休農地ではない",
        "UsageSituationInvestigationResult": "3",
        "UseIntentionInvestigationDate": "",
        "OwnerStatementIntentSurveyResultsCodeName": "調査対象外",
        "OwnerStatementIntentSurveyResults": "6",
        "UseIntentionAscertainmentResultCodeName": "対象外",
        "UseIntentionAscertainmentResult": "1",
        "PublicNoticeDate": "",
        "RightOfMiddleManagement": "",
        "RecommendationContenDate": "",
        "ActionOrderDate": "",
        "MayorPublicAnnouncementDate": "",
        "Address": "島根県出雲市大社町杵築西2571-1",
        "Tiban": "2571-1",
        "SectionOfPolygon": "3",
        "SectionOfPolygonCodeName": "その他",
        "DaichoId": "320159332",
        "daicho_shubetsu_cd": "KNO01"
      }
    },
    {
      "type": "Feature",
      "geometry": {
        "type": "Point",
        "coordinates": [
          132.68266062298952,
          35.38908452762376
        ]
      },
      "properties": {
        "FarmCommitteeCd": "3220321",
        "FarmCommitteeName": "出雲市農業委員会",
        "TodofukenCode": "32",
        "ShikuchosonCode": "322032",
        "OazaCode": "73300",
        "ClassificationOfLandCodeName": "畑",
        "ClassificationOfLand": "2",
        "AreaOnRegistry": "469",
        "SectionOfNoushinhouCodeName": "設定なし",
        "SectionOfNoushinhou": "0",
        "SectionOfToshikeikakuhouCodeName": "設定なし",
        "SectionOfToshikeikakuhou": "0",
        "OwnerFarmIntentionCodeName": "非公表",
        "OwnerFarmIntention": "999",
        "FarmerIndicationNumberHash": "9a8ee9c7879b15c7e69e58b46d112d71",
        "KindOfRightCodeName": "賃借権等の設定がない",
        "KindOfRight": "0",
        "CommencementDate": "",
        "EndStagesDate": "",
        "RightSettingContentsCodeName": "農地中間管理権が設定されていない",
        "RightSettingContents": "0",
        "UsageSituationInvestigationDate": "20250828",
        "UsageSituationInvestigationResultCodeName": "遊休農地（低利用）",
        "UsageSituationInvestigationResult": "2",
        "UseIntentionInvestigationDate": "20241126",
        "OwnerStatementIntentSurveyResultsCodeName": "調査中",
        "OwnerStatementIntentSurveyResults": "9",
        "UseIntentionAscertainmentResultCodeName": "調査中",
        "UseIntentionAscertainmentResult": "2",
        "PublicNoticeDate": "",
        "RightOfMiddleManagement": "",
        "RecommendationContenDate": "",
        "ActionOrderDate": "",
        "MayorPublicAnnouncementDate": "",
        "Address": "島根県出雲市大社町杵築西2576",
        "Tiban": "2576",
        "SectionOfPolygon": "3",
        "SectionOfPolygonCodeName": "その他",
        "DaichoId": "320159333",
        "daicho_shubetsu_cd": "KNO01"
      }
    },
    {
      "type": "Feature",
      "geometry": {
        "type": "Point",
        "coordinates": [
          132.68248191106926,
          35.389072457931135
        ]
      },
      "properties": {
        "FarmCommitteeCd": "3220321",
        "FarmCommitteeName": "出雲市農業委員会",
        "TodofukenCode": "32",
        "ShikuchosonCode": "322032",
        "OazaCode": "73300",
        "ClassificationOfLandCodeName": "畑",
        "ClassificationOfLand": "2",
        "AreaOnRegistry": "202",
        "SectionOfNoushinhouCodeName": "設定なし",
        "SectionOfNoushinhou": "0",
        "SectionOfToshikeikakuhouCodeName": "設定なし",
        "SectionOfToshikeikakuhou": "0",
        "OwnerFarmIntentionCodeName": "非公表",
        "OwnerFarmIntention": "999",
        "FarmerIndicationNumberHash": "04bad2dd40856e2d615b8200a705c62b",
        "KindOfRightCodeName": "賃借権等の設定がない",
        "KindOfRight": "0",
        "CommencementDate": "",
        "EndStagesDate": "",
        "RightSettingContentsCodeName": "農地中間管理権が設定されていない",
        "RightSettingContents": "0",
        "UsageSituationInvestigationDate": "20250828",
        "UsageSituationInvestigationResultCodeName": "遊休農地（低利用）",
        "UsageSituationInvestigationResult": "2",
        "UseIntentionInvestigationDate": "20241126",
        "OwnerStatementIntentSurveyResultsCodeName": "調査中",
        "OwnerStatementIntentSurveyResults": "9",
        "UseIntentionAscertainmentResultCodeName": "調査中",
        "UseIntentionAscertainmentResult": "2",
        "PublicNoticeDate": "",
        "RightOfMiddleManagement": "",
        "RecommendationContenDate": "",
        "ActionOrderDate": "",
        "MayorPublicAnnouncementDate": "",
        "Address": "島根県出雲市大社町杵築西2577",
        "Tiban": "2577",
        "SectionOfPolygon": "3",
        "SectionOfPolygonCodeName": "その他",
        "DaichoId": "320159334",
        "daicho_shubetsu_cd": "KNO01"
      }
    },
    {
      "type": "Feature",
      "geometry": {
        "type": "Point",
        "coordinates": [
          132.6825623202429,
          35.38895798679791
        ]
      },
      "properties": {
        "FarmCommitteeCd": "3220321",
        "FarmCommitteeName": "出雲市農業委員会",
        "TodofukenCode": "32",
        "ShikuchosonCode": "322032",
        "OazaCode": "73300",
        "ClassificationOfLandCodeName": "畑",
        "ClassificationOfLand": "2",
        "AreaOnRegistry": "216",
        "SectionOfNoushinhouCodeName": "設定なし",
        "SectionOfNoushinhou": "0",
        "SectionOfToshikeikakuhouCodeName": "設定なし",
        "SectionOfToshikeikakuhou": "0",
        "OwnerFarmIntentionCodeName": "非公表",
        "OwnerFarmIntention": "999",
        "FarmerIndicationNumberHash": "ded47712ff28bc070d92114afb6f4f61",
        "KindOfRightCodeName": "賃借権等の設定がない",
        "KindOfRight": "0",
        "CommencementDate": "",
        "EndStagesDate": "",
        "RightSettingContentsCodeName": "農地中間管理権が設定されていない",
        "RightSettingContents": "0",
        "UsageSituationInvestigationDate": "20250828",
        "UsageSituationInvestigationResultCodeName": "遊休農地ではない",
        "UsageSituationInvestigationResult": "3",
        "UseIntentionInvestigationDate": "",
        "OwnerStatementIntentSurveyResultsCodeName": "調査対象外",
        "OwnerStatementIntentSurveyResults": "6",
        "UseIntentionAscertainmentResultCodeName": "対象外",
        "UseIntentionAscertainmentResult": "1",
        "PublicNoticeDate": "",
        "RightOfMiddleManagement": "",
        "RecommendationContenDate": "",
        "ActionOrderDate": "",
        "MayorPublicAnnouncementDate": "",
        "Address": "島根県出雲市大社町杵築西2578",
        "Tiban": "2578",
        "SectionOfPolygon": "3",
        "SectionOfPolygonCodeName": "その他",
        "DaichoId": "320159335",
        "daicho_shubetsu_cd": "KNO01"
      }
    },
    {
      "type": "Feature",
      "geometry": {
        "type": "Point",
        "coordinates": [
          132.68282096461394,
          35.38889627875965
        ]
      },
      "properties": {
        "FarmCommitteeCd": "3220321",
        "FarmCommitteeName": "出雲市農業委員会",
        "TodofukenCode": "32",
        "ShikuchosonCode": "322032",
        "OazaCode": "73300",
        "ClassificationOfLandCodeName": "畑",
        "ClassificationOfLand": "2",
        "AreaOnRegistry": "401",
        "SectionOfNoushinhouCodeName": "設定なし",
        "SectionOfNoushinhou": "0",
        "SectionOfToshikeikakuhouCodeName": "設定なし",
        "SectionOfToshikeikakuhou": "0",
        "OwnerFarmIntentionCodeName": "非公表",
        "OwnerFarmIntention": "999",
        "FarmerIndicationNumberHash": "7aad1c2462b302cee4a75e05e324c43d",
        "KindOfRightCodeName": "賃借権等の設定がない",
        "KindOfRight": "0",
        "CommencementDate": "",
        "EndStagesDate": "",
        "RightSettingContentsCodeName": "農地中間管理権が設定されていない",
        "RightSettingContents": "0",
        "UsageSituationInvestigationDate": "20250828",
        "UsageSituationInvestigationResultCodeName": "遊休農地ではない",
        "UsageSituationInvestigationResult": "3",
        "UseIntentionInvestigationDate": "",
        "OwnerStatementIntentSurveyResultsCodeName": "調査対象外",
        "OwnerStatementIntentSurveyResults": "6",
        "UseIntentionAscertainmentResultCodeName": "対象外",
        "UseIntentionAscertainmentResult": "1",
        "PublicNoticeDate": "",
        "RightOfMiddleManagement": "",
        "RecommendationContenDate": "",
        "ActionOrderDate": "",
        "MayorPublicAnnouncementDate": "",
        "Address": "島根県出雲市大社町杵築西2580-1",
        "Tiban": "2580-1",
        "SectionOfPolygon": "3",
        "SectionOfPolygonCodeName": "その他",
        "DaichoId": "320159338",
        "daicho_shubetsu_cd": "KNO01"
      }
    },
    {
      "type": "Feature",
      "geometry": {
        "type": "Point",
        "coordinates": [
          132.682880279139,
          35.388815414948915
        ]
      },
      "properties": {
        "FarmCommitteeCd": "3220321",
        "FarmCommitteeName": "出雲市農業委員会",
        "TodofukenCode": "32",
        "ShikuchosonCode": "322032",
        "OazaCode": "73300",
        "ClassificationOfLandCodeName": "畑",
        "ClassificationOfLand": "2",
        "AreaOnRegistry": "183",
        "SectionOfNoushinhouCodeName": "設定なし",
        "SectionOfNoushinhou": "0",
        "SectionOfToshikeikakuhouCodeName": "設定なし",
        "SectionOfToshikeikakuhou": "0",
        "OwnerFarmIntentionCodeName": "非公表",
        "OwnerFarmIntention": "999",
        "FarmerIndicationNumberHash": "7aad1c2462b302cee4a75e05e324c43d",
        "KindOfRightCodeName": "賃借権等の設定がない",
        "KindOfRight": "0",
        "CommencementDate": "",
        "EndStagesDate": "",
        "RightSettingContentsCodeName": "農地中間管理権が設定されていない",
        "RightSettingContents": "0",
        "UsageSituationInvestigationDate": "20250828",
        "UsageSituationInvestigationResultCodeName": "遊休農地ではない",
        "UsageSituationInvestigationResult": "3",
        "UseIntentionInvestigationDate": "",
        "OwnerStatementIntentSurveyResultsCodeName": "調査対象外",
        "OwnerStatementIntentSurveyResults": "6",
        "UseIntentionAscertainmentResultCodeName": "対象外",
        "UseIntentionAscertainmentResult": "1",
        "PublicNoticeDate": "",
        "RightOfMiddleManagement": "",
        "RecommendationContenDate": "",
        "ActionOrderDate": "",
        "MayorPublicAnnouncementDate": "",
        "Address": "島根県出雲市大社町杵築西2580-2",
        "Tiban": "2580-2",
        "SectionOfPolygon": "3",
        "SectionOfPolygonCodeName": "その他",
        "DaichoId": "320159339",
        "daicho_shubetsu_cd": "KNO01"
      }
    },
    {
      "type": "Feature",
      "geometry": {
        "type": "Point",
        "coordinates": [
          132.68271322122763,
          35.38871259958015
        ]
      },
      "properties": {
        "FarmCommitteeCd": "3220321",
        "FarmCommitteeName": "出雲市農業委員会",
        "TodofukenCode": "32",
        "ShikuchosonCode": "322032",
        "OazaCode": "73300",
        "ClassificationOfLandCodeName": "畑",
        "ClassificationOfLand": "2",
        "AreaOnRegistry": "91",
        "SectionOfNoushinhouCodeName": "設定なし",
        "SectionOfNoushinhou": "0",
        "SectionOfToshikeikakuhouCodeName": "設定なし",
        "SectionOfToshikeikakuhou": "0",
        "OwnerFarmIntentionCodeName": "非公表",
        "OwnerFarmIntention": "999",
        "FarmerIndicationNumberHash": "04bad2dd40856e2d615b8200a705c62b",
        "KindOfRightCodeName": "賃借権等の設定がない",
        "KindOfRight": "0",
        "CommencementDate": "",
        "EndStagesDate": "",
        "RightSettingContentsCodeName": "農地中間管理権が設定されていない",
        "RightSettingContents": "0",
        "UsageSituationInvestigationDate": "20250828",
        "UsageSituationInvestigationResultCodeName": "遊休農地ではない",
        "UsageSituationInvestigationResult": "3",
        "UseIntentionInvestigationDate": "",
        "OwnerStatementIntentSurveyResultsCodeName": "調査対象外",
        "OwnerStatementIntentSurveyResults": "6",
        "UseIntentionAscertainmentResultCodeName": "対象外",
        "UseIntentionAscertainmentResult": "1",
        "PublicNoticeDate": "",
        "RightOfMiddleManagement": "",
        "RecommendationContenDate": "",
        "ActionOrderDate": "",
        "MayorPublicAnnouncementDate": "",
        "Address": "島根県出雲市大社町杵築西2582",
        "Tiban": "2582",
        "SectionOfPolygon": "3",
        "SectionOfPolygonCodeName": "その他",
        "DaichoId": "320159340",
        "daicho_shubetsu_cd": "KNO01"
      }
    },
    {
      "type": "Feature",
      "geometry": {
        "type": "Point",
        "coordinates": [
          132.68295786171703,
          35.38872239402607
        ]
      },
      "properties": {
        "FarmCommitteeCd": "3220321",
        "FarmCommitteeName": "出雲市農業委員会",
        "TodofukenCode": "32",
        "ShikuchosonCode": "322032",
        "OazaCode": "73300",
        "ClassificationOfLandCodeName": "畑",
        "ClassificationOfLand": "2",
        "AreaOnRegistry": "524",
        "SectionOfNoushinhouCodeName": "設定なし",
        "SectionOfNoushinhou": "0",
        "SectionOfToshikeikakuhouCodeName": "設定なし",
        "SectionOfToshikeikakuhou": "0",
        "OwnerFarmIntentionCodeName": "非公表",
        "OwnerFarmIntention": "999",
        "FarmerIndicationNumberHash": "40feb4de13552a95d1a855243c3a0002",
        "KindOfRightCodeName": "賃借権等の設定がない",
        "KindOfRight": "0",
        "CommencementDate": "",
        "EndStagesDate": "",
        "RightSettingContentsCodeName": "農地中間管理権が設定されていない",
        "RightSettingContents": "0",
        "UsageSituationInvestigationDate": "20250828",
        "UsageSituationInvestigationResultCodeName": "遊休農地ではない",
        "UsageSituationInvestigationResult": "3",
        "UseIntentionInvestigationDate": "",
        "OwnerStatementIntentSurveyResultsCodeName": "調査対象外",
        "OwnerStatementIntentSurveyResults": "6",
        "UseIntentionAscertainmentResultCodeName": "対象外",
        "UseIntentionAscertainmentResult": "1",
        "PublicNoticeDate": "",
        "RightOfMiddleManagement": "",
        "RecommendationContenDate": "",
        "ActionOrderDate": "",
        "MayorPublicAnnouncementDate": "",
        "Address": "島根県出雲市大社町杵築西2583",
        "Tiban": "2583",
        "SectionOfPolygon": "3",
        "SectionOfPolygonCodeName": "その他",
        "DaichoId": "320159341",
        "daicho_shubetsu_cd": "KNO01"
      }
    },
    {
      "type": "Feature",
      "geometry": {
        "type": "Point",
        "coordinates": [
          132.68291143682387,
          35.38845251479987
        ]
      },
      "properties": {
        "FarmCommitteeCd": "3220321",
        "FarmCommitteeName": "出雲市農業委員会",
        "TodofukenCode": "32",
        "ShikuchosonCode": "322032",
        "OazaCode": "73300",
        "ClassificationOfLandCodeName": "畑",
        "ClassificationOfLand": "2",
        "AreaOnRegistry": "206",
        "SectionOfNoushinhouCodeName": "設定なし",
        "SectionOfNoushinhou": "0",
        "SectionOfToshikeikakuhouCodeName": "設定なし",
        "SectionOfToshikeikakuhou": "0",
        "OwnerFarmIntentionCodeName": "非公表",
        "OwnerFarmIntention": "999",
        "FarmerIndicationNumberHash": "c0119a2900e0e7502c7c9a01d36bf124",
        "KindOfRightCodeName": "賃借権等の設定がない",
        "KindOfRight": "0",
        "CommencementDate": "",
        "EndStagesDate": "",
        "RightSettingContentsCodeName": "農地中間管理権が設定されていない",
        "RightSettingContents": "0",
        "UsageSituationInvestigationDate": "20250828",
        "UsageSituationInvestigationResultCodeName": "遊休農地ではない",
        "UsageSituationInvestigationResult": "3",
        "UseIntentionInvestigationDate": "",
        "OwnerStatementIntentSurveyResultsCodeName": "調査対象外",
        "OwnerStatementIntentSurveyResults": "6",
        "UseIntentionAscertainmentResultCodeName": "対象外",
        "UseIntentionAscertainmentResult": "1",
        "PublicNoticeDate": "",
        "RightOfMiddleManagement": "",
        "RecommendationContenDate": "",
        "ActionOrderDate": "",
        "MayorPublicAnnouncementDate": "",
        "Address": "島根県出雲市大社町杵築西2585",
        "Tiban": "2585",
        "SectionOfPolygon": "3",
        "SectionOfPolygonCodeName": "その他",
        "DaichoId": "320159342",
        "daicho_shubetsu_cd": "KNO01"
      }
    },
    {
      "type": "Feature",
      "geometry": {
        "type": "Point",
        "coordinates": [
          132.68308053088234,
          35.38856056439177
        ]
      },
      "properties": {
        "FarmCommitteeCd": "3220321",
        "FarmCommitteeName": "出雲市農業委員会",
        "TodofukenCode": "32",
        "ShikuchosonCode": "322032",
        "OazaCode": "73300",
        "ClassificationOfLandCodeName": "畑",
        "ClassificationOfLand": "2",
        "AreaOnRegistry": "691",
        "SectionOfNoushinhouCodeName": "設定なし",
        "SectionOfNoushinhou": "0",
        "SectionOfToshikeikakuhouCodeName": "設定なし",
        "SectionOfToshikeikakuhou": "0",
        "OwnerFarmIntentionCodeName": "非公表",
        "OwnerFarmIntention": "999",
        "FarmerIndicationNumberHash": "ec7548962ff82093d71f4ab7443ec292",
        "KindOfRightCodeName": "賃借権等の設定がない",
        "KindOfRight": "0",
        "CommencementDate": "",
        "EndStagesDate": "",
        "RightSettingContentsCodeName": "農地中間管理権が設定されていない",
        "RightSettingContents": "0",
        "UsageSituationInvestigationDate": "20250828",
        "UsageSituationInvestigationResultCodeName": "遊休農地ではない",
        "UsageSituationInvestigationResult": "3",
        "UseIntentionInvestigationDate": "",
        "OwnerStatementIntentSurveyResultsCodeName": "調査対象外",
        "OwnerStatementIntentSurveyResults": "6",
        "UseIntentionAscertainmentResultCodeName": "対象外",
        "UseIntentionAscertainmentResult": "1",
        "PublicNoticeDate": "",
        "RightOfMiddleManagement": "",
        "RecommendationContenDate": "",
        "ActionOrderDate": "",
        "MayorPublicAnnouncementDate": "",
        "Address": "島根県出雲市大社町杵築西2586",
        "Tiban": "2586",
        "SectionOfPolygon": "3",
        "SectionOfPolygonCodeName": "その他",
        "DaichoId": "320159343",
        "daicho_shubetsu_cd": "KNO01"
      }
    },
    {
      "type": "Feature",
      "geometry": {
        "type": "Point",
        "coordinates": [
          132.68334501497608,
          35.38849811675198
        ]
      },
      "properties": {
        "FarmCommitteeCd": "3220321",
        "FarmCommitteeName": "出雲市農業委員会",
        "TodofukenCode": "32",
        "ShikuchosonCode": "322032",
        "OazaCode": "73300",
        "ClassificationOfLandCodeName": "畑",
        "ClassificationOfLand": "2",
        "AreaOnRegistry": "66",
        "SectionOfNoushinhouCodeName": "設定なし",
        "SectionOfNoushinhou": "0",
        "SectionOfToshikeikakuhouCodeName": "設定なし",
        "SectionOfToshikeikakuhou": "0",
        "OwnerFarmIntentionCodeName": "非公表",
        "OwnerFarmIntention": "999",
        "FarmerIndicationNumberHash": "01fb5ac031a30a705ea94c5672e28028",
        "KindOfRightCodeName": "賃借権等の設定がない",
        "KindOfRight": "0",
        "CommencementDate": "",
        "EndStagesDate": "",
        "RightSettingContentsCodeName": "農地中間管理権が設定されていない",
        "RightSettingContents": "0",
        "UsageSituationInvestigationDate": "20250828",
        "UsageSituationInvestigationResultCodeName": "遊休農地ではない",
        "UsageSituationInvestigationResult": "3",
        "UseIntentionInvestigationDate": "",
        "OwnerStatementIntentSurveyResultsCodeName": "調査対象外",
        "OwnerStatementIntentSurveyResults": "6",
        "UseIntentionAscertainmentResultCodeName": "対象外",
        "UseIntentionAscertainmentResult": "1",
        "PublicNoticeDate": "",
        "RightOfMiddleManagement": "",
        "RecommendationContenDate": "",
        "ActionOrderDate": "",
        "MayorPublicAnnouncementDate": "",
        "Address": "島根県出雲市大社町杵築西2588-3",
        "Tiban": "2588-3",
        "SectionOfPolygon": "3",
        "SectionOfPolygonCodeName": "その他",
        "DaichoId": "320159344",
        "daicho_shubetsu_cd": "KNO01"
      }
    },
    {
      "type": "Feature",
      "geometry": {
        "type": "Point",
        "coordinates": [
          132.68321409736674,
          35.38838415059411
        ]
      },
      "properties": {
        "FarmCommitteeCd": "3220321",
        "FarmCommitteeName": "出雲市農業委員会",
        "TodofukenCode": "32",
        "ShikuchosonCode": "322032",
        "OazaCode": "73300",
        "ClassificationOfLandCodeName": "畑",
        "ClassificationOfLand": "2",
        "AreaOnRegistry": "498",
        "SectionOfNoushinhouCodeName": "設定なし",
        "SectionOfNoushinhou": "0",
        "SectionOfToshikeikakuhouCodeName": "設定なし",
        "SectionOfToshikeikakuhou": "0",
        "OwnerFarmIntentionCodeName": "非公表",
        "OwnerFarmIntention": "999",
        "FarmerIndicationNumberHash": "98c1e76b449a01238ae1abf9ad546519",
        "KindOfRightCodeName": "賃借権等の設定がない",
        "KindOfRight": "0",
        "CommencementDate": "",
        "EndStagesDate": "",
        "RightSettingContentsCodeName": "農地中間管理権が設定されていない",
        "RightSettingContents": "0",
        "UsageSituationInvestigationDate": "20250828",
        "UsageSituationInvestigationResultCodeName": "遊休農地ではない",
        "UsageSituationInvestigationResult": "3",
        "UseIntentionInvestigationDate": "",
        "OwnerStatementIntentSurveyResultsCodeName": "調査対象外",
        "OwnerStatementIntentSurveyResults": "6",
        "UseIntentionAscertainmentResultCodeName": "対象外",
        "UseIntentionAscertainmentResult": "1",
        "PublicNoticeDate": "",
        "RightOfMiddleManagement": "",
        "RecommendationContenDate": "",
        "ActionOrderDate": "",
        "MayorPublicAnnouncementDate": "",
        "Address": "島根県出雲市大社町杵築西2590",
        "Tiban": "2590",
        "SectionOfPolygon": "3",
        "SectionOfPolygonCodeName": "その他",
        "DaichoId": "320159347",
        "daicho_shubetsu_cd": "KNO01"
      }
    },
    {
      "type": "Feature",
      "geometry": {
        "type": "Point",
        "coordinates": [
          132.68302304484007,
          35.38830319228512
        ]
      },
      "properties": {
        "FarmCommitteeCd": "3220321",
        "FarmCommitteeName": "出雲市農業委員会",
        "TodofukenCode": "32",
        "ShikuchosonCode": "322032",
        "OazaCode": "73300",
        "ClassificationOfLandCodeName": "畑",
        "ClassificationOfLand": "2",
        "AreaOnRegistry": "194",
        "SectionOfNoushinhouCodeName": "設定なし",
        "SectionOfNoushinhou": "0",
        "SectionOfToshikeikakuhouCodeName": "設定なし",
        "SectionOfToshikeikakuhou": "0",
        "OwnerFarmIntentionCodeName": "非公表",
        "OwnerFarmIntention": "999",
        "FarmerIndicationNumberHash": "c0119a2900e0e7502c7c9a01d36bf124",
        "KindOfRightCodeName": "賃借権等の設定がない",
        "KindOfRight": "0",
        "CommencementDate": "",
        "EndStagesDate": "",
        "RightSettingContentsCodeName": "農地中間管理権が設定されていない",
        "RightSettingContents": "0",
        "UsageSituationInvestigationDate": "20250828",
        "UsageSituationInvestigationResultCodeName": "遊休農地ではない",
        "UsageSituationInvestigationResult": "3",
        "UseIntentionInvestigationDate": "",
        "OwnerStatementIntentSurveyResultsCodeName": "調査対象外",
        "OwnerStatementIntentSurveyResults": "6",
        "UseIntentionAscertainmentResultCodeName": "対象外",
        "UseIntentionAscertainmentResult": "1",
        "PublicNoticeDate": "",
        "RightOfMiddleManagement": "",
        "RecommendationContenDate": "",
        "ActionOrderDate": "",
        "MayorPublicAnnouncementDate": "",
        "Address": "島根県出雲市大社町杵築西2591",
        "Tiban": "2591",
        "SectionOfPolygon": "3",
        "SectionOfPolygonCodeName": "その他",
        "DaichoId": "320159348",
        "daicho_shubetsu_cd": "KNO01"
      }
    },
    {
      "type": "Feature",
      "geometry": {
        "type": "Point",
        "coordinates": [
          132.683496399571,
          35.38834353223099
        ]
      },
      "properties": {
        "FarmCommitteeCd": "3220321",
        "FarmCommitteeName": "出雲市農業委員会",
        "TodofukenCode": "32",
        "ShikuchosonCode": "322032",
        "OazaCode": "73300",
        "ClassificationOfLandCodeName": "畑",
        "ClassificationOfLand": "2",
        "AreaOnRegistry": "388",
        "SectionOfNoushinhouCodeName": "設定なし",
        "SectionOfNoushinhou": "0",
        "SectionOfToshikeikakuhouCodeName": "設定なし",
        "SectionOfToshikeikakuhou": "0",
        "OwnerFarmIntentionCodeName": "非公表",
        "OwnerFarmIntention": "999",
        "FarmerIndicationNumberHash": "1d30c50181130e0ff457e7b2eaced047",
        "KindOfRightCodeName": "賃借権等の設定がない",
        "KindOfRight": "0",
        "CommencementDate": "",
        "EndStagesDate": "",
        "RightSettingContentsCodeName": "農地中間管理権が設定されていない",
        "RightSettingContents": "0",
        "UsageSituationInvestigationDate": "20250828",
        "UsageSituationInvestigationResultCodeName": "遊休農地ではない",
        "UsageSituationInvestigationResult": "3",
        "UseIntentionInvestigationDate": "",
        "OwnerStatementIntentSurveyResultsCodeName": "調査対象外",
        "OwnerStatementIntentSurveyResults": "6",
        "UseIntentionAscertainmentResultCodeName": "対象外",
        "UseIntentionAscertainmentResult": "1",
        "PublicNoticeDate": "",
        "RightOfMiddleManagement": "",
        "RecommendationContenDate": "",
        "ActionOrderDate": "",
        "MayorPublicAnnouncementDate": "",
        "Address": "島根県出雲市大社町杵築西2592-1",
        "Tiban": "2592-1",
        "SectionOfPolygon": "3",
        "SectionOfPolygonCodeName": "その他",
        "DaichoId": "320159349",
        "daicho_shubetsu_cd": "KNO01"
      }
    },
    {
      "type": "Feature",
      "geometry": {
        "type": "Point",
        "coordinates": [
          132.6829039608938,
          35.38816081946666
        ]
      },
      "properties": {
        "FarmCommitteeCd": "3220321",
        "FarmCommitteeName": "出雲市農業委員会",
        "TodofukenCode": "32",
        "ShikuchosonCode": "322032",
        "OazaCode": "73300",
        "ClassificationOfLandCodeName": "畑",
        "ClassificationOfLand": "2",
        "AreaOnRegistry": "761",
        "SectionOfNoushinhouCodeName": "設定なし",
        "SectionOfNoushinhou": "0",
        "SectionOfToshikeikakuhouCodeName": "設定なし",
        "SectionOfToshikeikakuhou": "0",
        "OwnerFarmIntentionCodeName": "非公表",
        "OwnerFarmIntention": "999",
        "FarmerIndicationNumberHash": "c0119a2900e0e7502c7c9a01d36bf124",
        "KindOfRightCodeName": "賃借権等の設定がない",
        "KindOfRight": "0",
        "CommencementDate": "",
        "EndStagesDate": "",
        "RightSettingContentsCodeName": "農地中間管理権が設定されていない",
        "RightSettingContents": "0",
        "UsageSituationInvestigationDate": "20250828",
        "UsageSituationInvestigationResultCodeName": "遊休農地（低利用）",
        "UsageSituationInvestigationResult": "2",
        "UseIntentionInvestigationDate": "",
        "OwnerStatementIntentSurveyResultsCodeName": "調査中",
        "OwnerStatementIntentSurveyResults": "9",
        "UseIntentionAscertainmentResultCodeName": "調査中",
        "UseIntentionAscertainmentResult": "2",
        "PublicNoticeDate": "",
        "RightOfMiddleManagement": "",
        "RecommendationContenDate": "",
        "ActionOrderDate": "",
        "MayorPublicAnnouncementDate": "",
        "Address": "島根県出雲市大社町杵築西2593-1",
        "Tiban": "2593-1",
        "SectionOfPolygon": "3",
        "SectionOfPolygonCodeName": "その他",
        "DaichoId": "320159350",
        "daicho_shubetsu_cd": "KNO01"
      }
    },
    {
      "type": "Feature",
      "geometry": {
        "type": "Point",
        "coordinates": [
          132.6824846027023,
          35.388027227472634
        ]
      },
      "properties": {
        "FarmCommitteeCd": "3220321",
        "FarmCommitteeName": "出雲市農業委員会",
        "TodofukenCode": "32",
        "ShikuchosonCode": "322032",
        "OazaCode": "73300",
        "ClassificationOfLandCodeName": "畑",
        "ClassificationOfLand": "2",
        "AreaOnRegistry": "176",
        "SectionOfNoushinhouCodeName": "設定なし",
        "SectionOfNoushinhou": "0",
        "SectionOfToshikeikakuhouCodeName": "設定なし",
        "SectionOfToshikeikakuhou": "0",
        "OwnerFarmIntentionCodeName": "非公表",
        "OwnerFarmIntention": "999",
        "FarmerIndicationNumberHash": "eab20711c3bb6fe28c65ffe3a8cf1c8f",
        "KindOfRightCodeName": "賃借権等の設定がない",
        "KindOfRight": "0",
        "CommencementDate": "",
        "EndStagesDate": "",
        "RightSettingContentsCodeName": "農地中間管理権が設定されていない",
        "RightSettingContents": "0",
        "UsageSituationInvestigationDate": "20250828",
        "UsageSituationInvestigationResultCodeName": "遊休農地ではない",
        "UsageSituationInvestigationResult": "3",
        "UseIntentionInvestigationDate": "20231127",
        "OwnerStatementIntentSurveyResultsCodeName": "調査対象外",
        "OwnerStatementIntentSurveyResults": "6",
        "UseIntentionAscertainmentResultCodeName": "対象外",
        "UseIntentionAscertainmentResult": "1",
        "PublicNoticeDate": "",
        "RightOfMiddleManagement": "",
        "RecommendationContenDate": "",
        "ActionOrderDate": "",
        "MayorPublicAnnouncementDate": "",
        "Address": "島根県出雲市大社町杵築西2594-1",
        "Tiban": "2594-1",
        "SectionOfPolygon": "3",
        "SectionOfPolygonCodeName": "その他",
        "DaichoId": "320159351",
        "daicho_shubetsu_cd": "KNO01"
      }
    },
    {
      "type": "Feature",
      "geometry": {
        "type": "Point",
        "coordinates": [
          132.6826836846673,
          35.388046457509716
        ]
      },
      "properties": {
        "FarmCommitteeCd": "3220321",
        "FarmCommitteeName": "出雲市農業委員会",
        "TodofukenCode": "32",
        "ShikuchosonCode": "322032",
        "OazaCode": "73300",
        "ClassificationOfLandCodeName": "畑",
        "ClassificationOfLand": "2",
        "AreaOnRegistry": "816",
        "SectionOfNoushinhouCodeName": "設定なし",
        "SectionOfNoushinhou": "0",
        "SectionOfToshikeikakuhouCodeName": "設定なし",
        "SectionOfToshikeikakuhou": "0",
        "OwnerFarmIntentionCodeName": "非公表",
        "OwnerFarmIntention": "999",
        "FarmerIndicationNumberHash": "f4f5ae8adc1c65474542e1e47ab88934",
        "KindOfRightCodeName": "賃借権等の設定がない",
        "KindOfRight": "0",
        "CommencementDate": "",
        "EndStagesDate": "",
        "RightSettingContentsCodeName": "農地中間管理権が設定されていない",
        "RightSettingContents": "0",
        "UsageSituationInvestigationDate": "20250828",
        "UsageSituationInvestigationResultCodeName": "遊休農地（低利用）",
        "UsageSituationInvestigationResult": "2",
        "UseIntentionInvestigationDate": "20231201",
        "OwnerStatementIntentSurveyResultsCodeName": "調査中",
        "OwnerStatementIntentSurveyResults": "9",
        "UseIntentionAscertainmentResultCodeName": "調査中",
        "UseIntentionAscertainmentResult": "2",
        "PublicNoticeDate": "",
        "RightOfMiddleManagement": "",
        "RecommendationContenDate": "",
        "ActionOrderDate": "",
        "MayorPublicAnnouncementDate": "",
        "Address": "島根県出雲市大社町杵築西2594-3",
        "Tiban": "2594-3",
        "SectionOfPolygon": "3",
        "SectionOfPolygonCodeName": "その他",
        "DaichoId": "320159352",
        "daicho_shubetsu_cd": "KNO01"
      }
    },
    {
      "type": "Feature",
      "geometry": {
        "type": "Point",
        "coordinates": [
          132.68243577476858,
          35.38830780822516
        ]
      },
      "properties": {
        "FarmCommitteeCd": "3220321",
        "FarmCommitteeName": "出雲市農業委員会",
        "TodofukenCode": "32",
        "ShikuchosonCode": "322032",
        "OazaCode": "73300",
        "ClassificationOfLandCodeName": "畑",
        "ClassificationOfLand": "2",
        "AreaOnRegistry": "595",
        "SectionOfNoushinhouCodeName": "設定なし",
        "SectionOfNoushinhou": "0",
        "SectionOfToshikeikakuhouCodeName": "設定なし",
        "SectionOfToshikeikakuhou": "0",
        "OwnerFarmIntentionCodeName": "非公表",
        "OwnerFarmIntention": "999",
        "FarmerIndicationNumberHash": "98c1e76b449a01238ae1abf9ad546519",
        "KindOfRightCodeName": "賃借権等の設定がない",
        "KindOfRight": "0",
        "CommencementDate": "",
        "EndStagesDate": "",
        "RightSettingContentsCodeName": "農地中間管理権が設定されていない",
        "RightSettingContents": "0",
        "UsageSituationInvestigationDate": "20250828",
        "UsageSituationInvestigationResultCodeName": "遊休農地（低利用）",
        "UsageSituationInvestigationResult": "2",
        "UseIntentionInvestigationDate": "20231201",
        "OwnerStatementIntentSurveyResultsCodeName": "自ら耕作を再開",
        "OwnerStatementIntentSurveyResults": "1",
        "UseIntentionAscertainmentResultCodeName": "調査中",
        "UseIntentionAscertainmentResult": "2",
        "PublicNoticeDate": "",
        "RightOfMiddleManagement": "",
        "RecommendationContenDate": "",
        "ActionOrderDate": "",
        "MayorPublicAnnouncementDate": "",
        "Address": "島根県出雲市大社町杵築西2596-1",
        "Tiban": "2596-1",
        "SectionOfPolygon": "3",
        "SectionOfPolygonCodeName": "その他",
        "DaichoId": "320159353",
        "daicho_shubetsu_cd": "KNO01"
      }
    },
    {
      "type": "Feature",
      "geometry": {
        "type": "Point",
        "coordinates": [
          132.68276041503879,
          35.38837669847042
        ]
      },
      "properties": {
        "FarmCommitteeCd": "3220321",
        "FarmCommitteeName": "出雲市農業委員会",
        "TodofukenCode": "32",
        "ShikuchosonCode": "322032",
        "OazaCode": "73300",
        "ClassificationOfLandCodeName": "畑",
        "ClassificationOfLand": "2",
        "AreaOnRegistry": "369",
        "SectionOfNoushinhouCodeName": "設定なし",
        "SectionOfNoushinhou": "0",
        "SectionOfToshikeikakuhouCodeName": "設定なし",
        "SectionOfToshikeikakuhou": "0",
        "OwnerFarmIntentionCodeName": "非公表",
        "OwnerFarmIntention": "999",
        "FarmerIndicationNumberHash": "c0119a2900e0e7502c7c9a01d36bf124",
        "KindOfRightCodeName": "賃借権等の設定がない",
        "KindOfRight": "0",
        "CommencementDate": "",
        "EndStagesDate": "",
        "RightSettingContentsCodeName": "農地中間管理権が設定されていない",
        "RightSettingContents": "0",
        "UsageSituationInvestigationDate": "20250828",
        "UsageSituationInvestigationResultCodeName": "遊休農地ではない",
        "UsageSituationInvestigationResult": "3",
        "UseIntentionInvestigationDate": "",
        "OwnerStatementIntentSurveyResultsCodeName": "調査対象外",
        "OwnerStatementIntentSurveyResults": "6",
        "UseIntentionAscertainmentResultCodeName": "対象外",
        "UseIntentionAscertainmentResult": "1",
        "PublicNoticeDate": "",
        "RightOfMiddleManagement": "",
        "RecommendationContenDate": "",
        "ActionOrderDate": "",
        "MayorPublicAnnouncementDate": "",
        "Address": "島根県出雲市大社町杵築西2597",
        "Tiban": "2597",
        "SectionOfPolygon": "3",
        "SectionOfPolygonCodeName": "その他",
        "DaichoId": "320159356",
        "daicho_shubetsu_cd": "KNO01"
      }
    },
    {
      "type": "Feature",
      "geometry": {
        "type": "Point",
        "coordinates": [
          132.6823217918674,
          35.38849256435472
        ]
      },
      "properties": {
        "FarmCommitteeCd": "3220321",
        "FarmCommitteeName": "出雲市農業委員会",
        "TodofukenCode": "32",
        "ShikuchosonCode": "322032",
        "OazaCode": "73300",
        "ClassificationOfLandCodeName": "畑",
        "ClassificationOfLand": "2",
        "AreaOnRegistry": "1098",
        "SectionOfNoushinhouCodeName": "設定なし",
        "SectionOfNoushinhou": "0",
        "SectionOfToshikeikakuhouCodeName": "設定なし",
        "SectionOfToshikeikakuhou": "0",
        "OwnerFarmIntentionCodeName": "非公表",
        "OwnerFarmIntention": "999",
        "FarmerIndicationNumberHash": "4317691bf8018c057f6b6b969d7552c7",
        "KindOfRightCodeName": "賃借権等の設定がない",
        "KindOfRight": "0",
        "CommencementDate": "",
        "EndStagesDate": "",
        "RightSettingContentsCodeName": "農地中間管理権が設定されていない",
        "RightSettingContents": "0",
        "UsageSituationInvestigationDate": "20250828",
        "UsageSituationInvestigationResultCodeName": "遊休農地（不耕作緑）",
        "UsageSituationInvestigationResult": "6",
        "UseIntentionInvestigationDate": "20241126",
        "OwnerStatementIntentSurveyResultsCodeName": "調査中",
        "OwnerStatementIntentSurveyResults": "9",
        "UseIntentionAscertainmentResultCodeName": "調査中",
        "UseIntentionAscertainmentResult": "2",
        "PublicNoticeDate": "",
        "RightOfMiddleManagement": "",
        "RecommendationContenDate": "",
        "ActionOrderDate": "",
        "MayorPublicAnnouncementDate": "",
        "Address": "島根県出雲市大社町杵築西2599",
        "Tiban": "2599",
        "SectionOfPolygon": "3",
        "SectionOfPolygonCodeName": "その他",
        "DaichoId": "320159357",
        "daicho_shubetsu_cd": "KNO01"
      }
    },
    {
      "type": "Feature",
      "geometry": {
        "type": "Point",
        "coordinates": [
          132.6825749837973,
          35.388642213308756
        ]
      },
      "properties": {
        "FarmCommitteeCd": "3220321",
        "FarmCommitteeName": "出雲市農業委員会",
        "TodofukenCode": "32",
        "ShikuchosonCode": "322032",
        "OazaCode": "73300",
        "ClassificationOfLandCodeName": "畑",
        "ClassificationOfLand": "2",
        "AreaOnRegistry": "156",
        "SectionOfNoushinhouCodeName": "設定なし",
        "SectionOfNoushinhou": "0",
        "SectionOfToshikeikakuhouCodeName": "設定なし",
        "SectionOfToshikeikakuhou": "0",
        "OwnerFarmIntentionCodeName": "非公表",
        "OwnerFarmIntention": "999",
        "FarmerIndicationNumberHash": "04bad2dd40856e2d615b8200a705c62b",
        "KindOfRightCodeName": "賃借権等の設定がない",
        "KindOfRight": "0",
        "CommencementDate": "",
        "EndStagesDate": "",
        "RightSettingContentsCodeName": "農地中間管理権が設定されていない",
        "RightSettingContents": "0",
        "UsageSituationInvestigationDate": "20250828",
        "UsageSituationInvestigationResultCodeName": "遊休農地（不耕作緑）",
        "UsageSituationInvestigationResult": "6",
        "UseIntentionInvestigationDate": "",
        "OwnerStatementIntentSurveyResultsCodeName": "調査中",
        "OwnerStatementIntentSurveyResults": "9",
        "UseIntentionAscertainmentResultCodeName": "調査中",
        "UseIntentionAscertainmentResult": "2",
        "PublicNoticeDate": "",
        "RightOfMiddleManagement": "",
        "RecommendationContenDate": "",
        "ActionOrderDate": "",
        "MayorPublicAnnouncementDate": "",
        "Address": "島根県出雲市大社町杵築西2600",
        "Tiban": "2600",
        "SectionOfPolygon": "3",
        "SectionOfPolygonCodeName": "その他",
        "DaichoId": "320159358",
        "daicho_shubetsu_cd": "KNO01"
      }
    },
    {
      "type": "Feature",
      "geometry": {
        "type": "Point",
        "coordinates": [
          132.6821254356964,
          35.388615135435856
        ]
      },
      "properties": {
        "FarmCommitteeCd": "3220321",
        "FarmCommitteeName": "出雲市農業委員会",
        "TodofukenCode": "32",
        "ShikuchosonCode": "322032",
        "OazaCode": "73300",
        "ClassificationOfLandCodeName": "畑",
        "ClassificationOfLand": "2",
        "AreaOnRegistry": "39.23",
        "SectionOfNoushinhouCodeName": "設定なし",
        "SectionOfNoushinhou": "0",
        "SectionOfToshikeikakuhouCodeName": "設定なし",
        "SectionOfToshikeikakuhou": "0",
        "OwnerFarmIntentionCodeName": "非公表",
        "OwnerFarmIntention": "999",
        "FarmerIndicationNumberHash": "98c1e76b449a01238ae1abf9ad546519",
        "KindOfRightCodeName": "賃借権等の設定がない",
        "KindOfRight": "0",
        "CommencementDate": "",
        "EndStagesDate": "",
        "RightSettingContentsCodeName": "農地中間管理権が設定されていない",
        "RightSettingContents": "0",
        "UsageSituationInvestigationDate": "20250828",
        "UsageSituationInvestigationResultCodeName": "遊休農地（低利用）",
        "UsageSituationInvestigationResult": "2",
        "UseIntentionInvestigationDate": "",
        "OwnerStatementIntentSurveyResultsCodeName": "調査中",
        "OwnerStatementIntentSurveyResults": "9",
        "UseIntentionAscertainmentResultCodeName": "調査中",
        "UseIntentionAscertainmentResult": "2",
        "PublicNoticeDate": "",
        "RightOfMiddleManagement": "",
        "RecommendationContenDate": "",
        "ActionOrderDate": "",
        "MayorPublicAnnouncementDate": "",
        "Address": "島根県出雲市大社町杵築西2602-1",
        "Tiban": "2602-1",
        "SectionOfPolygon": "3",
        "SectionOfPolygonCodeName": "その他",
        "DaichoId": "320159359",
        "daicho_shubetsu_cd": "KNO01"
      }
    },
    {
      "type": "Feature",
      "geometry": {
        "type": "Point",
        "coordinates": [
          132.6820626104032,
          35.388588888045355
        ]
      },
      "properties": {
        "FarmCommitteeCd": "3220321",
        "FarmCommitteeName": "出雲市農業委員会",
        "TodofukenCode": "32",
        "ShikuchosonCode": "322032",
        "OazaCode": "73300",
        "ClassificationOfLandCodeName": "畑",
        "ClassificationOfLand": "2",
        "AreaOnRegistry": "132",
        "SectionOfNoushinhouCodeName": "設定なし",
        "SectionOfNoushinhou": "0",
        "SectionOfToshikeikakuhouCodeName": "設定なし",
        "SectionOfToshikeikakuhou": "0",
        "OwnerFarmIntentionCodeName": "非公表",
        "OwnerFarmIntention": "999",
        "FarmerIndicationNumberHash": "98c1e76b449a01238ae1abf9ad546519",
        "KindOfRightCodeName": "賃借権等の設定がない",
        "KindOfRight": "0",
        "CommencementDate": "",
        "EndStagesDate": "",
        "RightSettingContentsCodeName": "農地中間管理権が設定されていない",
        "RightSettingContents": "0",
        "UsageSituationInvestigationDate": "20250828",
        "UsageSituationInvestigationResultCodeName": "遊休農地（低利用）",
        "UsageSituationInvestigationResult": "2",
        "UseIntentionInvestigationDate": "",
        "OwnerStatementIntentSurveyResultsCodeName": "調査中",
        "OwnerStatementIntentSurveyResults": "9",
        "UseIntentionAscertainmentResultCodeName": "調査中",
        "UseIntentionAscertainmentResult": "2",
        "PublicNoticeDate": "",
        "RightOfMiddleManagement": "",
        "RecommendationContenDate": "",
        "ActionOrderDate": "",
        "MayorPublicAnnouncementDate": "",
        "Address": "島根県出雲市大社町杵築西2603-1",
        "Tiban": "2603-1",
        "SectionOfPolygon": "3",
        "SectionOfPolygonCodeName": "その他",
        "DaichoId": "320159360",
        "daicho_shubetsu_cd": "KNO01"
      }
    },
    {
      "type": "Feature",
      "geometry": {
        "type": "Point",
        "coordinates": [
          132.682032111134,
          35.388794416670045
        ]
      },
      "properties": {
        "FarmCommitteeCd": "3220321",
        "FarmCommitteeName": "出雲市農業委員会",
        "TodofukenCode": "32",
        "ShikuchosonCode": "322032",
        "OazaCode": "73300",
        "ClassificationOfLandCodeName": "畑",
        "ClassificationOfLand": "2",
        "AreaOnRegistry": "649",
        "SectionOfNoushinhouCodeName": "設定なし",
        "SectionOfNoushinhou": "0",
        "SectionOfToshikeikakuhouCodeName": "設定なし",
        "SectionOfToshikeikakuhou": "0",
        "OwnerFarmIntentionCodeName": "非公表",
        "OwnerFarmIntention": "999",
        "FarmerIndicationNumberHash": "e8f19da533f4af083c48762bbbfe2528",
        "KindOfRightCodeName": "賃借権等の設定がない",
        "KindOfRight": "0",
        "CommencementDate": "",
        "EndStagesDate": "",
        "RightSettingContentsCodeName": "農地中間管理権が設定されていない",
        "RightSettingContents": "0",
        "UsageSituationInvestigationDate": "20250828",
        "UsageSituationInvestigationResultCodeName": "遊休農地ではない",
        "UsageSituationInvestigationResult": "3",
        "UseIntentionInvestigationDate": "",
        "OwnerStatementIntentSurveyResultsCodeName": "調査対象外",
        "OwnerStatementIntentSurveyResults": "6",
        "UseIntentionAscertainmentResultCodeName": "対象外",
        "UseIntentionAscertainmentResult": "1",
        "PublicNoticeDate": "",
        "RightOfMiddleManagement": "",
        "RecommendationContenDate": "",
        "ActionOrderDate": "",
        "MayorPublicAnnouncementDate": "",
        "Address": "島根県出雲市大社町杵築西2604",
        "Tiban": "2604",
        "SectionOfPolygon": "3",
        "SectionOfPolygonCodeName": "その他",
        "DaichoId": "320159361",
        "daicho_shubetsu_cd": "KNO01"
      }
    },
    {
      "type": "Feature",
      "geometry": {
        "type": "Point",
        "coordinates": [
          132.68231858072588,
          35.38886263966302
        ]
      },
      "properties": {
        "FarmCommitteeCd": "3220321",
        "FarmCommitteeName": "出雲市農業委員会",
        "TodofukenCode": "32",
        "ShikuchosonCode": "322032",
        "OazaCode": "73300",
        "ClassificationOfLandCodeName": "畑",
        "ClassificationOfLand": "2",
        "AreaOnRegistry": "373",
        "SectionOfNoushinhouCodeName": "設定なし",
        "SectionOfNoushinhou": "0",
        "SectionOfToshikeikakuhouCodeName": "設定なし",
        "SectionOfToshikeikakuhou": "0",
        "OwnerFarmIntentionCodeName": "非公表",
        "OwnerFarmIntention": "999",
        "FarmerIndicationNumberHash": "093fd21abd9f42e1eaeb57c191dd1463",
        "KindOfRightCodeName": "賃借権等の設定がない",
        "KindOfRight": "0",
        "CommencementDate": "",
        "EndStagesDate": "",
        "RightSettingContentsCodeName": "農地中間管理権が設定されていない",
        "RightSettingContents": "0",
        "UsageSituationInvestigationDate": "20250828",
        "UsageSituationInvestigationResultCodeName": "遊休農地ではない",
        "UsageSituationInvestigationResult": "3",
        "UseIntentionInvestigationDate": "",
        "OwnerStatementIntentSurveyResultsCodeName": "調査対象外",
        "OwnerStatementIntentSurveyResults": "6",
        "UseIntentionAscertainmentResultCodeName": "対象外",
        "UseIntentionAscertainmentResult": "1",
        "PublicNoticeDate": "",
        "RightOfMiddleManagement": "",
        "RecommendationContenDate": "",
        "ActionOrderDate": "",
        "MayorPublicAnnouncementDate": "",
        "Address": "島根県出雲市大社町杵築西2605",
        "Tiban": "2605",
        "SectionOfPolygon": "3",
        "SectionOfPolygonCodeName": "その他",
        "DaichoId": "320159362",
        "daicho_shubetsu_cd": "KNO01"
      }
    },
    {
      "type": "Feature",
      "geometry": {
        "type": "Point",
        "coordinates": [
          132.6824620051255,
          35.38891858699227
        ]
      },
      "properties": {
        "FarmCommitteeCd": "3220321",
        "FarmCommitteeName": "出雲市農業委員会",
        "TodofukenCode": "32",
        "ShikuchosonCode": "322032",
        "OazaCode": "73300",
        "ClassificationOfLandCodeName": "畑",
        "ClassificationOfLand": "2",
        "AreaOnRegistry": "59",
        "SectionOfNoushinhouCodeName": "設定なし",
        "SectionOfNoushinhou": "0",
        "SectionOfToshikeikakuhouCodeName": "設定なし",
        "SectionOfToshikeikakuhou": "0",
        "OwnerFarmIntentionCodeName": "非公表",
        "OwnerFarmIntention": "999",
        "FarmerIndicationNumberHash": "ded47712ff28bc070d92114afb6f4f61",
        "KindOfRightCodeName": "賃借権等の設定がない",
        "KindOfRight": "0",
        "CommencementDate": "",
        "EndStagesDate": "",
        "RightSettingContentsCodeName": "農地中間管理権が設定されていない",
        "RightSettingContents": "0",
        "UsageSituationInvestigationDate": "20250828",
        "UsageSituationInvestigationResultCodeName": "遊休農地ではない",
        "UsageSituationInvestigationResult": "3",
        "UseIntentionInvestigationDate": "",
        "OwnerStatementIntentSurveyResultsCodeName": "調査対象外",
        "OwnerStatementIntentSurveyResults": "6",
        "UseIntentionAscertainmentResultCodeName": "対象外",
        "UseIntentionAscertainmentResult": "1",
        "PublicNoticeDate": "",
        "RightOfMiddleManagement": "",
        "RecommendationContenDate": "",
        "ActionOrderDate": "",
        "MayorPublicAnnouncementDate": "",
        "Address": "島根県出雲市大社町杵築西2606-2",
        "Tiban": "2606-2",
        "SectionOfPolygon": "3",
        "SectionOfPolygonCodeName": "その他",
        "DaichoId": "320159364",
        "daicho_shubetsu_cd": "KNO01"
      }
    },
    {
      "type": "Feature",
      "geometry": {
        "type": "Point",
        "coordinates": [
          132.68228003414853,
          35.38914103158683
        ]
      },
      "properties": {
        "FarmCommitteeCd": "3220321",
        "FarmCommitteeName": "出雲市農業委員会",
        "TodofukenCode": "32",
        "ShikuchosonCode": "322032",
        "OazaCode": "73300",
        "ClassificationOfLandCodeName": "畑",
        "ClassificationOfLand": "2",
        "AreaOnRegistry": "103",
        "SectionOfNoushinhouCodeName": "設定なし",
        "SectionOfNoushinhou": "0",
        "SectionOfToshikeikakuhouCodeName": "設定なし",
        "SectionOfToshikeikakuhou": "0",
        "OwnerFarmIntentionCodeName": "非公表",
        "OwnerFarmIntention": "999",
        "FarmerIndicationNumberHash": "36cf8fbbf8e43e571d1555704cbdb05e",
        "KindOfRightCodeName": "賃借権等の設定がない",
        "KindOfRight": "0",
        "CommencementDate": "",
        "EndStagesDate": "",
        "RightSettingContentsCodeName": "農地中間管理権が設定されていない",
        "RightSettingContents": "0",
        "UsageSituationInvestigationDate": "20250828",
        "UsageSituationInvestigationResultCodeName": "遊休農地ではない",
        "UsageSituationInvestigationResult": "3",
        "UseIntentionInvestigationDate": "",
        "OwnerStatementIntentSurveyResultsCodeName": "調査対象外",
        "OwnerStatementIntentSurveyResults": "6",
        "UseIntentionAscertainmentResultCodeName": "対象外",
        "UseIntentionAscertainmentResult": "1",
        "PublicNoticeDate": "",
        "RightOfMiddleManagement": "",
        "RecommendationContenDate": "",
        "ActionOrderDate": "",
        "MayorPublicAnnouncementDate": "",
        "Address": "島根県出雲市大社町杵築西2607-1",
        "Tiban": "2607-1",
        "SectionOfPolygon": "3",
        "SectionOfPolygonCodeName": "その他",
        "DaichoId": "320159365",
        "daicho_shubetsu_cd": "KNO01"
      }
    },
    {
      "type": "Feature",
      "geometry": {
        "type": "Point",
        "coordinates": [
          132.68216900451807,
          35.389084259433446
        ]
      },
      "properties": {
        "FarmCommitteeCd": "3220321",
        "FarmCommitteeName": "出雲市農業委員会",
        "TodofukenCode": "32",
        "ShikuchosonCode": "322032",
        "OazaCode": "73300",
        "ClassificationOfLandCodeName": "畑",
        "ClassificationOfLand": "2",
        "AreaOnRegistry": "285",
        "SectionOfNoushinhouCodeName": "設定なし",
        "SectionOfNoushinhou": "0",
        "SectionOfToshikeikakuhouCodeName": "設定なし",
        "SectionOfToshikeikakuhou": "0",
        "OwnerFarmIntentionCodeName": "非公表",
        "OwnerFarmIntention": "999",
        "FarmerIndicationNumberHash": "36cf8fbbf8e43e571d1555704cbdb05e",
        "KindOfRightCodeName": "賃借権等の設定がない",
        "KindOfRight": "0",
        "CommencementDate": "",
        "EndStagesDate": "",
        "RightSettingContentsCodeName": "農地中間管理権が設定されていない",
        "RightSettingContents": "0",
        "UsageSituationInvestigationDate": "20250828",
        "UsageSituationInvestigationResultCodeName": "遊休農地ではない",
        "UsageSituationInvestigationResult": "3",
        "UseIntentionInvestigationDate": "",
        "OwnerStatementIntentSurveyResultsCodeName": "調査対象外",
        "OwnerStatementIntentSurveyResults": "6",
        "UseIntentionAscertainmentResultCodeName": "対象外",
        "UseIntentionAscertainmentResult": "1",
        "PublicNoticeDate": "",
        "RightOfMiddleManagement": "",
        "RecommendationContenDate": "",
        "ActionOrderDate": "",
        "MayorPublicAnnouncementDate": "",
        "Address": "島根県出雲市大社町杵築西2608-1",
        "Tiban": "2608-1",
        "SectionOfPolygon": "3",
        "SectionOfPolygonCodeName": "その他",
        "DaichoId": "320159366",
        "daicho_shubetsu_cd": "KNO01"
      }
    },
    {
      "type": "Feature",
      "geometry": {
        "type": "Point",
        "coordinates": [
          132.68196988256955,
          35.3891892913533
        ]
      },
      "properties": {
        "FarmCommitteeCd": "3220321",
        "FarmCommitteeName": "出雲市農業委員会",
        "TodofukenCode": "32",
        "ShikuchosonCode": "322032",
        "OazaCode": "73300",
        "ClassificationOfLandCodeName": "畑",
        "ClassificationOfLand": "2",
        "AreaOnRegistry": "399",
        "SectionOfNoushinhouCodeName": "設定なし",
        "SectionOfNoushinhou": "0",
        "SectionOfToshikeikakuhouCodeName": "設定なし",
        "SectionOfToshikeikakuhou": "0",
        "OwnerFarmIntentionCodeName": "非公表",
        "OwnerFarmIntention": "999",
        "FarmerIndicationNumberHash": "9a8ee9c7879b15c7e69e58b46d112d71",
        "KindOfRightCodeName": "賃借権等の設定がない",
        "KindOfRight": "0",
        "CommencementDate": "",
        "EndStagesDate": "",
        "RightSettingContentsCodeName": "農地中間管理権が設定されていない",
        "RightSettingContents": "0",
        "UsageSituationInvestigationDate": "20250828",
        "UsageSituationInvestigationResultCodeName": "遊休農地ではない",
        "UsageSituationInvestigationResult": "3",
        "UseIntentionInvestigationDate": "",
        "OwnerStatementIntentSurveyResultsCodeName": "調査対象外",
        "OwnerStatementIntentSurveyResults": "6",
        "UseIntentionAscertainmentResultCodeName": "対象外",
        "UseIntentionAscertainmentResult": "1",
        "PublicNoticeDate": "",
        "RightOfMiddleManagement": "",
        "RecommendationContenDate": "",
        "ActionOrderDate": "",
        "MayorPublicAnnouncementDate": "",
        "Address": "島根県出雲市大社町杵築西2612",
        "Tiban": "2612",
        "SectionOfPolygon": "3",
        "SectionOfPolygonCodeName": "その他",
        "DaichoId": "320159368",
        "daicho_shubetsu_cd": "KNO01"
      }
    },
    {
      "type": "Feature",
      "geometry": {
        "type": "Point",
        "coordinates": [
          132.68213089830715,
          35.389271594125304
        ]
      },
      "properties": {
        "FarmCommitteeCd": "3220321",
        "FarmCommitteeName": "出雲市農業委員会",
        "TodofukenCode": "32",
        "ShikuchosonCode": "322032",
        "OazaCode": "73300",
        "ClassificationOfLandCodeName": "畑",
        "ClassificationOfLand": "2",
        "AreaOnRegistry": "258",
        "SectionOfNoushinhouCodeName": "設定なし",
        "SectionOfNoushinhou": "0",
        "SectionOfToshikeikakuhouCodeName": "設定なし",
        "SectionOfToshikeikakuhou": "0",
        "OwnerFarmIntentionCodeName": "非公表",
        "OwnerFarmIntention": "999",
        "FarmerIndicationNumberHash": "d5c0c304ae24f9de279b97cb881d1ba8",
        "KindOfRightCodeName": "賃借権等の設定がない",
        "KindOfRight": "0",
        "CommencementDate": "",
        "EndStagesDate": "",
        "RightSettingContentsCodeName": "農地中間管理権が設定されていない",
        "RightSettingContents": "0",
        "UsageSituationInvestigationDate": "20250828",
        "UsageSituationInvestigationResultCodeName": "遊休農地ではない",
        "UsageSituationInvestigationResult": "3",
        "UseIntentionInvestigationDate": "",
        "OwnerStatementIntentSurveyResultsCodeName": "調査対象外",
        "OwnerStatementIntentSurveyResults": "6",
        "UseIntentionAscertainmentResultCodeName": "対象外",
        "UseIntentionAscertainmentResult": "1",
        "PublicNoticeDate": "",
        "RightOfMiddleManagement": "",
        "RecommendationContenDate": "",
        "ActionOrderDate": "",
        "MayorPublicAnnouncementDate": "",
        "Address": "島根県出雲市大社町杵築西2613-1",
        "Tiban": "2613-1",
        "SectionOfPolygon": "3",
        "SectionOfPolygonCodeName": "その他",
        "DaichoId": "320159369",
        "daicho_shubetsu_cd": "KNO01"
      }
    },
    {
      "type": "Feature",
      "geometry": {
        "type": "Point",
        "coordinates": [
          132.68195406889782,
          35.38935379460943
        ]
      },
      "properties": {
        "FarmCommitteeCd": "3220321",
        "FarmCommitteeName": "出雲市農業委員会",
        "TodofukenCode": "32",
        "ShikuchosonCode": "322032",
        "OazaCode": "73300",
        "ClassificationOfLandCodeName": "畑",
        "ClassificationOfLand": "2",
        "AreaOnRegistry": "154",
        "SectionOfNoushinhouCodeName": "設定なし",
        "SectionOfNoushinhou": "0",
        "SectionOfToshikeikakuhouCodeName": "設定なし",
        "SectionOfToshikeikakuhou": "0",
        "OwnerFarmIntentionCodeName": "非公表",
        "OwnerFarmIntention": "999",
        "FarmerIndicationNumberHash": "b40153d8aa0ce9e572e0756ef24899f3",
        "KindOfRightCodeName": "賃借権等の設定がない",
        "KindOfRight": "0",
        "CommencementDate": "",
        "EndStagesDate": "",
        "RightSettingContentsCodeName": "農地中間管理権が設定されていない",
        "RightSettingContents": "0",
        "UsageSituationInvestigationDate": "20250828",
        "UsageSituationInvestigationResultCodeName": "遊休農地ではない",
        "UsageSituationInvestigationResult": "3",
        "UseIntentionInvestigationDate": "",
        "OwnerStatementIntentSurveyResultsCodeName": "調査対象外",
        "OwnerStatementIntentSurveyResults": "6",
        "UseIntentionAscertainmentResultCodeName": "対象外",
        "UseIntentionAscertainmentResult": "1",
        "PublicNoticeDate": "",
        "RightOfMiddleManagement": "",
        "RecommendationContenDate": "",
        "ActionOrderDate": "",
        "MayorPublicAnnouncementDate": "",
        "Address": "島根県出雲市大社町杵築西2614-1",
        "Tiban": "2614-1",
        "SectionOfPolygon": "3",
        "SectionOfPolygonCodeName": "その他",
        "DaichoId": "320159370",
        "daicho_shubetsu_cd": "KNO01"
      }
    },
    {
      "type": "Feature",
      "geometry": {
        "type": "Point",
        "coordinates": [
          132.68176439060284,
          35.38928446932748
        ]
      },
      "properties": {
        "FarmCommitteeCd": "3220321",
        "FarmCommitteeName": "出雲市農業委員会",
        "TodofukenCode": "32",
        "ShikuchosonCode": "322032",
        "OazaCode": "73300",
        "ClassificationOfLandCodeName": "畑",
        "ClassificationOfLand": "2",
        "AreaOnRegistry": "416",
        "SectionOfNoushinhouCodeName": "設定なし",
        "SectionOfNoushinhou": "0",
        "SectionOfToshikeikakuhouCodeName": "設定なし",
        "SectionOfToshikeikakuhou": "0",
        "OwnerFarmIntentionCodeName": "非公表",
        "OwnerFarmIntention": "999",
        "FarmerIndicationNumberHash": "548f5340254f1c0b554bd41f9edeafe8",
        "KindOfRightCodeName": "賃借権等の設定がない",
        "KindOfRight": "0",
        "CommencementDate": "",
        "EndStagesDate": "",
        "RightSettingContentsCodeName": "農地中間管理権が設定されていない",
        "RightSettingContents": "0",
        "UsageSituationInvestigationDate": "20250828",
        "UsageSituationInvestigationResultCodeName": "遊休農地ではない",
        "UsageSituationInvestigationResult": "3",
        "UseIntentionInvestigationDate": "",
        "OwnerStatementIntentSurveyResultsCodeName": "調査対象外",
        "OwnerStatementIntentSurveyResults": "6",
        "UseIntentionAscertainmentResultCodeName": "対象外",
        "UseIntentionAscertainmentResult": "1",
        "PublicNoticeDate": "",
        "RightOfMiddleManagement": "",
        "RecommendationContenDate": "",
        "ActionOrderDate": "",
        "MayorPublicAnnouncementDate": "",
        "Address": "島根県出雲市大社町杵築西2615-1",
        "Tiban": "2615-1",
        "SectionOfPolygon": "3",
        "SectionOfPolygonCodeName": "その他",
        "DaichoId": "320159371",
        "daicho_shubetsu_cd": "KNO01"
      }
    },
    {
      "type": "Feature",
      "geometry": {
        "type": "Point",
        "coordinates": [
          132.68160918215247,
          35.389210182584485
        ]
      },
      "properties": {
        "FarmCommitteeCd": "3220321",
        "FarmCommitteeName": "出雲市農業委員会",
        "TodofukenCode": "32",
        "ShikuchosonCode": "322032",
        "OazaCode": "73300",
        "ClassificationOfLandCodeName": "畑",
        "ClassificationOfLand": "2",
        "AreaOnRegistry": "189",
        "SectionOfNoushinhouCodeName": "設定なし",
        "SectionOfNoushinhou": "0",
        "SectionOfToshikeikakuhouCodeName": "設定なし",
        "SectionOfToshikeikakuhou": "0",
        "OwnerFarmIntentionCodeName": "非公表",
        "OwnerFarmIntention": "999",
        "FarmerIndicationNumberHash": "548f5340254f1c0b554bd41f9edeafe8",
        "KindOfRightCodeName": "賃借権等の設定がない",
        "KindOfRight": "0",
        "CommencementDate": "",
        "EndStagesDate": "",
        "RightSettingContentsCodeName": "農地中間管理権が設定されていない",
        "RightSettingContents": "0",
        "UsageSituationInvestigationDate": "20250828",
        "UsageSituationInvestigationResultCodeName": "遊休農地ではない",
        "UsageSituationInvestigationResult": "3",
        "UseIntentionInvestigationDate": "",
        "OwnerStatementIntentSurveyResultsCodeName": "調査対象外",
        "OwnerStatementIntentSurveyResults": "6",
        "UseIntentionAscertainmentResultCodeName": "対象外",
        "UseIntentionAscertainmentResult": "1",
        "PublicNoticeDate": "",
        "RightOfMiddleManagement": "",
        "RecommendationContenDate": "",
        "ActionOrderDate": "",
        "MayorPublicAnnouncementDate": "",
        "Address": "島根県出雲市大社町杵築西2615-3",
        "Tiban": "2615-3",
        "SectionOfPolygon": "3",
        "SectionOfPolygonCodeName": "その他",
        "DaichoId": "320159372",
        "daicho_shubetsu_cd": "KNO01"
      }
    },
    {
      "type": "Feature",
      "geometry": {
        "type": "Point",
        "coordinates": [
          132.68187709446968,
          35.38851879687132
        ]
      },
      "properties": {
        "FarmCommitteeCd": "3220321",
        "FarmCommitteeName": "出雲市農業委員会",
        "TodofukenCode": "32",
        "ShikuchosonCode": "322032",
        "OazaCode": "73300",
        "ClassificationOfLandCodeName": "畑",
        "ClassificationOfLand": "2",
        "AreaOnRegistry": "382",
        "SectionOfNoushinhouCodeName": "設定なし",
        "SectionOfNoushinhou": "0",
        "SectionOfToshikeikakuhouCodeName": "設定なし",
        "SectionOfToshikeikakuhou": "0",
        "OwnerFarmIntentionCodeName": "非公表",
        "OwnerFarmIntention": "999",
        "FarmerIndicationNumberHash": "98c1e76b449a01238ae1abf9ad546519",
        "KindOfRightCodeName": "賃借権等の設定がない",
        "KindOfRight": "0",
        "CommencementDate": "",
        "EndStagesDate": "",
        "RightSettingContentsCodeName": "農地中間管理権が設定されていない",
        "RightSettingContents": "0",
        "UsageSituationInvestigationDate": "20250828",
        "UsageSituationInvestigationResultCodeName": "遊休農地（低利用）",
        "UsageSituationInvestigationResult": "2",
        "UseIntentionInvestigationDate": "",
        "OwnerStatementIntentSurveyResultsCodeName": "調査中",
        "OwnerStatementIntentSurveyResults": "9",
        "UseIntentionAscertainmentResultCodeName": "調査中",
        "UseIntentionAscertainmentResult": "2",
        "PublicNoticeDate": "",
        "RightOfMiddleManagement": "",
        "RecommendationContenDate": "",
        "ActionOrderDate": "",
        "MayorPublicAnnouncementDate": "",
        "Address": "島根県出雲市大社町杵築西2626",
        "Tiban": "2626",
        "SectionOfPolygon": "3",
        "SectionOfPolygonCodeName": "その他",
        "DaichoId": "320159374",
        "daicho_shubetsu_cd": "KNO01"
      }
    },
    {
      "type": "Feature",
      "geometry": {
        "type": "Point",
        "coordinates": [
          132.6816530877487,
          35.388425761853576
        ]
      },
      "properties": {
        "FarmCommitteeCd": "3220321",
        "FarmCommitteeName": "出雲市農業委員会",
        "TodofukenCode": "32",
        "ShikuchosonCode": "322032",
        "OazaCode": "73300",
        "ClassificationOfLandCodeName": "畑",
        "ClassificationOfLand": "2",
        "AreaOnRegistry": "389",
        "SectionOfNoushinhouCodeName": "設定なし",
        "SectionOfNoushinhou": "0",
        "SectionOfToshikeikakuhouCodeName": "設定なし",
        "SectionOfToshikeikakuhou": "0",
        "OwnerFarmIntentionCodeName": "非公表",
        "OwnerFarmIntention": "999",
        "FarmerIndicationNumberHash": "9a8ee9c7879b15c7e69e58b46d112d71",
        "KindOfRightCodeName": "賃借権等の設定がない",
        "KindOfRight": "0",
        "CommencementDate": "",
        "EndStagesDate": "",
        "RightSettingContentsCodeName": "農地中間管理権が設定されていない",
        "RightSettingContents": "0",
        "UsageSituationInvestigationDate": "20250828",
        "UsageSituationInvestigationResultCodeName": "遊休農地ではない",
        "UsageSituationInvestigationResult": "3",
        "UseIntentionInvestigationDate": "20231201",
        "OwnerStatementIntentSurveyResultsCodeName": "調査対象外",
        "OwnerStatementIntentSurveyResults": "6",
        "UseIntentionAscertainmentResultCodeName": "対象外",
        "UseIntentionAscertainmentResult": "1",
        "PublicNoticeDate": "",
        "RightOfMiddleManagement": "",
        "RecommendationContenDate": "",
        "ActionOrderDate": "",
        "MayorPublicAnnouncementDate": "",
        "Address": "島根県出雲市大社町杵築西2627",
        "Tiban": "2627",
        "SectionOfPolygon": "3",
        "SectionOfPolygonCodeName": "その他",
        "DaichoId": "320159375",
        "daicho_shubetsu_cd": "KNO01"
      }
    },
    {
      "type": "Feature",
      "geometry": {
        "type": "Point",
        "coordinates": [
          132.68152233896697,
          35.388378220015596
        ]
      },
      "properties": {
        "FarmCommitteeCd": "3220321",
        "FarmCommitteeName": "出雲市農業委員会",
        "TodofukenCode": "32",
        "ShikuchosonCode": "322032",
        "OazaCode": "73300",
        "ClassificationOfLandCodeName": "畑",
        "ClassificationOfLand": "2",
        "AreaOnRegistry": "66",
        "SectionOfNoushinhouCodeName": "設定なし",
        "SectionOfNoushinhou": "0",
        "SectionOfToshikeikakuhouCodeName": "設定なし",
        "SectionOfToshikeikakuhou": "0",
        "OwnerFarmIntentionCodeName": "非公表",
        "OwnerFarmIntention": "999",
        "FarmerIndicationNumberHash": "9a8ee9c7879b15c7e69e58b46d112d71",
        "KindOfRightCodeName": "賃借権等の設定がない",
        "KindOfRight": "0",
        "CommencementDate": "",
        "EndStagesDate": "",
        "RightSettingContentsCodeName": "農地中間管理権が設定されていない",
        "RightSettingContents": "0",
        "UsageSituationInvestigationDate": "20250828",
        "UsageSituationInvestigationResultCodeName": "遊休農地ではない",
        "UsageSituationInvestigationResult": "3",
        "UseIntentionInvestigationDate": "",
        "OwnerStatementIntentSurveyResultsCodeName": "調査対象外",
        "OwnerStatementIntentSurveyResults": "6",
        "UseIntentionAscertainmentResultCodeName": "対象外",
        "UseIntentionAscertainmentResult": "1",
        "PublicNoticeDate": "",
        "RightOfMiddleManagement": "",
        "RecommendationContenDate": "",
        "ActionOrderDate": "",
        "MayorPublicAnnouncementDate": "",
        "Address": "島根県出雲市大社町杵築西2628-1",
        "Tiban": "2628-1",
        "SectionOfPolygon": "3",
        "SectionOfPolygonCodeName": "その他",
        "DaichoId": "320159376",
        "daicho_shubetsu_cd": "KNO01"
      }
    },
    {
      "type": "Feature",
      "geometry": {
        "type": "Point",
        "coordinates": [
          132.68228690734662,
          35.38794265709487
        ]
      },
      "properties": {
        "FarmCommitteeCd": "3220321",
        "FarmCommitteeName": "出雲市農業委員会",
        "TodofukenCode": "32",
        "ShikuchosonCode": "322032",
        "OazaCode": "73300",
        "ClassificationOfLandCodeName": "畑",
        "ClassificationOfLand": "2",
        "AreaOnRegistry": "618",
        "SectionOfNoushinhouCodeName": "設定なし",
        "SectionOfNoushinhou": "0",
        "SectionOfToshikeikakuhouCodeName": "設定なし",
        "SectionOfToshikeikakuhou": "0",
        "OwnerFarmIntentionCodeName": "非公表",
        "OwnerFarmIntention": "999",
        "FarmerIndicationNumberHash": "1dab48d1d8bd01503dc478be643334fc",
        "KindOfRightCodeName": "賃借権等の設定がない",
        "KindOfRight": "0",
        "CommencementDate": "",
        "EndStagesDate": "",
        "RightSettingContentsCodeName": "農地中間管理権が設定されていない",
        "RightSettingContents": "0",
        "UsageSituationInvestigationDate": "20250828",
        "UsageSituationInvestigationResultCodeName": "遊休農地（不耕作黄）",
        "UsageSituationInvestigationResult": "7",
        "UseIntentionInvestigationDate": "20241126",
        "OwnerStatementIntentSurveyResultsCodeName": "調査中",
        "OwnerStatementIntentSurveyResults": "9",
        "UseIntentionAscertainmentResultCodeName": "調査中",
        "UseIntentionAscertainmentResult": "2",
        "PublicNoticeDate": "",
        "RightOfMiddleManagement": "",
        "RecommendationContenDate": "",
        "ActionOrderDate": "",
        "MayorPublicAnnouncementDate": "",
        "Address": "島根県出雲市大社町杵築西2629-4",
        "Tiban": "2629-4",
        "SectionOfPolygon": "3",
        "SectionOfPolygonCodeName": "その他",
        "DaichoId": "320159380",
        "daicho_shubetsu_cd": "KNO01"
      }
    },
    {
      "type": "Feature",
      "geometry": {
        "type": "Point",
        "coordinates": [
          132.6821673215661,
          35.388309920231535
        ]
      },
      "properties": {
        "FarmCommitteeCd": "3220321",
        "FarmCommitteeName": "出雲市農業委員会",
        "TodofukenCode": "32",
        "ShikuchosonCode": "322032",
        "OazaCode": "73300",
        "ClassificationOfLandCodeName": "畑",
        "ClassificationOfLand": "2",
        "AreaOnRegistry": "151",
        "SectionOfNoushinhouCodeName": "設定なし",
        "SectionOfNoushinhou": "0",
        "SectionOfToshikeikakuhouCodeName": "設定なし",
        "SectionOfToshikeikakuhou": "0",
        "OwnerFarmIntentionCodeName": "非公表",
        "OwnerFarmIntention": "999",
        "FarmerIndicationNumberHash": "1dab48d1d8bd01503dc478be643334fc",
        "KindOfRightCodeName": "賃借権等の設定がない",
        "KindOfRight": "0",
        "CommencementDate": "",
        "EndStagesDate": "",
        "RightSettingContentsCodeName": "農地中間管理権が設定されていない",
        "RightSettingContents": "0",
        "UsageSituationInvestigationDate": "20250828",
        "UsageSituationInvestigationResultCodeName": "遊休農地（不耕作緑）",
        "UsageSituationInvestigationResult": "6",
        "UseIntentionInvestigationDate": "",
        "OwnerStatementIntentSurveyResultsCodeName": "調査中",
        "OwnerStatementIntentSurveyResults": "9",
        "UseIntentionAscertainmentResultCodeName": "調査中",
        "UseIntentionAscertainmentResult": "2",
        "PublicNoticeDate": "",
        "RightOfMiddleManagement": "",
        "RecommendationContenDate": "",
        "ActionOrderDate": "",
        "MayorPublicAnnouncementDate": "",
        "Address": "島根県出雲市大社町杵築西2629-5",
        "Tiban": "2629-5",
        "SectionOfPolygon": "3",
        "SectionOfPolygonCodeName": "その他",
        "DaichoId": "320159381",
        "daicho_shubetsu_cd": "KNO01"
      }
    },
    {
      "type": "Feature",
      "geometry": {
        "type": "Point",
        "coordinates": [
          132.68240268087482,
          35.38800148333105
        ]
      },
      "properties": {
        "FarmCommitteeCd": "3220321",
        "FarmCommitteeName": "出雲市農業委員会",
        "TodofukenCode": "32",
        "ShikuchosonCode": "322032",
        "OazaCode": "73300",
        "ClassificationOfLandCodeName": "畑",
        "ClassificationOfLand": "2",
        "AreaOnRegistry": "85",
        "SectionOfNoushinhouCodeName": "設定なし",
        "SectionOfNoushinhou": "0",
        "SectionOfToshikeikakuhouCodeName": "設定なし",
        "SectionOfToshikeikakuhou": "0",
        "OwnerFarmIntentionCodeName": "非公表",
        "OwnerFarmIntention": "999",
        "FarmerIndicationNumberHash": "1dab48d1d8bd01503dc478be643334fc",
        "KindOfRightCodeName": "賃借権等の設定がない",
        "KindOfRight": "0",
        "CommencementDate": "",
        "EndStagesDate": "",
        "RightSettingContentsCodeName": "農地中間管理権が設定されていない",
        "RightSettingContents": "0",
        "UsageSituationInvestigationDate": "20250828",
        "UsageSituationInvestigationResultCodeName": "遊休農地（不耕作黄）",
        "UsageSituationInvestigationResult": "7",
        "UseIntentionInvestigationDate": "20241126",
        "OwnerStatementIntentSurveyResultsCodeName": "調査中",
        "OwnerStatementIntentSurveyResults": "9",
        "UseIntentionAscertainmentResultCodeName": "調査中",
        "UseIntentionAscertainmentResult": "2",
        "PublicNoticeDate": "",
        "RightOfMiddleManagement": "",
        "RecommendationContenDate": "",
        "ActionOrderDate": "",
        "MayorPublicAnnouncementDate": "",
        "Address": "島根県出雲市大社町杵築西2629-6",
        "Tiban": "2629-6",
        "SectionOfPolygon": "3",
        "SectionOfPolygonCodeName": "その他",
        "DaichoId": "320159382",
        "daicho_shubetsu_cd": "KNO01"
      }
    },
    {
      "type": "Feature",
      "geometry": {
        "type": "Point",
        "coordinates": [
          132.68212687725557,
          35.38784474896386
        ]
      },
      "properties": {
        "FarmCommitteeCd": "3220321",
        "FarmCommitteeName": "出雲市農業委員会",
        "TodofukenCode": "32",
        "ShikuchosonCode": "322032",
        "OazaCode": "73300",
        "ClassificationOfLandCodeName": "畑",
        "ClassificationOfLand": "2",
        "AreaOnRegistry": "360",
        "SectionOfNoushinhouCodeName": "設定なし",
        "SectionOfNoushinhou": "0",
        "SectionOfToshikeikakuhouCodeName": "設定なし",
        "SectionOfToshikeikakuhou": "0",
        "OwnerFarmIntentionCodeName": "非公表",
        "OwnerFarmIntention": "999",
        "FarmerIndicationNumberHash": "1246a0105429df5ea36e8af1307f7d72",
        "KindOfRightCodeName": "賃借権等の設定がない",
        "KindOfRight": "0",
        "CommencementDate": "",
        "EndStagesDate": "",
        "RightSettingContentsCodeName": "農地中間管理権が設定されていない",
        "RightSettingContents": "0",
        "UsageSituationInvestigationDate": "20250828",
        "UsageSituationInvestigationResultCodeName": "遊休農地ではない",
        "UsageSituationInvestigationResult": "3",
        "UseIntentionInvestigationDate": "",
        "OwnerStatementIntentSurveyResultsCodeName": "調査対象外",
        "OwnerStatementIntentSurveyResults": "6",
        "UseIntentionAscertainmentResultCodeName": "対象外",
        "UseIntentionAscertainmentResult": "1",
        "PublicNoticeDate": "",
        "RightOfMiddleManagement": "",
        "RecommendationContenDate": "",
        "ActionOrderDate": "",
        "MayorPublicAnnouncementDate": "",
        "Address": "島根県出雲市大社町杵築西2632",
        "Tiban": "2632",
        "SectionOfPolygon": "3",
        "SectionOfPolygonCodeName": "その他",
        "DaichoId": "320159383",
        "daicho_shubetsu_cd": "KNO01"
      }
    },
    {
      "type": "Feature",
      "geometry": {
        "type": "Point",
        "coordinates": [
          132.68226174051196,
          35.38771394723333
        ]
      },
      "properties": {
        "FarmCommitteeCd": "3220321",
        "FarmCommitteeName": "出雲市農業委員会",
        "TodofukenCode": "32",
        "ShikuchosonCode": "322032",
        "OazaCode": "73300",
        "ClassificationOfLandCodeName": "畑",
        "ClassificationOfLand": "2",
        "AreaOnRegistry": "176",
        "SectionOfNoushinhouCodeName": "設定なし",
        "SectionOfNoushinhou": "0",
        "SectionOfToshikeikakuhouCodeName": "設定なし",
        "SectionOfToshikeikakuhou": "0",
        "OwnerFarmIntentionCodeName": "非公表",
        "OwnerFarmIntention": "999",
        "FarmerIndicationNumberHash": "1246a0105429df5ea36e8af1307f7d72",
        "KindOfRightCodeName": "賃借権等の設定がない",
        "KindOfRight": "0",
        "CommencementDate": "",
        "EndStagesDate": "",
        "RightSettingContentsCodeName": "農地中間管理権が設定されていない",
        "RightSettingContents": "0",
        "UsageSituationInvestigationDate": "20250828",
        "UsageSituationInvestigationResultCodeName": "遊休農地ではない",
        "UsageSituationInvestigationResult": "3",
        "UseIntentionInvestigationDate": "",
        "OwnerStatementIntentSurveyResultsCodeName": "調査対象外",
        "OwnerStatementIntentSurveyResults": "6",
        "UseIntentionAscertainmentResultCodeName": "対象外",
        "UseIntentionAscertainmentResult": "1",
        "PublicNoticeDate": "",
        "RightOfMiddleManagement": "",
        "RecommendationContenDate": "",
        "ActionOrderDate": "",
        "MayorPublicAnnouncementDate": "",
        "Address": "島根県出雲市大社町杵築西2635-1",
        "Tiban": "2635-1",
        "SectionOfPolygon": "3",
        "SectionOfPolygonCodeName": "その他",
        "DaichoId": "320159384",
        "daicho_shubetsu_cd": "KNO01"
      }
    },
    {
      "type": "Feature",
      "geometry": {
        "type": "Point",
        "coordinates": [
          132.68193869017205,
          35.38767443035154
        ]
      },
      "properties": {
        "FarmCommitteeCd": "3220321",
        "FarmCommitteeName": "出雲市農業委員会",
        "TodofukenCode": "32",
        "ShikuchosonCode": "322032",
        "OazaCode": "73300",
        "ClassificationOfLandCodeName": "畑",
        "ClassificationOfLand": "2",
        "AreaOnRegistry": "148",
        "SectionOfNoushinhouCodeName": "設定なし",
        "SectionOfNoushinhou": "0",
        "SectionOfToshikeikakuhouCodeName": "設定なし",
        "SectionOfToshikeikakuhou": "0",
        "OwnerFarmIntentionCodeName": "非公表",
        "OwnerFarmIntention": "999",
        "FarmerIndicationNumberHash": "2dce0b15b6724139fd5f487768784a54",
        "KindOfRightCodeName": "賃借権等の設定がない",
        "KindOfRight": "0",
        "CommencementDate": "",
        "EndStagesDate": "",
        "RightSettingContentsCodeName": "農地中間管理権が設定されていない",
        "RightSettingContents": "0",
        "UsageSituationInvestigationDate": "20250828",
        "UsageSituationInvestigationResultCodeName": "遊休農地（低利用）",
        "UsageSituationInvestigationResult": "2",
        "UseIntentionInvestigationDate": "",
        "OwnerStatementIntentSurveyResultsCodeName": "調査中",
        "OwnerStatementIntentSurveyResults": "9",
        "UseIntentionAscertainmentResultCodeName": "調査中",
        "UseIntentionAscertainmentResult": "2",
        "PublicNoticeDate": "",
        "RightOfMiddleManagement": "",
        "RecommendationContenDate": "",
        "ActionOrderDate": "",
        "MayorPublicAnnouncementDate": "",
        "Address": "島根県出雲市大社町杵築西2637-3",
        "Tiban": "2637-3",
        "SectionOfPolygon": "3",
        "SectionOfPolygonCodeName": "その他",
        "DaichoId": "320159386",
        "daicho_shubetsu_cd": "KNO01"
      }
    },
    {
      "type": "Feature",
      "geometry": {
        "type": "Point",
        "coordinates": [
          132.68177550205115,
          35.387717588857086
        ]
      },
      "properties": {
        "FarmCommitteeCd": "3220321",
        "FarmCommitteeName": "出雲市農業委員会",
        "TodofukenCode": "32",
        "ShikuchosonCode": "322032",
        "OazaCode": "73300",
        "ClassificationOfLandCodeName": "畑",
        "ClassificationOfLand": "2",
        "AreaOnRegistry": "114",
        "SectionOfNoushinhouCodeName": "設定なし",
        "SectionOfNoushinhou": "0",
        "SectionOfToshikeikakuhouCodeName": "設定なし",
        "SectionOfToshikeikakuhou": "0",
        "OwnerFarmIntentionCodeName": "非公表",
        "OwnerFarmIntention": "999",
        "FarmerIndicationNumberHash": "2dce0b15b6724139fd5f487768784a54",
        "KindOfRightCodeName": "賃借権等の設定がない",
        "KindOfRight": "0",
        "CommencementDate": "",
        "EndStagesDate": "",
        "RightSettingContentsCodeName": "農地中間管理権が設定されていない",
        "RightSettingContents": "0",
        "UsageSituationInvestigationDate": "20250828",
        "UsageSituationInvestigationResultCodeName": "遊休農地ではない",
        "UsageSituationInvestigationResult": "3",
        "UseIntentionInvestigationDate": "",
        "OwnerStatementIntentSurveyResultsCodeName": "調査対象外",
        "OwnerStatementIntentSurveyResults": "6",
        "UseIntentionAscertainmentResultCodeName": "対象外",
        "UseIntentionAscertainmentResult": "1",
        "PublicNoticeDate": "",
        "RightOfMiddleManagement": "",
        "RecommendationContenDate": "",
        "ActionOrderDate": "",
        "MayorPublicAnnouncementDate": "",
        "Address": "島根県出雲市大社町杵築西2638-1",
        "Tiban": "2638-1",
        "SectionOfPolygon": "3",
        "SectionOfPolygonCodeName": "その他",
        "DaichoId": "320159387",
        "daicho_shubetsu_cd": "KNO01"
      }
    },
    {
      "type": "Feature",
      "geometry": {
        "type": "Point",
        "coordinates": [
          132.6814780356792,
          35.38761262021391
        ]
      },
      "properties": {
        "FarmCommitteeCd": "3220321",
        "FarmCommitteeName": "出雲市農業委員会",
        "TodofukenCode": "32",
        "ShikuchosonCode": "322032",
        "OazaCode": "73300",
        "ClassificationOfLandCodeName": "畑",
        "ClassificationOfLand": "2",
        "AreaOnRegistry": "899",
        "SectionOfNoushinhouCodeName": "設定なし",
        "SectionOfNoushinhou": "0",
        "SectionOfToshikeikakuhouCodeName": "設定なし",
        "SectionOfToshikeikakuhou": "0",
        "OwnerFarmIntentionCodeName": "非公表",
        "OwnerFarmIntention": "999",
        "FarmerIndicationNumberHash": "f3b9e8c82cdaed84b3d1a3d85a50b8ec",
        "KindOfRightCodeName": "賃借権等の設定がない",
        "KindOfRight": "0",
        "CommencementDate": "",
        "EndStagesDate": "",
        "RightSettingContentsCodeName": "農地中間管理権が設定されていない",
        "RightSettingContents": "0",
        "UsageSituationInvestigationDate": "20250828",
        "UsageSituationInvestigationResultCodeName": "遊休農地（低利用）",
        "UsageSituationInvestigationResult": "2",
        "UseIntentionInvestigationDate": "",
        "OwnerStatementIntentSurveyResultsCodeName": "調査中",
        "OwnerStatementIntentSurveyResults": "9",
        "UseIntentionAscertainmentResultCodeName": "調査中",
        "UseIntentionAscertainmentResult": "2",
        "PublicNoticeDate": "",
        "RightOfMiddleManagement": "",
        "RecommendationContenDate": "",
        "ActionOrderDate": "",
        "MayorPublicAnnouncementDate": "",
        "Address": "島根県出雲市大社町杵築西2639-1",
        "Tiban": "2639-1",
        "SectionOfPolygon": "3",
        "SectionOfPolygonCodeName": "その他",
        "DaichoId": "320159388",
        "daicho_shubetsu_cd": "KNO01"
      }
    },
    {
      "type": "Feature",
      "geometry": {
        "type": "Point",
        "coordinates": [
          132.68178085676354,
          35.387876427058615
        ]
      },
      "properties": {
        "FarmCommitteeCd": "3220321",
        "FarmCommitteeName": "出雲市農業委員会",
        "TodofukenCode": "32",
        "ShikuchosonCode": "322032",
        "OazaCode": "73300",
        "ClassificationOfLandCodeName": "畑",
        "ClassificationOfLand": "2",
        "AreaOnRegistry": "51",
        "SectionOfNoushinhouCodeName": "設定なし",
        "SectionOfNoushinhou": "0",
        "SectionOfToshikeikakuhouCodeName": "設定なし",
        "SectionOfToshikeikakuhou": "0",
        "OwnerFarmIntentionCodeName": "非公表",
        "OwnerFarmIntention": "999",
        "FarmerIndicationNumberHash": "473914eb7b25e7430b85c878fa782f6e",
        "KindOfRightCodeName": "賃借権等の設定がない",
        "KindOfRight": "0",
        "CommencementDate": "",
        "EndStagesDate": "",
        "RightSettingContentsCodeName": "農地中間管理権が設定されていない",
        "RightSettingContents": "0",
        "UsageSituationInvestigationDate": "20250828",
        "UsageSituationInvestigationResultCodeName": "遊休農地（低利用）",
        "UsageSituationInvestigationResult": "2",
        "UseIntentionInvestigationDate": "",
        "OwnerStatementIntentSurveyResultsCodeName": "調査中",
        "OwnerStatementIntentSurveyResults": "9",
        "UseIntentionAscertainmentResultCodeName": "調査中",
        "UseIntentionAscertainmentResult": "2",
        "PublicNoticeDate": "",
        "RightOfMiddleManagement": "",
        "RecommendationContenDate": "",
        "ActionOrderDate": "",
        "MayorPublicAnnouncementDate": "",
        "Address": "島根県出雲市大社町杵築西2640-3",
        "Tiban": "2640-3",
        "SectionOfPolygon": "3",
        "SectionOfPolygonCodeName": "その他",
        "DaichoId": "320159392",
        "daicho_shubetsu_cd": "KNO01"
      }
    },
    {
      "type": "Feature",
      "geometry": {
        "type": "Point",
        "coordinates": [
          132.68132125733092,
          35.38777279283662
        ]
      },
      "properties": {
        "FarmCommitteeCd": "3220321",
        "FarmCommitteeName": "出雲市農業委員会",
        "TodofukenCode": "32",
        "ShikuchosonCode": "322032",
        "OazaCode": "73300",
        "ClassificationOfLandCodeName": "畑",
        "ClassificationOfLand": "2",
        "AreaOnRegistry": "657",
        "SectionOfNoushinhouCodeName": "設定なし",
        "SectionOfNoushinhou": "0",
        "SectionOfToshikeikakuhouCodeName": "設定なし",
        "SectionOfToshikeikakuhou": "0",
        "OwnerFarmIntentionCodeName": "非公表",
        "OwnerFarmIntention": "999",
        "FarmerIndicationNumberHash": "f67e6ceb835761fe16c255c2e5f82b8b",
        "KindOfRightCodeName": "賃借権等の設定がない",
        "KindOfRight": "0",
        "CommencementDate": "",
        "EndStagesDate": "",
        "RightSettingContentsCodeName": "農地中間管理権が設定されていない",
        "RightSettingContents": "0",
        "UsageSituationInvestigationDate": "20250828",
        "UsageSituationInvestigationResultCodeName": "遊休農地（低利用）",
        "UsageSituationInvestigationResult": "2",
        "UseIntentionInvestigationDate": "",
        "OwnerStatementIntentSurveyResultsCodeName": "調査中",
        "OwnerStatementIntentSurveyResults": "9",
        "UseIntentionAscertainmentResultCodeName": "調査中",
        "UseIntentionAscertainmentResult": "2",
        "PublicNoticeDate": "",
        "RightOfMiddleManagement": "",
        "RecommendationContenDate": "",
        "ActionOrderDate": "",
        "MayorPublicAnnouncementDate": "",
        "Address": "島根県出雲市大社町杵築西2642",
        "Tiban": "2642",
        "SectionOfPolygon": "3",
        "SectionOfPolygonCodeName": "その他",
        "DaichoId": "320159395",
        "daicho_shubetsu_cd": "KNO01"
      }
    },
    {
      "type": "Feature",
      "geometry": {
        "type": "Point",
        "coordinates": [
          132.6812312849639,
          35.38788620261236
        ]
      },
      "properties": {
        "FarmCommitteeCd": "3220321",
        "FarmCommitteeName": "出雲市農業委員会",
        "TodofukenCode": "32",
        "ShikuchosonCode": "322032",
        "OazaCode": "73300",
        "ClassificationOfLandCodeName": "畑",
        "ClassificationOfLand": "2",
        "AreaOnRegistry": "425",
        "SectionOfNoushinhouCodeName": "設定なし",
        "SectionOfNoushinhou": "0",
        "SectionOfToshikeikakuhouCodeName": "設定なし",
        "SectionOfToshikeikakuhou": "0",
        "OwnerFarmIntentionCodeName": "非公表",
        "OwnerFarmIntention": "999",
        "FarmerIndicationNumberHash": "f3b9e8c82cdaed84b3d1a3d85a50b8ec",
        "KindOfRightCodeName": "賃借権等の設定がない",
        "KindOfRight": "0",
        "CommencementDate": "",
        "EndStagesDate": "",
        "RightSettingContentsCodeName": "農地中間管理権が設定されていない",
        "RightSettingContents": "0",
        "UsageSituationInvestigationDate": "20250828",
        "UsageSituationInvestigationResultCodeName": "遊休農地ではない",
        "UsageSituationInvestigationResult": "3",
        "UseIntentionInvestigationDate": "",
        "OwnerStatementIntentSurveyResultsCodeName": "調査対象外",
        "OwnerStatementIntentSurveyResults": "6",
        "UseIntentionAscertainmentResultCodeName": "対象外",
        "UseIntentionAscertainmentResult": "1",
        "PublicNoticeDate": "",
        "RightOfMiddleManagement": "",
        "RecommendationContenDate": "",
        "ActionOrderDate": "",
        "MayorPublicAnnouncementDate": "",
        "Address": "島根県出雲市大社町杵築西2644",
        "Tiban": "2644",
        "SectionOfPolygon": "3",
        "SectionOfPolygonCodeName": "その他",
        "DaichoId": "320159396",
        "daicho_shubetsu_cd": "KNO01"
      }
    },
    {
      "type": "Feature",
      "geometry": {
        "type": "Point",
        "coordinates": [
          132.68116536496655,
          35.3879672125634
        ]
      },
      "properties": {
        "FarmCommitteeCd": "3220321",
        "FarmCommitteeName": "出雲市農業委員会",
        "TodofukenCode": "32",
        "ShikuchosonCode": "322032",
        "OazaCode": "73300",
        "ClassificationOfLandCodeName": "畑",
        "ClassificationOfLand": "2",
        "AreaOnRegistry": "355",
        "SectionOfNoushinhouCodeName": "設定なし",
        "SectionOfNoushinhou": "0",
        "SectionOfToshikeikakuhouCodeName": "設定なし",
        "SectionOfToshikeikakuhou": "0",
        "OwnerFarmIntentionCodeName": "非公表",
        "OwnerFarmIntention": "999",
        "FarmerIndicationNumberHash": "dd531c8ecc1becdee68e7088ebc88a14",
        "KindOfRightCodeName": "賃借権等の設定がない",
        "KindOfRight": "0",
        "CommencementDate": "",
        "EndStagesDate": "",
        "RightSettingContentsCodeName": "農地中間管理権が設定されていない",
        "RightSettingContents": "0",
        "UsageSituationInvestigationDate": "20250828",
        "UsageSituationInvestigationResultCodeName": "遊休農地ではない",
        "UsageSituationInvestigationResult": "3",
        "UseIntentionInvestigationDate": "",
        "OwnerStatementIntentSurveyResultsCodeName": "調査対象外",
        "OwnerStatementIntentSurveyResults": "6",
        "UseIntentionAscertainmentResultCodeName": "対象外",
        "UseIntentionAscertainmentResult": "1",
        "PublicNoticeDate": "",
        "RightOfMiddleManagement": "",
        "RecommendationContenDate": "",
        "ActionOrderDate": "",
        "MayorPublicAnnouncementDate": "",
        "Address": "島根県出雲市大社町杵築西2645",
        "Tiban": "2645",
        "SectionOfPolygon": "3",
        "SectionOfPolygonCodeName": "その他",
        "DaichoId": "320159397",
        "daicho_shubetsu_cd": "KNO01"
      }
    },
    {
      "type": "Feature",
      "geometry": {
        "type": "Point",
        "coordinates": [
          132.68069720796476,
          35.38808778554953
        ]
      },
      "properties": {
        "FarmCommitteeCd": "3220321",
        "FarmCommitteeName": "出雲市農業委員会",
        "TodofukenCode": "32",
        "ShikuchosonCode": "322032",
        "OazaCode": "73300",
        "ClassificationOfLandCodeName": "畑",
        "ClassificationOfLand": "2",
        "AreaOnRegistry": "154",
        "SectionOfNoushinhouCodeName": "設定なし",
        "SectionOfNoushinhou": "0",
        "SectionOfToshikeikakuhouCodeName": "設定なし",
        "SectionOfToshikeikakuhou": "0",
        "OwnerFarmIntentionCodeName": "非公表",
        "OwnerFarmIntention": "999",
        "FarmerIndicationNumberHash": "2dce0b15b6724139fd5f487768784a54",
        "KindOfRightCodeName": "賃借権等の設定がない",
        "KindOfRight": "0",
        "CommencementDate": "",
        "EndStagesDate": "",
        "RightSettingContentsCodeName": "農地中間管理権が設定されていない",
        "RightSettingContents": "0",
        "UsageSituationInvestigationDate": "20250828",
        "UsageSituationInvestigationResultCodeName": "遊休農地（低利用）",
        "UsageSituationInvestigationResult": "2",
        "UseIntentionInvestigationDate": "",
        "OwnerStatementIntentSurveyResultsCodeName": "調査中",
        "OwnerStatementIntentSurveyResults": "9",
        "UseIntentionAscertainmentResultCodeName": "調査中",
        "UseIntentionAscertainmentResult": "2",
        "PublicNoticeDate": "",
        "RightOfMiddleManagement": "",
        "RecommendationContenDate": "",
        "ActionOrderDate": "",
        "MayorPublicAnnouncementDate": "",
        "Address": "島根県出雲市大社町杵築西2648",
        "Tiban": "2648",
        "SectionOfPolygon": "3",
        "SectionOfPolygonCodeName": "その他",
        "DaichoId": "320159401",
        "daicho_shubetsu_cd": "KNO01"
      }
    },
    {
      "type": "Feature",
      "geometry": {
        "type": "Point",
        "coordinates": [
          132.68058506412584,
          35.38804210168284
        ]
      },
      "properties": {
        "FarmCommitteeCd": "3220321",
        "FarmCommitteeName": "出雲市農業委員会",
        "TodofukenCode": "32",
        "ShikuchosonCode": "322032",
        "OazaCode": "73300",
        "ClassificationOfLandCodeName": "畑",
        "ClassificationOfLand": "2",
        "AreaOnRegistry": "53",
        "SectionOfNoushinhouCodeName": "設定なし",
        "SectionOfNoushinhou": "0",
        "SectionOfToshikeikakuhouCodeName": "設定なし",
        "SectionOfToshikeikakuhou": "0",
        "OwnerFarmIntentionCodeName": "非公表",
        "OwnerFarmIntention": "999",
        "FarmerIndicationNumberHash": "99a09d2e0711bdf13789a39848b16960",
        "KindOfRightCodeName": "賃借権等の設定がない",
        "KindOfRight": "0",
        "CommencementDate": "",
        "EndStagesDate": "",
        "RightSettingContentsCodeName": "農地中間管理権が設定されていない",
        "RightSettingContents": "0",
        "UsageSituationInvestigationDate": "20250828",
        "UsageSituationInvestigationResultCodeName": "遊休農地（不耕作黄）",
        "UsageSituationInvestigationResult": "7",
        "UseIntentionInvestigationDate": "20241126",
        "OwnerStatementIntentSurveyResultsCodeName": "調査中",
        "OwnerStatementIntentSurveyResults": "9",
        "UseIntentionAscertainmentResultCodeName": "調査中",
        "UseIntentionAscertainmentResult": "2",
        "PublicNoticeDate": "",
        "RightOfMiddleManagement": "",
        "RecommendationContenDate": "",
        "ActionOrderDate": "",
        "MayorPublicAnnouncementDate": "",
        "Address": "島根県出雲市大社町杵築西2649",
        "Tiban": "2649",
        "SectionOfPolygon": "3",
        "SectionOfPolygonCodeName": "その他",
        "DaichoId": "320159402",
        "daicho_shubetsu_cd": "KNO01"
      }
    },
    {
      "type": "Feature",
      "geometry": {
        "type": "Point",
        "coordinates": [
          132.68084419917204,
          35.387839338527456
        ]
      },
      "properties": {
        "FarmCommitteeCd": "3220321",
        "FarmCommitteeName": "出雲市農業委員会",
        "TodofukenCode": "32",
        "ShikuchosonCode": "322032",
        "OazaCode": "73300",
        "ClassificationOfLandCodeName": "畑",
        "ClassificationOfLand": "2",
        "AreaOnRegistry": "574",
        "SectionOfNoushinhouCodeName": "設定なし",
        "SectionOfNoushinhou": "0",
        "SectionOfToshikeikakuhouCodeName": "設定なし",
        "SectionOfToshikeikakuhou": "0",
        "OwnerFarmIntentionCodeName": "非公表",
        "OwnerFarmIntention": "999",
        "FarmerIndicationNumberHash": "47a4e4dacba4e573138b07da569c4399",
        "KindOfRightCodeName": "賃借権等の設定がない",
        "KindOfRight": "0",
        "CommencementDate": "",
        "EndStagesDate": "",
        "RightSettingContentsCodeName": "農地中間管理権が設定されていない",
        "RightSettingContents": "0",
        "UsageSituationInvestigationDate": "20250828",
        "UsageSituationInvestigationResultCodeName": "遊休農地（不耕作黄）",
        "UsageSituationInvestigationResult": "7",
        "UseIntentionInvestigationDate": "",
        "OwnerStatementIntentSurveyResultsCodeName": "調査中",
        "OwnerStatementIntentSurveyResults": "9",
        "UseIntentionAscertainmentResultCodeName": "調査中",
        "UseIntentionAscertainmentResult": "2",
        "PublicNoticeDate": "",
        "RightOfMiddleManagement": "",
        "RecommendationContenDate": "",
        "ActionOrderDate": "",
        "MayorPublicAnnouncementDate": "",
        "Address": "島根県出雲市大社町杵築西2651",
        "Tiban": "2651",
        "SectionOfPolygon": "3",
        "SectionOfPolygonCodeName": "その他",
        "DaichoId": "320159403",
        "daicho_shubetsu_cd": "KNO01"
      }
    },
    {
      "type": "Feature",
      "geometry": {
        "type": "Point",
        "coordinates": [
          132.68044958502713,
          35.38786474038157
        ]
      },
      "properties": {
        "FarmCommitteeCd": "3220321",
        "FarmCommitteeName": "出雲市農業委員会",
        "TodofukenCode": "32",
        "ShikuchosonCode": "322032",
        "OazaCode": "73300",
        "ClassificationOfLandCodeName": "畑",
        "ClassificationOfLand": "2",
        "AreaOnRegistry": "1199",
        "SectionOfNoushinhouCodeName": "設定なし",
        "SectionOfNoushinhou": "0",
        "SectionOfToshikeikakuhouCodeName": "設定なし",
        "SectionOfToshikeikakuhou": "0",
        "OwnerFarmIntentionCodeName": "非公表",
        "OwnerFarmIntention": "999",
        "FarmerIndicationNumberHash": "8a26c239177fc2ffa759b25983fedd6e",
        "KindOfRightCodeName": "賃借権等の設定がない",
        "KindOfRight": "0",
        "CommencementDate": "",
        "EndStagesDate": "",
        "RightSettingContentsCodeName": "農地中間管理権が設定されていない",
        "RightSettingContents": "0",
        "UsageSituationInvestigationDate": "20250828",
        "UsageSituationInvestigationResultCodeName": "遊休農地（不耕作緑）",
        "UsageSituationInvestigationResult": "6",
        "UseIntentionInvestigationDate": "",
        "OwnerStatementIntentSurveyResultsCodeName": "調査中",
        "OwnerStatementIntentSurveyResults": "9",
        "UseIntentionAscertainmentResultCodeName": "調査中",
        "UseIntentionAscertainmentResult": "2",
        "PublicNoticeDate": "",
        "RightOfMiddleManagement": "",
        "RecommendationContenDate": "",
        "ActionOrderDate": "",
        "MayorPublicAnnouncementDate": "",
        "Address": "島根県出雲市大社町杵築西2652",
        "Tiban": "2652",
        "SectionOfPolygon": "3",
        "SectionOfPolygonCodeName": "その他",
        "DaichoId": "320159404",
        "daicho_shubetsu_cd": "KNO01"
      }
    },
    {
      "type": "Feature",
      "geometry": {
        "type": "Point",
        "coordinates": [
          132.68056424946016,
          35.3877082050201
        ]
      },
      "properties": {
        "FarmCommitteeCd": "3220321",
        "FarmCommitteeName": "出雲市農業委員会",
        "TodofukenCode": "32",
        "ShikuchosonCode": "322032",
        "OazaCode": "73300",
        "ClassificationOfLandCodeName": "畑",
        "ClassificationOfLand": "2",
        "AreaOnRegistry": "201",
        "SectionOfNoushinhouCodeName": "設定なし",
        "SectionOfNoushinhou": "0",
        "SectionOfToshikeikakuhouCodeName": "設定なし",
        "SectionOfToshikeikakuhou": "0",
        "OwnerFarmIntentionCodeName": "非公表",
        "OwnerFarmIntention": "999",
        "FarmerIndicationNumberHash": "8a26c239177fc2ffa759b25983fedd6e",
        "KindOfRightCodeName": "賃借権等の設定がない",
        "KindOfRight": "0",
        "CommencementDate": "",
        "EndStagesDate": "",
        "RightSettingContentsCodeName": "農地中間管理権が設定されていない",
        "RightSettingContents": "0",
        "UsageSituationInvestigationDate": "20250828",
        "UsageSituationInvestigationResultCodeName": "遊休農地（不耕作緑）",
        "UsageSituationInvestigationResult": "6",
        "UseIntentionInvestigationDate": "",
        "OwnerStatementIntentSurveyResultsCodeName": "調査中",
        "OwnerStatementIntentSurveyResults": "9",
        "UseIntentionAscertainmentResultCodeName": "調査中",
        "UseIntentionAscertainmentResult": "2",
        "PublicNoticeDate": "",
        "RightOfMiddleManagement": "",
        "RecommendationContenDate": "",
        "ActionOrderDate": "",
        "MayorPublicAnnouncementDate": "",
        "Address": "島根県出雲市大社町杵築西2653",
        "Tiban": "2653",
        "SectionOfPolygon": "3",
        "SectionOfPolygonCodeName": "その他",
        "DaichoId": "320159405",
        "daicho_shubetsu_cd": "KNO01"
      }
    },
    {
      "type": "Feature",
      "geometry": {
        "type": "Point",
        "coordinates": [
          132.68017384134978,
          35.38679355168232
        ]
      },
      "properties": {
        "FarmCommitteeCd": "3220321",
        "FarmCommitteeName": "出雲市農業委員会",
        "TodofukenCode": "32",
        "ShikuchosonCode": "322032",
        "OazaCode": "73300",
        "ClassificationOfLandCodeName": "畑",
        "ClassificationOfLand": "2",
        "AreaOnRegistry": "51",
        "SectionOfNoushinhouCodeName": "設定なし",
        "SectionOfNoushinhou": "0",
        "SectionOfToshikeikakuhouCodeName": "設定なし",
        "SectionOfToshikeikakuhou": "0",
        "OwnerFarmIntentionCodeName": "非公表",
        "OwnerFarmIntention": "999",
        "FarmerIndicationNumberHash": "505eecb6d5361abfb401b05a3a0bfdf5",
        "KindOfRightCodeName": "賃借権等の設定がない",
        "KindOfRight": "0",
        "CommencementDate": "",
        "EndStagesDate": "",
        "RightSettingContentsCodeName": "農地中間管理権が設定されていない",
        "RightSettingContents": "0",
        "UsageSituationInvestigationDate": "20240903",
        "UsageSituationInvestigationResultCodeName": "遊休農地ではない",
        "UsageSituationInvestigationResult": "3",
        "UseIntentionInvestigationDate": "",
        "OwnerStatementIntentSurveyResultsCodeName": "調査対象外",
        "OwnerStatementIntentSurveyResults": "6",
        "UseIntentionAscertainmentResultCodeName": "対象外",
        "UseIntentionAscertainmentResult": "1",
        "PublicNoticeDate": "",
        "RightOfMiddleManagement": "",
        "RecommendationContenDate": "",
        "ActionOrderDate": "",
        "MayorPublicAnnouncementDate": "",
        "Address": "島根県出雲市大社町杵築西2660",
        "Tiban": "2660",
        "SectionOfPolygon": "3",
        "SectionOfPolygonCodeName": "その他",
        "DaichoId": "320159410",
        "daicho_shubetsu_cd": "KNO01"
      }
    },
    {
      "type": "Feature",
      "geometry": {
        "type": "Point",
        "coordinates": [
          132.68045370011484,
          35.38829028482836
        ]
      },
      "properties": {
        "FarmCommitteeCd": "3220321",
        "FarmCommitteeName": "出雲市農業委員会",
        "TodofukenCode": "32",
        "ShikuchosonCode": "322032",
        "OazaCode": "73300",
        "ClassificationOfLandCodeName": "畑",
        "ClassificationOfLand": "2",
        "AreaOnRegistry": "139",
        "SectionOfNoushinhouCodeName": "設定なし",
        "SectionOfNoushinhou": "0",
        "SectionOfToshikeikakuhouCodeName": "設定なし",
        "SectionOfToshikeikakuhou": "0",
        "OwnerFarmIntentionCodeName": "非公表",
        "OwnerFarmIntention": "999",
        "FarmerIndicationNumberHash": "c861a01082451fc689fc5d6575a315a4",
        "KindOfRightCodeName": "賃借権等の設定がない",
        "KindOfRight": "0",
        "CommencementDate": "",
        "EndStagesDate": "",
        "RightSettingContentsCodeName": "農地中間管理権が設定されていない",
        "RightSettingContents": "0",
        "UsageSituationInvestigationDate": "20250828",
        "UsageSituationInvestigationResultCodeName": "遊休農地（低利用）",
        "UsageSituationInvestigationResult": "2",
        "UseIntentionInvestigationDate": "",
        "OwnerStatementIntentSurveyResultsCodeName": "調査中",
        "OwnerStatementIntentSurveyResults": "9",
        "UseIntentionAscertainmentResultCodeName": "調査中",
        "UseIntentionAscertainmentResult": "2",
        "PublicNoticeDate": "",
        "RightOfMiddleManagement": "",
        "RecommendationContenDate": "",
        "ActionOrderDate": "",
        "MayorPublicAnnouncementDate": "",
        "Address": "島根県出雲市大社町杵築西2677-1",
        "Tiban": "2677-1",
        "SectionOfPolygon": "3",
        "SectionOfPolygonCodeName": "その他",
        "DaichoId": "320159415",
        "daicho_shubetsu_cd": "KNO01"
      }
    },
    {
      "type": "Feature",
      "geometry": {
        "type": "Point",
        "coordinates": [
          132.6802284973395,
          35.38820234744284
        ]
      },
      "properties": {
        "FarmCommitteeCd": "3220321",
        "FarmCommitteeName": "出雲市農業委員会",
        "TodofukenCode": "32",
        "ShikuchosonCode": "322032",
        "OazaCode": "73300",
        "ClassificationOfLandCodeName": "畑",
        "ClassificationOfLand": "2",
        "AreaOnRegistry": "148",
        "SectionOfNoushinhouCodeName": "設定なし",
        "SectionOfNoushinhou": "0",
        "SectionOfToshikeikakuhouCodeName": "設定なし",
        "SectionOfToshikeikakuhou": "0",
        "OwnerFarmIntentionCodeName": "非公表",
        "OwnerFarmIntention": "999",
        "FarmerIndicationNumberHash": "c861a01082451fc689fc5d6575a315a4",
        "KindOfRightCodeName": "賃借権等の設定がない",
        "KindOfRight": "0",
        "CommencementDate": "",
        "EndStagesDate": "",
        "RightSettingContentsCodeName": "農地中間管理権が設定されていない",
        "RightSettingContents": "0",
        "UsageSituationInvestigationDate": "20250828",
        "UsageSituationInvestigationResultCodeName": "遊休農地（低利用）",
        "UsageSituationInvestigationResult": "2",
        "UseIntentionInvestigationDate": "",
        "OwnerStatementIntentSurveyResultsCodeName": "調査中",
        "OwnerStatementIntentSurveyResults": "9",
        "UseIntentionAscertainmentResultCodeName": "調査中",
        "UseIntentionAscertainmentResult": "2",
        "PublicNoticeDate": "",
        "RightOfMiddleManagement": "",
        "RecommendationContenDate": "",
        "ActionOrderDate": "",
        "MayorPublicAnnouncementDate": "",
        "Address": "島根県出雲市大社町杵築西2678",
        "Tiban": "2678",
        "SectionOfPolygon": "3",
        "SectionOfPolygonCodeName": "その他",
        "DaichoId": "320159416",
        "daicho_shubetsu_cd": "KNO01"
      }
    },
    {
      "type": "Feature",
      "geometry": {
        "type": "Point",
        "coordinates": [
          132.6803096521272,
          35.38829674708275
        ]
      },
      "properties": {
        "FarmCommitteeCd": "3220321",
        "FarmCommitteeName": "出雲市農業委員会",
        "TodofukenCode": "32",
        "ShikuchosonCode": "322032",
        "OazaCode": "73300",
        "ClassificationOfLandCodeName": "畑",
        "ClassificationOfLand": "2",
        "AreaOnRegistry": "274",
        "SectionOfNoushinhouCodeName": "設定なし",
        "SectionOfNoushinhou": "0",
        "SectionOfToshikeikakuhouCodeName": "設定なし",
        "SectionOfToshikeikakuhou": "0",
        "OwnerFarmIntentionCodeName": "非公表",
        "OwnerFarmIntention": "999",
        "FarmerIndicationNumberHash": "c861a01082451fc689fc5d6575a315a4",
        "KindOfRightCodeName": "賃借権等の設定がない",
        "KindOfRight": "0",
        "CommencementDate": "",
        "EndStagesDate": "",
        "RightSettingContentsCodeName": "農地中間管理権が設定されていない",
        "RightSettingContents": "0",
        "UsageSituationInvestigationDate": "20250828",
        "UsageSituationInvestigationResultCodeName": "遊休農地（低利用）",
        "UsageSituationInvestigationResult": "2",
        "UseIntentionInvestigationDate": "",
        "OwnerStatementIntentSurveyResultsCodeName": "調査中",
        "OwnerStatementIntentSurveyResults": "9",
        "UseIntentionAscertainmentResultCodeName": "調査中",
        "UseIntentionAscertainmentResult": "2",
        "PublicNoticeDate": "",
        "RightOfMiddleManagement": "",
        "RecommendationContenDate": "",
        "ActionOrderDate": "",
        "MayorPublicAnnouncementDate": "",
        "Address": "島根県出雲市大社町杵築西2681-1",
        "Tiban": "2681-1",
        "SectionOfPolygon": "3",
        "SectionOfPolygonCodeName": "その他",
        "DaichoId": "320159418",
        "daicho_shubetsu_cd": "KNO01"
      }
    },
    {
      "type": "Feature",
      "geometry": {
        "type": "Point",
        "coordinates": [
          132.67982131553686,
          35.38834684983563
        ]
      },
      "properties": {
        "FarmCommitteeCd": "3220321",
        "FarmCommitteeName": "出雲市農業委員会",
        "TodofukenCode": "32",
        "ShikuchosonCode": "322032",
        "OazaCode": "73300",
        "ClassificationOfLandCodeName": "畑",
        "ClassificationOfLand": "2",
        "AreaOnRegistry": "682",
        "SectionOfNoushinhouCodeName": "設定なし",
        "SectionOfNoushinhou": "0",
        "SectionOfToshikeikakuhouCodeName": "設定なし",
        "SectionOfToshikeikakuhou": "0",
        "OwnerFarmIntentionCodeName": "非公表",
        "OwnerFarmIntention": "999",
        "FarmerIndicationNumberHash": "093fd21abd9f42e1eaeb57c191dd1463",
        "KindOfRightCodeName": "賃借権等の設定がない",
        "KindOfRight": "0",
        "CommencementDate": "",
        "EndStagesDate": "",
        "RightSettingContentsCodeName": "農地中間管理権が設定されていない",
        "RightSettingContents": "0",
        "UsageSituationInvestigationDate": "20250828",
        "UsageSituationInvestigationResultCodeName": "遊休農地ではない",
        "UsageSituationInvestigationResult": "3",
        "UseIntentionInvestigationDate": "",
        "OwnerStatementIntentSurveyResultsCodeName": "調査対象外",
        "OwnerStatementIntentSurveyResults": "6",
        "UseIntentionAscertainmentResultCodeName": "対象外",
        "UseIntentionAscertainmentResult": "1",
        "PublicNoticeDate": "",
        "RightOfMiddleManagement": "",
        "RecommendationContenDate": "",
        "ActionOrderDate": "",
        "MayorPublicAnnouncementDate": "",
        "Address": "島根県出雲市大社町杵築西2684-1",
        "Tiban": "2684-1",
        "SectionOfPolygon": "3",
        "SectionOfPolygonCodeName": "その他",
        "DaichoId": "320159419",
        "daicho_shubetsu_cd": "KNO01"
      }
    },
    {
      "type": "Feature",
      "geometry": {
        "type": "Point",
        "coordinates": [
          132.67974539293672,
          35.38852232307688
        ]
      },
      "properties": {
        "FarmCommitteeCd": "3220321",
        "FarmCommitteeName": "出雲市農業委員会",
        "TodofukenCode": "32",
        "ShikuchosonCode": "322032",
        "OazaCode": "73300",
        "ClassificationOfLandCodeName": "畑",
        "ClassificationOfLand": "2",
        "AreaOnRegistry": "195",
        "SectionOfNoushinhouCodeName": "設定なし",
        "SectionOfNoushinhou": "0",
        "SectionOfToshikeikakuhouCodeName": "設定なし",
        "SectionOfToshikeikakuhou": "0",
        "OwnerFarmIntentionCodeName": "非公表",
        "OwnerFarmIntention": "999",
        "FarmerIndicationNumberHash": "093fd21abd9f42e1eaeb57c191dd1463",
        "KindOfRightCodeName": "賃借権等の設定がない",
        "KindOfRight": "0",
        "CommencementDate": "",
        "EndStagesDate": "",
        "RightSettingContentsCodeName": "農地中間管理権が設定されていない",
        "RightSettingContents": "0",
        "UsageSituationInvestigationDate": "20250828",
        "UsageSituationInvestigationResultCodeName": "遊休農地ではない",
        "UsageSituationInvestigationResult": "3",
        "UseIntentionInvestigationDate": "",
        "OwnerStatementIntentSurveyResultsCodeName": "調査対象外",
        "OwnerStatementIntentSurveyResults": "6",
        "UseIntentionAscertainmentResultCodeName": "対象外",
        "UseIntentionAscertainmentResult": "1",
        "PublicNoticeDate": "",
        "RightOfMiddleManagement": "",
        "RecommendationContenDate": "",
        "ActionOrderDate": "",
        "MayorPublicAnnouncementDate": "",
        "Address": "島根県出雲市大社町杵築西2689",
        "Tiban": "2689",
        "SectionOfPolygon": "3",
        "SectionOfPolygonCodeName": "その他",
        "DaichoId": "320159423",
        "daicho_shubetsu_cd": "KNO01"
      }
    },
    {
      "type": "Feature",
      "geometry": {
        "type": "Point",
        "coordinates": [
          132.67941837091016,
          35.388604620954986
        ]
      },
      "properties": {
        "FarmCommitteeCd": "3220321",
        "FarmCommitteeName": "出雲市農業委員会",
        "TodofukenCode": "32",
        "ShikuchosonCode": "322032",
        "OazaCode": "73300",
        "ClassificationOfLandCodeName": "畑",
        "ClassificationOfLand": "2",
        "AreaOnRegistry": "583",
        "SectionOfNoushinhouCodeName": "設定なし",
        "SectionOfNoushinhou": "0",
        "SectionOfToshikeikakuhouCodeName": "設定なし",
        "SectionOfToshikeikakuhou": "0",
        "OwnerFarmIntentionCodeName": "非公表",
        "OwnerFarmIntention": "999",
        "FarmerIndicationNumberHash": "809ad47ee30bed8735668b83b398c0d6",
        "KindOfRightCodeName": "賃借権等の設定がない",
        "KindOfRight": "0",
        "CommencementDate": "",
        "EndStagesDate": "",
        "RightSettingContentsCodeName": "農地中間管理権が設定されていない",
        "RightSettingContents": "0",
        "UsageSituationInvestigationDate": "20250828",
        "UsageSituationInvestigationResultCodeName": "遊休農地（低利用）",
        "UsageSituationInvestigationResult": "2",
        "UseIntentionInvestigationDate": "",
        "OwnerStatementIntentSurveyResultsCodeName": "調査中",
        "OwnerStatementIntentSurveyResults": "9",
        "UseIntentionAscertainmentResultCodeName": "調査中",
        "UseIntentionAscertainmentResult": "2",
        "PublicNoticeDate": "",
        "RightOfMiddleManagement": "",
        "RecommendationContenDate": "",
        "ActionOrderDate": "",
        "MayorPublicAnnouncementDate": "",
        "Address": "島根県出雲市大社町杵築西2701",
        "Tiban": "2701",
        "SectionOfPolygon": "3",
        "SectionOfPolygonCodeName": "その他",
        "DaichoId": "320159428",
        "daicho_shubetsu_cd": "KNO01"
      }
    },
    {
      "type": "Feature",
      "geometry": {
        "type": "Point",
        "coordinates": [
          132.67994338920514,
          35.388949365799725
        ]
      },
      "properties": {
        "FarmCommitteeCd": "3220321",
        "FarmCommitteeName": "出雲市農業委員会",
        "TodofukenCode": "32",
        "ShikuchosonCode": "322032",
        "OazaCode": "73300",
        "ClassificationOfLandCodeName": "畑",
        "ClassificationOfLand": "2",
        "AreaOnRegistry": "187",
        "SectionOfNoushinhouCodeName": "設定なし",
        "SectionOfNoushinhou": "0",
        "SectionOfToshikeikakuhouCodeName": "設定なし",
        "SectionOfToshikeikakuhou": "0",
        "OwnerFarmIntentionCodeName": "非公表",
        "OwnerFarmIntention": "999",
        "FarmerIndicationNumberHash": "1ac65b51c34cd9bb5a68b80a93f0b4f5",
        "KindOfRightCodeName": "賃借権等の設定がない",
        "KindOfRight": "0",
        "CommencementDate": "",
        "EndStagesDate": "",
        "RightSettingContentsCodeName": "農地中間管理権が設定されていない",
        "RightSettingContents": "0",
        "UsageSituationInvestigationDate": "20250828",
        "UsageSituationInvestigationResultCodeName": "遊休農地ではない",
        "UsageSituationInvestigationResult": "3",
        "UseIntentionInvestigationDate": "",
        "OwnerStatementIntentSurveyResultsCodeName": "調査対象外",
        "OwnerStatementIntentSurveyResults": "6",
        "UseIntentionAscertainmentResultCodeName": "対象外",
        "UseIntentionAscertainmentResult": "1",
        "PublicNoticeDate": "",
        "RightOfMiddleManagement": "",
        "RecommendationContenDate": "",
        "ActionOrderDate": "",
        "MayorPublicAnnouncementDate": "",
        "Address": "島根県出雲市大社町杵築西2704-1",
        "Tiban": "2704-1",
        "SectionOfPolygon": "3",
        "SectionOfPolygonCodeName": "その他",
        "DaichoId": "320159429",
        "daicho_shubetsu_cd": "KNO01"
      }
    },
    {
      "type": "Feature",
      "geometry": {
        "type": "Point",
        "coordinates": [
          132.67990594940275,
          35.38900668082338
        ]
      },
      "properties": {
        "FarmCommitteeCd": "3220321",
        "FarmCommitteeName": "出雲市農業委員会",
        "TodofukenCode": "32",
        "ShikuchosonCode": "322032",
        "OazaCode": "73300",
        "ClassificationOfLandCodeName": "畑",
        "ClassificationOfLand": "2",
        "AreaOnRegistry": "156",
        "SectionOfNoushinhouCodeName": "設定なし",
        "SectionOfNoushinhou": "0",
        "SectionOfToshikeikakuhouCodeName": "設定なし",
        "SectionOfToshikeikakuhou": "0",
        "OwnerFarmIntentionCodeName": "非公表",
        "OwnerFarmIntention": "999",
        "FarmerIndicationNumberHash": "1ac65b51c34cd9bb5a68b80a93f0b4f5",
        "KindOfRightCodeName": "賃借権等の設定がない",
        "KindOfRight": "0",
        "CommencementDate": "",
        "EndStagesDate": "",
        "RightSettingContentsCodeName": "農地中間管理権が設定されていない",
        "RightSettingContents": "0",
        "UsageSituationInvestigationDate": "20250828",
        "UsageSituationInvestigationResultCodeName": "遊休農地ではない",
        "UsageSituationInvestigationResult": "3",
        "UseIntentionInvestigationDate": "",
        "OwnerStatementIntentSurveyResultsCodeName": "調査対象外",
        "OwnerStatementIntentSurveyResults": "6",
        "UseIntentionAscertainmentResultCodeName": "対象外",
        "UseIntentionAscertainmentResult": "1",
        "PublicNoticeDate": "",
        "RightOfMiddleManagement": "",
        "RecommendationContenDate": "",
        "ActionOrderDate": "",
        "MayorPublicAnnouncementDate": "",
        "Address": "島根県出雲市大社町杵築西2705-2",
        "Tiban": "2705-2",
        "SectionOfPolygon": "3",
        "SectionOfPolygonCodeName": "その他",
        "DaichoId": "320159430",
        "daicho_shubetsu_cd": "KNO01"
      }
    },
    {
      "type": "Feature",
      "geometry": {
        "type": "Point",
        "coordinates": [
          132.6798662346763,
          35.38905976401852
        ]
      },
      "properties": {
        "FarmCommitteeCd": "3220321",
        "FarmCommitteeName": "出雲市農業委員会",
        "TodofukenCode": "32",
        "ShikuchosonCode": "322032",
        "OazaCode": "73300",
        "ClassificationOfLandCodeName": "畑",
        "ClassificationOfLand": "2",
        "AreaOnRegistry": "161",
        "SectionOfNoushinhouCodeName": "設定なし",
        "SectionOfNoushinhou": "0",
        "SectionOfToshikeikakuhouCodeName": "設定なし",
        "SectionOfToshikeikakuhou": "0",
        "OwnerFarmIntentionCodeName": "非公表",
        "OwnerFarmIntention": "999",
        "FarmerIndicationNumberHash": "1ac65b51c34cd9bb5a68b80a93f0b4f5",
        "KindOfRightCodeName": "賃借権等の設定がない",
        "KindOfRight": "0",
        "CommencementDate": "",
        "EndStagesDate": "",
        "RightSettingContentsCodeName": "農地中間管理権が設定されていない",
        "RightSettingContents": "0",
        "UsageSituationInvestigationDate": "20250828",
        "UsageSituationInvestigationResultCodeName": "遊休農地ではない",
        "UsageSituationInvestigationResult": "3",
        "UseIntentionInvestigationDate": "",
        "OwnerStatementIntentSurveyResultsCodeName": "調査対象外",
        "OwnerStatementIntentSurveyResults": "6",
        "UseIntentionAscertainmentResultCodeName": "対象外",
        "UseIntentionAscertainmentResult": "1",
        "PublicNoticeDate": "",
        "RightOfMiddleManagement": "",
        "RecommendationContenDate": "",
        "ActionOrderDate": "",
        "MayorPublicAnnouncementDate": "",
        "Address": "島根県出雲市大社町杵築西2709-1",
        "Tiban": "2709-1",
        "SectionOfPolygon": "3",
        "SectionOfPolygonCodeName": "その他",
        "DaichoId": "320159431",
        "daicho_shubetsu_cd": "KNO01"
      }
    },
    {
      "type": "Feature",
      "geometry": {
        "type": "Point",
        "coordinates": [
          132.67935034459697,
          35.389754695250254
        ]
      },
      "properties": {
        "FarmCommitteeCd": "3220321",
        "FarmCommitteeName": "出雲市農業委員会",
        "TodofukenCode": "32",
        "ShikuchosonCode": "322032",
        "OazaCode": "73300",
        "ClassificationOfLandCodeName": "畑",
        "ClassificationOfLand": "2",
        "AreaOnRegistry": "265",
        "SectionOfNoushinhouCodeName": "設定なし",
        "SectionOfNoushinhou": "0",
        "SectionOfToshikeikakuhouCodeName": "設定なし",
        "SectionOfToshikeikakuhou": "0",
        "OwnerFarmIntentionCodeName": "非公表",
        "OwnerFarmIntention": "999",
        "FarmerIndicationNumberHash": "7be14966b787c86b685f7ec48d01ed0e",
        "KindOfRightCodeName": "賃借権等の設定がない",
        "KindOfRight": "0",
        "CommencementDate": "",
        "EndStagesDate": "",
        "RightSettingContentsCodeName": "農地中間管理権が設定されていない",
        "RightSettingContents": "0",
        "UsageSituationInvestigationDate": "20250828",
        "UsageSituationInvestigationResultCodeName": "遊休農地（低利用）",
        "UsageSituationInvestigationResult": "2",
        "UseIntentionInvestigationDate": "",
        "OwnerStatementIntentSurveyResultsCodeName": "調査中",
        "OwnerStatementIntentSurveyResults": "9",
        "UseIntentionAscertainmentResultCodeName": "調査中",
        "UseIntentionAscertainmentResult": "2",
        "PublicNoticeDate": "",
        "RightOfMiddleManagement": "",
        "RecommendationContenDate": "",
        "ActionOrderDate": "",
        "MayorPublicAnnouncementDate": "",
        "Address": "島根県出雲市大社町杵築西2720-1",
        "Tiban": "2720-1",
        "SectionOfPolygon": "3",
        "SectionOfPolygonCodeName": "その他",
        "DaichoId": "320159435",
        "daicho_shubetsu_cd": "KNO01"
      }
    },
    {
      "type": "Feature",
      "geometry": {
        "type": "Point",
        "coordinates": [
          132.6791552495389,
          35.3896801425265
        ]
      },
      "properties": {
        "FarmCommitteeCd": "3220321",
        "FarmCommitteeName": "出雲市農業委員会",
        "TodofukenCode": "32",
        "ShikuchosonCode": "322032",
        "OazaCode": "73300",
        "ClassificationOfLandCodeName": "畑",
        "ClassificationOfLand": "2",
        "AreaOnRegistry": "223",
        "SectionOfNoushinhouCodeName": "設定なし",
        "SectionOfNoushinhou": "0",
        "SectionOfToshikeikakuhouCodeName": "設定なし",
        "SectionOfToshikeikakuhou": "0",
        "OwnerFarmIntentionCodeName": "非公表",
        "OwnerFarmIntention": "999",
        "FarmerIndicationNumberHash": "f0de7783c5d39cb0c932eeb5891f31d8",
        "KindOfRightCodeName": "賃借権等の設定がない",
        "KindOfRight": "0",
        "CommencementDate": "",
        "EndStagesDate": "",
        "RightSettingContentsCodeName": "農地中間管理権が設定されていない",
        "RightSettingContents": "0",
        "UsageSituationInvestigationDate": "20250828",
        "UsageSituationInvestigationResultCodeName": "遊休農地（不耕作黄）",
        "UsageSituationInvestigationResult": "7",
        "UseIntentionInvestigationDate": "20241126",
        "OwnerStatementIntentSurveyResultsCodeName": "調査中",
        "OwnerStatementIntentSurveyResults": "9",
        "UseIntentionAscertainmentResultCodeName": "調査中",
        "UseIntentionAscertainmentResult": "2",
        "PublicNoticeDate": "",
        "RightOfMiddleManagement": "",
        "RecommendationContenDate": "",
        "ActionOrderDate": "",
        "MayorPublicAnnouncementDate": "",
        "Address": "島根県出雲市大社町杵築西2721",
        "Tiban": "2721",
        "SectionOfPolygon": "3",
        "SectionOfPolygonCodeName": "その他",
        "DaichoId": "320159436",
        "daicho_shubetsu_cd": "KNO01"
      }
    },
    {
      "type": "Feature",
      "geometry": {
        "type": "Point",
        "coordinates": [
          132.6789818617013,
          35.38967017669139
        ]
      },
      "properties": {
        "FarmCommitteeCd": "3220321",
        "FarmCommitteeName": "出雲市農業委員会",
        "TodofukenCode": "32",
        "ShikuchosonCode": "322032",
        "OazaCode": "73300",
        "ClassificationOfLandCodeName": "畑",
        "ClassificationOfLand": "2",
        "AreaOnRegistry": "441",
        "SectionOfNoushinhouCodeName": "設定なし",
        "SectionOfNoushinhou": "0",
        "SectionOfToshikeikakuhouCodeName": "設定なし",
        "SectionOfToshikeikakuhou": "0",
        "OwnerFarmIntentionCodeName": "非公表",
        "OwnerFarmIntention": "999",
        "FarmerIndicationNumberHash": "f0de7783c5d39cb0c932eeb5891f31d8",
        "KindOfRightCodeName": "賃借権等の設定がない",
        "KindOfRight": "0",
        "CommencementDate": "",
        "EndStagesDate": "",
        "RightSettingContentsCodeName": "農地中間管理権が設定されていない",
        "RightSettingContents": "0",
        "UsageSituationInvestigationDate": "20250828",
        "UsageSituationInvestigationResultCodeName": "遊休農地（不耕作黄）",
        "UsageSituationInvestigationResult": "7",
        "UseIntentionInvestigationDate": "20241126",
        "OwnerStatementIntentSurveyResultsCodeName": "調査中",
        "OwnerStatementIntentSurveyResults": "9",
        "UseIntentionAscertainmentResultCodeName": "調査中",
        "UseIntentionAscertainmentResult": "2",
        "PublicNoticeDate": "",
        "RightOfMiddleManagement": "",
        "RecommendationContenDate": "",
        "ActionOrderDate": "",
        "MayorPublicAnnouncementDate": "",
        "Address": "島根県出雲市大社町杵築西2722",
        "Tiban": "2722",
        "SectionOfPolygon": "3",
        "SectionOfPolygonCodeName": "その他",
        "DaichoId": "320159437",
        "daicho_shubetsu_cd": "KNO01"
      }
    },
    {
      "type": "Feature",
      "geometry": {
        "type": "Point",
        "coordinates": [
          132.67877166408653,
          35.38956838308611
        ]
      },
      "properties": {
        "FarmCommitteeCd": "3220321",
        "FarmCommitteeName": "出雲市農業委員会",
        "TodofukenCode": "32",
        "ShikuchosonCode": "322032",
        "OazaCode": "73300",
        "ClassificationOfLandCodeName": "畑",
        "ClassificationOfLand": "2",
        "AreaOnRegistry": "235",
        "SectionOfNoushinhouCodeName": "設定なし",
        "SectionOfNoushinhou": "0",
        "SectionOfToshikeikakuhouCodeName": "設定なし",
        "SectionOfToshikeikakuhou": "0",
        "OwnerFarmIntentionCodeName": "非公表",
        "OwnerFarmIntention": "999",
        "FarmerIndicationNumberHash": "f4f5ae8adc1c65474542e1e47ab88934",
        "KindOfRightCodeName": "賃借権等の設定がない",
        "KindOfRight": "0",
        "CommencementDate": "",
        "EndStagesDate": "",
        "RightSettingContentsCodeName": "農地中間管理権が設定されていない",
        "RightSettingContents": "0",
        "UsageSituationInvestigationDate": "20250828",
        "UsageSituationInvestigationResultCodeName": "遊休農地（低利用）",
        "UsageSituationInvestigationResult": "2",
        "UseIntentionInvestigationDate": "",
        "OwnerStatementIntentSurveyResultsCodeName": "調査中",
        "OwnerStatementIntentSurveyResults": "9",
        "UseIntentionAscertainmentResultCodeName": "調査中",
        "UseIntentionAscertainmentResult": "2",
        "PublicNoticeDate": "",
        "RightOfMiddleManagement": "",
        "RecommendationContenDate": "",
        "ActionOrderDate": "",
        "MayorPublicAnnouncementDate": "",
        "Address": "島根県出雲市大社町杵築西2723-1",
        "Tiban": "2723-1",
        "SectionOfPolygon": "3",
        "SectionOfPolygonCodeName": "その他",
        "DaichoId": "320159438",
        "daicho_shubetsu_cd": "KNO01"
      }
    },
    {
      "type": "Feature",
      "geometry": {
        "type": "Point",
        "coordinates": [
          132.67872298996704,
          35.38963750406688
        ]
      },
      "properties": {
        "FarmCommitteeCd": "3220321",
        "FarmCommitteeName": "出雲市農業委員会",
        "TodofukenCode": "32",
        "ShikuchosonCode": "322032",
        "OazaCode": "73300",
        "ClassificationOfLandCodeName": "畑",
        "ClassificationOfLand": "2",
        "AreaOnRegistry": "157",
        "SectionOfNoushinhouCodeName": "設定なし",
        "SectionOfNoushinhou": "0",
        "SectionOfToshikeikakuhouCodeName": "設定なし",
        "SectionOfToshikeikakuhou": "0",
        "OwnerFarmIntentionCodeName": "非公表",
        "OwnerFarmIntention": "999",
        "FarmerIndicationNumberHash": "ebce8867335755cd42236f6cdb71a9ef",
        "KindOfRightCodeName": "賃借権等の設定がない",
        "KindOfRight": "0",
        "CommencementDate": "",
        "EndStagesDate": "",
        "RightSettingContentsCodeName": "農地中間管理権が設定されていない",
        "RightSettingContents": "0",
        "UsageSituationInvestigationDate": "20250828",
        "UsageSituationInvestigationResultCodeName": "遊休農地（低利用）",
        "UsageSituationInvestigationResult": "2",
        "UseIntentionInvestigationDate": "",
        "OwnerStatementIntentSurveyResultsCodeName": "調査中",
        "OwnerStatementIntentSurveyResults": "9",
        "UseIntentionAscertainmentResultCodeName": "調査中",
        "UseIntentionAscertainmentResult": "2",
        "PublicNoticeDate": "",
        "RightOfMiddleManagement": "",
        "RecommendationContenDate": "",
        "ActionOrderDate": "",
        "MayorPublicAnnouncementDate": "",
        "Address": "島根県出雲市大社町杵築西2724-1",
        "Tiban": "2724-1",
        "SectionOfPolygon": "3",
        "SectionOfPolygonCodeName": "その他",
        "DaichoId": "320159439",
        "daicho_shubetsu_cd": "KNO01"
      }
    },
    {
      "type": "Feature",
      "geometry": {
        "type": "Point",
        "coordinates": [
          132.6790719117848,
          35.38982674504092
        ]
      },
      "properties": {
        "FarmCommitteeCd": "3220321",
        "FarmCommitteeName": "出雲市農業委員会",
        "TodofukenCode": "32",
        "ShikuchosonCode": "322032",
        "OazaCode": "73300",
        "ClassificationOfLandCodeName": "畑",
        "ClassificationOfLand": "2",
        "AreaOnRegistry": "406",
        "SectionOfNoushinhouCodeName": "設定なし",
        "SectionOfNoushinhou": "0",
        "SectionOfToshikeikakuhouCodeName": "設定なし",
        "SectionOfToshikeikakuhou": "0",
        "OwnerFarmIntentionCodeName": "非公表",
        "OwnerFarmIntention": "999",
        "FarmerIndicationNumberHash": "383701fc21bc2e1916465ef08df7b227",
        "KindOfRightCodeName": "賃借権等の設定がない",
        "KindOfRight": "0",
        "CommencementDate": "",
        "EndStagesDate": "",
        "RightSettingContentsCodeName": "農地中間管理権が設定されていない",
        "RightSettingContents": "0",
        "UsageSituationInvestigationDate": "20250828",
        "UsageSituationInvestigationResultCodeName": "遊休農地ではない",
        "UsageSituationInvestigationResult": "3",
        "UseIntentionInvestigationDate": "",
        "OwnerStatementIntentSurveyResultsCodeName": "調査対象外",
        "OwnerStatementIntentSurveyResults": "6",
        "UseIntentionAscertainmentResultCodeName": "対象外",
        "UseIntentionAscertainmentResult": "1",
        "PublicNoticeDate": "",
        "RightOfMiddleManagement": "",
        "RecommendationContenDate": "",
        "ActionOrderDate": "",
        "MayorPublicAnnouncementDate": "",
        "Address": "島根県出雲市大社町杵築西2727-1",
        "Tiban": "2727-1",
        "SectionOfPolygon": "3",
        "SectionOfPolygonCodeName": "その他",
        "DaichoId": "320159441",
        "daicho_shubetsu_cd": "KNO01"
      }
    },
    {
      "type": "Feature",
      "geometry": {
        "type": "Point",
        "coordinates": [
          132.67864532666042,
          35.38975965853983
        ]
      },
      "properties": {
        "FarmCommitteeCd": "3220321",
        "FarmCommitteeName": "出雲市農業委員会",
        "TodofukenCode": "32",
        "ShikuchosonCode": "322032",
        "OazaCode": "73300",
        "ClassificationOfLandCodeName": "畑",
        "ClassificationOfLand": "2",
        "AreaOnRegistry": "154",
        "SectionOfNoushinhouCodeName": "設定なし",
        "SectionOfNoushinhou": "0",
        "SectionOfToshikeikakuhouCodeName": "設定なし",
        "SectionOfToshikeikakuhou": "0",
        "OwnerFarmIntentionCodeName": "非公表",
        "OwnerFarmIntention": "999",
        "FarmerIndicationNumberHash": "892f9be0afcd5c538f41c4bdbc2e853d",
        "KindOfRightCodeName": "賃借権等の設定がない",
        "KindOfRight": "0",
        "CommencementDate": "",
        "EndStagesDate": "",
        "RightSettingContentsCodeName": "農地中間管理権が設定されていない",
        "RightSettingContents": "0",
        "UsageSituationInvestigationDate": "20250828",
        "UsageSituationInvestigationResultCodeName": "遊休農地（低利用）",
        "UsageSituationInvestigationResult": "2",
        "UseIntentionInvestigationDate": "",
        "OwnerStatementIntentSurveyResultsCodeName": "調査中",
        "OwnerStatementIntentSurveyResults": "9",
        "UseIntentionAscertainmentResultCodeName": "調査中",
        "UseIntentionAscertainmentResult": "2",
        "PublicNoticeDate": "",
        "RightOfMiddleManagement": "",
        "RecommendationContenDate": "",
        "ActionOrderDate": "",
        "MayorPublicAnnouncementDate": "",
        "Address": "島根県出雲市大社町杵築西2729-1",
        "Tiban": "2729-1",
        "SectionOfPolygon": "3",
        "SectionOfPolygonCodeName": "その他",
        "DaichoId": "320159442",
        "daicho_shubetsu_cd": "KNO01"
      }
    },
    {
      "type": "Feature",
      "geometry": {
        "type": "Point",
        "coordinates": [
          132.6787848035053,
          35.3898137775767
        ]
      },
      "properties": {
        "FarmCommitteeCd": "3220321",
        "FarmCommitteeName": "出雲市農業委員会",
        "TodofukenCode": "32",
        "ShikuchosonCode": "322032",
        "OazaCode": "73300",
        "ClassificationOfLandCodeName": "畑",
        "ClassificationOfLand": "2",
        "AreaOnRegistry": "75",
        "SectionOfNoushinhouCodeName": "設定なし",
        "SectionOfNoushinhou": "0",
        "SectionOfToshikeikakuhouCodeName": "設定なし",
        "SectionOfToshikeikakuhou": "0",
        "OwnerFarmIntentionCodeName": "非公表",
        "OwnerFarmIntention": "999",
        "FarmerIndicationNumberHash": "108cab045b3ef799273329fd7511be4c",
        "KindOfRightCodeName": "賃借権等の設定がない",
        "KindOfRight": "0",
        "CommencementDate": "",
        "EndStagesDate": "",
        "RightSettingContentsCodeName": "農地中間管理権が設定されていない",
        "RightSettingContents": "0",
        "UsageSituationInvestigationDate": "20250828",
        "UsageSituationInvestigationResultCodeName": "遊休農地（低利用）",
        "UsageSituationInvestigationResult": "2",
        "UseIntentionInvestigationDate": "",
        "OwnerStatementIntentSurveyResultsCodeName": "調査中",
        "OwnerStatementIntentSurveyResults": "9",
        "UseIntentionAscertainmentResultCodeName": "調査中",
        "UseIntentionAscertainmentResult": "2",
        "PublicNoticeDate": "",
        "RightOfMiddleManagement": "",
        "RecommendationContenDate": "",
        "ActionOrderDate": "",
        "MayorPublicAnnouncementDate": "",
        "Address": "島根県出雲市大社町杵築西2732",
        "Tiban": "2732",
        "SectionOfPolygon": "3",
        "SectionOfPolygonCodeName": "その他",
        "DaichoId": "320159445",
        "daicho_shubetsu_cd": "KNO01"
      }
    },
    {
      "type": "Feature",
      "geometry": {
        "type": "Point",
        "coordinates": [
          132.67792280914392,
          35.390033574974126
        ]
      },
      "properties": {
        "FarmCommitteeCd": "3220321",
        "FarmCommitteeName": "出雲市農業委員会",
        "TodofukenCode": "32",
        "ShikuchosonCode": "322032",
        "OazaCode": "73300",
        "ClassificationOfLandCodeName": "畑",
        "ClassificationOfLand": "2",
        "AreaOnRegistry": "103",
        "SectionOfNoushinhouCodeName": "設定なし",
        "SectionOfNoushinhou": "0",
        "SectionOfToshikeikakuhouCodeName": "設定なし",
        "SectionOfToshikeikakuhou": "0",
        "OwnerFarmIntentionCodeName": "非公表",
        "OwnerFarmIntention": "999",
        "FarmerIndicationNumberHash": "ecaa3b1647eecc0b82bd68dfa2da1d18",
        "KindOfRightCodeName": "賃借権等の設定がない",
        "KindOfRight": "0",
        "CommencementDate": "",
        "EndStagesDate": "",
        "RightSettingContentsCodeName": "農地中間管理権が設定されていない",
        "RightSettingContents": "0",
        "UsageSituationInvestigationDate": "20250828",
        "UsageSituationInvestigationResultCodeName": "遊休農地ではない",
        "UsageSituationInvestigationResult": "3",
        "UseIntentionInvestigationDate": "",
        "OwnerStatementIntentSurveyResultsCodeName": "調査対象外",
        "OwnerStatementIntentSurveyResults": "6",
        "UseIntentionAscertainmentResultCodeName": "対象外",
        "UseIntentionAscertainmentResult": "1",
        "PublicNoticeDate": "",
        "RightOfMiddleManagement": "",
        "RecommendationContenDate": "",
        "ActionOrderDate": "",
        "MayorPublicAnnouncementDate": "",
        "Address": "島根県出雲市大社町杵築西2740-1",
        "Tiban": "2740-1",
        "SectionOfPolygon": "3",
        "SectionOfPolygonCodeName": "その他",
        "DaichoId": "320159447",
        "daicho_shubetsu_cd": "KNO01"
      }
    },
    {
      "type": "Feature",
      "geometry": {
        "type": "Point",
        "coordinates": [
          132.67730988002575,
          35.3901859211033
        ]
      },
      "properties": {
        "FarmCommitteeCd": "3220321",
        "FarmCommitteeName": "出雲市農業委員会",
        "TodofukenCode": "32",
        "ShikuchosonCode": "322032",
        "OazaCode": "73300",
        "ClassificationOfLandCodeName": "畑",
        "ClassificationOfLand": "2",
        "AreaOnRegistry": "7.12",
        "SectionOfNoushinhouCodeName": "設定なし",
        "SectionOfNoushinhou": "0",
        "SectionOfToshikeikakuhouCodeName": "設定なし",
        "SectionOfToshikeikakuhou": "0",
        "OwnerFarmIntentionCodeName": "非公表",
        "OwnerFarmIntention": "999",
        "FarmerIndicationNumberHash": "4f1bbbfafbf2a3baaa757ad0516fe50a",
        "KindOfRightCodeName": "賃借権等の設定がない",
        "KindOfRight": "0",
        "CommencementDate": "",
        "EndStagesDate": "",
        "RightSettingContentsCodeName": "農地中間管理権が設定されていない",
        "RightSettingContents": "0",
        "UsageSituationInvestigationDate": "20250828",
        "UsageSituationInvestigationResultCodeName": "遊休農地（低利用）",
        "UsageSituationInvestigationResult": "2",
        "UseIntentionInvestigationDate": "",
        "OwnerStatementIntentSurveyResultsCodeName": "調査中",
        "OwnerStatementIntentSurveyResults": "9",
        "UseIntentionAscertainmentResultCodeName": "調査中",
        "UseIntentionAscertainmentResult": "2",
        "PublicNoticeDate": "",
        "RightOfMiddleManagement": "",
        "RecommendationContenDate": "",
        "ActionOrderDate": "",
        "MayorPublicAnnouncementDate": "",
        "Address": "島根県出雲市大社町杵築西2743-1",
        "Tiban": "2743-1",
        "SectionOfPolygon": "3",
        "SectionOfPolygonCodeName": "その他",
        "DaichoId": "320159449",
        "daicho_shubetsu_cd": "KNO01"
      }
    },
    {
      "type": "Feature",
      "geometry": {
        "type": "Point",
        "coordinates": [
          132.67707536481808,
          35.389885507988026
        ]
      },
      "properties": {
        "FarmCommitteeCd": "3220321",
        "FarmCommitteeName": "出雲市農業委員会",
        "TodofukenCode": "32",
        "ShikuchosonCode": "322032",
        "OazaCode": "73300",
        "ClassificationOfLandCodeName": "畑",
        "ClassificationOfLand": "2",
        "AreaOnRegistry": "152",
        "SectionOfNoushinhouCodeName": "設定なし",
        "SectionOfNoushinhou": "0",
        "SectionOfToshikeikakuhouCodeName": "設定なし",
        "SectionOfToshikeikakuhou": "0",
        "OwnerFarmIntentionCodeName": "非公表",
        "OwnerFarmIntention": "999",
        "FarmerIndicationNumberHash": "7d2c63e8aef03c6450d608e6b54313ff",
        "KindOfRightCodeName": "賃借権等の設定がない",
        "KindOfRight": "0",
        "CommencementDate": "",
        "EndStagesDate": "",
        "RightSettingContentsCodeName": "農地中間管理権が設定されていない",
        "RightSettingContents": "0",
        "UsageSituationInvestigationDate": "20250828",
        "UsageSituationInvestigationResultCodeName": "遊休農地（不耕作黄）",
        "UsageSituationInvestigationResult": "7",
        "UseIntentionInvestigationDate": "20241126",
        "OwnerStatementIntentSurveyResultsCodeName": "調査中",
        "OwnerStatementIntentSurveyResults": "9",
        "UseIntentionAscertainmentResultCodeName": "調査中",
        "UseIntentionAscertainmentResult": "2",
        "PublicNoticeDate": "",
        "RightOfMiddleManagement": "",
        "RecommendationContenDate": "",
        "ActionOrderDate": "",
        "MayorPublicAnnouncementDate": "",
        "Address": "島根県出雲市大社町杵築西2748-1",
        "Tiban": "2748-1",
        "SectionOfPolygon": "3",
        "SectionOfPolygonCodeName": "その他",
        "DaichoId": "320159450",
        "daicho_shubetsu_cd": "KNO01"
      }
    },
    {
      "type": "Feature",
      "geometry": {
        "type": "Point",
        "coordinates": [
          132.67725838598275,
          35.38993825799886
        ]
      },
      "properties": {
        "FarmCommitteeCd": "3220321",
        "FarmCommitteeName": "出雲市農業委員会",
        "TodofukenCode": "32",
        "ShikuchosonCode": "322032",
        "OazaCode": "73300",
        "ClassificationOfLandCodeName": "畑",
        "ClassificationOfLand": "2",
        "AreaOnRegistry": "33",
        "SectionOfNoushinhouCodeName": "設定なし",
        "SectionOfNoushinhou": "0",
        "SectionOfToshikeikakuhouCodeName": "設定なし",
        "SectionOfToshikeikakuhou": "0",
        "OwnerFarmIntentionCodeName": "非公表",
        "OwnerFarmIntention": "999",
        "FarmerIndicationNumberHash": "18e4ef36c3024cb64bca6cd38c1ac355",
        "KindOfRightCodeName": "賃借権等の設定がない",
        "KindOfRight": "0",
        "CommencementDate": "",
        "EndStagesDate": "",
        "RightSettingContentsCodeName": "農地中間管理権が設定されていない",
        "RightSettingContents": "0",
        "UsageSituationInvestigationDate": "20250828",
        "UsageSituationInvestigationResultCodeName": "遊休農地（不耕作黄）",
        "UsageSituationInvestigationResult": "7",
        "UseIntentionInvestigationDate": "20241126",
        "OwnerStatementIntentSurveyResultsCodeName": "調査中",
        "OwnerStatementIntentSurveyResults": "9",
        "UseIntentionAscertainmentResultCodeName": "調査中",
        "UseIntentionAscertainmentResult": "2",
        "PublicNoticeDate": "",
        "RightOfMiddleManagement": "",
        "RecommendationContenDate": "",
        "ActionOrderDate": "",
        "MayorPublicAnnouncementDate": "",
        "Address": "島根県出雲市大社町杵築西2751-1",
        "Tiban": "2751-1",
        "SectionOfPolygon": "3",
        "SectionOfPolygonCodeName": "その他",
        "DaichoId": "320159451",
        "daicho_shubetsu_cd": "KNO01"
      }
    },
    {
      "type": "Feature",
      "geometry": {
        "type": "Point",
        "coordinates": [
          132.6773694052169,
          35.389834022302246
        ]
      },
      "properties": {
        "FarmCommitteeCd": "3220321",
        "FarmCommitteeName": "出雲市農業委員会",
        "TodofukenCode": "32",
        "ShikuchosonCode": "322032",
        "OazaCode": "73300",
        "ClassificationOfLandCodeName": "畑",
        "ClassificationOfLand": "2",
        "AreaOnRegistry": "397",
        "SectionOfNoushinhouCodeName": "設定なし",
        "SectionOfNoushinhou": "0",
        "SectionOfToshikeikakuhouCodeName": "設定なし",
        "SectionOfToshikeikakuhou": "0",
        "OwnerFarmIntentionCodeName": "非公表",
        "OwnerFarmIntention": "999",
        "FarmerIndicationNumberHash": "ecaa3b1647eecc0b82bd68dfa2da1d18",
        "KindOfRightCodeName": "賃借権等の設定がない",
        "KindOfRight": "0",
        "CommencementDate": "",
        "EndStagesDate": "",
        "RightSettingContentsCodeName": "農地中間管理権が設定されていない",
        "RightSettingContents": "0",
        "UsageSituationInvestigationDate": "20250828",
        "UsageSituationInvestigationResultCodeName": "遊休農地ではない",
        "UsageSituationInvestigationResult": "3",
        "UseIntentionInvestigationDate": "",
        "OwnerStatementIntentSurveyResultsCodeName": "調査対象外",
        "OwnerStatementIntentSurveyResults": "6",
        "UseIntentionAscertainmentResultCodeName": "対象外",
        "UseIntentionAscertainmentResult": "1",
        "PublicNoticeDate": "",
        "RightOfMiddleManagement": "",
        "RecommendationContenDate": "",
        "ActionOrderDate": "",
        "MayorPublicAnnouncementDate": "",
        "Address": "島根県出雲市大社町杵築西2753-1",
        "Tiban": "2753-1",
        "SectionOfPolygon": "3",
        "SectionOfPolygonCodeName": "その他",
        "DaichoId": "320159452",
        "daicho_shubetsu_cd": "KNO01"
      }
    },
    {
      "type": "Feature",
      "geometry": {
        "type": "Point",
        "coordinates": [
          132.67751610585384,
          35.3898790748484
        ]
      },
      "properties": {
        "FarmCommitteeCd": "3220321",
        "FarmCommitteeName": "出雲市農業委員会",
        "TodofukenCode": "32",
        "ShikuchosonCode": "322032",
        "OazaCode": "73300",
        "ClassificationOfLandCodeName": "畑",
        "ClassificationOfLand": "2",
        "AreaOnRegistry": "334",
        "SectionOfNoushinhouCodeName": "設定なし",
        "SectionOfNoushinhou": "0",
        "SectionOfToshikeikakuhouCodeName": "設定なし",
        "SectionOfToshikeikakuhou": "0",
        "OwnerFarmIntentionCodeName": "非公表",
        "OwnerFarmIntention": "999",
        "FarmerIndicationNumberHash": "ddf7abcda32ee204f954430d83d412bc",
        "KindOfRightCodeName": "賃借権等の設定がない",
        "KindOfRight": "0",
        "CommencementDate": "",
        "EndStagesDate": "",
        "RightSettingContentsCodeName": "農地中間管理権が設定されていない",
        "RightSettingContents": "0",
        "UsageSituationInvestigationDate": "20250828",
        "UsageSituationInvestigationResultCodeName": "遊休農地（不耕作黄）",
        "UsageSituationInvestigationResult": "7",
        "UseIntentionInvestigationDate": "20241126",
        "OwnerStatementIntentSurveyResultsCodeName": "農地中間管理事業の利用",
        "OwnerStatementIntentSurveyResults": "2",
        "UseIntentionAscertainmentResultCodeName": "調査中",
        "UseIntentionAscertainmentResult": "2",
        "PublicNoticeDate": "",
        "RightOfMiddleManagement": "",
        "RecommendationContenDate": "",
        "ActionOrderDate": "",
        "MayorPublicAnnouncementDate": "",
        "Address": "島根県出雲市大社町杵築西2756-1",
        "Tiban": "2756-1",
        "SectionOfPolygon": "3",
        "SectionOfPolygonCodeName": "その他",
        "DaichoId": "320159454",
        "daicho_shubetsu_cd": "KNO01"
      }
    },
    {
      "type": "Feature",
      "geometry": {
        "type": "Point",
        "coordinates": [
          132.6776257321239,
          35.38991504999755
        ]
      },
      "properties": {
        "FarmCommitteeCd": "3220321",
        "FarmCommitteeName": "出雲市農業委員会",
        "TodofukenCode": "32",
        "ShikuchosonCode": "322032",
        "OazaCode": "73300",
        "ClassificationOfLandCodeName": "畑",
        "ClassificationOfLand": "2",
        "AreaOnRegistry": "163",
        "SectionOfNoushinhouCodeName": "設定なし",
        "SectionOfNoushinhou": "0",
        "SectionOfToshikeikakuhouCodeName": "設定なし",
        "SectionOfToshikeikakuhou": "0",
        "OwnerFarmIntentionCodeName": "非公表",
        "OwnerFarmIntention": "999",
        "FarmerIndicationNumberHash": "6149765fc76e8a964a2aa06e4580b359",
        "KindOfRightCodeName": "賃借権等の設定がない",
        "KindOfRight": "0",
        "CommencementDate": "",
        "EndStagesDate": "",
        "RightSettingContentsCodeName": "農地中間管理権が設定されていない",
        "RightSettingContents": "0",
        "UsageSituationInvestigationDate": "20250828",
        "UsageSituationInvestigationResultCodeName": "遊休農地ではない",
        "UsageSituationInvestigationResult": "3",
        "UseIntentionInvestigationDate": "",
        "OwnerStatementIntentSurveyResultsCodeName": "調査対象外",
        "OwnerStatementIntentSurveyResults": "6",
        "UseIntentionAscertainmentResultCodeName": "対象外",
        "UseIntentionAscertainmentResult": "1",
        "PublicNoticeDate": "",
        "RightOfMiddleManagement": "",
        "RecommendationContenDate": "",
        "ActionOrderDate": "",
        "MayorPublicAnnouncementDate": "",
        "Address": "島根県出雲市大社町杵築西2757-1",
        "Tiban": "2757-1",
        "SectionOfPolygon": "3",
        "SectionOfPolygonCodeName": "その他",
        "DaichoId": "320159455",
        "daicho_shubetsu_cd": "KNO01"
      }
    },
    {
      "type": "Feature",
      "geometry": {
        "type": "Point",
        "coordinates": [
          132.6778246259631,
          35.38988120074412
        ]
      },
      "properties": {
        "FarmCommitteeCd": "3220321",
        "FarmCommitteeName": "出雲市農業委員会",
        "TodofukenCode": "32",
        "ShikuchosonCode": "322032",
        "OazaCode": "73300",
        "ClassificationOfLandCodeName": "畑",
        "ClassificationOfLand": "2",
        "AreaOnRegistry": "339",
        "SectionOfNoushinhouCodeName": "設定なし",
        "SectionOfNoushinhou": "0",
        "SectionOfToshikeikakuhouCodeName": "設定なし",
        "SectionOfToshikeikakuhou": "0",
        "OwnerFarmIntentionCodeName": "非公表",
        "OwnerFarmIntention": "999",
        "FarmerIndicationNumberHash": "e9bde2c582aaf208bbda033fb44a3191",
        "KindOfRightCodeName": "賃借権等の設定がない",
        "KindOfRight": "0",
        "CommencementDate": "",
        "EndStagesDate": "",
        "RightSettingContentsCodeName": "農地中間管理権が設定されていない",
        "RightSettingContents": "0",
        "UsageSituationInvestigationDate": "20250828",
        "UsageSituationInvestigationResultCodeName": "遊休農地（不耕作黄）",
        "UsageSituationInvestigationResult": "7",
        "UseIntentionInvestigationDate": "20241126",
        "OwnerStatementIntentSurveyResultsCodeName": "自ら所有権の移転又は賃借権その他の権利の設定若しくは移転",
        "OwnerStatementIntentSurveyResults": "4",
        "UseIntentionAscertainmentResultCodeName": "調査中",
        "UseIntentionAscertainmentResult": "2",
        "PublicNoticeDate": "",
        "RightOfMiddleManagement": "",
        "RecommendationContenDate": "",
        "ActionOrderDate": "",
        "MayorPublicAnnouncementDate": "",
        "Address": "島根県出雲市大社町杵築西2758",
        "Tiban": "2758",
        "SectionOfPolygon": "3",
        "SectionOfPolygonCodeName": "その他",
        "DaichoId": "320159456",
        "daicho_shubetsu_cd": "KNO01"
      }
    },
    {
      "type": "Feature",
      "geometry": {
        "type": "Point",
        "coordinates": [
          132.677975836549,
          35.3899777503011
        ]
      },
      "properties": {
        "FarmCommitteeCd": "3220321",
        "FarmCommitteeName": "出雲市農業委員会",
        "TodofukenCode": "32",
        "ShikuchosonCode": "322032",
        "OazaCode": "73300",
        "ClassificationOfLandCodeName": "畑",
        "ClassificationOfLand": "2",
        "AreaOnRegistry": "99",
        "SectionOfNoushinhouCodeName": "設定なし",
        "SectionOfNoushinhou": "0",
        "SectionOfToshikeikakuhouCodeName": "設定なし",
        "SectionOfToshikeikakuhou": "0",
        "OwnerFarmIntentionCodeName": "非公表",
        "OwnerFarmIntention": "999",
        "FarmerIndicationNumberHash": "2ed30f27b0575367912385851ed5405d",
        "KindOfRightCodeName": "賃借権等の設定がない",
        "KindOfRight": "0",
        "CommencementDate": "",
        "EndStagesDate": "",
        "RightSettingContentsCodeName": "農地中間管理権が設定されていない",
        "RightSettingContents": "0",
        "UsageSituationInvestigationDate": "20250828",
        "UsageSituationInvestigationResultCodeName": "遊休農地（低利用）",
        "UsageSituationInvestigationResult": "2",
        "UseIntentionInvestigationDate": "20231201",
        "OwnerStatementIntentSurveyResultsCodeName": "自ら耕作を再開",
        "OwnerStatementIntentSurveyResults": "1",
        "UseIntentionAscertainmentResultCodeName": "調査中",
        "UseIntentionAscertainmentResult": "2",
        "PublicNoticeDate": "",
        "RightOfMiddleManagement": "",
        "RecommendationContenDate": "",
        "ActionOrderDate": "",
        "MayorPublicAnnouncementDate": "",
        "Address": "島根県出雲市大社町杵築西2759-1",
        "Tiban": "2759-1",
        "SectionOfPolygon": "3",
        "SectionOfPolygonCodeName": "その他",
        "DaichoId": "320159457",
        "daicho_shubetsu_cd": "KNO01"
      }
    },
    {
      "type": "Feature",
      "geometry": {
        "type": "Point",
        "coordinates": [
          132.6778683421282,
          35.38980790608371
        ]
      },
      "properties": {
        "FarmCommitteeCd": "3220321",
        "FarmCommitteeName": "出雲市農業委員会",
        "TodofukenCode": "32",
        "ShikuchosonCode": "322032",
        "OazaCode": "73300",
        "ClassificationOfLandCodeName": "畑",
        "ClassificationOfLand": "2",
        "AreaOnRegistry": "59",
        "SectionOfNoushinhouCodeName": "設定なし",
        "SectionOfNoushinhou": "0",
        "SectionOfToshikeikakuhouCodeName": "設定なし",
        "SectionOfToshikeikakuhou": "0",
        "OwnerFarmIntentionCodeName": "非公表",
        "OwnerFarmIntention": "999",
        "FarmerIndicationNumberHash": "11acaae8518e6df9643c8c29b6c20e11",
        "KindOfRightCodeName": "賃借権等の設定がない",
        "KindOfRight": "0",
        "CommencementDate": "",
        "EndStagesDate": "",
        "RightSettingContentsCodeName": "農地中間管理権が設定されていない",
        "RightSettingContents": "0",
        "UsageSituationInvestigationDate": "20250828",
        "UsageSituationInvestigationResultCodeName": "遊休農地（不耕作黄）",
        "UsageSituationInvestigationResult": "7",
        "UseIntentionInvestigationDate": "20241126",
        "OwnerStatementIntentSurveyResultsCodeName": "調査中",
        "OwnerStatementIntentSurveyResults": "9",
        "UseIntentionAscertainmentResultCodeName": "調査中",
        "UseIntentionAscertainmentResult": "2",
        "PublicNoticeDate": "",
        "RightOfMiddleManagement": "",
        "RecommendationContenDate": "",
        "ActionOrderDate": "",
        "MayorPublicAnnouncementDate": "",
        "Address": "島根県出雲市大社町杵築西2761",
        "Tiban": "2761",
        "SectionOfPolygon": "3",
        "SectionOfPolygonCodeName": "その他",
        "DaichoId": "320159459",
        "daicho_shubetsu_cd": "KNO01"
      }
    },
    {
      "type": "Feature",
      "geometry": {
        "type": "Point",
        "coordinates": [
          132.67791042561032,
          35.38971535982593
        ]
      },
      "properties": {
        "FarmCommitteeCd": "3220321",
        "FarmCommitteeName": "出雲市農業委員会",
        "TodofukenCode": "32",
        "ShikuchosonCode": "322032",
        "OazaCode": "73300",
        "ClassificationOfLandCodeName": "畑",
        "ClassificationOfLand": "2",
        "AreaOnRegistry": "398",
        "SectionOfNoushinhouCodeName": "設定なし",
        "SectionOfNoushinhou": "0",
        "SectionOfToshikeikakuhouCodeName": "設定なし",
        "SectionOfToshikeikakuhou": "0",
        "OwnerFarmIntentionCodeName": "非公表",
        "OwnerFarmIntention": "999",
        "FarmerIndicationNumberHash": "99a09d2e0711bdf13789a39848b16960",
        "KindOfRightCodeName": "賃借権等の設定がない",
        "KindOfRight": "0",
        "CommencementDate": "",
        "EndStagesDate": "",
        "RightSettingContentsCodeName": "農地中間管理権が設定されていない",
        "RightSettingContents": "0",
        "UsageSituationInvestigationDate": "20250828",
        "UsageSituationInvestigationResultCodeName": "遊休農地ではない",
        "UsageSituationInvestigationResult": "3",
        "UseIntentionInvestigationDate": "",
        "OwnerStatementIntentSurveyResultsCodeName": "調査対象外",
        "OwnerStatementIntentSurveyResults": "6",
        "UseIntentionAscertainmentResultCodeName": "対象外",
        "UseIntentionAscertainmentResult": "1",
        "PublicNoticeDate": "",
        "RightOfMiddleManagement": "",
        "RecommendationContenDate": "",
        "ActionOrderDate": "",
        "MayorPublicAnnouncementDate": "",
        "Address": "島根県出雲市大社町杵築西2762-1",
        "Tiban": "2762-1",
        "SectionOfPolygon": "3",
        "SectionOfPolygonCodeName": "その他",
        "DaichoId": "320159460",
        "daicho_shubetsu_cd": "KNO01"
      }
    },
    {
      "type": "Feature",
      "geometry": {
        "type": "Point",
        "coordinates": [
          132.67813898556685,
          35.38972735103426
        ]
      },
      "properties": {
        "FarmCommitteeCd": "3220321",
        "FarmCommitteeName": "出雲市農業委員会",
        "TodofukenCode": "32",
        "ShikuchosonCode": "322032",
        "OazaCode": "73300",
        "ClassificationOfLandCodeName": "畑",
        "ClassificationOfLand": "2",
        "AreaOnRegistry": "114",
        "SectionOfNoushinhouCodeName": "設定なし",
        "SectionOfNoushinhou": "0",
        "SectionOfToshikeikakuhouCodeName": "設定なし",
        "SectionOfToshikeikakuhou": "0",
        "OwnerFarmIntentionCodeName": "非公表",
        "OwnerFarmIntention": "999",
        "FarmerIndicationNumberHash": "6b56ec99a6df687416036dd1eb73a036",
        "KindOfRightCodeName": "賃借権等の設定がない",
        "KindOfRight": "0",
        "CommencementDate": "",
        "EndStagesDate": "",
        "RightSettingContentsCodeName": "農地中間管理権が設定されていない",
        "RightSettingContents": "0",
        "UsageSituationInvestigationDate": "20250828",
        "UsageSituationInvestigationResultCodeName": "遊休農地ではない",
        "UsageSituationInvestigationResult": "3",
        "UseIntentionInvestigationDate": "",
        "OwnerStatementIntentSurveyResultsCodeName": "調査対象外",
        "OwnerStatementIntentSurveyResults": "6",
        "UseIntentionAscertainmentResultCodeName": "対象外",
        "UseIntentionAscertainmentResult": "1",
        "PublicNoticeDate": "",
        "RightOfMiddleManagement": "",
        "RecommendationContenDate": "",
        "ActionOrderDate": "",
        "MayorPublicAnnouncementDate": "",
        "Address": "島根県出雲市大社町杵築西2763-1",
        "Tiban": "2763-1",
        "SectionOfPolygon": "3",
        "SectionOfPolygonCodeName": "その他",
        "DaichoId": "320159461",
        "daicho_shubetsu_cd": "KNO01"
      }
    },
    {
      "type": "Feature",
      "geometry": {
        "type": "Point",
        "coordinates": [
          132.6781225313234,
          35.389569463909204
        ]
      },
      "properties": {
        "FarmCommitteeCd": "3220321",
        "FarmCommitteeName": "出雲市農業委員会",
        "TodofukenCode": "32",
        "ShikuchosonCode": "322032",
        "OazaCode": "73300",
        "ClassificationOfLandCodeName": "畑",
        "ClassificationOfLand": "2",
        "AreaOnRegistry": "858",
        "SectionOfNoushinhouCodeName": "設定なし",
        "SectionOfNoushinhou": "0",
        "SectionOfToshikeikakuhouCodeName": "設定なし",
        "SectionOfToshikeikakuhou": "0",
        "OwnerFarmIntentionCodeName": "非公表",
        "OwnerFarmIntention": "999",
        "FarmerIndicationNumberHash": "f606ded33b20ff9ed830cfd81a1e1a0a",
        "KindOfRightCodeName": "賃借権等の設定がない",
        "KindOfRight": "0",
        "CommencementDate": "",
        "EndStagesDate": "",
        "RightSettingContentsCodeName": "農地中間管理権が設定されていない",
        "RightSettingContents": "0",
        "UsageSituationInvestigationDate": "20250828",
        "UsageSituationInvestigationResultCodeName": "遊休農地ではない",
        "UsageSituationInvestigationResult": "3",
        "UseIntentionInvestigationDate": "",
        "OwnerStatementIntentSurveyResultsCodeName": "調査対象外",
        "OwnerStatementIntentSurveyResults": "6",
        "UseIntentionAscertainmentResultCodeName": "対象外",
        "UseIntentionAscertainmentResult": "1",
        "PublicNoticeDate": "",
        "RightOfMiddleManagement": "",
        "RecommendationContenDate": "",
        "ActionOrderDate": "",
        "MayorPublicAnnouncementDate": "",
        "Address": "島根県出雲市大社町杵築西2765",
        "Tiban": "2765",
        "SectionOfPolygon": "3",
        "SectionOfPolygonCodeName": "その他",
        "DaichoId": "320159462",
        "daicho_shubetsu_cd": "KNO01"
      }
    },
    {
      "type": "Feature",
      "geometry": {
        "type": "Point",
        "coordinates": [
          132.678105442317,
          35.38939084200475
        ]
      },
      "properties": {
        "FarmCommitteeCd": "3220321",
        "FarmCommitteeName": "出雲市農業委員会",
        "TodofukenCode": "32",
        "ShikuchosonCode": "322032",
        "OazaCode": "73300",
        "ClassificationOfLandCodeName": "畑",
        "ClassificationOfLand": "2",
        "AreaOnRegistry": "247",
        "SectionOfNoushinhouCodeName": "設定なし",
        "SectionOfNoushinhou": "0",
        "SectionOfToshikeikakuhouCodeName": "設定なし",
        "SectionOfToshikeikakuhou": "0",
        "OwnerFarmIntentionCodeName": "非公表",
        "OwnerFarmIntention": "999",
        "FarmerIndicationNumberHash": "2f84b9da6ca70a4bf2227928619201b3",
        "KindOfRightCodeName": "使用貸借権",
        "KindOfRight": "4",
        "CommencementDate": "",
        "EndStagesDate": "",
        "RightSettingContentsCodeName": "農地中間管理権が設定されていない",
        "RightSettingContents": "0",
        "UsageSituationInvestigationDate": "20250828",
        "UsageSituationInvestigationResultCodeName": "遊休農地ではない",
        "UsageSituationInvestigationResult": "3",
        "UseIntentionInvestigationDate": "",
        "OwnerStatementIntentSurveyResultsCodeName": "調査対象外",
        "OwnerStatementIntentSurveyResults": "6",
        "UseIntentionAscertainmentResultCodeName": "対象外",
        "UseIntentionAscertainmentResult": "1",
        "PublicNoticeDate": "",
        "RightOfMiddleManagement": "",
        "RecommendationContenDate": "",
        "ActionOrderDate": "",
        "MayorPublicAnnouncementDate": "",
        "Address": "島根県出雲市大社町杵築西2766-2",
        "Tiban": "2766-2",
        "SectionOfPolygon": "3",
        "SectionOfPolygonCodeName": "その他",
        "DaichoId": "320159465",
        "daicho_shubetsu_cd": "KNO01"
      }
    },
    {
      "type": "Feature",
      "geometry": {
        "type": "Point",
        "coordinates": [
          132.67777276797847,
          35.38935293545936
        ]
      },
      "properties": {
        "FarmCommitteeCd": "3220321",
        "FarmCommitteeName": "出雲市農業委員会",
        "TodofukenCode": "32",
        "ShikuchosonCode": "322032",
        "OazaCode": "73300",
        "ClassificationOfLandCodeName": "畑",
        "ClassificationOfLand": "2",
        "AreaOnRegistry": "1386",
        "SectionOfNoushinhouCodeName": "設定なし",
        "SectionOfNoushinhou": "0",
        "SectionOfToshikeikakuhouCodeName": "設定なし",
        "SectionOfToshikeikakuhou": "0",
        "OwnerFarmIntentionCodeName": "非公表",
        "OwnerFarmIntention": "999",
        "FarmerIndicationNumberHash": "c8e867822963a16c69b366b0d7c5c278",
        "KindOfRightCodeName": "賃借権等の設定がない",
        "KindOfRight": "0",
        "CommencementDate": "",
        "EndStagesDate": "",
        "RightSettingContentsCodeName": "農地中間管理権が設定されていない",
        "RightSettingContents": "0",
        "UsageSituationInvestigationDate": "20250828",
        "UsageSituationInvestigationResultCodeName": "遊休農地ではない",
        "UsageSituationInvestigationResult": "3",
        "UseIntentionInvestigationDate": "",
        "OwnerStatementIntentSurveyResultsCodeName": "調査対象外",
        "OwnerStatementIntentSurveyResults": "6",
        "UseIntentionAscertainmentResultCodeName": "対象外",
        "UseIntentionAscertainmentResult": "1",
        "PublicNoticeDate": "",
        "RightOfMiddleManagement": "",
        "RecommendationContenDate": "",
        "ActionOrderDate": "",
        "MayorPublicAnnouncementDate": "",
        "Address": "島根県出雲市大社町杵築西2767",
        "Tiban": "2767",
        "SectionOfPolygon": "3",
        "SectionOfPolygonCodeName": "その他",
        "DaichoId": "320159466",
        "daicho_shubetsu_cd": "KNO01"
      }
    },
    {
      "type": "Feature",
      "geometry": {
        "type": "Point",
        "coordinates": [
          132.67818981188486,
          35.389272535060954
        ]
      },
      "properties": {
        "FarmCommitteeCd": "3220321",
        "FarmCommitteeName": "出雲市農業委員会",
        "TodofukenCode": "32",
        "ShikuchosonCode": "322032",
        "OazaCode": "73300",
        "ClassificationOfLandCodeName": "畑",
        "ClassificationOfLand": "2",
        "AreaOnRegistry": "208",
        "SectionOfNoushinhouCodeName": "設定なし",
        "SectionOfNoushinhou": "0",
        "SectionOfToshikeikakuhouCodeName": "設定なし",
        "SectionOfToshikeikakuhou": "0",
        "OwnerFarmIntentionCodeName": "非公表",
        "OwnerFarmIntention": "999",
        "FarmerIndicationNumberHash": "0d84c8e97f9a8d1ba81da45e0a1a31b9",
        "KindOfRightCodeName": "賃借権等の設定がない",
        "KindOfRight": "0",
        "CommencementDate": "",
        "EndStagesDate": "",
        "RightSettingContentsCodeName": "農地中間管理権が設定されていない",
        "RightSettingContents": "0",
        "UsageSituationInvestigationDate": "20250828",
        "UsageSituationInvestigationResultCodeName": "遊休農地ではない",
        "UsageSituationInvestigationResult": "3",
        "UseIntentionInvestigationDate": "",
        "OwnerStatementIntentSurveyResultsCodeName": "調査対象外",
        "OwnerStatementIntentSurveyResults": "6",
        "UseIntentionAscertainmentResultCodeName": "対象外",
        "UseIntentionAscertainmentResult": "1",
        "PublicNoticeDate": "",
        "RightOfMiddleManagement": "",
        "RecommendationContenDate": "",
        "ActionOrderDate": "",
        "MayorPublicAnnouncementDate": "",
        "Address": "島根県出雲市大社町杵築西2768-3",
        "Tiban": "2768-3",
        "SectionOfPolygon": "3",
        "SectionOfPolygonCodeName": "その他",
        "DaichoId": "320159467",
        "daicho_shubetsu_cd": "KNO01"
      }
    },
    {
      "type": "Feature",
      "geometry": {
        "type": "Point",
        "coordinates": [
          132.67791283709235,
          35.3890867422434
        ]
      },
      "properties": {
        "FarmCommitteeCd": "3220321",
        "FarmCommitteeName": "出雲市農業委員会",
        "TodofukenCode": "32",
        "ShikuchosonCode": "322032",
        "OazaCode": "73300",
        "ClassificationOfLandCodeName": "畑",
        "ClassificationOfLand": "2",
        "AreaOnRegistry": "788",
        "SectionOfNoushinhouCodeName": "設定なし",
        "SectionOfNoushinhou": "0",
        "SectionOfToshikeikakuhouCodeName": "設定なし",
        "SectionOfToshikeikakuhou": "0",
        "OwnerFarmIntentionCodeName": "非公表",
        "OwnerFarmIntention": "999",
        "FarmerIndicationNumberHash": "c6e7ab4401ba378178e78caac417636a",
        "KindOfRightCodeName": "賃借権等の設定がない",
        "KindOfRight": "0",
        "CommencementDate": "",
        "EndStagesDate": "",
        "RightSettingContentsCodeName": "農地中間管理権が設定されていない",
        "RightSettingContents": "0",
        "UsageSituationInvestigationDate": "20250828",
        "UsageSituationInvestigationResultCodeName": "遊休農地ではない",
        "UsageSituationInvestigationResult": "3",
        "UseIntentionInvestigationDate": "",
        "OwnerStatementIntentSurveyResultsCodeName": "調査対象外",
        "OwnerStatementIntentSurveyResults": "6",
        "UseIntentionAscertainmentResultCodeName": "対象外",
        "UseIntentionAscertainmentResult": "1",
        "PublicNoticeDate": "",
        "RightOfMiddleManagement": "",
        "RecommendationContenDate": "",
        "ActionOrderDate": "",
        "MayorPublicAnnouncementDate": "",
        "Address": "島根県出雲市大社町杵築西2769",
        "Tiban": "2769",
        "SectionOfPolygon": "3",
        "SectionOfPolygonCodeName": "その他",
        "DaichoId": "320159468",
        "daicho_shubetsu_cd": "KNO01"
      }
    },
    {
      "type": "Feature",
      "geometry": {
        "type": "Point",
        "coordinates": [
          132.67807938043268,
          35.388971703135994
        ]
      },
      "properties": {
        "FarmCommitteeCd": "3220321",
        "FarmCommitteeName": "出雲市農業委員会",
        "TodofukenCode": "32",
        "ShikuchosonCode": "322032",
        "OazaCode": "73300",
        "ClassificationOfLandCodeName": "畑",
        "ClassificationOfLand": "2",
        "AreaOnRegistry": "661",
        "SectionOfNoushinhouCodeName": "設定なし",
        "SectionOfNoushinhou": "0",
        "SectionOfToshikeikakuhouCodeName": "設定なし",
        "SectionOfToshikeikakuhou": "0",
        "OwnerFarmIntentionCodeName": "非公表",
        "OwnerFarmIntention": "999",
        "FarmerIndicationNumberHash": "2c08dcb925857dda436d5f244a5b04f7",
        "KindOfRightCodeName": "賃借権等の設定がない",
        "KindOfRight": "0",
        "CommencementDate": "",
        "EndStagesDate": "",
        "RightSettingContentsCodeName": "農地中間管理権が設定されていない",
        "RightSettingContents": "0",
        "UsageSituationInvestigationDate": "20250828",
        "UsageSituationInvestigationResultCodeName": "遊休農地（低利用）",
        "UsageSituationInvestigationResult": "2",
        "UseIntentionInvestigationDate": "",
        "OwnerStatementIntentSurveyResultsCodeName": "調査中",
        "OwnerStatementIntentSurveyResults": "9",
        "UseIntentionAscertainmentResultCodeName": "調査中",
        "UseIntentionAscertainmentResult": "2",
        "PublicNoticeDate": "",
        "RightOfMiddleManagement": "",
        "RecommendationContenDate": "",
        "ActionOrderDate": "",
        "MayorPublicAnnouncementDate": "",
        "Address": "島根県出雲市大社町杵築西2770",
        "Tiban": "2770",
        "SectionOfPolygon": "3",
        "SectionOfPolygonCodeName": "その他",
        "DaichoId": "320159469",
        "daicho_shubetsu_cd": "KNO01"
      }
    },
    {
      "type": "Feature",
      "geometry": {
        "type": "Point",
        "coordinates": [
          132.67831076727774,
          35.389177642620595
        ]
      },
      "properties": {
        "FarmCommitteeCd": "3220321",
        "FarmCommitteeName": "出雲市農業委員会",
        "TodofukenCode": "32",
        "ShikuchosonCode": "322032",
        "OazaCode": "73300",
        "ClassificationOfLandCodeName": "畑",
        "ClassificationOfLand": "2",
        "AreaOnRegistry": "550",
        "SectionOfNoushinhouCodeName": "設定なし",
        "SectionOfNoushinhou": "0",
        "SectionOfToshikeikakuhouCodeName": "設定なし",
        "SectionOfToshikeikakuhou": "0",
        "OwnerFarmIntentionCodeName": "非公表",
        "OwnerFarmIntention": "999",
        "FarmerIndicationNumberHash": "0d84c8e97f9a8d1ba81da45e0a1a31b9",
        "KindOfRightCodeName": "賃借権等の設定がない",
        "KindOfRight": "0",
        "CommencementDate": "",
        "EndStagesDate": "",
        "RightSettingContentsCodeName": "農地中間管理権が設定されていない",
        "RightSettingContents": "0",
        "UsageSituationInvestigationDate": "20250828",
        "UsageSituationInvestigationResultCodeName": "遊休農地ではない",
        "UsageSituationInvestigationResult": "3",
        "UseIntentionInvestigationDate": "",
        "OwnerStatementIntentSurveyResultsCodeName": "調査対象外",
        "OwnerStatementIntentSurveyResults": "6",
        "UseIntentionAscertainmentResultCodeName": "対象外",
        "UseIntentionAscertainmentResult": "1",
        "PublicNoticeDate": "",
        "RightOfMiddleManagement": "",
        "RecommendationContenDate": "",
        "ActionOrderDate": "",
        "MayorPublicAnnouncementDate": "",
        "Address": "島根県出雲市大社町杵築西2771-1",
        "Tiban": "2771-1",
        "SectionOfPolygon": "3",
        "SectionOfPolygonCodeName": "その他",
        "DaichoId": "320159470",
        "daicho_shubetsu_cd": "KNO01"
      }
    },
    {
      "type": "Feature",
      "geometry": {
        "type": "Point",
        "coordinates": [
          132.6782007526338,
          35.3888020704934
        ]
      },
      "properties": {
        "FarmCommitteeCd": "3220321",
        "FarmCommitteeName": "出雲市農業委員会",
        "TodofukenCode": "32",
        "ShikuchosonCode": "322032",
        "OazaCode": "73300",
        "ClassificationOfLandCodeName": "畑",
        "ClassificationOfLand": "2",
        "AreaOnRegistry": "398",
        "SectionOfNoushinhouCodeName": "設定なし",
        "SectionOfNoushinhou": "0",
        "SectionOfToshikeikakuhouCodeName": "設定なし",
        "SectionOfToshikeikakuhou": "0",
        "OwnerFarmIntentionCodeName": "非公表",
        "OwnerFarmIntention": "999",
        "FarmerIndicationNumberHash": "649fa488627bd7ff0121ba58f8a1e126",
        "KindOfRightCodeName": "賃借権等の設定がない",
        "KindOfRight": "0",
        "CommencementDate": "",
        "EndStagesDate": "",
        "RightSettingContentsCodeName": "農地中間管理権が設定されていない",
        "RightSettingContents": "0",
        "UsageSituationInvestigationDate": "20250828",
        "UsageSituationInvestigationResultCodeName": "遊休農地ではない",
        "UsageSituationInvestigationResult": "3",
        "UseIntentionInvestigationDate": "",
        "OwnerStatementIntentSurveyResultsCodeName": "調査対象外",
        "OwnerStatementIntentSurveyResults": "6",
        "UseIntentionAscertainmentResultCodeName": "対象外",
        "UseIntentionAscertainmentResult": "1",
        "PublicNoticeDate": "",
        "RightOfMiddleManagement": "",
        "RecommendationContenDate": "",
        "ActionOrderDate": "",
        "MayorPublicAnnouncementDate": "",
        "Address": "島根県出雲市大社町杵築西2773",
        "Tiban": "2773",
        "SectionOfPolygon": "3",
        "SectionOfPolygonCodeName": "その他",
        "DaichoId": "320159474",
        "daicho_shubetsu_cd": "KNO01"
      }
    },
    {
      "type": "Feature",
      "geometry": {
        "type": "Point",
        "coordinates": [
          132.6785406671352,
          35.38882348061453
        ]
      },
      "properties": {
        "FarmCommitteeCd": "3220321",
        "FarmCommitteeName": "出雲市農業委員会",
        "TodofukenCode": "32",
        "ShikuchosonCode": "322032",
        "OazaCode": "73300",
        "ClassificationOfLandCodeName": "畑",
        "ClassificationOfLand": "2",
        "AreaOnRegistry": "527",
        "SectionOfNoushinhouCodeName": "設定なし",
        "SectionOfNoushinhou": "0",
        "SectionOfToshikeikakuhouCodeName": "設定なし",
        "SectionOfToshikeikakuhou": "0",
        "OwnerFarmIntentionCodeName": "非公表",
        "OwnerFarmIntention": "999",
        "FarmerIndicationNumberHash": "2dce0b15b6724139fd5f487768784a54",
        "KindOfRightCodeName": "賃借権等の設定がない",
        "KindOfRight": "0",
        "CommencementDate": "",
        "EndStagesDate": "",
        "RightSettingContentsCodeName": "農地中間管理権が設定されていない",
        "RightSettingContents": "0",
        "UsageSituationInvestigationDate": "20250828",
        "UsageSituationInvestigationResultCodeName": "遊休農地（不耕作緑）",
        "UsageSituationInvestigationResult": "6",
        "UseIntentionInvestigationDate": "20241126",
        "OwnerStatementIntentSurveyResultsCodeName": "農地中間管理事業の利用",
        "OwnerStatementIntentSurveyResults": "2",
        "UseIntentionAscertainmentResultCodeName": "調査中",
        "UseIntentionAscertainmentResult": "2",
        "PublicNoticeDate": "",
        "RightOfMiddleManagement": "",
        "RecommendationContenDate": "",
        "ActionOrderDate": "",
        "MayorPublicAnnouncementDate": "",
        "Address": "島根県出雲市大社町杵築西2775",
        "Tiban": "2775",
        "SectionOfPolygon": "3",
        "SectionOfPolygonCodeName": "その他",
        "DaichoId": "320159475",
        "daicho_shubetsu_cd": "KNO01"
      }
    },
    {
      "type": "Feature",
      "geometry": {
        "type": "Point",
        "coordinates": [
          132.6782631964332,
          35.38870147205174
        ]
      },
      "properties": {
        "FarmCommitteeCd": "3220321",
        "FarmCommitteeName": "出雲市農業委員会",
        "TodofukenCode": "32",
        "ShikuchosonCode": "322032",
        "OazaCode": "73300",
        "ClassificationOfLandCodeName": "畑",
        "ClassificationOfLand": "2",
        "AreaOnRegistry": "160",
        "SectionOfNoushinhouCodeName": "設定なし",
        "SectionOfNoushinhou": "0",
        "SectionOfToshikeikakuhouCodeName": "設定なし",
        "SectionOfToshikeikakuhou": "0",
        "OwnerFarmIntentionCodeName": "非公表",
        "OwnerFarmIntention": "999",
        "FarmerIndicationNumberHash": "c6e7ab4401ba378178e78caac417636a",
        "KindOfRightCodeName": "賃借権等の設定がない",
        "KindOfRight": "0",
        "CommencementDate": "",
        "EndStagesDate": "",
        "RightSettingContentsCodeName": "農地中間管理権が設定されていない",
        "RightSettingContents": "0",
        "UsageSituationInvestigationDate": "20250828",
        "UsageSituationInvestigationResultCodeName": "遊休農地ではない",
        "UsageSituationInvestigationResult": "3",
        "UseIntentionInvestigationDate": "",
        "OwnerStatementIntentSurveyResultsCodeName": "調査対象外",
        "OwnerStatementIntentSurveyResults": "6",
        "UseIntentionAscertainmentResultCodeName": "対象外",
        "UseIntentionAscertainmentResult": "1",
        "PublicNoticeDate": "",
        "RightOfMiddleManagement": "",
        "RecommendationContenDate": "",
        "ActionOrderDate": "",
        "MayorPublicAnnouncementDate": "",
        "Address": "島根県出雲市大社町杵築西2776",
        "Tiban": "2776",
        "SectionOfPolygon": "3",
        "SectionOfPolygonCodeName": "その他",
        "DaichoId": "320159476",
        "daicho_shubetsu_cd": "KNO01"
      }
    },
    {
      "type": "Feature",
      "geometry": {
        "type": "Point",
        "coordinates": [
          132.67854742130896,
          35.38870343481599
        ]
      },
      "properties": {
        "FarmCommitteeCd": "3220321",
        "FarmCommitteeName": "出雲市農業委員会",
        "TodofukenCode": "32",
        "ShikuchosonCode": "322032",
        "OazaCode": "73300",
        "ClassificationOfLandCodeName": "畑",
        "ClassificationOfLand": "2",
        "AreaOnRegistry": "357",
        "SectionOfNoushinhouCodeName": "設定なし",
        "SectionOfNoushinhou": "0",
        "SectionOfToshikeikakuhouCodeName": "設定なし",
        "SectionOfToshikeikakuhou": "0",
        "OwnerFarmIntentionCodeName": "非公表",
        "OwnerFarmIntention": "999",
        "FarmerIndicationNumberHash": "51e8298cd1283c1e2303e0075bb4015e",
        "KindOfRightCodeName": "賃借権等の設定がない",
        "KindOfRight": "0",
        "CommencementDate": "",
        "EndStagesDate": "",
        "RightSettingContentsCodeName": "農地中間管理権が設定されていない",
        "RightSettingContents": "0",
        "UsageSituationInvestigationDate": "20250828",
        "UsageSituationInvestigationResultCodeName": "遊休農地（低利用）",
        "UsageSituationInvestigationResult": "2",
        "UseIntentionInvestigationDate": "20231201",
        "OwnerStatementIntentSurveyResultsCodeName": "その他（農業上の利用以外等）",
        "OwnerStatementIntentSurveyResults": "5",
        "UseIntentionAscertainmentResultCodeName": "調査中",
        "UseIntentionAscertainmentResult": "2",
        "PublicNoticeDate": "",
        "RightOfMiddleManagement": "",
        "RecommendationContenDate": "",
        "ActionOrderDate": "",
        "MayorPublicAnnouncementDate": "",
        "Address": "島根県出雲市大社町杵築西2778-1",
        "Tiban": "2778-1",
        "SectionOfPolygon": "3",
        "SectionOfPolygonCodeName": "その他",
        "DaichoId": "320159478",
        "daicho_shubetsu_cd": "KNO01"
      }
    },
    {
      "type": "Feature",
      "geometry": {
        "type": "Point",
        "coordinates": [
          132.6783786950373,
          35.38870321847868
        ]
      },
      "properties": {
        "FarmCommitteeCd": "3220321",
        "FarmCommitteeName": "出雲市農業委員会",
        "TodofukenCode": "32",
        "ShikuchosonCode": "322032",
        "OazaCode": "73300",
        "ClassificationOfLandCodeName": "畑",
        "ClassificationOfLand": "2",
        "AreaOnRegistry": "2.42",
        "SectionOfNoushinhouCodeName": "設定なし",
        "SectionOfNoushinhou": "0",
        "SectionOfToshikeikakuhouCodeName": "設定なし",
        "SectionOfToshikeikakuhou": "0",
        "OwnerFarmIntentionCodeName": "非公表",
        "OwnerFarmIntention": "999",
        "FarmerIndicationNumberHash": "e8a0f057765a5739368c032d8ba3f69e",
        "KindOfRightCodeName": "賃借権等の設定がない",
        "KindOfRight": "0",
        "CommencementDate": "",
        "EndStagesDate": "",
        "RightSettingContentsCodeName": "農地中間管理権が設定されていない",
        "RightSettingContents": "0",
        "UsageSituationInvestigationDate": "20250828",
        "UsageSituationInvestigationResultCodeName": "遊休農地ではない",
        "UsageSituationInvestigationResult": "3",
        "UseIntentionInvestigationDate": "",
        "OwnerStatementIntentSurveyResultsCodeName": "調査対象外",
        "OwnerStatementIntentSurveyResults": "6",
        "UseIntentionAscertainmentResultCodeName": "対象外",
        "UseIntentionAscertainmentResult": "1",
        "PublicNoticeDate": "",
        "RightOfMiddleManagement": "",
        "RecommendationContenDate": "",
        "ActionOrderDate": "",
        "MayorPublicAnnouncementDate": "",
        "Address": "島根県出雲市大社町杵築西2778-3",
        "Tiban": "2778-3",
        "SectionOfPolygon": "3",
        "SectionOfPolygonCodeName": "その他",
        "DaichoId": "320159479",
        "daicho_shubetsu_cd": "KNO01"
      }
    },
    {
      "type": "Feature",
      "geometry": {
        "type": "Point",
        "coordinates": [
          132.67869531096846,
          35.38866030634416
        ]
      },
      "properties": {
        "FarmCommitteeCd": "3220321",
        "FarmCommitteeName": "出雲市農業委員会",
        "TodofukenCode": "32",
        "ShikuchosonCode": "322032",
        "OazaCode": "73300",
        "ClassificationOfLandCodeName": "畑",
        "ClassificationOfLand": "2",
        "AreaOnRegistry": "608",
        "SectionOfNoushinhouCodeName": "設定なし",
        "SectionOfNoushinhou": "0",
        "SectionOfToshikeikakuhouCodeName": "設定なし",
        "SectionOfToshikeikakuhou": "0",
        "OwnerFarmIntentionCodeName": "非公表",
        "OwnerFarmIntention": "999",
        "FarmerIndicationNumberHash": "62711b8c6f974ace8ed58267aed4a5c9",
        "KindOfRightCodeName": "賃借権等の設定がない",
        "KindOfRight": "0",
        "CommencementDate": "",
        "EndStagesDate": "",
        "RightSettingContentsCodeName": "農地中間管理権が設定されていない",
        "RightSettingContents": "0",
        "UsageSituationInvestigationDate": "20250828",
        "UsageSituationInvestigationResultCodeName": "遊休農地（低利用）",
        "UsageSituationInvestigationResult": "2",
        "UseIntentionInvestigationDate": "",
        "OwnerStatementIntentSurveyResultsCodeName": "調査中",
        "OwnerStatementIntentSurveyResults": "9",
        "UseIntentionAscertainmentResultCodeName": "調査中",
        "UseIntentionAscertainmentResult": "2",
        "PublicNoticeDate": "",
        "RightOfMiddleManagement": "",
        "RecommendationContenDate": "",
        "ActionOrderDate": "",
        "MayorPublicAnnouncementDate": "",
        "Address": "島根県出雲市大社町杵築西2780-1",
        "Tiban": "2780-1",
        "SectionOfPolygon": "3",
        "SectionOfPolygonCodeName": "その他",
        "DaichoId": "320159480",
        "daicho_shubetsu_cd": "KNO01"
      }
    },
    {
      "type": "Feature",
      "geometry": {
        "type": "Point",
        "coordinates": [
          132.6787469844686,
          35.38846056093246
        ]
      },
      "properties": {
        "FarmCommitteeCd": "3220321",
        "FarmCommitteeName": "出雲市農業委員会",
        "TodofukenCode": "32",
        "ShikuchosonCode": "322032",
        "OazaCode": "73300",
        "ClassificationOfLandCodeName": "畑",
        "ClassificationOfLand": "2",
        "AreaOnRegistry": "323",
        "SectionOfNoushinhouCodeName": "設定なし",
        "SectionOfNoushinhou": "0",
        "SectionOfToshikeikakuhouCodeName": "設定なし",
        "SectionOfToshikeikakuhou": "0",
        "OwnerFarmIntentionCodeName": "非公表",
        "OwnerFarmIntention": "999",
        "FarmerIndicationNumberHash": "a95b81091086791decd560a7fa63be14",
        "KindOfRightCodeName": "賃借権等の設定がない",
        "KindOfRight": "0",
        "CommencementDate": "",
        "EndStagesDate": "",
        "RightSettingContentsCodeName": "農地中間管理権が設定されていない",
        "RightSettingContents": "0",
        "UsageSituationInvestigationDate": "20250828",
        "UsageSituationInvestigationResultCodeName": "遊休農地ではない",
        "UsageSituationInvestigationResult": "3",
        "UseIntentionInvestigationDate": "",
        "OwnerStatementIntentSurveyResultsCodeName": "調査対象外",
        "OwnerStatementIntentSurveyResults": "6",
        "UseIntentionAscertainmentResultCodeName": "対象外",
        "UseIntentionAscertainmentResult": "1",
        "PublicNoticeDate": "",
        "RightOfMiddleManagement": "",
        "RecommendationContenDate": "",
        "ActionOrderDate": "",
        "MayorPublicAnnouncementDate": "",
        "Address": "島根県出雲市大社町杵築西2783-1",
        "Tiban": "2783-1",
        "SectionOfPolygon": "3",
        "SectionOfPolygonCodeName": "その他",
        "DaichoId": "320159482",
        "daicho_shubetsu_cd": "KNO01"
      }
    },
    {
      "type": "Feature",
      "geometry": {
        "type": "Point",
        "coordinates": [
          132.67898528214727,
          35.38842747775774
        ]
      },
      "properties": {
        "FarmCommitteeCd": "3220321",
        "FarmCommitteeName": "出雲市農業委員会",
        "TodofukenCode": "32",
        "ShikuchosonCode": "322032",
        "OazaCode": "73300",
        "ClassificationOfLandCodeName": "畑",
        "ClassificationOfLand": "2",
        "AreaOnRegistry": "164",
        "SectionOfNoushinhouCodeName": "設定なし",
        "SectionOfNoushinhou": "0",
        "SectionOfToshikeikakuhouCodeName": "設定なし",
        "SectionOfToshikeikakuhou": "0",
        "OwnerFarmIntentionCodeName": "非公表",
        "OwnerFarmIntention": "999",
        "FarmerIndicationNumberHash": "62711b8c6f974ace8ed58267aed4a5c9",
        "KindOfRightCodeName": "賃借権等の設定がない",
        "KindOfRight": "0",
        "CommencementDate": "",
        "EndStagesDate": "",
        "RightSettingContentsCodeName": "農地中間管理権が設定されていない",
        "RightSettingContents": "0",
        "UsageSituationInvestigationDate": "20250828",
        "UsageSituationInvestigationResultCodeName": "遊休農地ではない",
        "UsageSituationInvestigationResult": "3",
        "UseIntentionInvestigationDate": "",
        "OwnerStatementIntentSurveyResultsCodeName": "調査対象外",
        "OwnerStatementIntentSurveyResults": "6",
        "UseIntentionAscertainmentResultCodeName": "対象外",
        "UseIntentionAscertainmentResult": "1",
        "PublicNoticeDate": "",
        "RightOfMiddleManagement": "",
        "RecommendationContenDate": "",
        "ActionOrderDate": "",
        "MayorPublicAnnouncementDate": "",
        "Address": "島根県出雲市大社町杵築西2786-1",
        "Tiban": "2786-1",
        "SectionOfPolygon": "3",
        "SectionOfPolygonCodeName": "その他",
        "DaichoId": "320159483",
        "daicho_shubetsu_cd": "KNO01"
      }
    },
    {
      "type": "Feature",
      "geometry": {
        "type": "Point",
        "coordinates": [
          132.67900525947496,
          35.388393535347696
        ]
      },
      "properties": {
        "FarmCommitteeCd": "3220321",
        "FarmCommitteeName": "出雲市農業委員会",
        "TodofukenCode": "32",
        "ShikuchosonCode": "322032",
        "OazaCode": "73300",
        "ClassificationOfLandCodeName": "畑",
        "ClassificationOfLand": "2",
        "AreaOnRegistry": "173",
        "SectionOfNoushinhouCodeName": "設定なし",
        "SectionOfNoushinhou": "0",
        "SectionOfToshikeikakuhouCodeName": "設定なし",
        "SectionOfToshikeikakuhou": "0",
        "OwnerFarmIntentionCodeName": "非公表",
        "OwnerFarmIntention": "999",
        "FarmerIndicationNumberHash": "2ed30f27b0575367912385851ed5405d",
        "KindOfRightCodeName": "賃借権等の設定がない",
        "KindOfRight": "0",
        "CommencementDate": "",
        "EndStagesDate": "",
        "RightSettingContentsCodeName": "農地中間管理権が設定されていない",
        "RightSettingContents": "0",
        "UsageSituationInvestigationDate": "20250828",
        "UsageSituationInvestigationResultCodeName": "遊休農地ではない",
        "UsageSituationInvestigationResult": "3",
        "UseIntentionInvestigationDate": "",
        "OwnerStatementIntentSurveyResultsCodeName": "調査対象外",
        "OwnerStatementIntentSurveyResults": "6",
        "UseIntentionAscertainmentResultCodeName": "対象外",
        "UseIntentionAscertainmentResult": "1",
        "PublicNoticeDate": "",
        "RightOfMiddleManagement": "",
        "RecommendationContenDate": "",
        "ActionOrderDate": "",
        "MayorPublicAnnouncementDate": "",
        "Address": "島根県出雲市大社町杵築西2787-1",
        "Tiban": "2787-1",
        "SectionOfPolygon": "3",
        "SectionOfPolygonCodeName": "その他",
        "DaichoId": "320159484",
        "daicho_shubetsu_cd": "KNO01"
      }
    },
    {
      "type": "Feature",
      "geometry": {
        "type": "Point",
        "coordinates": [
          132.67902347171832,
          35.388362951745684
        ]
      },
      "properties": {
        "FarmCommitteeCd": "3220321",
        "FarmCommitteeName": "出雲市農業委員会",
        "TodofukenCode": "32",
        "ShikuchosonCode": "322032",
        "OazaCode": "73300",
        "ClassificationOfLandCodeName": "畑",
        "ClassificationOfLand": "2",
        "AreaOnRegistry": "130",
        "SectionOfNoushinhouCodeName": "設定なし",
        "SectionOfNoushinhou": "0",
        "SectionOfToshikeikakuhouCodeName": "設定なし",
        "SectionOfToshikeikakuhou": "0",
        "OwnerFarmIntentionCodeName": "非公表",
        "OwnerFarmIntention": "999",
        "FarmerIndicationNumberHash": "18e4ef36c3024cb64bca6cd38c1ac355",
        "KindOfRightCodeName": "賃借権等の設定がない",
        "KindOfRight": "0",
        "CommencementDate": "",
        "EndStagesDate": "",
        "RightSettingContentsCodeName": "農地中間管理権が設定されていない",
        "RightSettingContents": "0",
        "UsageSituationInvestigationDate": "20250828",
        "UsageSituationInvestigationResultCodeName": "遊休農地（低利用）",
        "UsageSituationInvestigationResult": "2",
        "UseIntentionInvestigationDate": "",
        "OwnerStatementIntentSurveyResultsCodeName": "調査中",
        "OwnerStatementIntentSurveyResults": "9",
        "UseIntentionAscertainmentResultCodeName": "調査中",
        "UseIntentionAscertainmentResult": "2",
        "PublicNoticeDate": "",
        "RightOfMiddleManagement": "",
        "RecommendationContenDate": "",
        "ActionOrderDate": "",
        "MayorPublicAnnouncementDate": "",
        "Address": "島根県出雲市大社町杵築西2788-1",
        "Tiban": "2788-1",
        "SectionOfPolygon": "3",
        "SectionOfPolygonCodeName": "その他",
        "DaichoId": "320159485",
        "daicho_shubetsu_cd": "KNO01"
      }
    },
    {
      "type": "Feature",
      "geometry": {
        "type": "Point",
        "coordinates": [
          132.6789924167251,
          35.38824896762654
        ]
      },
      "properties": {
        "FarmCommitteeCd": "3220321",
        "FarmCommitteeName": "出雲市農業委員会",
        "TodofukenCode": "32",
        "ShikuchosonCode": "322032",
        "OazaCode": "73300",
        "ClassificationOfLandCodeName": "畑",
        "ClassificationOfLand": "2",
        "AreaOnRegistry": "318",
        "SectionOfNoushinhouCodeName": "設定なし",
        "SectionOfNoushinhou": "0",
        "SectionOfToshikeikakuhouCodeName": "設定なし",
        "SectionOfToshikeikakuhou": "0",
        "OwnerFarmIntentionCodeName": "非公表",
        "OwnerFarmIntention": "999",
        "FarmerIndicationNumberHash": "e419d4aba6ae9325b7bf1761303df7b5",
        "KindOfRightCodeName": "賃借権等の設定がない",
        "KindOfRight": "0",
        "CommencementDate": "",
        "EndStagesDate": "",
        "RightSettingContentsCodeName": "農地中間管理権が設定されていない",
        "RightSettingContents": "0",
        "UsageSituationInvestigationDate": "20250828",
        "UsageSituationInvestigationResultCodeName": "遊休農地ではない",
        "UsageSituationInvestigationResult": "3",
        "UseIntentionInvestigationDate": "",
        "OwnerStatementIntentSurveyResultsCodeName": "調査対象外",
        "OwnerStatementIntentSurveyResults": "6",
        "UseIntentionAscertainmentResultCodeName": "対象外",
        "UseIntentionAscertainmentResult": "1",
        "PublicNoticeDate": "",
        "RightOfMiddleManagement": "",
        "RecommendationContenDate": "",
        "ActionOrderDate": "",
        "MayorPublicAnnouncementDate": "",
        "Address": "島根県出雲市大社町杵築西2789-1",
        "Tiban": "2789-1",
        "SectionOfPolygon": "3",
        "SectionOfPolygonCodeName": "その他",
        "DaichoId": "320159486",
        "daicho_shubetsu_cd": "KNO01"
      }
    },
    {
      "type": "Feature",
      "geometry": {
        "type": "Point",
        "coordinates": [
          132.68225272610857,
          35.38903503439928
        ]
      },
      "properties": {
        "FarmCommitteeCd": "3220321",
        "FarmCommitteeName": "出雲市農業委員会",
        "TodofukenCode": "32",
        "ShikuchosonCode": "322032",
        "OazaCode": "73300",
        "ClassificationOfLandCodeName": "畑",
        "ClassificationOfLand": "2",
        "AreaOnRegistry": "21",
        "SectionOfNoushinhouCodeName": "設定なし",
        "SectionOfNoushinhou": "0",
        "SectionOfToshikeikakuhouCodeName": "設定なし",
        "SectionOfToshikeikakuhou": "0",
        "OwnerFarmIntentionCodeName": "非公表",
        "OwnerFarmIntention": "999",
        "FarmerIndicationNumberHash": "5a7512712aa4e337ccef0db0dc1ee0b2",
        "KindOfRightCodeName": "賃借権等の設定がない",
        "KindOfRight": "0",
        "CommencementDate": "",
        "EndStagesDate": "",
        "RightSettingContentsCodeName": "農地中間管理権が設定されていない",
        "RightSettingContents": "0",
        "UsageSituationInvestigationDate": "20250828",
        "UsageSituationInvestigationResultCodeName": "遊休農地ではない",
        "UsageSituationInvestigationResult": "3",
        "UseIntentionInvestigationDate": "",
        "OwnerStatementIntentSurveyResultsCodeName": "調査対象外",
        "OwnerStatementIntentSurveyResults": "6",
        "UseIntentionAscertainmentResultCodeName": "対象外",
        "UseIntentionAscertainmentResult": "1",
        "PublicNoticeDate": "",
        "RightOfMiddleManagement": "",
        "RecommendationContenDate": "",
        "ActionOrderDate": "",
        "MayorPublicAnnouncementDate": "",
        "Address": "島根県出雲市大社町杵築西2815-3",
        "Tiban": "2815-3",
        "SectionOfPolygon": "3",
        "SectionOfPolygonCodeName": "その他",
        "DaichoId": "320159487",
        "daicho_shubetsu_cd": "KNO01"
      }
    },
    {
      "type": "Feature",
      "geometry": {
        "type": "Point",
        "coordinates": [
          132.67817590867162,
          35.390561532172164
        ]
      },
      "properties": {
        "FarmCommitteeCd": "3220321",
        "FarmCommitteeName": "出雲市農業委員会",
        "TodofukenCode": "32",
        "ShikuchosonCode": "322032",
        "OazaCode": "73300",
        "ClassificationOfLandCodeName": "畑",
        "ClassificationOfLand": "2",
        "AreaOnRegistry": "209.48",
        "SectionOfNoushinhouCodeName": "設定なし",
        "SectionOfNoushinhou": "0",
        "SectionOfToshikeikakuhouCodeName": "設定なし",
        "SectionOfToshikeikakuhou": "0",
        "OwnerFarmIntentionCodeName": "非公表",
        "OwnerFarmIntention": "999",
        "FarmerIndicationNumberHash": "dbdf74d14f0615ec6549d3708b351aca",
        "KindOfRightCodeName": "賃借権等の設定がない",
        "KindOfRight": "0",
        "CommencementDate": "",
        "EndStagesDate": "",
        "RightSettingContentsCodeName": "農地中間管理権が設定されていない",
        "RightSettingContents": "0",
        "UsageSituationInvestigationDate": "20250828",
        "UsageSituationInvestigationResultCodeName": "遊休農地ではない",
        "UsageSituationInvestigationResult": "3",
        "UseIntentionInvestigationDate": "",
        "OwnerStatementIntentSurveyResultsCodeName": "調査対象外",
        "OwnerStatementIntentSurveyResults": "6",
        "UseIntentionAscertainmentResultCodeName": "対象外",
        "UseIntentionAscertainmentResult": "1",
        "PublicNoticeDate": "",
        "RightOfMiddleManagement": "",
        "RecommendationContenDate": "",
        "ActionOrderDate": "",
        "MayorPublicAnnouncementDate": "",
        "Address": "島根県出雲市大社町杵築西1773-1",
        "Tiban": "1773-1",
        "SectionOfPolygon": "3",
        "SectionOfPolygonCodeName": "その他",
        "DaichoId": "321261952",
        "daicho_shubetsu_cd": "KNO01"
      }
    },
    {
      "type": "Feature",
      "geometry": {
        "type": "Point",
        "coordinates": [
          132.67989015180538,
          35.39231288107941
        ]
      },
      "properties": {
        "FarmCommitteeCd": "3220321",
        "FarmCommitteeName": "出雲市農業委員会",
        "TodofukenCode": "32",
        "ShikuchosonCode": "322032",
        "OazaCode": "73300",
        "ClassificationOfLandCodeName": "畑",
        "ClassificationOfLand": "2",
        "AreaOnRegistry": "242",
        "SectionOfNoushinhouCodeName": "設定なし",
        "SectionOfNoushinhou": "0",
        "SectionOfToshikeikakuhouCodeName": "設定なし",
        "SectionOfToshikeikakuhou": "0",
        "OwnerFarmIntentionCodeName": "非公表",
        "OwnerFarmIntention": "999",
        "FarmerIndicationNumberHash": "ab15527fc4515f3b98329adcee5be0e9",
        "KindOfRightCodeName": "賃借権等の設定がない",
        "KindOfRight": "0",
        "CommencementDate": "",
        "EndStagesDate": "",
        "RightSettingContentsCodeName": "農地中間管理権が設定されていない",
        "RightSettingContents": "0",
        "UsageSituationInvestigationDate": "20240903",
        "UsageSituationInvestigationResultCodeName": "遊休農地ではない",
        "UsageSituationInvestigationResult": "3",
        "UseIntentionInvestigationDate": "",
        "OwnerStatementIntentSurveyResultsCodeName": "調査対象外",
        "OwnerStatementIntentSurveyResults": "6",
        "UseIntentionAscertainmentResultCodeName": "対象外",
        "UseIntentionAscertainmentResult": "1",
        "PublicNoticeDate": "",
        "RightOfMiddleManagement": "",
        "RecommendationContenDate": "",
        "ActionOrderDate": "",
        "MayorPublicAnnouncementDate": "",
        "Address": "島根県出雲市大社町杵築西1901-3",
        "Tiban": "1901-3",
        "SectionOfPolygon": "3",
        "SectionOfPolygonCodeName": "その他",
        "DaichoId": "321268888",
        "daicho_shubetsu_cd": "KNO01"
      }
    },
    {
      "type": "Feature",
      "geometry": {
        "type": "Point",
        "coordinates": [
          132.68000419385243,
          35.39226998288823
        ]
      },
      "properties": {
        "FarmCommitteeCd": "3220321",
        "FarmCommitteeName": "出雲市農業委員会",
        "TodofukenCode": "32",
        "ShikuchosonCode": "322032",
        "OazaCode": "73300",
        "ClassificationOfLandCodeName": "畑",
        "ClassificationOfLand": "2",
        "AreaOnRegistry": "100",
        "SectionOfNoushinhouCodeName": "設定なし",
        "SectionOfNoushinhou": "0",
        "SectionOfToshikeikakuhouCodeName": "設定なし",
        "SectionOfToshikeikakuhou": "0",
        "OwnerFarmIntentionCodeName": "非公表",
        "OwnerFarmIntention": "999",
        "FarmerIndicationNumberHash": "ab15527fc4515f3b98329adcee5be0e9",
        "KindOfRightCodeName": "賃借権等の設定がない",
        "KindOfRight": "0",
        "CommencementDate": "",
        "EndStagesDate": "",
        "RightSettingContentsCodeName": "農地中間管理権が設定されていない",
        "RightSettingContents": "0",
        "UsageSituationInvestigationDate": "20240903",
        "UsageSituationInvestigationResultCodeName": "遊休農地ではない",
        "UsageSituationInvestigationResult": "3",
        "UseIntentionInvestigationDate": "",
        "OwnerStatementIntentSurveyResultsCodeName": "調査対象外",
        "OwnerStatementIntentSurveyResults": "6",
        "UseIntentionAscertainmentResultCodeName": "対象外",
        "UseIntentionAscertainmentResult": "1",
        "PublicNoticeDate": "",
        "RightOfMiddleManagement": "",
        "RecommendationContenDate": "",
        "ActionOrderDate": "",
        "MayorPublicAnnouncementDate": "",
        "Address": "島根県出雲市大社町杵築西1899-8",
        "Tiban": "1899-8",
        "SectionOfPolygon": "3",
        "SectionOfPolygonCodeName": "その他",
        "DaichoId": "321268995",
        "daicho_shubetsu_cd": "KNO01"
      }
    },
    {
      "type": "Feature",
      "geometry": {
        "type": "Point",
        "coordinates": [
          132.67844722564345,
          35.390297400641685
        ]
      },
      "properties": {
        "FarmCommitteeCd": "3220321",
        "FarmCommitteeName": "出雲市農業委員会",
        "TodofukenCode": "32",
        "ShikuchosonCode": "322032",
        "OazaCode": "73300",
        "ClassificationOfLandCodeName": "畑",
        "ClassificationOfLand": "2",
        "AreaOnRegistry": "221",
        "SectionOfNoushinhouCodeName": "設定なし",
        "SectionOfNoushinhou": "0",
        "SectionOfToshikeikakuhouCodeName": "都市計画区域外",
        "SectionOfToshikeikakuhou": "4",
        "OwnerFarmIntentionCodeName": "非公表",
        "OwnerFarmIntention": "999",
        "FarmerIndicationNumberHash": "1220120b26331d03b15b753b6deea8da",
        "KindOfRightCodeName": "賃借権等の設定がない",
        "KindOfRight": "0",
        "CommencementDate": "",
        "EndStagesDate": "",
        "RightSettingContentsCodeName": "農地中間管理権が設定されていない",
        "RightSettingContents": "0",
        "UsageSituationInvestigationDate": "20250828",
        "UsageSituationInvestigationResultCodeName": "遊休農地ではない",
        "UsageSituationInvestigationResult": "3",
        "UseIntentionInvestigationDate": "",
        "OwnerStatementIntentSurveyResultsCodeName": "調査対象外",
        "OwnerStatementIntentSurveyResults": "6",
        "UseIntentionAscertainmentResultCodeName": "対象外",
        "UseIntentionAscertainmentResult": "1",
        "PublicNoticeDate": "",
        "RightOfMiddleManagement": "",
        "RecommendationContenDate": "",
        "ActionOrderDate": "",
        "MayorPublicAnnouncementDate": "",
        "Address": "島根県出雲市大社町杵築西1775-1",
        "Tiban": "1775-1",
        "SectionOfPolygon": "3",
        "SectionOfPolygonCodeName": "その他",
        "DaichoId": "498390722",
        "daicho_shubetsu_cd": "KNO01"
      }
    }
  ]
}