{
  "type": "FeatureCollection",
  "features": [
    {
      "type": "Feature",
      "geometry": {
        "type": "Polygon",
        "coordinates": [
          [
            [
              132.689813484,
              35.364646779
            ],
            [
              132.689913143,
              35.364657539
            ],
            [
              132.68998812,
              35.364664768
            ],
            [
              132.690069867,
              35.364649306
            ],
            [
              132.69016535,
              35.364618675
            ],
            [
              132.69026509,
              35.364533257
            ],
            [
              132.690287124,
              35.364500861
            ],
            [
              132.689826518,
              35.364479773
            ],
            [
              132.689813484,
              35.364646779
            ]
          ]
        ]
      },
      "properties": {
        "polygon_uuid": "e99a9116-805b-4921-9869-00de54873f2c",
        "daicho_shubetsu_cd": "FUD25"
      }
    },
    {
      "type": "Feature",
      "geometry": {
        "type": "Polygon",
        "coordinates": [
          [
            [
              132.690274723,
              35.361875406
            ],
            [
              132.690305255,
              35.361422023
            ],
            [
              132.689950286,
              35.36140658
            ],
            [
              132.689935827,
              35.361859847
            ],
            [
              132.689963439,
              35.361861115
            ],
            [
              132.690143208,
              35.361869368
            ],
            [
              132.690274723,
              35.361875406
            ]
          ]
        ]
      },
      "properties": {
        "polygon_uuid": "207418e1-fa1f-41d7-b1dc-01130ea97ddb",
        "daicho_shubetsu_cd": "FUD25"
      }
    },
    {
      "type": "Feature",
      "geometry": {
        "type": "Polygon",
        "coordinates": [
          [
            [
              132.689590173,
              35.362786488
            ],
            [
              132.689160609,
              35.362770691
            ],
            [
              132.689147484,
              35.362960263
            ],
            [
              132.689195227,
              35.362952645
            ],
            [
              132.689557271,
              35.362965242
            ],
            [
              132.689579101,
              35.362953817
            ],
            [
              132.689590173,
              35.362786488
            ]
          ]
        ]
      },
      "properties": {
        "polygon_uuid": "43f993da-26a8-4491-9599-018be5626168",
        "daicho_shubetsu_cd": "FUD25"
      }
    },
    {
      "type": "Feature",
      "geometry": {
        "type": "Polygon",
        "coordinates": [
          [
            [
              132.693050017,
              35.360610611
            ],
            [
              132.69302302,
              35.361059737
            ],
            [
              132.69321535,
              35.361095587
            ],
            [
              132.6932448,
              35.360620584
            ],
            [
              132.693050017,
              35.360610611
            ]
          ]
        ]
      },
      "properties": {
        "polygon_uuid": "1b5e4ada-28d8-4d66-a2fd-0205848d50f5",
        "daicho_shubetsu_cd": "FUD25"
      }
    },
    {
      "type": "Feature",
      "geometry": {
        "type": "Polygon",
        "coordinates": [
          [
            [
              132.705549468,
              35.366062491
            ],
            [
              132.705713455,
              35.366070545
            ],
            [
              132.705739425,
              35.366059134
            ],
            [
              132.705739275,
              35.366036545
            ],
            [
              132.705662954,
              35.365848639
            ],
            [
              132.705500865,
              35.365895796
            ],
            [
              132.705549468,
              35.366062491
            ]
          ]
        ]
      },
      "properties": {
        "polygon_uuid": "a280c64a-698d-4775-a26c-033b0e159b4b",
        "daicho_shubetsu_cd": "FUD25"
      }
    },
    {
      "type": "Feature",
      "geometry": {
        "type": "Polygon",
        "coordinates": [
          [
            [
              132.688941352,
              35.363632773
            ],
            [
              132.689220368,
              35.363644434
            ],
            [
              132.689152681,
              35.363454863
            ],
            [
              132.688912053,
              35.363501228
            ],
            [
              132.688941352,
              35.363632773
            ]
          ]
        ]
      },
      "properties": {
        "polygon_uuid": "270ba7b5-8be0-4876-b3f4-0346aa2e53f6",
        "daicho_shubetsu_cd": "FUD25"
      }
    },
    {
      "type": "Feature",
      "geometry": {
        "type": "Polygon",
        "coordinates": [
          [
            [
              132.696362619,
              35.365687868
            ],
            [
              132.695969999,
              35.365464643
            ],
            [
              132.695827784,
              35.365387878
            ],
            [
              132.69579496,
              35.365384797
            ],
            [
              132.695760887,
              35.365391395
            ],
            [
              132.695728182,
              35.365406586
            ],
            [
              132.695586252,
              35.365577575
            ],
            [
              132.695434568,
              35.365749386
            ],
            [
              132.69589099,
              35.366027426
            ],
            [
              132.696100314,
              35.365908284
            ],
            [
              132.696221921,
              35.365843261
            ],
            [
              132.696362619,
              35.365687868
            ]
          ]
        ]
      },
      "properties": {
        "polygon_uuid": "499460c8-59ce-4a15-8e17-048203997fd5",
        "daicho_shubetsu_cd": "FUD25"
      }
    },
    {
      "type": "Feature",
      "geometry": {
        "type": "Polygon",
        "coordinates": [
          [
            [
              132.707857563,
              35.365229194
            ],
            [
              132.707876307,
              35.365349291
            ],
            [
              132.707881871,
              35.365384946
            ],
            [
              132.707891923,
              35.365450859
            ],
            [
              132.708035733,
              35.365420096
            ],
            [
              132.70810002,
              35.365411022
            ],
            [
              132.708347618,
              35.36539451
            ],
            [
              132.70832566,
              35.365209611
            ],
            [
              132.708194535,
              35.365216389
            ],
            [
              132.707857563,
              35.365229194
            ]
          ]
        ]
      },
      "properties": {
        "polygon_uuid": "d0484f74-0cc3-4a42-85fd-06210ac2a089",
        "daicho_shubetsu_cd": "FUD25"
      }
    },
    {
      "type": "Feature",
      "geometry": {
        "type": "Polygon",
        "coordinates": [
          [
            [
              132.692450453,
              35.363525586
            ],
            [
              132.69246712,
              35.363250279
            ],
            [
              132.692038924,
              35.363234499
            ],
            [
              132.692038033,
              35.363250094
            ],
            [
              132.692032153,
              35.363483923
            ],
            [
              132.692047098,
              35.363508086
            ],
            [
              132.692450453,
              35.363525586
            ]
          ]
        ]
      },
      "properties": {
        "polygon_uuid": "816827bf-2272-41fb-85db-06f915ffd901",
        "daicho_shubetsu_cd": "FUD25"
      }
    },
    {
      "type": "Feature",
      "geometry": {
        "type": "Polygon",
        "coordinates": [
          [
            [
              132.691733406,
              35.361475941
            ],
            [
              132.691042616,
              35.361451235
            ],
            [
              132.690812104,
              35.3619007
            ],
            [
              132.691583762,
              35.36193009
            ],
            [
              132.691733406,
              35.361475941
            ]
          ]
        ]
      },
      "properties": {
        "polygon_uuid": "f46227c8-ae67-4b0b-b423-07266e92f8da",
        "daicho_shubetsu_cd": "FUD25"
      }
    },
    {
      "type": "Feature",
      "geometry": {
        "type": "Polygon",
        "coordinates": [
          [
            [
              132.703458313,
              35.366270794
            ],
            [
              132.703290482,
              35.365861917
            ],
            [
              132.703179529,
              35.3658757
            ],
            [
              132.703217718,
              35.366090132
            ],
            [
              132.703312588,
              35.366072141
            ],
            [
              132.703340838,
              35.366173668
            ],
            [
              132.703282695,
              35.366185222
            ],
            [
              132.703294583,
              35.366284733
            ],
            [
              132.703458313,
              35.366270794
            ]
          ]
        ]
      },
      "properties": {
        "polygon_uuid": "943a1676-d642-4683-8ca4-080462bc4a9a",
        "daicho_shubetsu_cd": "FUD25"
      }
    },
    {
      "type": "Feature",
      "geometry": {
        "type": "Polygon",
        "coordinates": [
          [
            [
              132.692441544,
              35.365168756
            ],
            [
              132.692457868,
              35.364892694
            ],
            [
              132.691948438,
              35.364874882
            ],
            [
              132.691947265,
              35.364889857
            ],
            [
              132.691923957,
              35.365401176
            ],
            [
              132.691928559,
              35.365426595
            ],
            [
              132.692441544,
              35.365168756
            ]
          ]
        ]
      },
      "properties": {
        "polygon_uuid": "9a66b230-ba36-4dff-88af-086af7b36c08",
        "daicho_shubetsu_cd": "FUD25"
      }
    },
    {
      "type": "Feature",
      "geometry": {
        "type": "Polygon",
        "coordinates": [
          [
            [
              132.693655459,
              35.361185336
            ],
            [
              132.6936866,
              35.360636231
            ],
            [
              132.693579984,
              35.360632428
            ],
            [
              132.693478176,
              35.360628797
            ],
            [
              132.693444603,
              35.361143082
            ],
            [
              132.693499326,
              35.361154709
            ],
            [
              132.693655459,
              35.361185336
            ]
          ]
        ]
      },
      "properties": {
        "polygon_uuid": "9b0d7a79-34bd-473e-a95f-092b62dac01e",
        "daicho_shubetsu_cd": "FUD25"
      }
    },
    {
      "type": "Feature",
      "geometry": {
        "type": "Polygon",
        "coordinates": [
          [
            [
              132.698084712,
              35.362822317
            ],
            [
              132.698033342,
              35.362720846
            ],
            [
              132.69784088,
              35.362789129
            ],
            [
              132.697742526,
              35.362826523
            ],
            [
              132.69780615,
              35.362936558
            ],
            [
              132.698064349,
              35.362839852
            ],
            [
              132.698084712,
              35.362822317
            ]
          ]
        ]
      },
      "properties": {
        "polygon_uuid": "ef7ed424-57a5-4ac6-80f2-09a6308b0f98",
        "daicho_shubetsu_cd": "FUD25"
      }
    },
    {
      "type": "Feature",
      "geometry": {
        "type": "Polygon",
        "coordinates": [
          [
            [
              132.705148626,
              35.361824278
            ],
            [
              132.705850145,
              35.361844026
            ],
            [
              132.705863459,
              35.361649566
            ],
            [
              132.705159151,
              35.361625421
            ],
            [
              132.705148626,
              35.361824278
            ]
          ]
        ]
      },
      "properties": {
        "polygon_uuid": "e8917b53-65ee-4410-bc67-09cd86814dcc",
        "daicho_shubetsu_cd": "FUD25"
      }
    },
    {
      "type": "Feature",
      "geometry": {
        "type": "Polygon",
        "coordinates": [
          [
            [
              132.703290482,
              35.365861917
            ],
            [
              132.703475597,
              35.365872536
            ],
            [
              132.703477788,
              35.365738117
            ],
            [
              132.703679511,
              35.365728363
            ],
            [
              132.703722699,
              35.365726274
            ],
            [
              132.703723153,
              35.365659306
            ],
            [
              132.703749271,
              35.365640816
            ],
            [
              132.703776079,
              35.365476236
            ],
            [
              132.703382385,
              35.36551137
            ],
            [
              132.703290482,
              35.365861917
            ]
          ]
        ]
      },
      "properties": {
        "polygon_uuid": "8b70f0d1-7d1b-4e4b-8868-0b20eaa26675",
        "daicho_shubetsu_cd": "FUD25"
      }
    },
    {
      "type": "Feature",
      "geometry": {
        "type": "Polygon",
        "coordinates": [
          [
            [
              132.689004539,
              35.360915506
            ],
            [
              132.688802834,
              35.360907625
            ],
            [
              132.688782409,
              35.361254709
            ],
            [
              132.688867168,
              35.361260009
            ],
            [
              132.688872748,
              35.361320891
            ],
            [
              132.689042803,
              35.361326808
            ],
            [
              132.689049671,
              35.361217442
            ],
            [
              132.689068475,
              35.360918003
            ],
            [
              132.689004539,
              35.360915506
            ]
          ]
        ]
      },
      "properties": {
        "polygon_uuid": "a31bee73-604a-4d24-b464-0b341631b63b",
        "daicho_shubetsu_cd": "FUD25"
      }
    },
    {
      "type": "Feature",
      "geometry": {
        "type": "Polygon",
        "coordinates": [
          [
            [
              132.697744679,
              35.366933331
            ],
            [
              132.697554791,
              35.366465089
            ],
            [
              132.697296519,
              35.366538733
            ],
            [
              132.697245036,
              35.366552564
            ],
            [
              132.697432951,
              35.36702071
            ],
            [
              132.697744679,
              35.366933331
            ]
          ]
        ]
      },
      "properties": {
        "polygon_uuid": "2d9e83bd-0878-4570-b4a2-0b9957bc323e",
        "daicho_shubetsu_cd": "FUD25"
      }
    },
    {
      "type": "Feature",
      "geometry": {
        "type": "Polygon",
        "coordinates": [
          [
            [
              132.693906303,
              35.367426034
            ],
            [
              132.693574398,
              35.367233577
            ],
            [
              132.692822816,
              35.366804227
            ],
            [
              132.69281292,
              35.366816177
            ],
            [
              132.692531668,
              35.367152346
            ],
            [
              132.692527687,
              35.367221287
            ],
            [
              132.692541184,
              35.367253876
            ],
            [
              132.692651683,
              35.367322517
            ],
            [
              132.693405915,
              35.367759375
            ],
            [
              132.69350792,
              35.367781905
            ],
            [
              132.693765057,
              35.367596987
            ],
            [
              132.693906303,
              35.367426034
            ]
          ]
        ]
      },
      "properties": {
        "polygon_uuid": "e2484795-0de3-458e-bbe0-0bba752f3896",
        "daicho_shubetsu_cd": "FUD25"
      }
    },
    {
      "type": "Feature",
      "geometry": {
        "type": "Polygon",
        "coordinates": [
          [
            [
              132.691201109,
              35.365700912
            ],
            [
              132.690937155,
              35.365693197
            ],
            [
              132.690908379,
              35.365751336
            ],
            [
              132.691117704,
              35.365940754
            ],
            [
              132.691153791,
              35.365873488
            ],
            [
              132.691183534,
              35.365793181
            ],
            [
              132.691201109,
              35.365700912
            ]
          ]
        ]
      },
      "properties": {
        "polygon_uuid": "32c417a5-2237-41fa-bd4f-0bbed144c06a",
        "daicho_shubetsu_cd": "FUD25"
      }
    },
    {
      "type": "Feature",
      "geometry": {
        "type": "Polygon",
        "coordinates": [
          [
            [
              132.694674409,
              35.362533925
            ],
            [
              132.695062428,
              35.362631843
            ],
            [
              132.695099956,
              35.36215099
            ],
            [
              132.694693952,
              35.362138655
            ],
            [
              132.694687282,
              35.362273568
            ],
            [
              132.694674409,
              35.362533925
            ]
          ]
        ]
      },
      "properties": {
        "polygon_uuid": "70be4567-e6c0-4fd4-9c1f-0bc0646d32e0",
        "daicho_shubetsu_cd": "FUD25"
      }
    },
    {
      "type": "Feature",
      "geometry": {
        "type": "Polygon",
        "coordinates": [
          [
            [
              132.705674905,
              35.365441097
            ],
            [
              132.705677461,
              35.365364533
            ],
            [
              132.705470909,
              35.365346703
            ],
            [
              132.705442931,
              35.365344551
            ],
            [
              132.705286715,
              35.365332535
            ],
            [
              132.7052737,
              35.36521839
            ],
            [
              132.705004753,
              35.365259894
            ],
            [
              132.705007878,
              35.365730496
            ],
            [
              132.705056929,
              35.365734043
            ],
            [
              132.705061758,
              35.36576916
            ],
            [
              132.705049909,
              35.365830707
            ],
            [
              132.705117269,
              35.365822877
            ],
            [
              132.705125088,
              35.365846687
            ],
            [
              132.705266066,
              35.365814153
            ],
            [
              132.705346901,
              35.3657955
            ],
            [
              132.705359198,
              35.36574263
            ],
            [
              132.705407973,
              35.365532937
            ],
            [
              132.705686578,
              35.36549781
            ],
            [
              132.705674905,
              35.365441097
            ]
          ]
        ]
      },
      "properties": {
        "polygon_uuid": "47b823dc-fb6e-438d-b95e-0bcf45b309a8",
        "daicho_shubetsu_cd": "FUD25"
      }
    },
    {
      "type": "Feature",
      "geometry": {
        "type": "Polygon",
        "coordinates": [
          [
            [
              132.703306564,
              35.360061824
            ],
            [
              132.703313771,
              35.359984354
            ],
            [
              132.70333632,
              35.359741948
            ],
            [
              132.703346208,
              35.359635658
            ],
            [
              132.703350207,
              35.359592668
            ],
            [
              132.703261651,
              35.35959825
            ],
            [
              132.703032953,
              35.35958859
            ],
            [
              132.702923918,
              35.359583985
            ],
            [
              132.702852329,
              35.359565504
            ],
            [
              132.702761324,
              35.359560175
            ],
            [
              132.702748296,
              35.359838277
            ],
            [
              132.702738609,
              35.360045081
            ],
            [
              132.702765221,
              35.360033654
            ],
            [
              132.703115218,
              35.360051868
            ],
            [
              132.703306564,
              35.360061824
            ]
          ]
        ]
      },
      "properties": {
        "polygon_uuid": "ba90b446-c2dc-4c23-9692-0bf19990e0b4",
        "daicho_shubetsu_cd": "FUD25"
      }
    },
    {
      "type": "Feature",
      "geometry": {
        "type": "Polygon",
        "coordinates": [
          [
            [
              132.695365946,
              35.365715917
            ],
            [
              132.694990389,
              35.365497004
            ],
            [
              132.694857818,
              35.365420272
            ],
            [
              132.69451055,
              35.365817361
            ],
            [
              132.694570386,
              35.365851302
            ],
            [
              132.694958913,
              35.366072094
            ],
            [
              132.694995702,
              35.366079457
            ],
            [
              132.695035024,
              35.366072836
            ],
            [
              132.695058619,
              35.366062432
            ],
            [
              132.695110775,
              35.366011687
            ],
            [
              132.695228005,
              35.36587897
            ],
            [
              132.695365946,
              35.365715917
            ]
          ]
        ]
      },
      "properties": {
        "polygon_uuid": "383ab154-4e8b-452f-aef9-0c08825253f5",
        "daicho_shubetsu_cd": "FUD25"
      }
    },
    {
      "type": "Feature",
      "geometry": {
        "type": "Polygon",
        "coordinates": [
          [
            [
              132.70586178,
              35.35983458
            ],
            [
              132.706443703,
              35.359871919
            ],
            [
              132.706467396,
              35.35969347
            ],
            [
              132.706097172,
              35.359674742
            ],
            [
              132.706090732,
              35.359641649
            ],
            [
              132.705961673,
              35.359637583
            ],
            [
              132.705901278,
              35.359635679
            ],
            [
              132.70586178,
              35.35983458
            ]
          ]
        ]
      },
      "properties": {
        "polygon_uuid": "0fed4539-b5fd-4dc6-aab6-0c56ad8a15f1",
        "daicho_shubetsu_cd": "FUD25"
      }
    },
    {
      "type": "Feature",
      "geometry": {
        "type": "Polygon",
        "coordinates": [
          [
            [
              132.68933466,
              35.365912009
            ],
            [
              132.689588692,
              35.365822038
            ],
            [
              132.689616267,
              35.365807754
            ],
            [
              132.689596055,
              35.365712469
            ],
            [
              132.689593214,
              35.365629384
            ],
            [
              132.689322735,
              35.365694803
            ],
            [
              132.689322952,
              35.365701856
            ],
            [
              132.68933466,
              35.365912009
            ]
          ]
        ]
      },
      "properties": {
        "polygon_uuid": "8350af0a-2cfe-49bf-98c4-0c6a0bb51f46",
        "daicho_shubetsu_cd": "FUD25"
      }
    },
    {
      "type": "Feature",
      "geometry": {
        "type": "Polygon",
        "coordinates": [
          [
            [
              132.694111988,
              35.361583545
            ],
            [
              132.693746578,
              35.361562122
            ],
            [
              132.693711253,
              35.362100907
            ],
            [
              132.693940774,
              35.362107338
            ],
            [
              132.693968298,
              35.362000898
            ],
            [
              132.694056865,
              35.361748537
            ],
            [
              132.694111988,
              35.361583545
            ]
          ]
        ]
      },
      "properties": {
        "polygon_uuid": "d1096779-2893-4a5d-9d27-0cc546d8b9c1",
        "daicho_shubetsu_cd": "FUD25"
      }
    },
    {
      "type": "Feature",
      "geometry": {
        "type": "Polygon",
        "coordinates": [
          [
            [
              132.706002942,
              35.360520627
            ],
            [
              132.705950401,
              35.360653343
            ],
            [
              132.706139442,
              35.360673178
            ],
            [
              132.706230048,
              35.360486653
            ],
            [
              132.706028097,
              35.360445037
            ],
            [
              132.706002942,
              35.360520627
            ]
          ]
        ]
      },
      "properties": {
        "polygon_uuid": "f2fe56f0-2f1e-4339-8489-0d4b38148daa",
        "daicho_shubetsu_cd": "FUD25"
      }
    },
    {
      "type": "Feature",
      "geometry": {
        "type": "Polygon",
        "coordinates": [
          [
            [
              132.691489551,
              35.366036794
            ],
            [
              132.691424236,
              35.366142016
            ],
            [
              132.691316506,
              35.366291942
            ],
            [
              132.691235538,
              35.366378152
            ],
            [
              132.691150607,
              35.36645166
            ],
            [
              132.691221093,
              35.366490082
            ],
            [
              132.691577438,
              35.366689297
            ],
            [
              132.691917273,
              35.366285547
            ],
            [
              132.691489551,
              35.366036794
            ]
          ]
        ]
      },
      "properties": {
        "polygon_uuid": "45c1eaaf-642e-4fe7-9210-0d701aefe485",
        "daicho_shubetsu_cd": "FUD25"
      }
    },
    {
      "type": "Feature",
      "geometry": {
        "type": "Polygon",
        "coordinates": [
          [
            [
              132.707081879,
              35.364267211
            ],
            [
              132.707020945,
              35.363752029
            ],
            [
              132.707009968,
              35.363723167
            ],
            [
              132.706959702,
              35.363683237
            ],
            [
              132.706907715,
              35.363679453
            ],
            [
              132.706699717,
              35.36365629
            ],
            [
              132.70664936,
              35.363647784
            ],
            [
              132.706730515,
              35.364308811
            ],
            [
              132.706773582,
              35.36430338
            ],
            [
              132.707062394,
              35.36427334
            ],
            [
              132.707081879,
              35.364267211
            ]
          ]
        ]
      },
      "properties": {
        "polygon_uuid": "f0aa6a45-0dc1-4e89-973c-0dad9e60b24d",
        "daicho_shubetsu_cd": "FUD25"
      }
    },
    {
      "type": "Feature",
      "geometry": {
        "type": "Polygon",
        "coordinates": [
          [
            [
              132.707876307,
              35.365349291
            ],
            [
              132.707552509,
              35.365390186
            ],
            [
              132.707562451,
              35.365459651
            ],
            [
              132.707519833,
              35.365472562
            ],
            [
              132.707543423,
              35.365516975
            ],
            [
              132.707547792,
              35.365590095
            ],
            [
              132.707538853,
              35.365645795
            ],
            [
              132.707603012,
              35.365714699
            ],
            [
              132.707618879,
              35.365809909
            ],
            [
              132.707695322,
              35.365921271
            ],
            [
              132.70787225,
              35.365822732
            ],
            [
              132.707959492,
              35.365766847
            ],
            [
              132.707891923,
              35.365450859
            ],
            [
              132.707881871,
              35.365384946
            ],
            [
              132.707876307,
              35.365349291
            ]
          ]
        ]
      },
      "properties": {
        "polygon_uuid": "373b6a54-70e3-4a8e-ba08-0dfcd9ee62fe",
        "daicho_shubetsu_cd": "FUD25"
      }
    },
    {
      "type": "Feature",
      "geometry": {
        "type": "Polygon",
        "coordinates": [
          [
            [
              132.701054589,
              35.363855451
            ],
            [
              132.7009803,
              35.36321638
            ],
            [
              132.700972716,
              35.363151135
            ],
            [
              132.700130821,
              35.3632202
            ],
            [
              132.700123116,
              35.363323234
            ],
            [
              132.700163309,
              35.363589327
            ],
            [
              132.700187075,
              35.363892405
            ],
            [
              132.70022148,
              35.363921552
            ],
            [
              132.701054589,
              35.363855451
            ]
          ]
        ]
      },
      "properties": {
        "polygon_uuid": "4e1a61ed-fd59-4ad5-82e7-1067dab3cd24",
        "daicho_shubetsu_cd": "FUD25"
      }
    },
    {
      "type": "Feature",
      "geometry": {
        "type": "Polygon",
        "coordinates": [
          [
            [
              132.691971852,
              35.364575995
            ],
            [
              132.692474863,
              35.364605303
            ],
            [
              132.692475997,
              35.364586879
            ],
            [
              132.692503708,
              35.364136763
            ],
            [
              132.691998986,
              35.364114177
            ],
            [
              132.691971852,
              35.364575995
            ]
          ]
        ]
      },
      "properties": {
        "polygon_uuid": "c64ab17f-989b-488d-8f88-10e8bf5576e5",
        "daicho_shubetsu_cd": "FUD25"
      }
    },
    {
      "type": "Feature",
      "geometry": {
        "type": "Polygon",
        "coordinates": [
          [
            [
              132.692685581,
              35.366732809
            ],
            [
              132.692986217,
              35.366377953
            ],
            [
              132.692948827,
              35.366303146
            ],
            [
              132.692865762,
              35.366241839
            ],
            [
              132.692581409,
              35.366079404
            ],
            [
              132.692241582,
              35.366474341
            ],
            [
              132.692685581,
              35.366732809
            ]
          ]
        ]
      },
      "properties": {
        "polygon_uuid": "a277825f-7bd7-463a-8af9-113693ed37ef",
        "daicho_shubetsu_cd": "FUD25"
      }
    },
    {
      "type": "Feature",
      "geometry": {
        "type": "Polygon",
        "coordinates": [
          [
            [
              132.692519123,
              35.363929896
            ],
            [
              132.692549863,
              35.363575636
            ],
            [
              132.692315576,
              35.363566428
            ],
            [
              132.692298754,
              35.363915354
            ],
            [
              132.692519123,
              35.363929896
            ]
          ]
        ]
      },
      "properties": {
        "polygon_uuid": "8a824d7d-0a89-4f4a-81b7-11850670f613",
        "daicho_shubetsu_cd": "FUD25"
      }
    },
    {
      "type": "Feature",
      "geometry": {
        "type": "Polygon",
        "coordinates": [
          [
            [
              132.697330386,
              35.363641044
            ],
            [
              132.697333748,
              35.363670248
            ],
            [
              132.698232003,
              35.363600155
            ],
            [
              132.698219554,
              35.363493853
            ],
            [
              132.697319504,
              35.36355464
            ],
            [
              132.697330386,
              35.363641044
            ]
          ]
        ]
      },
      "properties": {
        "polygon_uuid": "5ceb0dc5-6dc3-40d3-afa0-138b6ca68189",
        "daicho_shubetsu_cd": "FUD25"
      }
    },
    {
      "type": "Feature",
      "geometry": {
        "type": "Polygon",
        "coordinates": [
          [
            [
              132.702735973,
              35.359654483
            ],
            [
              132.702760574,
              35.359406447
            ],
            [
              132.702620854,
              35.359407733
            ],
            [
              132.702093055,
              35.35936787
            ],
            [
              132.702071614,
              35.359612485
            ],
            [
              132.702061092,
              35.359732527
            ],
            [
              132.702049128,
              35.359869013
            ],
            [
              132.702038082,
              35.359995026
            ],
            [
              132.702700609,
              35.360028021
            ],
            [
              132.702735973,
              35.359654483
            ]
          ]
        ]
      },
      "properties": {
        "polygon_uuid": "cbbe6de2-6fd3-4af9-b516-13b63d46c7c3",
        "daicho_shubetsu_cd": "FUD25"
      }
    },
    {
      "type": "Feature",
      "geometry": {
        "type": "Polygon",
        "coordinates": [
          [
            [
              132.698693518,
              35.362603107
            ],
            [
              132.698993132,
              35.362573605
            ],
            [
              132.699003955,
              35.362387735
            ],
            [
              132.698985466,
              35.362378757
            ],
            [
              132.698985235,
              35.36234353
            ],
            [
              132.698740529,
              35.362314412
            ],
            [
              132.698711767,
              35.362425256
            ],
            [
              132.698887273,
              35.362446062
            ],
            [
              132.698886499,
              35.362515516
            ],
            [
              132.69882642,
              35.362534904
            ],
            [
              132.698688887,
              35.362547587
            ],
            [
              132.698693518,
              35.362603107
            ]
          ]
        ]
      },
      "properties": {
        "polygon_uuid": "bab4fa6d-e319-4a56-89ac-1409fcfde891",
        "daicho_shubetsu_cd": "FUD25"
      }
    },
    {
      "type": "Feature",
      "geometry": {
        "type": "Polygon",
        "coordinates": [
          [
            [
              132.702034268,
              35.366029965
            ],
            [
              132.702246839,
              35.366029023
            ],
            [
              132.702241961,
              35.365712878
            ],
            [
              132.701921905,
              35.365735631
            ],
            [
              132.701931727,
              35.365830965
            ],
            [
              132.702035889,
              35.365827994
            ],
            [
              132.702034268,
              35.366029965
            ]
          ]
        ]
      },
      "properties": {
        "polygon_uuid": "fcd6e856-22cf-4de8-b7cc-140b30682fdf",
        "daicho_shubetsu_cd": "FUD25"
      }
    },
    {
      "type": "Feature",
      "geometry": {
        "type": "Polygon",
        "coordinates": [
          [
            [
              132.690705005,
              35.367447472
            ],
            [
              132.691056417,
              35.367043143
            ],
            [
              132.690640498,
              35.366813208
            ],
            [
              132.690408293,
              35.366925514
            ],
            [
              132.690117958,
              35.36705397
            ],
            [
              132.690075419,
              35.367079594
            ],
            [
              132.690705005,
              35.367447472
            ]
          ]
        ]
      },
      "properties": {
        "polygon_uuid": "37f08978-6c93-49e8-9314-15955cb0950f",
        "daicho_shubetsu_cd": "FUD25"
      }
    },
    {
      "type": "Feature",
      "geometry": {
        "type": "Polygon",
        "coordinates": [
          [
            [
              132.699277954,
              35.364052491
            ],
            [
              132.69934489,
              35.364591291
            ],
            [
              132.70019314,
              35.364530275
            ],
            [
              132.700169637,
              35.36430772
            ],
            [
              132.700135604,
              35.364010644
            ],
            [
              132.700105954,
              35.363991428
            ],
            [
              132.699277954,
              35.364052491
            ]
          ]
        ]
      },
      "properties": {
        "polygon_uuid": "9713304e-f428-473f-b4ad-15f2b055bd96",
        "daicho_shubetsu_cd": "FUD25"
      }
    },
    {
      "type": "Feature",
      "geometry": {
        "type": "Polygon",
        "coordinates": [
          [
            [
              132.703647644,
              35.366239163
            ],
            [
              132.703458313,
              35.366270794
            ],
            [
              132.70352889,
              35.36646742
            ],
            [
              132.703640342,
              35.366441323
            ],
            [
              132.703612324,
              35.366374935
            ],
            [
              132.703696133,
              35.366345349
            ],
            [
              132.703647644,
              35.366239163
            ]
          ]
        ]
      },
      "properties": {
        "polygon_uuid": "375702fe-80cc-4e50-80e7-18cad27157bf",
        "daicho_shubetsu_cd": "FUD25"
      }
    },
    {
      "type": "Feature",
      "geometry": {
        "type": "Polygon",
        "coordinates": [
          [
            [
              132.696100756,
              35.364880946
            ],
            [
              132.696402777,
              35.364537039
            ],
            [
              132.696422374,
              35.364501603
            ],
            [
              132.69641749,
              35.364468185
            ],
            [
              132.696384533,
              35.36442247
            ],
            [
              132.69610473,
              35.364262232
            ],
            [
              132.695947285,
              35.364172168
            ],
            [
              132.695594874,
              35.364584902
            ],
            [
              132.696100756,
              35.364880946
            ]
          ]
        ]
      },
      "properties": {
        "polygon_uuid": "c1a75979-70ff-4a07-b304-195745e3db51",
        "daicho_shubetsu_cd": "FUD25"
      }
    },
    {
      "type": "Feature",
      "geometry": {
        "type": "Polygon",
        "coordinates": [
          [
            [
              132.689018965,
              35.361823341
            ],
            [
              132.689042007,
              35.361364623
            ],
            [
              132.688751635,
              35.361353066
            ],
            [
              132.688738706,
              35.36181309
            ],
            [
              132.689018965,
              35.361823341
            ]
          ]
        ]
      },
      "properties": {
        "polygon_uuid": "797bae04-4b84-4ded-a83b-1abc50a3a952",
        "daicho_shubetsu_cd": "FUD25"
      }
    },
    {
      "type": "Feature",
      "geometry": {
        "type": "Polygon",
        "coordinates": [
          [
            [
              132.690636616,
              35.363094754
            ],
            [
              132.69108928,
              35.363113749
            ],
            [
              132.691093369,
              35.363034585
            ],
            [
              132.691093089,
              35.362991244
            ],
            [
              132.690645816,
              35.362969117
            ],
            [
              132.690637395,
              35.363075722
            ],
            [
              132.690636616,
              35.363094754
            ]
          ]
        ]
      },
      "properties": {
        "polygon_uuid": "02f30c39-7d45-4de2-b3c2-1bcf3721297e",
        "daicho_shubetsu_cd": "FUD25"
      }
    },
    {
      "type": "Feature",
      "geometry": {
        "type": "Polygon",
        "coordinates": [
          [
            [
              132.696537919,
              35.365550518
            ],
            [
              132.696489857,
              35.365133489
            ],
            [
              132.696485519,
              35.36510117
            ],
            [
              132.696162253,
              35.364912895
            ],
            [
              132.695981333,
              35.365113351
            ],
            [
              132.69586021,
              35.365252535
            ],
            [
              132.695840746,
              35.36528594
            ],
            [
              132.695850155,
              35.365320293
            ],
            [
              132.695875324,
              35.365356728
            ],
            [
              132.695992559,
              35.365426078
            ],
            [
              132.696428507,
              35.365674604
            ],
            [
              132.696537919,
              35.365550518
            ]
          ]
        ]
      },
      "properties": {
        "polygon_uuid": "b8dc0bd4-f55b-4d8b-a1a0-1c3a6db0f939",
        "daicho_shubetsu_cd": "FUD25"
      }
    },
    {
      "type": "Feature",
      "geometry": {
        "type": "Polygon",
        "coordinates": [
          [
            [
              132.696910743,
              35.361127567
            ],
            [
              132.69707556,
              35.361135127
            ],
            [
              132.697087631,
              35.361144021
            ],
            [
              132.697085675,
              35.361178922
            ],
            [
              132.697079959,
              35.361275699
            ],
            [
              132.697468933,
              35.361299936
            ],
            [
              132.697526018,
              35.361262298
            ],
            [
              132.6975522,
              35.360923992
            ],
            [
              132.697558173,
              35.360817158
            ],
            [
              132.696937104,
              35.360793294
            ],
            [
              132.696934969,
              35.360819584
            ],
            [
              132.696910743,
              35.361127567
            ]
          ]
        ]
      },
      "properties": {
        "polygon_uuid": "54491eec-a4ae-4396-8daa-1c4f3797885f",
        "daicho_shubetsu_cd": "FUD25"
      }
    },
    {
      "type": "Feature",
      "geometry": {
        "type": "Polygon",
        "coordinates": [
          [
            [
              132.697632135,
              35.360163787
            ],
            [
              132.698256609,
              35.360188576
            ],
            [
              132.698265309,
              35.360019835
            ],
            [
              132.698274145,
              35.359848451
            ],
            [
              132.697656239,
              35.359821908
            ],
            [
              132.697632974,
              35.36010262
            ],
            [
              132.697632135,
              35.360163787
            ]
          ]
        ]
      },
      "properties": {
        "polygon_uuid": "aba2ef92-49b2-4bac-99c8-1cb84b4c2022",
        "daicho_shubetsu_cd": "FUD25"
      }
    },
    {
      "type": "Feature",
      "geometry": {
        "type": "Polygon",
        "coordinates": [
          [
            [
              132.706396937,
              35.365570279
            ],
            [
              132.706415248,
              35.365554166
            ],
            [
              132.706619008,
              35.365554199
            ],
            [
              132.706646535,
              35.365538989
            ],
            [
              132.706826095,
              35.365535357
            ],
            [
              132.70681934,
              35.365385455
            ],
            [
              132.706793707,
              35.365339364
            ],
            [
              132.7067545,
              35.365329167
            ],
            [
              132.70668321,
              35.365341745
            ],
            [
              132.706512942,
              35.365357593
            ],
            [
              132.70638178,
              35.365368551
            ],
            [
              132.706380823,
              35.365397788
            ],
            [
              132.706396937,
              35.365570279
            ]
          ]
        ]
      },
      "properties": {
        "polygon_uuid": "174b3c70-54ac-4c06-a71e-1d2b436454b8",
        "daicho_shubetsu_cd": "FUD25"
      }
    },
    {
      "type": "Feature",
      "geometry": {
        "type": "Polygon",
        "coordinates": [
          [
            [
              132.70017694,
              35.359607581
            ],
            [
              132.699558253,
              35.359579372
            ],
            [
              132.699545172,
              35.359783645
            ],
            [
              132.699534089,
              35.359956693
            ],
            [
              132.699532972,
              35.35997413
            ],
            [
              132.699523297,
              35.360125217
            ],
            [
              132.700137552,
              35.360155945
            ],
            [
              132.700148913,
              35.359997777
            ],
            [
              132.700162556,
              35.359807837
            ],
            [
              132.70017694,
              35.359607581
            ]
          ]
        ]
      },
      "properties": {
        "polygon_uuid": "c04f0c5f-10bd-47ca-bc3d-1d2e8cf47226",
        "daicho_shubetsu_cd": "FUD25"
      }
    },
    {
      "type": "Feature",
      "geometry": {
        "type": "Polygon",
        "coordinates": [
          [
            [
              132.697006228,
              35.359831055
            ],
            [
              132.696994684,
              35.360014623
            ],
            [
              132.696991122,
              35.360062247
            ],
            [
              132.697612672,
              35.3600908
            ],
            [
              132.697622313,
              35.359965012
            ],
            [
              132.697630277,
              35.359847205
            ],
            [
              132.697007167,
              35.359816131
            ],
            [
              132.697006228,
              35.359831055
            ]
          ]
        ]
      },
      "properties": {
        "polygon_uuid": "2809d3ba-0b40-4490-98a3-1d55ba344308",
        "daicho_shubetsu_cd": "FUD25"
      }
    },
    {
      "type": "Feature",
      "geometry": {
        "type": "Polygon",
        "coordinates": [
          [
            [
              132.703424355,
              35.361508816
            ],
            [
              132.703443356,
              35.361403426
            ],
            [
              132.703306282,
              35.361369215
            ],
            [
              132.703290799,
              35.361379475
            ],
            [
              132.703292691,
              35.361508552
            ],
            [
              132.703424355,
              35.361508816
            ]
          ]
        ]
      },
      "properties": {
        "polygon_uuid": "d1d47b28-21ef-4fcd-9b87-1d76231144b4",
        "daicho_shubetsu_cd": "FUD25"
      }
    },
    {
      "type": "Feature",
      "geometry": {
        "type": "Polygon",
        "coordinates": [
          [
            [
              132.70217886,
              35.361991521
            ],
            [
              132.702175536,
              35.361797434
            ],
            [
              132.702028569,
              35.361788492
            ],
            [
              132.701891207,
              35.361780133
            ],
            [
              132.701901761,
              35.361899311
            ],
            [
              132.701903833,
              35.361948027
            ],
            [
              132.701880712,
              35.362023955
            ],
            [
              132.70217886,
              35.361991521
            ]
          ]
        ]
      },
      "properties": {
        "polygon_uuid": "74f4a7a7-9546-4267-8bf4-1db8eeeb6bfe",
        "daicho_shubetsu_cd": "FUD25"
      }
    },
    {
      "type": "Feature",
      "geometry": {
        "type": "Polygon",
        "coordinates": [
          [
            [
              132.696522274,
              35.3644939
            ],
            [
              132.697085476,
              35.364452302
            ],
            [
              132.697065691,
              35.364232405
            ],
            [
              132.696704623,
              35.364264085
            ],
            [
              132.69666968,
              35.364271403
            ],
            [
              132.696522274,
              35.3644939
            ]
          ]
        ]
      },
      "properties": {
        "polygon_uuid": "8066596d-2a46-4bea-b324-1dea24dacc26",
        "daicho_shubetsu_cd": "FUD25"
      }
    },
    {
      "type": "Feature",
      "geometry": {
        "type": "Polygon",
        "coordinates": [
          [
            [
              132.689813484,
              35.364646779
            ],
            [
              132.689826518,
              35.364479773
            ],
            [
              132.689829756,
              35.36441371
            ],
            [
              132.689224204,
              35.364391729
            ],
            [
              132.689237639,
              35.364481992
            ],
            [
              132.689276936,
              35.364855758
            ],
            [
              132.689291988,
              35.36486608
            ],
            [
              132.689813484,
              35.364646779
            ]
          ]
        ]
      },
      "properties": {
        "polygon_uuid": "83453201-b29a-4d26-8184-1ea072ae2c30",
        "daicho_shubetsu_cd": "FUD25"
      }
    },
    {
      "type": "Feature",
      "geometry": {
        "type": "Polygon",
        "coordinates": [
          [
            [
              132.696710273,
              35.361446813
            ],
            [
              132.69674038,
              35.36128102
            ],
            [
              132.696897769,
              35.361292503
            ],
            [
              132.696903703,
              35.361217068
            ],
            [
              132.696305691,
              35.361193633
            ],
            [
              132.696304753,
              35.361230287
            ],
            [
              132.696305279,
              35.361310807
            ],
            [
              132.69634605,
              35.361366098
            ],
            [
              132.696415043,
              35.361394426
            ],
            [
              132.696543011,
              35.361422495
            ],
            [
              132.696697255,
              35.36146029
            ],
            [
              132.696710273,
              35.361446813
            ]
          ]
        ]
      },
      "properties": {
        "polygon_uuid": "4fe31488-d9e0-45ef-b8e0-20655b1b8f4a",
        "daicho_shubetsu_cd": "FUD25"
      }
    },
    {
      "type": "Feature",
      "geometry": {
        "type": "Polygon",
        "coordinates": [
          [
            [
              132.691138396,
              35.363539177
            ],
            [
              132.690693532,
              35.363518515
            ],
            [
              132.690681692,
              35.363561584
            ],
            [
              132.690629178,
              35.363561812
            ],
            [
              132.690609376,
              35.363718801
            ],
            [
              132.690586804,
              35.364029144
            ],
            [
              132.690577689,
              35.364220587
            ],
            [
              132.690584196,
              35.364279136
            ],
            [
              132.691151556,
              35.364299524
            ],
            [
              132.691148183,
              35.364192691
            ],
            [
              132.691157701,
              35.363926192
            ],
            [
              132.691164839,
              35.363731076
            ],
            [
              132.69116008,
              35.363619241
            ],
            [
              132.691138396,
              35.363539177
            ]
          ]
        ]
      },
      "properties": {
        "polygon_uuid": "68c6597e-cb17-4b30-96d3-219c32873fef",
        "daicho_shubetsu_cd": "FUD25"
      }
    },
    {
      "type": "Feature",
      "geometry": {
        "type": "Polygon",
        "coordinates": [
          [
            [
              132.700233775,
              35.359428857
            ],
            [
              132.700823539,
              35.359459927
            ],
            [
              132.700825006,
              35.359432261
            ],
            [
              132.70083277,
              35.359285756
            ],
            [
              132.700308995,
              35.359268006
            ],
            [
              132.700266171,
              35.359317876
            ],
            [
              132.700237716,
              35.359341529
            ],
            [
              132.700233775,
              35.359428857
            ]
          ]
        ]
      },
      "properties": {
        "polygon_uuid": "792a8491-cf26-4103-b477-21dddf7c09d3",
        "daicho_shubetsu_cd": "FUD25"
      }
    },
    {
      "type": "Feature",
      "geometry": {
        "type": "Polygon",
        "coordinates": [
          [
            [
              132.69731168,
              35.364150687
            ],
            [
              132.697388409,
              35.364145081
            ],
            [
              132.697359116,
              35.363890616
            ],
            [
              132.697333748,
              35.363670248
            ],
            [
              132.697330386,
              35.363641044
            ],
            [
              132.69681223,
              35.363846956
            ],
            [
              132.696864707,
              35.363971272
            ],
            [
              132.696695413,
              35.364042147
            ],
            [
              132.696705856,
              35.364059029
            ],
            [
              132.696719387,
              35.364096455
            ],
            [
              132.696721608,
              35.364145716
            ],
            [
              132.696713466,
              35.364194143
            ],
            [
              132.69731168,
              35.364150687
            ]
          ]
        ]
      },
      "properties": {
        "polygon_uuid": "f9dee6ee-00a1-4e42-9819-22d638ce9f61",
        "daicho_shubetsu_cd": "FUD25"
      }
    },
    {
      "type": "Feature",
      "geometry": {
        "type": "Polygon",
        "coordinates": [
          [
            [
              132.691325766,
              35.360917789
            ],
            [
              132.691796813,
              35.360939755
            ],
            [
              132.691800902,
              35.36086836
            ],
            [
              132.691437476,
              35.360795803
            ],
            [
              132.691394296,
              35.360803073
            ],
            [
              132.691370797,
              35.360827818
            ],
            [
              132.691325766,
              35.360917789
            ]
          ]
        ]
      },
      "properties": {
        "polygon_uuid": "b2ee1bf9-9910-49ca-8280-2364d92a66eb",
        "daicho_shubetsu_cd": "FUD25"
      }
    },
    {
      "type": "Feature",
      "geometry": {
        "type": "Polygon",
        "coordinates": [
          [
            [
              132.707857563,
              35.365229194
            ],
            [
              132.70772277,
              35.365233562
            ],
            [
              132.707644586,
              35.365226382
            ],
            [
              132.7076187,
              35.365250342
            ],
            [
              132.707543886,
              35.365338916
            ],
            [
              132.707552509,
              35.365390186
            ],
            [
              132.707876307,
              35.365349291
            ],
            [
              132.707857563,
              35.365229194
            ]
          ]
        ]
      },
      "properties": {
        "polygon_uuid": "cc018e39-3414-426c-b9c6-239498d248ee",
        "daicho_shubetsu_cd": "FUD25"
      }
    },
    {
      "type": "Feature",
      "geometry": {
        "type": "Polygon",
        "coordinates": [
          [
            [
              132.694485203,
              35.363570321
            ],
            [
              132.694805343,
              35.363429701
            ],
            [
              132.694657262,
              35.363186581
            ],
            [
              132.694493206,
              35.363247487
            ],
            [
              132.694515909,
              35.363286847
            ],
            [
              132.694482155,
              35.363297504
            ],
            [
              132.694468025,
              35.363456163
            ],
            [
              132.694485203,
              35.363570321
            ]
          ]
        ]
      },
      "properties": {
        "polygon_uuid": "14967af6-6629-408f-906b-23d3b78b3cc3",
        "daicho_shubetsu_cd": "FUD25"
      }
    },
    {
      "type": "Feature",
      "geometry": {
        "type": "Polygon",
        "coordinates": [
          [
            [
              132.693713398,
              35.364726187
            ],
            [
              132.69367539,
              35.364685927
            ],
            [
              132.693657621,
              35.36468237
            ],
            [
              132.693566082,
              35.364705786
            ],
            [
              132.693032187,
              35.364931013
            ],
            [
              132.693032305,
              35.364949184
            ],
            [
              132.693048753,
              35.364976974
            ],
            [
              132.693074027,
              35.364997458
            ],
            [
              132.693468865,
              35.365221061
            ],
            [
              132.693534092,
              35.365245005
            ],
            [
              132.69360499,
              35.36523137
            ],
            [
              132.693638799,
              35.365199726
            ],
            [
              132.693652571,
              35.365151658
            ],
            [
              132.693713398,
              35.364726187
            ]
          ]
        ]
      },
      "properties": {
        "polygon_uuid": "5ba7b631-5e40-4a35-bfed-23f9ee5c67d8",
        "daicho_shubetsu_cd": "FUD25"
      }
    },
    {
      "type": "Feature",
      "geometry": {
        "type": "Polygon",
        "coordinates": [
          [
            [
              132.691577181,
              35.36536889
            ],
            [
              132.691578865,
              35.365451426
            ],
            [
              132.691574106,
              35.365539466
            ],
            [
              132.691607419,
              35.365556123
            ],
            [
              132.691674044,
              35.365546605
            ],
            [
              132.691685896,
              35.365564385
            ],
            [
              132.691859973,
              35.365473342
            ],
            [
              132.691864631,
              35.365395935
            ],
            [
              132.691877331,
              35.36518495
            ],
            [
              132.691886607,
              35.365047495
            ],
            [
              132.691556114,
              35.365031104
            ],
            [
              132.691559829,
              35.365061711
            ],
            [
              132.691576151,
              35.365196218
            ],
            [
              132.691577181,
              35.36536889
            ]
          ]
        ]
      },
      "properties": {
        "polygon_uuid": "f8cfd8a6-7531-40da-8f77-2455ec6f16cb",
        "daicho_shubetsu_cd": "FUD25"
      }
    },
    {
      "type": "Feature",
      "geometry": {
        "type": "Polygon",
        "coordinates": [
          [
            [
              132.6937153,
              35.36408825
            ],
            [
              132.693648256,
              35.364059111
            ],
            [
              132.693092066,
              35.364038518
            ],
            [
              132.693077628,
              35.364239084
            ],
            [
              132.69369636,
              35.36426387
            ],
            [
              132.6937153,
              35.36408825
            ]
          ]
        ]
      },
      "properties": {
        "polygon_uuid": "fbfbc6b6-fb9c-46fb-af9c-245a689ac9d2",
        "daicho_shubetsu_cd": "FUD25"
      }
    },
    {
      "type": "Feature",
      "geometry": {
        "type": "Polygon",
        "coordinates": [
          [
            [
              132.694815255,
              35.364137532
            ],
            [
              132.694252848,
              35.364395743
            ],
            [
              132.694252099,
              35.364418809
            ],
            [
              132.694350712,
              35.364478806
            ],
            [
              132.69509801,
              35.364907201
            ],
            [
              132.695149614,
              35.364937754
            ],
            [
              132.695502482,
              35.364534369
            ],
            [
              132.694815255,
              35.364137532
            ]
          ]
        ]
      },
      "properties": {
        "polygon_uuid": "647759c0-f62b-4a7f-84dd-24ffe7cf434b",
        "daicho_shubetsu_cd": "FUD25"
      }
    },
    {
      "type": "Feature",
      "geometry": {
        "type": "Polygon",
        "coordinates": [
          [
            [
              132.704297495,
              35.360033744
            ],
            [
              132.704396643,
              35.359992127
            ],
            [
              132.704611518,
              35.359901934
            ],
            [
              132.704610101,
              35.359875192
            ],
            [
              132.704609052,
              35.359855365
            ],
            [
              132.704605302,
              35.35978456
            ],
            [
              132.704267879,
              35.359805212
            ],
            [
              132.704297495,
              35.360033744
            ]
          ]
        ]
      },
      "properties": {
        "polygon_uuid": "7269f1a7-1aaa-49f1-928d-26c567c53fd9",
        "daicho_shubetsu_cd": "FUD25"
      }
    },
    {
      "type": "Feature",
      "geometry": {
        "type": "Polygon",
        "coordinates": [
          [
            [
              132.69843003,
              35.36526758
            ],
            [
              132.698406615,
              35.364998439
            ],
            [
              132.698378195,
              35.364749402
            ],
            [
              132.697170036,
              35.364841651
            ],
            [
              132.697249758,
              35.365490468
            ],
            [
              132.697929468,
              35.365354695
            ],
            [
              132.69843003,
              35.36526758
            ]
          ]
        ]
      },
      "properties": {
        "polygon_uuid": "74ae8214-174f-40e4-8459-27b0d5f4e3d1",
        "daicho_shubetsu_cd": "FUD25"
      }
    },
    {
      "type": "Feature",
      "geometry": {
        "type": "Polygon",
        "coordinates": [
          [
            [
              132.691507958,
              35.363684472
            ],
            [
              132.691964237,
              35.363702774
            ],
            [
              132.691970568,
              35.363563227
            ],
            [
              132.691939419,
              35.363548825
            ],
            [
              132.691543793,
              35.363533073
            ],
            [
              132.69151406,
              35.36353189
            ],
            [
              132.691507958,
              35.363684472
            ]
          ]
        ]
      },
      "properties": {
        "polygon_uuid": "3a5e7fbc-a86f-4237-8de6-27b5cbcd8e09",
        "daicho_shubetsu_cd": "FUD25"
      }
    },
    {
      "type": "Feature",
      "geometry": {
        "type": "Polygon",
        "coordinates": [
          [
            [
              132.700412864,
              35.366123903
            ],
            [
              132.700424739,
              35.366036915
            ],
            [
              132.700428726,
              35.365920524
            ],
            [
              132.700449167,
              35.365816331
            ],
            [
              132.700221395,
              35.365813096
            ],
            [
              132.700211291,
              35.365909881
            ],
            [
              132.700203299,
              35.366209611
            ],
            [
              132.700356228,
              35.366192894
            ],
            [
              132.700367946,
              35.366127448
            ],
            [
              132.700412864,
              35.366123903
            ]
          ]
        ]
      },
      "properties": {
        "polygon_uuid": "da71d895-9184-44e8-9334-27f0a7a908fb",
        "daicho_shubetsu_cd": "FUD25"
      }
    },
    {
      "type": "Feature",
      "geometry": {
        "type": "Polygon",
        "coordinates": [
          [
            [
              132.689564366,
              35.363954102
            ],
            [
              132.690144106,
              35.363981554
            ],
            [
              132.690165023,
              35.363646078
            ],
            [
              132.690018585,
              35.363639714
            ],
            [
              132.689869872,
              35.363633251
            ],
            [
              132.689582199,
              35.363620749
            ],
            [
              132.689564673,
              35.363941881
            ],
            [
              132.689564366,
              35.363954102
            ]
          ]
        ]
      },
      "properties": {
        "polygon_uuid": "d2cf3c85-55c4-4806-8867-289ad1107f37",
        "daicho_shubetsu_cd": "FUD25"
      }
    },
    {
      "type": "Feature",
      "geometry": {
        "type": "Polygon",
        "coordinates": [
          [
            [
              132.695647586,
              35.36362024
            ],
            [
              132.695998388,
              35.363461655
            ],
            [
              132.695883175,
              35.363282118
            ],
            [
              132.695681904,
              35.363335131
            ],
            [
              132.695537945,
              35.363390702
            ],
            [
              132.695647586,
              35.36362024
            ]
          ]
        ]
      },
      "properties": {
        "polygon_uuid": "b5635238-e2ce-4ed6-bdb6-299eea37457c",
        "daicho_shubetsu_cd": "FUD25"
      }
    },
    {
      "type": "Feature",
      "geometry": {
        "type": "Polygon",
        "coordinates": [
          [
            [
              132.701709928,
              35.366679113000004
            ],
            [
              132.701633366,
              35.366453556
            ],
            [
              132.701326622,
              35.366535463
            ],
            [
              132.70135148,
              35.366628042
            ],
            [
              132.701389336,
              35.366746592
            ],
            [
              132.701709928,
              35.366679113000004
            ]
          ]
        ]
      },
      "properties": {
        "polygon_uuid": "c45abd55-46ab-488a-a038-29ddf9d907cf",
        "daicho_shubetsu_cd": "FUD25"
      }
    },
    {
      "type": "Feature",
      "geometry": {
        "type": "Polygon",
        "coordinates": [
          [
            [
              132.703350207,
              35.359592668
            ],
            [
              132.703368352,
              35.359397605
            ],
            [
              132.703102706,
              35.359387071
            ],
            [
              132.703040407,
              35.359388806
            ],
            [
              132.703032953,
              35.35958859
            ],
            [
              132.703261651,
              35.35959825
            ],
            [
              132.703350207,
              35.359592668
            ]
          ]
        ]
      },
      "properties": {
        "polygon_uuid": "5a57e00d-47c7-4d7e-913c-2a12b1b3f11d",
        "daicho_shubetsu_cd": "FUD25"
      }
    },
    {
      "type": "Feature",
      "geometry": {
        "type": "Polygon",
        "coordinates": [
          [
            [
              132.696064784,
              35.360778346
            ],
            [
              132.69608332,
              35.360431672
            ],
            [
              132.695892861,
              35.360411899
            ],
            [
              132.695869358,
              35.360762339
            ],
            [
              132.696064784,
              35.360778346
            ]
          ]
        ]
      },
      "properties": {
        "polygon_uuid": "f2ea1a9c-3e07-48e0-8e88-2a21c6668656",
        "daicho_shubetsu_cd": "FUD25"
      }
    },
    {
      "type": "Feature",
      "geometry": {
        "type": "Polygon",
        "coordinates": [
          [
            [
              132.694011104,
              35.361247701
            ],
            [
              132.694059472,
              35.360649528
            ],
            [
              132.693757726,
              35.360636064
            ],
            [
              132.6936866,
              35.360636231
            ],
            [
              132.693655459,
              35.361185336
            ],
            [
              132.693952424,
              35.361243589
            ],
            [
              132.694011104,
              35.361247701
            ]
          ]
        ]
      },
      "properties": {
        "polygon_uuid": "904a0b53-360b-4ec6-b957-2b769a166007",
        "daicho_shubetsu_cd": "FUD25"
      }
    },
    {
      "type": "Feature",
      "geometry": {
        "type": "Polygon",
        "coordinates": [
          [
            [
              132.690126949,
              35.364256726
            ],
            [
              132.690137246,
              35.364091575
            ],
            [
              132.689955199,
              35.364085112
            ],
            [
              132.689795194,
              35.364079431
            ],
            [
              132.689561434,
              35.364071132
            ],
            [
              132.689557338,
              35.364234641
            ],
            [
              132.689781739,
              35.364243342
            ],
            [
              132.689941027,
              35.364249518
            ],
            [
              132.690126949,
              35.364256726
            ]
          ]
        ]
      },
      "properties": {
        "polygon_uuid": "222d2a31-1f2f-4959-ba50-2c90ec611432",
        "daicho_shubetsu_cd": "FUD25"
      }
    },
    {
      "type": "Feature",
      "geometry": {
        "type": "Polygon",
        "coordinates": [
          [
            [
              132.695062428,
              35.362631843
            ],
            [
              132.695108622,
              35.3626435
            ],
            [
              132.695107279,
              35.36243742
            ],
            [
              132.695285607,
              35.362438905
            ],
            [
              132.695301825,
              35.362159166
            ],
            [
              132.695099956,
              35.36215099
            ],
            [
              132.695062428,
              35.362631843
            ]
          ]
        ]
      },
      "properties": {
        "polygon_uuid": "c606ed52-2a59-42e8-8474-2d1bd8d95682",
        "daicho_shubetsu_cd": "FUD25"
      }
    },
    {
      "type": "Feature",
      "geometry": {
        "type": "Polygon",
        "coordinates": [
          [
            [
              132.692494758,
              35.362847793
            ],
            [
              132.692510611,
              35.362472521
            ],
            [
              132.692322808,
              35.362472387
            ],
            [
              132.692173283,
              35.36246311
            ],
            [
              132.69211673,
              35.362463356
            ],
            [
              132.692089314,
              35.362491525
            ],
            [
              132.692058158,
              35.362918796
            ],
            [
              132.692484074,
              35.362938886
            ],
            [
              132.69248402,
              35.362920532
            ],
            [
              132.692494758,
              35.362847793
            ]
          ]
        ]
      },
      "properties": {
        "polygon_uuid": "28c75d37-c720-46b1-a9b0-2d38aa34134d",
        "daicho_shubetsu_cd": "FUD25"
      }
    },
    {
      "type": "Feature",
      "geometry": {
        "type": "Polygon",
        "coordinates": [
          [
            [
              132.695789807,
              35.364082084
            ],
            [
              132.695477953,
              35.363895764
            ],
            [
              132.69512664,
              35.36431734
            ],
            [
              132.695502482,
              35.364534369
            ],
            [
              132.695573904,
              35.364575611
            ],
            [
              132.695594874,
              35.364584902
            ],
            [
              132.695947285,
              35.364172168
            ],
            [
              132.695789807,
              35.364082084
            ]
          ]
        ]
      },
      "properties": {
        "polygon_uuid": "64b1ae15-2956-4879-98eb-2da4e47edffc",
        "daicho_shubetsu_cd": "FUD25"
      }
    },
    {
      "type": "Feature",
      "geometry": {
        "type": "Polygon",
        "coordinates": [
          [
            [
              132.703860234,
              35.36608147
            ],
            [
              132.70393971,
              35.366052252
            ],
            [
              132.703919103,
              35.36594818
            ],
            [
              132.703773608,
              35.365956357
            ],
            [
              132.703722699,
              35.365726274
            ],
            [
              132.703679511,
              35.365728363
            ],
            [
              132.703649119,
              35.365757028
            ],
            [
              132.703638183,
              35.365802256
            ],
            [
              132.703639682,
              35.365874201
            ],
            [
              132.703668832,
              35.366111681
            ],
            [
              132.703771466,
              35.366095668
            ],
            [
              132.703860234,
              35.36608147
            ]
          ]
        ]
      },
      "properties": {
        "polygon_uuid": "19b99c80-32fc-49b9-996b-2dde4197eba0",
        "daicho_shubetsu_cd": "FUD25"
      }
    },
    {
      "type": "Feature",
      "geometry": {
        "type": "Polygon",
        "coordinates": [
          [
            [
              132.705850145,
              35.361844026
            ],
            [
              132.705148626,
              35.361824278
            ],
            [
              132.705142281,
              35.361944154
            ],
            [
              132.70513768,
              35.361999783
            ],
            [
              132.705127624,
              35.362121345
            ],
            [
              132.705500169,
              35.362141571
            ],
            [
              132.705828875,
              35.362154689
            ],
            [
              132.705837589,
              35.362027414
            ],
            [
              132.705850145,
              35.361844026
            ]
          ]
        ]
      },
      "properties": {
        "polygon_uuid": "e5669ef1-8152-4575-aceb-2ed46a883f4b",
        "daicho_shubetsu_cd": "FUD25"
      }
    },
    {
      "type": "Feature",
      "geometry": {
        "type": "Polygon",
        "coordinates": [
          [
            [
              132.706780493,
              35.365102482
            ],
            [
              132.706559748,
              35.365070929
            ],
            [
              132.706286695,
              35.3650319
            ],
            [
              132.706176168,
              35.36505162
            ],
            [
              132.706160672,
              35.365264449
            ],
            [
              132.70642877,
              35.365261997
            ],
            [
              132.706474078,
              35.365163906
            ],
            [
              132.706544575,
              35.36517101
            ],
            [
              132.706581396,
              35.365174721
            ],
            [
              132.706784125,
              35.365160959
            ],
            [
              132.706780493,
              35.365102482
            ]
          ]
        ]
      },
      "properties": {
        "polygon_uuid": "11bf62d0-4f78-47cb-8f72-2f932a602ef1",
        "daicho_shubetsu_cd": "FUD25"
      }
    },
    {
      "type": "Feature",
      "geometry": {
        "type": "Polygon",
        "coordinates": [
          [
            [
              132.690255639,
              35.362808564
            ],
            [
              132.690286111,
              35.362377774
            ],
            [
              132.690013698,
              35.362366698
            ],
            [
              132.689993923,
              35.362797187
            ],
            [
              132.690255639,
              35.362808564
            ]
          ]
        ]
      },
      "properties": {
        "polygon_uuid": "6b824f55-72bb-43f8-bf46-2facbfe55536",
        "daicho_shubetsu_cd": "FUD25"
      }
    },
    {
      "type": "Feature",
      "geometry": {
        "type": "Polygon",
        "coordinates": [
          [
            [
              132.689322735,
              35.365694803
            ],
            [
              132.689593214,
              35.365629384
            ],
            [
              132.689567347,
              35.365474575
            ],
            [
              132.689316787,
              35.365501154
            ],
            [
              132.689322735,
              35.365694803
            ]
          ]
        ]
      },
      "properties": {
        "polygon_uuid": "d2c65a0f-9b03-41a1-97c5-2ff62760f6e6",
        "daicho_shubetsu_cd": "FUD25"
      }
    },
    {
      "type": "Feature",
      "geometry": {
        "type": "Polygon",
        "coordinates": [
          [
            [
              132.694077179,
              35.360650429
            ],
            [
              132.694104283,
              35.360281484
            ],
            [
              132.694113141,
              35.360165984
            ],
            [
              132.69348555,
              35.36014666
            ],
            [
              132.693451168,
              35.360627834
            ],
            [
              132.693478176,
              35.360628797
            ],
            [
              132.693579984,
              35.360632428
            ],
            [
              132.6936866,
              35.360636231
            ],
            [
              132.693757726,
              35.360636064
            ],
            [
              132.694059472,
              35.360649528
            ],
            [
              132.694077179,
              35.360650429
            ]
          ]
        ]
      },
      "properties": {
        "polygon_uuid": "f8c940ee-d1e2-44f4-b1b8-308c44c3d573",
        "daicho_shubetsu_cd": "FUD25"
      }
    },
    {
      "type": "Feature",
      "geometry": {
        "type": "Polygon",
        "coordinates": [
          [
            [
              132.697217264,
              35.365496431
            ],
            [
              132.697192333,
              35.36530954
            ],
            [
              132.696554283,
              35.365368321
            ],
            [
              132.696574214,
              35.365542938
            ],
            [
              132.696620346,
              35.36567494
            ],
            [
              132.696954243,
              35.365567067
            ],
            [
              132.697217264,
              35.365496431
            ]
          ]
        ]
      },
      "properties": {
        "polygon_uuid": "7a913e7e-2df6-496b-a140-30b0cae4e6a2",
        "daicho_shubetsu_cd": "FUD25"
      }
    },
    {
      "type": "Feature",
      "geometry": {
        "type": "Polygon",
        "coordinates": [
          [
            [
              132.702175536,
              35.361797434
            ],
            [
              132.702183722,
              35.361624151
            ],
            [
              132.702214234,
              35.361534844
            ],
            [
              132.702209078,
              35.361382002
            ],
            [
              132.702030268,
              35.36137817
            ],
            [
              132.702028569,
              35.361788492
            ],
            [
              132.702175536,
              35.361797434
            ]
          ]
        ]
      },
      "properties": {
        "polygon_uuid": "e03ed1f1-85ce-4a3f-a2cc-30ff671cb511",
        "daicho_shubetsu_cd": "FUD25"
      }
    },
    {
      "type": "Feature",
      "geometry": {
        "type": "Polygon",
        "coordinates": [
          [
            [
              132.697463598,
              35.362092001
            ],
            [
              132.697480745,
              35.361872868
            ],
            [
              132.697396562,
              35.361859817
            ],
            [
              132.697332964,
              35.361821626
            ],
            [
              132.697323221,
              35.361831574
            ],
            [
              132.697204793,
              35.361952488
            ],
            [
              132.697429024,
              35.362085782
            ],
            [
              132.697463598,
              35.362092001
            ]
          ]
        ]
      },
      "properties": {
        "polygon_uuid": "687fc4a3-7b50-4d5f-b69c-311999d6a6d6",
        "daicho_shubetsu_cd": "FUD25"
      }
    },
    {
      "type": "Feature",
      "geometry": {
        "type": "Polygon",
        "coordinates": [
          [
            [
              132.701768752,
              35.36177393
            ],
            [
              132.701859028,
              35.361778503
            ],
            [
              132.701863983,
              35.361370473
            ],
            [
              132.701668274,
              35.361367291
            ],
            [
              132.701653403,
              35.361382765
            ],
            [
              132.701643165,
              35.361402343
            ],
            [
              132.701635257,
              35.361775199
            ],
            [
              132.701741062,
              35.361784072
            ],
            [
              132.701768752,
              35.36177393
            ]
          ]
        ]
      },
      "properties": {
        "polygon_uuid": "ec8c8289-a501-433c-8c02-312caa76bce4",
        "daicho_shubetsu_cd": "FUD25"
      }
    },
    {
      "type": "Feature",
      "geometry": {
        "type": "Polygon",
        "coordinates": [
          [
            [
              132.700867417,
              35.366139211
            ],
            [
              132.701071347,
              35.366139547
            ],
            [
              132.701073292,
              35.365993978
            ],
            [
              132.700996698,
              35.365995572
            ],
            [
              132.700982034,
              35.365862609
            ],
            [
              132.700888653,
              35.365874317
            ],
            [
              132.700888014,
              35.366009857
            ],
            [
              132.700867417,
              35.366139211
            ]
          ]
        ]
      },
      "properties": {
        "polygon_uuid": "0bc2b417-35c8-4892-b658-3151b4b3e169",
        "daicho_shubetsu_cd": "FUD25"
      }
    },
    {
      "type": "Feature",
      "geometry": {
        "type": "Polygon",
        "coordinates": [
          [
            [
              132.70690748,
              35.365949925
            ],
            [
              132.707122277,
              35.365669305
            ],
            [
              132.706879566,
              35.365679795
            ],
            [
              132.70690748,
              35.365949925
            ]
          ]
        ]
      },
      "properties": {
        "polygon_uuid": "0938a878-39cd-48ae-a01e-317863da2b9c",
        "daicho_shubetsu_cd": "FUD25"
      }
    },
    {
      "type": "Feature",
      "geometry": {
        "type": "Polygon",
        "coordinates": [
          [
            [
              132.696485519,
              35.36510117
            ],
            [
              132.69642641,
              35.364660841
            ],
            [
              132.696410587,
              35.364649087
            ],
            [
              132.696388281,
              35.364649185
            ],
            [
              132.69635176,
              35.364682665
            ],
            [
              132.696181421,
              35.364891657
            ],
            [
              132.696162253,
              35.364912895
            ],
            [
              132.696485519,
              35.36510117
            ]
          ]
        ]
      },
      "properties": {
        "polygon_uuid": "365b3ee2-8157-47af-807a-31c39c2eb1b5",
        "daicho_shubetsu_cd": "FUD25"
      }
    },
    {
      "type": "Feature",
      "geometry": {
        "type": "Polygon",
        "coordinates": [
          [
            [
              132.696331174,
              35.360324446999996
            ],
            [
              132.696376125,
              35.359626397
            ],
            [
              132.696154372,
              35.359616519
            ],
            [
              132.696125084,
              35.360080203
            ],
            [
              132.696117926,
              35.360316198
            ],
            [
              132.696331174,
              35.360324446999996
            ]
          ]
        ]
      },
      "properties": {
        "polygon_uuid": "62feddfe-e628-4fc8-aee8-31ce49b63104",
        "daicho_shubetsu_cd": "FUD25"
      }
    },
    {
      "type": "Feature",
      "geometry": {
        "type": "Polygon",
        "coordinates": [
          [
            [
              132.700817869,
              35.36613114
            ],
            [
              132.700828637,
              35.36606057
            ],
            [
              132.700595534,
              35.366034041
            ],
            [
              132.700424739,
              35.366036915
            ],
            [
              132.700412864,
              35.366123903
            ],
            [
              132.70050006,
              35.366123325
            ],
            [
              132.700817869,
              35.36613114
            ]
          ]
        ]
      },
      "properties": {
        "polygon_uuid": "374d30b3-1f1f-48fb-8cf2-31e7b7db5d1a",
        "daicho_shubetsu_cd": "FUD25"
      }
    },
    {
      "type": "Feature",
      "geometry": {
        "type": "Polygon",
        "coordinates": [
          [
            [
              132.697028978,
              35.359469312
            ],
            [
              132.697019992,
              35.3596122
            ],
            [
              132.697643658,
              35.359649267
            ],
            [
              132.697654176,
              35.359493672
            ],
            [
              132.697028978,
              35.359469312
            ]
          ]
        ]
      },
      "properties": {
        "polygon_uuid": "4439ad76-c73c-4fe9-a68c-33b5e15560c2",
        "daicho_shubetsu_cd": "FUD25"
      }
    },
    {
      "type": "Feature",
      "geometry": {
        "type": "Polygon",
        "coordinates": [
          [
            [
              132.701298467,
              35.362096222
            ],
            [
              132.701287247,
              35.361961095
            ],
            [
              132.701115866,
              35.361971407
            ],
            [
              132.701138812,
              35.362111693
            ],
            [
              132.70115978,
              35.362112122
            ],
            [
              132.701298467,
              35.362096222
            ]
          ]
        ]
      },
      "properties": {
        "polygon_uuid": "58cfd29e-1436-4db5-ad8e-33bc41351365",
        "daicho_shubetsu_cd": "FUD25"
      }
    },
    {
      "type": "Feature",
      "geometry": {
        "type": "Polygon",
        "coordinates": [
          [
            [
              132.70063032,
              35.366790611
            ],
            [
              132.700563336,
              35.366646855
            ],
            [
              132.700307678,
              35.366732784
            ],
            [
              132.700369826,
              35.366852166
            ],
            [
              132.700471124,
              35.36681251
            ],
            [
              132.700525598,
              35.366812269
            ],
            [
              132.70063032,
              35.366790611
            ]
          ]
        ]
      },
      "properties": {
        "polygon_uuid": "7c740852-5c25-43bc-a168-3416747529ed",
        "daicho_shubetsu_cd": "FUD25"
      }
    },
    {
      "type": "Feature",
      "geometry": {
        "type": "Polygon",
        "coordinates": [
          [
            [
              132.695869358,
              35.360762339
            ],
            [
              132.695892861,
              35.360411899
            ],
            [
              132.695674372,
              35.36035831
            ],
            [
              132.695585469,
              35.360626209
            ],
            [
              132.69538548,
              35.360607402
            ],
            [
              132.695376398,
              35.360721961
            ],
            [
              132.695661647,
              35.360745326
            ],
            [
              132.695869358,
              35.360762339
            ]
          ]
        ]
      },
      "properties": {
        "polygon_uuid": "0bba8a0b-2ab3-4ef8-aa9c-34332f0be1c2",
        "daicho_shubetsu_cd": "FUD25"
      }
    },
    {
      "type": "Feature",
      "geometry": {
        "type": "Polygon",
        "coordinates": [
          [
            [
              132.695104966,
              35.362707908
            ],
            [
              132.69511225,
              35.362694287
            ],
            [
              132.695102955,
              35.36268225
            ],
            [
              132.695055885,
              35.362671132
            ],
            [
              132.69463505,
              35.3625771
            ],
            [
              132.694617624,
              35.36259001
            ],
            [
              132.694603138,
              35.362771247
            ],
            [
              132.694680571,
              35.362774683
            ],
            [
              132.694682155,
              35.362876586
            ],
            [
              132.694692572,
              35.362919569
            ],
            [
              132.694707346,
              35.362924034
            ],
            [
              132.694750554,
              35.362907992
            ],
            [
              132.695104966,
              35.362707908
            ]
          ]
        ]
      },
      "properties": {
        "polygon_uuid": "835638bd-e5ee-4c33-a635-34ececb4b082",
        "daicho_shubetsu_cd": "FUD25"
      }
    },
    {
      "type": "Feature",
      "geometry": {
        "type": "Polygon",
        "coordinates": [
          [
            [
              132.696575435,
              35.361590923
            ],
            [
              132.696472034,
              35.361561851
            ],
            [
              132.696385085,
              35.361543444
            ],
            [
              132.696246146,
              35.361492347
            ],
            [
              132.696131529,
              35.36160092
            ],
            [
              132.696468066,
              35.361706807
            ],
            [
              132.696608463,
              35.361631039
            ],
            [
              132.696575435,
              35.361590923
            ]
          ]
        ]
      },
      "properties": {
        "polygon_uuid": "cae158ff-334a-4a88-92fc-363658f2838c",
        "daicho_shubetsu_cd": "FUD25"
      }
    },
    {
      "type": "Feature",
      "geometry": {
        "type": "Polygon",
        "coordinates": [
          [
            [
              132.69744807,
              35.362344678
            ],
            [
              132.69745076,
              35.362300873
            ],
            [
              132.69745461,
              35.362203859
            ],
            [
              132.697410076,
              35.362178612
            ],
            [
              132.697328596,
              35.362290773
            ],
            [
              132.69744807,
              35.362344678
            ]
          ]
        ]
      },
      "properties": {
        "polygon_uuid": "8ca2d7c2-da94-48d8-93eb-3736d05f1d47",
        "daicho_shubetsu_cd": "FUD25"
      }
    },
    {
      "type": "Feature",
      "geometry": {
        "type": "Polygon",
        "coordinates": [
          [
            [
              132.697574442,
              35.361330218
            ],
            [
              132.698167808,
              35.361356464
            ],
            [
              132.698178716,
              35.361185716
            ],
            [
              132.697588224,
              35.361160928
            ],
            [
              132.697574442,
              35.361330218
            ]
          ]
        ]
      },
      "properties": {
        "polygon_uuid": "a912c979-2f74-4941-b8df-374bab979bff",
        "daicho_shubetsu_cd": "FUD25"
      }
    },
    {
      "type": "Feature",
      "geometry": {
        "type": "Polygon",
        "coordinates": [
          [
            [
              132.692685581,
              35.366732809
            ],
            [
              132.692241582,
              35.366474341
            ],
            [
              132.691917273,
              35.366285547
            ],
            [
              132.691577438,
              35.366689297
            ],
            [
              132.691618151,
              35.366712057
            ],
            [
              132.692255307,
              35.367080508
            ],
            [
              132.692317471,
              35.36710563
            ],
            [
              132.69236317,
              35.367095758
            ],
            [
              132.692394035,
              35.367075068
            ],
            [
              132.692685581,
              35.366732809
            ]
          ]
        ]
      },
      "properties": {
        "polygon_uuid": "4a4dfb5a-c518-4b8f-8800-38006d3f5efb",
        "daicho_shubetsu_cd": "FUD25"
      }
    },
    {
      "type": "Feature",
      "geometry": {
        "type": "Polygon",
        "coordinates": [
          [
            [
              132.700225164,
              35.360607126
            ],
            [
              132.700202858,
              35.360627945
            ],
            [
              132.700181829,
              35.360939196
            ],
            [
              132.700724606,
              35.360964155
            ],
            [
              132.700738107,
              35.360791931
            ],
            [
              132.700748502,
              35.360659338
            ],
            [
              132.700750585,
              35.360632778
            ],
            [
              132.700225164,
              35.360607126
            ]
          ]
        ]
      },
      "properties": {
        "polygon_uuid": "d8a033df-5f26-4537-b128-38e41c2cec55",
        "daicho_shubetsu_cd": "FUD25"
      }
    },
    {
      "type": "Feature",
      "geometry": {
        "type": "Polygon",
        "coordinates": [
          [
            [
              132.695367512,
              35.36040214
            ],
            [
              132.694914995,
              35.36034686
            ],
            [
              132.694849372,
              35.360500138
            ],
            [
              132.695076676,
              35.360520616
            ],
            [
              132.695078761,
              35.360505397
            ],
            [
              132.695334443,
              35.360523068
            ],
            [
              132.695373253,
              35.36044506
            ],
            [
              132.695367512,
              35.36040214
            ]
          ]
        ]
      },
      "properties": {
        "polygon_uuid": "1ddb0360-33af-45d7-95f8-3a3349838fac",
        "daicho_shubetsu_cd": "FUD25"
      }
    },
    {
      "type": "Feature",
      "geometry": {
        "type": "Polygon",
        "coordinates": [
          [
            [
              132.704969744,
              35.363466524
            ],
            [
              132.704994856,
              35.363505126
            ],
            [
              132.705021187,
              35.363536164
            ],
            [
              132.70541319,
              35.36350698
            ],
            [
              132.705649503,
              35.363461104
            ],
            [
              132.705684938,
              35.363452466
            ],
            [
              132.705714394,
              35.363434164
            ],
            [
              132.705726111,
              35.363417152
            ],
            [
              132.705764679,
              35.363212251
            ],
            [
              132.705790886,
              35.362772922
            ],
            [
              132.704846713,
              35.362845531
            ],
            [
              132.704889009,
              35.363206737
            ],
            [
              132.705005771,
              35.363197715
            ],
            [
              132.705023029,
              35.363323373
            ],
            [
              132.704949437,
              35.363327439
            ],
            [
              132.704969744,
              35.363466524
            ]
          ]
        ]
      },
      "properties": {
        "polygon_uuid": "92b27fb3-8733-41a5-8558-3a6930555c38",
        "daicho_shubetsu_cd": "FUD25"
      }
    },
    {
      "type": "Feature",
      "geometry": {
        "type": "Polygon",
        "coordinates": [
          [
            [
              132.69794513,
              35.366315787
            ],
            [
              132.69792001,
              35.366120032
            ],
            [
              132.697898847,
              35.366050165
            ],
            [
              132.697555057,
              35.366115275
            ],
            [
              132.69756377,
              35.366143954
            ],
            [
              132.697589405,
              35.366248869
            ],
            [
              132.697710593,
              35.366246106
            ],
            [
              132.697849316,
              35.366217608
            ],
            [
              132.697865951,
              35.366262156
            ],
            [
              132.697897302,
              35.366266481
            ],
            [
              132.69790176,
              35.366323353
            ],
            [
              132.69794513,
              35.366315787
            ]
          ]
        ]
      },
      "properties": {
        "polygon_uuid": "0f7d08ee-f914-4e5a-999d-3b131266268b",
        "daicho_shubetsu_cd": "FUD25"
      }
    },
    {
      "type": "Feature",
      "geometry": {
        "type": "Polygon",
        "coordinates": [
          [
            [
              132.694457501,
              35.365867117
            ],
            [
              132.694096438,
              35.365651117
            ],
            [
              132.693844878,
              35.365507112
            ],
            [
              132.693802827,
              35.365497623
            ],
            [
              132.693758215,
              35.365497817
            ],
            [
              132.693704828,
              35.365536993
            ],
            [
              132.693532816,
              35.36592758
            ],
            [
              132.694119573,
              35.366263593
            ],
            [
              132.694457501,
              35.365867117
            ]
          ]
        ]
      },
      "properties": {
        "polygon_uuid": "750c805a-f4f8-48d6-b1a2-3b4d5cfcc872",
        "daicho_shubetsu_cd": "FUD25"
      }
    },
    {
      "type": "Feature",
      "geometry": {
        "type": "Polygon",
        "coordinates": [
          [
            [
              132.704863241,
              35.36100476
            ],
            [
              132.70504966,
              35.361002702
            ],
            [
              132.705071211,
              35.360969486
            ],
            [
              132.705017379,
              35.360696624
            ],
            [
              132.705001927,
              35.360679104
            ],
            [
              132.704946753,
              35.360684375
            ],
            [
              132.704927522,
              35.360641466
            ],
            [
              132.704863241,
              35.36100476
            ]
          ]
        ]
      },
      "properties": {
        "polygon_uuid": "9d62789c-f5fc-45c5-8abd-3c785194b72b",
        "daicho_shubetsu_cd": "FUD25"
      }
    },
    {
      "type": "Feature",
      "geometry": {
        "type": "Polygon",
        "coordinates": [
          [
            [
              132.697118957,
              35.366545583
            ],
            [
              132.696996904,
              35.366249164
            ],
            [
              132.696862632,
              35.366296393
            ],
            [
              132.6967413,
              35.366343564
            ],
            [
              132.696852289,
              35.36661876
            ],
            [
              132.697118957,
              35.366545583
            ]
          ]
        ]
      },
      "properties": {
        "polygon_uuid": "0128b65f-32ce-41d8-a092-3ccc797b0d4b",
        "daicho_shubetsu_cd": "FUD25"
      }
    },
    {
      "type": "Feature",
      "geometry": {
        "type": "Polygon",
        "coordinates": [
          [
            [
              132.701874535,
              35.365721963
            ],
            [
              132.701860027,
              35.365612845
            ],
            [
              132.701594682,
              35.365626255
            ],
            [
              132.701608103,
              35.365744791
            ],
            [
              132.701874535,
              35.365721963
            ]
          ]
        ]
      },
      "properties": {
        "polygon_uuid": "c496510c-ed25-435c-ae88-3ccfd4f8baef",
        "daicho_shubetsu_cd": "FUD25"
      }
    },
    {
      "type": "Feature",
      "geometry": {
        "type": "Polygon",
        "coordinates": [
          [
            [
              132.697156469,
              35.367093951
            ],
            [
              132.69734544,
              35.36704524
            ],
            [
              132.697432951,
              35.36702071
            ],
            [
              132.697245036,
              35.366552564
            ],
            [
              132.696854243,
              35.366657555
            ],
            [
              132.697050076,
              35.367122986
            ],
            [
              132.697156469,
              35.367093951
            ]
          ]
        ]
      },
      "properties": {
        "polygon_uuid": "412bac73-87b4-4088-baab-3cd864a554c7",
        "daicho_shubetsu_cd": "FUD25"
      }
    },
    {
      "type": "Feature",
      "geometry": {
        "type": "Polygon",
        "coordinates": [
          [
            [
              132.694879233,
              35.362108045
            ],
            [
              132.694910553,
              35.361605771
            ],
            [
              132.694541531,
              35.361590477
            ],
            [
              132.694530565,
              35.361792754
            ],
            [
              132.694514066,
              35.362097041
            ],
            [
              132.694879233,
              35.362108045
            ]
          ]
        ]
      },
      "properties": {
        "polygon_uuid": "b93771f6-3a41-470d-8e1d-3d26497bbd7c",
        "daicho_shubetsu_cd": "FUD25"
      }
    },
    {
      "type": "Feature",
      "geometry": {
        "type": "Polygon",
        "coordinates": [
          [
            [
              132.703678752,
              35.361414925
            ],
            [
              132.703702655,
              35.36105821
            ],
            [
              132.703501173,
              35.361034207
            ],
            [
              132.703486011,
              35.361092873
            ],
            [
              132.70310652,
              35.360997115
            ],
            [
              132.703075104,
              35.361211831
            ],
            [
              132.70308162,
              35.361256388
            ],
            [
              132.703113994,
              35.361274141
            ],
            [
              132.70364832,
              35.361415716
            ],
            [
              132.703678752,
              35.361414925
            ]
          ]
        ]
      },
      "properties": {
        "polygon_uuid": "de4032be-9057-46bc-bd35-3d4f2f24046c",
        "daicho_shubetsu_cd": "FUD25"
      }
    },
    {
      "type": "Feature",
      "geometry": {
        "type": "Polygon",
        "coordinates": [
          [
            [
              132.707090353,
              35.365271241
            ],
            [
              132.707114371,
              35.365471952
            ],
            [
              132.707124425,
              35.365555968
            ],
            [
              132.70713942,
              35.365646909
            ],
            [
              132.707286735,
              35.36545445
            ],
            [
              132.707302582,
              35.365433746
            ],
            [
              132.707466198,
              35.365232728
            ],
            [
              132.707324579,
              35.365243838
            ],
            [
              132.707120623,
              35.365267699
            ],
            [
              132.707090353,
              35.365271241
            ]
          ]
        ]
      },
      "properties": {
        "polygon_uuid": "85e0dc28-f08a-4217-b325-3d8190c8fdc5",
        "daicho_shubetsu_cd": "FUD25"
      }
    },
    {
      "type": "Feature",
      "geometry": {
        "type": "Polygon",
        "coordinates": [
          [
            [
              132.705296914,
              35.361051276
            ],
            [
              132.705203281,
              35.360650423
            ],
            [
              132.705035212,
              35.360632064
            ],
            [
              132.705122038,
              35.36106161
            ],
            [
              132.705296914,
              35.361051276
            ]
          ]
        ]
      },
      "properties": {
        "polygon_uuid": "a16f6bfa-d4a2-4707-86ad-3d9d8fe345a4",
        "daicho_shubetsu_cd": "FUD25"
      }
    },
    {
      "type": "Feature",
      "geometry": {
        "type": "Polygon",
        "coordinates": [
          [
            [
              132.690462868,
              35.361882186
            ],
            [
              132.690697243,
              35.361890632
            ],
            [
              132.690765904,
              35.361893106
            ],
            [
              132.690926898,
              35.36158501
            ],
            [
              132.690484993,
              35.361575703
            ],
            [
              132.690462868,
              35.361882186
            ]
          ]
        ]
      },
      "properties": {
        "polygon_uuid": "1d717bef-a43a-4113-a096-3e91254e043a",
        "daicho_shubetsu_cd": "FUD25"
      }
    },
    {
      "type": "Feature",
      "geometry": {
        "type": "Polygon",
        "coordinates": [
          [
            [
              132.693272561,
              35.360621463
            ],
            [
              132.693253503,
              35.361102478
            ],
            [
              132.693444603,
              35.361143082
            ],
            [
              132.693478176,
              35.360628797
            ],
            [
              132.693451168,
              35.360627834
            ],
            [
              132.693272561,
              35.360621463
            ]
          ]
        ]
      },
      "properties": {
        "polygon_uuid": "04a23900-72f6-4212-8e65-41196ee9ed22",
        "daicho_shubetsu_cd": "FUD25"
      }
    },
    {
      "type": "Feature",
      "geometry": {
        "type": "Polygon",
        "coordinates": [
          [
            [
              132.702908358,
              35.36687452
            ],
            [
              132.702571954,
              35.366994335
            ],
            [
              132.702460619,
              35.367037718
            ],
            [
              132.70249113,
              35.367131407
            ],
            [
              132.702634949,
              35.367106133
            ],
            [
              132.702832777,
              35.367047369
            ],
            [
              132.702951368,
              35.366996017
            ],
            [
              132.702908358,
              35.36687452
            ]
          ]
        ]
      },
      "properties": {
        "polygon_uuid": "ad15cf3a-b49e-4462-a73e-412458ad7c14",
        "daicho_shubetsu_cd": "FUD25"
      }
    },
    {
      "type": "Feature",
      "geometry": {
        "type": "Polygon",
        "coordinates": [
          [
            [
              132.701138812,
              35.362111693
            ],
            [
              132.701115866,
              35.361971407
            ],
            [
              132.700926546,
              35.361913964
            ],
            [
              132.700796008,
              35.362104667
            ],
            [
              132.701138812,
              35.362111693
            ]
          ]
        ]
      },
      "properties": {
        "polygon_uuid": "25658670-7c1a-4ff6-898e-42039732f52e",
        "daicho_shubetsu_cd": "FUD25"
      }
    },
    {
      "type": "Feature",
      "geometry": {
        "type": "Polygon",
        "coordinates": [
          [
            [
              132.693050017,
              35.360610611
            ],
            [
              132.693028058,
              35.360609487
            ],
            [
              132.692872444,
              35.360601519
            ],
            [
              132.692823033,
              35.360598989
            ],
            [
              132.692794599,
              35.361017161
            ],
            [
              132.69302302,
              35.361059737
            ],
            [
              132.693050017,
              35.360610611
            ]
          ]
        ]
      },
      "properties": {
        "polygon_uuid": "108ac2a7-64a9-4d90-bc7f-420ad92be875",
        "daicho_shubetsu_cd": "FUD25"
      }
    },
    {
      "type": "Feature",
      "geometry": {
        "type": "Polygon",
        "coordinates": [
          [
            [
              132.694104283,
              35.360281484
            ],
            [
              132.694217164,
              35.360288442
            ],
            [
              132.694215557,
              35.360178773
            ],
            [
              132.694113141,
              35.360165984
            ],
            [
              132.694104283,
              35.360281484
            ]
          ]
        ]
      },
      "properties": {
        "polygon_uuid": "04090d77-a9bd-413c-9fef-428e823a2dc1",
        "daicho_shubetsu_cd": "FUD25"
      }
    },
    {
      "type": "Feature",
      "geometry": {
        "type": "Polygon",
        "coordinates": [
          [
            [
              132.699406327,
              35.365168004
            ],
            [
              132.699376144,
              35.364842867
            ],
            [
              132.699371547,
              35.364805861
            ],
            [
              132.698428721,
              35.364883936
            ],
            [
              132.6984616,
              35.365179231
            ],
            [
              132.698487217,
              35.365258924
            ],
            [
              132.698699582,
              35.36522776
            ],
            [
              132.699004952,
              35.365197395
            ],
            [
              132.699406327,
              35.365168004
            ]
          ]
        ]
      },
      "properties": {
        "polygon_uuid": "86539f1e-5ff1-4a9c-9535-42eaa6dbaaef",
        "daicho_shubetsu_cd": "FUD25"
      }
    },
    {
      "type": "Feature",
      "geometry": {
        "type": "Polygon",
        "coordinates": [
          [
            [
              132.689567347,
              35.365474575
            ],
            [
              132.689778854,
              35.365446752
            ],
            [
              132.689725685,
              35.365067381
            ],
            [
              132.689718635,
              35.365046637
            ],
            [
              132.689697891,
              35.365047671
            ],
            [
              132.689282133,
              35.365108959
            ],
            [
              132.689316787,
              35.365501154
            ],
            [
              132.689567347,
              35.365474575
            ]
          ]
        ]
      },
      "properties": {
        "polygon_uuid": "6cbdf49d-ecd9-4d49-acfc-42fc8b0e1c79",
        "daicho_shubetsu_cd": "FUD25"
      }
    },
    {
      "type": "Feature",
      "geometry": {
        "type": "Polygon",
        "coordinates": [
          [
            [
              132.706263766,
              35.366169008
            ],
            [
              132.706264249,
              35.365963216
            ],
            [
              132.705843204,
              35.366005255
            ],
            [
              132.705786576,
              35.366014292
            ],
            [
              132.705785319,
              35.366055712
            ],
            [
              132.705788098,
              35.366146072
            ],
            [
              132.706081548,
              35.366135964
            ],
            [
              132.706085508,
              35.366198217
            ],
            [
              132.706263766,
              35.366169008
            ]
          ]
        ]
      },
      "properties": {
        "polygon_uuid": "d30936df-720b-4039-a266-43e82d763d81",
        "daicho_shubetsu_cd": "FUD25"
      }
    },
    {
      "type": "Feature",
      "geometry": {
        "type": "Polygon",
        "coordinates": [
          [
            [
              132.688917063,
              35.362324272
            ],
            [
              132.688807092,
              35.36232202
            ],
            [
              132.688792221,
              35.362333917
            ],
            [
              132.688765452,
              35.362744374
            ],
            [
              132.688884464,
              35.362753427
            ],
            [
              132.688917063,
              35.362324272
            ]
          ]
        ]
      },
      "properties": {
        "polygon_uuid": "fefbb5d7-61bb-4fd5-9e06-44552a8c32f8",
        "daicho_shubetsu_cd": "FUD25"
      }
    },
    {
      "type": "Feature",
      "geometry": {
        "type": "Polygon",
        "coordinates": [
          [
            [
              132.6942377,
              35.365064707
            ],
            [
              132.694441149,
              35.365179103
            ],
            [
              132.694815693,
              35.36539589
            ],
            [
              132.695177208,
              35.364988432
            ],
            [
              132.695161192,
              35.364978906
            ],
            [
              132.694582447,
              35.364657236
            ],
            [
              132.6942377,
              35.365064707
            ]
          ]
        ]
      },
      "properties": {
        "polygon_uuid": "f60cb577-1030-4f32-90aa-4496386d0a00",
        "daicho_shubetsu_cd": "FUD25"
      }
    },
    {
      "type": "Feature",
      "geometry": {
        "type": "Polygon",
        "coordinates": [
          [
            [
              132.699226068,
              35.363998138
            ],
            [
              132.699175835,
              35.36355571
            ],
            [
              132.699153184,
              35.363356212
            ],
            [
              132.698822497,
              35.363386484
            ],
            [
              132.698829828,
              35.363434597
            ],
            [
              132.698265008,
              35.363475777
            ],
            [
              132.698328116,
              35.364028679
            ],
            [
              132.698370358,
              35.364067187
            ],
            [
              132.699226068,
              35.363998138
            ]
          ]
        ]
      },
      "properties": {
        "polygon_uuid": "f5b3e2da-58f7-49d1-b351-45c52313dca7",
        "daicho_shubetsu_cd": "FUD25"
      }
    },
    {
      "type": "Feature",
      "geometry": {
        "type": "Polygon",
        "coordinates": [
          [
            [
              132.696502568,
              35.364913077
            ],
            [
              132.697133064,
              35.364865251
            ],
            [
              132.697101013,
              35.364624991
            ],
            [
              132.696475401,
              35.364668042
            ],
            [
              132.696502568,
              35.364913077
            ]
          ]
        ]
      },
      "properties": {
        "polygon_uuid": "fc2a0dae-3ecb-452b-af1e-460eac9d9564",
        "daicho_shubetsu_cd": "FUD25"
      }
    },
    {
      "type": "Feature",
      "geometry": {
        "type": "Polygon",
        "coordinates": [
          [
            [
              132.702038082,
              35.359995026
            ],
            [
              132.70203286,
              35.360054596
            ],
            [
              132.702030959,
              35.36016903
            ],
            [
              132.70250686,
              35.360185878
            ],
            [
              132.702701858,
              35.360040436
            ],
            [
              132.702700609,
              35.360028021
            ],
            [
              132.702038082,
              35.359995026
            ]
          ]
        ]
      },
      "properties": {
        "polygon_uuid": "31d07b0f-eda8-4cdf-9d09-465ebe323fb2",
        "daicho_shubetsu_cd": "FUD25"
      }
    },
    {
      "type": "Feature",
      "geometry": {
        "type": "Polygon",
        "coordinates": [
          [
            [
              132.696130856,
              35.362885177
            ],
            [
              132.696052963,
              35.362711396
            ],
            [
              132.695834944,
              35.362780065
            ],
            [
              132.695901005,
              35.362950271
            ],
            [
              132.696130856,
              35.362885177
            ]
          ]
        ]
      },
      "properties": {
        "polygon_uuid": "1afc67d9-016b-458c-bd3d-46e9cfca9021",
        "daicho_shubetsu_cd": "FUD25"
      }
    },
    {
      "type": "Feature",
      "geometry": {
        "type": "Polygon",
        "coordinates": [
          [
            [
              132.693175656,
              35.361601633
            ],
            [
              132.693187185,
              35.361255154
            ],
            [
              132.69258289,
              35.361230222
            ],
            [
              132.692572184,
              35.361370251
            ],
            [
              132.692559601,
              35.361573746
            ],
            [
              132.692592879,
              35.361575097
            ],
            [
              132.693175656,
              35.361601633
            ]
          ]
        ]
      },
      "properties": {
        "polygon_uuid": "019630ee-a1c6-442b-a839-472de68de525",
        "daicho_shubetsu_cd": "FUD25"
      }
    },
    {
      "type": "Feature",
      "geometry": {
        "type": "Polygon",
        "coordinates": [
          [
            [
              132.700583854,
              35.366564269
            ],
            [
              132.70050006,
              35.366123325
            ],
            [
              132.700412864,
              35.366123903
            ],
            [
              132.700367946,
              35.366127448
            ],
            [
              132.700356228,
              35.366192894
            ],
            [
              132.700340361,
              35.366281514
            ],
            [
              132.700407506,
              35.366624517
            ],
            [
              132.700469677,
              35.366605356
            ],
            [
              132.700583854,
              35.366564269
            ]
          ]
        ]
      },
      "properties": {
        "polygon_uuid": "5bd6cee2-7ef1-42a4-bcaf-485522a35370",
        "daicho_shubetsu_cd": "FUD25"
      }
    },
    {
      "type": "Feature",
      "geometry": {
        "type": "Polygon",
        "coordinates": [
          [
            [
              132.697454545,
              35.362643994
            ],
            [
              132.698036154,
              35.362674921
            ],
            [
              132.698079003,
              35.36266507
            ],
            [
              132.698090561,
              35.362461116
            ],
            [
              132.698108027,
              35.362175465
            ],
            [
              132.697490272,
              35.36215152
            ],
            [
              132.697488672,
              35.362175009
            ],
            [
              132.69746054,
              35.362546971
            ],
            [
              132.697454545,
              35.362643994
            ]
          ]
        ]
      },
      "properties": {
        "polygon_uuid": "28723d3b-a172-4066-a2ed-4865615831b9",
        "daicho_shubetsu_cd": "FUD25"
      }
    },
    {
      "type": "Feature",
      "geometry": {
        "type": "Polygon",
        "coordinates": [
          [
            [
              132.691840163,
              35.360678836
            ],
            [
              132.691907213,
              35.360289548
            ],
            [
              132.691975917,
              35.359890659
            ],
            [
              132.691805404,
              35.359850377
            ],
            [
              132.691753579,
              35.359857684
            ],
            [
              132.69171223,
              35.359880527
            ],
            [
              132.691671422,
              35.359986937
            ],
            [
              132.691615895,
              35.360223721
            ],
            [
              132.6915466,
              35.36047048
            ],
            [
              132.691486983,
              35.360609549
            ],
            [
              132.691840163,
              35.360678836
            ]
          ]
        ]
      },
      "properties": {
        "polygon_uuid": "101f9b80-4bfd-481d-8d6e-499ba5db10fb",
        "daicho_shubetsu_cd": "FUD25"
      }
    },
    {
      "type": "Feature",
      "geometry": {
        "type": "Polygon",
        "coordinates": [
          [
            [
              132.696268354,
              35.367043995
            ],
            [
              132.696393352,
              35.366998826
            ],
            [
              132.69642187,
              35.36698643
            ],
            [
              132.696440797,
              35.366965152
            ],
            [
              132.696435168,
              35.366937288
            ],
            [
              132.696354957,
              35.36675023
            ],
            [
              132.696319161,
              35.366697332
            ],
            [
              132.696266943,
              35.366627601
            ],
            [
              132.696207391,
              35.366623622
            ],
            [
              132.695892662,
              35.366863809
            ],
            [
              132.696119328,
              35.366764457
            ],
            [
              132.696268354,
              35.367043995
            ]
          ]
        ]
      },
      "properties": {
        "polygon_uuid": "3602e9ab-2651-4eed-a9d0-4a19dc311d82",
        "daicho_shubetsu_cd": "FUD25"
      }
    },
    {
      "type": "Feature",
      "geometry": {
        "type": "Polygon",
        "coordinates": [
          [
            [
              132.701921062,
              35.361337979
            ],
            [
              132.701924863,
              35.361205991
            ],
            [
              132.701782443,
              35.36119347
            ],
            [
              132.701360696,
              35.361156389
            ],
            [
              132.701323612,
              35.361299671
            ],
            [
              132.701345898,
              35.361318681
            ],
            [
              132.701658534,
              35.361328762
            ],
            [
              132.701921062,
              35.361337979
            ]
          ]
        ]
      },
      "properties": {
        "polygon_uuid": "af2655db-c170-4e4c-9fc4-4a4d099bd49f",
        "daicho_shubetsu_cd": "FUD25"
      }
    },
    {
      "type": "Feature",
      "geometry": {
        "type": "Polygon",
        "coordinates": [
          [
            [
              132.689561434,
              35.364071132
            ],
            [
              132.689795194,
              35.364079431
            ],
            [
              132.689955199,
              35.364085112
            ],
            [
              132.690137246,
              35.364091575
            ],
            [
              132.690144106,
              35.363981554
            ],
            [
              132.689564366,
              35.363954102
            ],
            [
              132.689561434,
              35.364071132
            ]
          ]
        ]
      },
      "properties": {
        "polygon_uuid": "154f974d-2df7-4dab-89ad-4a72ea93e7e7",
        "daicho_shubetsu_cd": "FUD25"
      }
    },
    {
      "type": "Feature",
      "geometry": {
        "type": "Polygon",
        "coordinates": [
          [
            [
              132.691510256,
              35.362153174
            ],
            [
              132.690715597,
              35.362122503
            ],
            [
              132.690700837,
              35.362196264
            ],
            [
              132.690689796,
              35.362312655
            ],
            [
              132.690710763,
              35.362346558
            ],
            [
              132.690924274,
              35.362356277
            ],
            [
              132.691405464,
              35.362364842
            ],
            [
              132.691510256,
              35.362153174
            ]
          ]
        ]
      },
      "properties": {
        "polygon_uuid": "5838b13e-86e4-4ae5-a0f4-4b2f9f3808bb",
        "daicho_shubetsu_cd": "FUD25"
      }
    },
    {
      "type": "Feature",
      "geometry": {
        "type": "Polygon",
        "coordinates": [
          [
            [
              132.691629477,
              35.362665954
            ],
            [
              132.691549765,
              35.362978563
            ],
            [
              132.692005389,
              35.362995002
            ],
            [
              132.69202063,
              35.362683421
            ],
            [
              132.691629477,
              35.362665954
            ]
          ]
        ]
      },
      "properties": {
        "polygon_uuid": "9ee5acb8-a38e-4659-99c8-4b325f3350cc",
        "daicho_shubetsu_cd": "FUD25"
      }
    },
    {
      "type": "Feature",
      "geometry": {
        "type": "Polygon",
        "coordinates": [
          [
            [
              132.696335232,
              35.360639354
            ],
            [
              132.696946701,
              35.360675155
            ],
            [
              132.696951116,
              35.360620808
            ],
            [
              132.696964409,
              35.360457161
            ],
            [
              132.696350871,
              35.3604343
            ],
            [
              132.696336409,
              35.360620401
            ],
            [
              132.696335232,
              35.360639354
            ]
          ]
        ]
      },
      "properties": {
        "polygon_uuid": "7d541419-184b-4288-9f6d-4b7f1c7716f4",
        "daicho_shubetsu_cd": "FUD25"
      }
    },
    {
      "type": "Feature",
      "geometry": {
        "type": "Polygon",
        "coordinates": [
          [
            [
              132.692005931,
              35.364008955
            ],
            [
              132.691998986,
              35.364114177
            ],
            [
              132.692503708,
              35.364136763
            ],
            [
              132.692508711,
              35.364055514
            ],
            [
              132.692509901,
              35.364036168
            ],
            [
              132.692517594,
              35.363947517
            ],
            [
              132.692519123,
              35.363929896
            ],
            [
              132.692298754,
              35.363915354
            ],
            [
              132.69201113,
              35.363896374
            ],
            [
              132.692005931,
              35.364008955
            ]
          ]
        ]
      },
      "properties": {
        "polygon_uuid": "125a6f07-b547-40d3-b513-4b852428646c",
        "daicho_shubetsu_cd": "FUD25"
      }
    },
    {
      "type": "Feature",
      "geometry": {
        "type": "Polygon",
        "coordinates": [
          [
            [
              132.698293148,
              35.366781686
            ],
            [
              132.698101661,
              35.366319107
            ],
            [
              132.697954032,
              35.366359486
            ],
            [
              132.697824124,
              35.366395018
            ],
            [
              132.69780106,
              35.366408506
            ],
            [
              132.697798578,
              35.36644533
            ],
            [
              132.697967521,
              35.366871837
            ],
            [
              132.698040501,
              35.366854167
            ],
            [
              132.698144366,
              35.36682437
            ],
            [
              132.698171741,
              35.366816516
            ],
            [
              132.698293148,
              35.366781686
            ]
          ]
        ]
      },
      "properties": {
        "polygon_uuid": "ae369dd3-72ff-4339-8e55-4b8d040735ce",
        "daicho_shubetsu_cd": "FUD25"
      }
    },
    {
      "type": "Feature",
      "geometry": {
        "type": "Polygon",
        "coordinates": [
          [
            [
              132.701390623,
              35.367215344
            ],
            [
              132.701625251,
              35.367148912
            ],
            [
              132.70179083,
              35.367108753
            ],
            [
              132.701789513,
              35.367083345
            ],
            [
              132.701640776,
              35.367006823
            ],
            [
              132.701457414,
              35.366906922
            ],
            [
              132.701317844,
              35.366826594
            ],
            [
              132.701293671,
              35.366820112
            ],
            [
              132.701275441,
              35.366843723
            ],
            [
              132.701268584,
              35.367023529
            ],
            [
              132.701320228,
              35.367013888
            ],
            [
              132.701390623,
              35.367215344
            ]
          ]
        ]
      },
      "properties": {
        "polygon_uuid": "a8383ff2-9257-429a-bcc8-4c86ca68d5ad",
        "daicho_shubetsu_cd": "FUD25"
      }
    },
    {
      "type": "Feature",
      "geometry": {
        "type": "Polygon",
        "coordinates": [
          [
            [
              132.689836017,
              35.364285949
            ],
            [
              132.689525655,
              35.364275836
            ],
            [
              132.689099021,
              35.364258796
            ],
            [
              132.689079461,
              35.364264546
            ],
            [
              132.689059973,
              35.364281628
            ],
            [
              132.689090753,
              35.364407084
            ],
            [
              132.689107452,
              35.364493886
            ],
            [
              132.689237639,
              35.364481992
            ],
            [
              132.689224204,
              35.364391729
            ],
            [
              132.689829756,
              35.36441371
            ],
            [
              132.689836017,
              35.364285949
            ]
          ]
        ]
      },
      "properties": {
        "polygon_uuid": "636b234b-3ac5-4b0f-8a92-4cb50c64c20f",
        "daicho_shubetsu_cd": "FUD25"
      }
    },
    {
      "type": "Feature",
      "geometry": {
        "type": "Polygon",
        "coordinates": [
          [
            [
              132.703301117,
              35.360150821
            ],
            [
              132.703046359,
              35.360141953
            ],
            [
              132.703038938,
              35.36021405
            ],
            [
              132.703000536,
              35.360587133
            ],
            [
              132.703276049,
              35.360560391
            ],
            [
              132.703301117,
              35.360150821
            ]
          ]
        ]
      },
      "properties": {
        "polygon_uuid": "d1f596db-ef79-4358-85e4-4d9820a26a7d",
        "daicho_shubetsu_cd": "FUD25"
      }
    },
    {
      "type": "Feature",
      "geometry": {
        "type": "Polygon",
        "coordinates": [
          [
            [
              132.706145677,
              35.360193467
            ],
            [
              132.706177416,
              35.359897906
            ],
            [
              132.706049365,
              35.359888178
            ],
            [
              132.705996103,
              35.360175983
            ],
            [
              132.706145677,
              35.360193467
            ]
          ]
        ]
      },
      "properties": {
        "polygon_uuid": "5f842526-04c8-4144-8291-4dc5eb2939c0",
        "daicho_shubetsu_cd": "FUD25"
      }
    },
    {
      "type": "Feature",
      "geometry": {
        "type": "Polygon",
        "coordinates": [
          [
            [
              132.702571954,
              35.366994335
            ],
            [
              132.702453718,
              35.366755213
            ],
            [
              132.70224551,
              35.366823938
            ],
            [
              132.702359885,
              35.367025586
            ],
            [
              132.702371733,
              35.367046474
            ],
            [
              132.702383937,
              35.367067598
            ],
            [
              132.702460619,
              35.367037718
            ],
            [
              132.702571954,
              35.366994335
            ]
          ]
        ]
      },
      "properties": {
        "polygon_uuid": "d2a1417f-4494-424a-9417-4e20ffc8fd97",
        "daicho_shubetsu_cd": "FUD25"
      }
    },
    {
      "type": "Feature",
      "geometry": {
        "type": "Polygon",
        "coordinates": [
          [
            [
              132.7052737,
              35.36521839
            ],
            [
              132.705286715,
              35.365332535
            ],
            [
              132.705442931,
              35.365344551
            ],
            [
              132.705457232,
              35.365184057
            ],
            [
              132.7052737,
              35.36521839
            ]
          ]
        ]
      },
      "properties": {
        "polygon_uuid": "e00936b2-660e-417a-988b-4e892b3ee800",
        "daicho_shubetsu_cd": "FUD25"
      }
    },
    {
      "type": "Feature",
      "geometry": {
        "type": "Polygon",
        "coordinates": [
          [
            [
              132.697358216,
              35.366479831
            ],
            [
              132.697284359,
              35.366301528
            ],
            [
              132.697234586,
              35.366184522
            ],
            [
              132.697162233,
              35.3662018
            ],
            [
              132.697079554,
              35.366223362
            ],
            [
              132.696996904,
              35.366249164
            ],
            [
              132.697118957,
              35.366545583
            ],
            [
              132.697358216,
              35.366479831
            ]
          ]
        ]
      },
      "properties": {
        "polygon_uuid": "74015302-7e18-44c9-8b1c-502922ea656e",
        "daicho_shubetsu_cd": "FUD25"
      }
    },
    {
      "type": "Feature",
      "geometry": {
        "type": "Polygon",
        "coordinates": [
          [
            [
              132.697011968,
              35.362665958
            ],
            [
              132.696884801,
              35.362593785
            ],
            [
              132.696914049,
              35.362556975
            ],
            [
              132.696890083,
              35.362543458
            ],
            [
              132.696768968,
              35.362648685
            ],
            [
              132.696623856,
              35.362774761
            ],
            [
              132.696823184,
              35.362891949
            ],
            [
              132.696942194,
              35.362749484
            ],
            [
              132.697011968,
              35.362665958
            ]
          ]
        ]
      },
      "properties": {
        "polygon_uuid": "70342424-bc6a-4d47-b273-50e435218b6c",
        "daicho_shubetsu_cd": "FUD25"
      }
    },
    {
      "type": "Feature",
      "geometry": {
        "type": "Polygon",
        "coordinates": [
          [
            [
              132.694217352,
              35.365051892
            ],
            [
              132.694562351,
              35.36464539
            ],
            [
              132.694208855,
              35.364433193
            ],
            [
              132.694162987,
              35.364441992
            ],
            [
              132.69401523,
              35.3645211
            ],
            [
              132.693918776,
              35.364620405
            ],
            [
              132.693895431,
              35.364662426
            ],
            [
              132.693885387,
              35.364866603
            ],
            [
              132.694205265,
              35.365044281
            ],
            [
              132.694217352,
              35.365051892
            ]
          ]
        ]
      },
      "properties": {
        "polygon_uuid": "dde328ab-74c9-4c8b-95f9-51ba7f2f15e5",
        "daicho_shubetsu_cd": "FUD25"
      }
    },
    {
      "type": "Feature",
      "geometry": {
        "type": "Polygon",
        "coordinates": [
          [
            [
              132.706867456,
              35.365562609
            ],
            [
              132.707124425,
              35.365555968
            ],
            [
              132.707114371,
              35.365471952
            ],
            [
              132.707090353,
              35.365271241
            ],
            [
              132.706909565,
              35.365291391
            ],
            [
              132.706818895,
              35.365301497
            ],
            [
              132.706844716,
              35.365342543
            ],
            [
              132.706867456,
              35.365562609
            ]
          ]
        ]
      },
      "properties": {
        "polygon_uuid": "9674e9fb-140b-4b99-b877-51cd248422c6",
        "daicho_shubetsu_cd": "FUD25"
      }
    },
    {
      "type": "Feature",
      "geometry": {
        "type": "Polygon",
        "coordinates": [
          [
            [
              132.691712739,
              35.362458494
            ],
            [
              132.691629477,
              35.362665954
            ],
            [
              132.69202063,
              35.362683421
            ],
            [
              132.692039959,
              35.362460381
            ],
            [
              132.691712739,
              35.362458494
            ]
          ]
        ]
      },
      "properties": {
        "polygon_uuid": "b94380c8-f488-4580-8dcf-51eb109b2d10",
        "daicho_shubetsu_cd": "FUD25"
      }
    },
    {
      "type": "Feature",
      "geometry": {
        "type": "Polygon",
        "coordinates": [
          [
            [
              132.69884638,
              35.361165904
            ],
            [
              132.698778286,
              35.362210001
            ],
            [
              132.698772338,
              35.362284359
            ],
            [
              132.69876149,
              35.362316906
            ],
            [
              132.698985235,
              35.36234353
            ],
            [
              132.69933283,
              35.362364953
            ],
            [
              132.699356293,
              35.36209095
            ],
            [
              132.699379767,
              35.361816832
            ],
            [
              132.69939103,
              35.361685297
            ],
            [
              132.699393319,
              35.361646344
            ],
            [
              132.699403127,
              35.361479492
            ],
            [
              132.699420434,
              35.361185074
            ],
            [
              132.69884638,
              35.361165904
            ]
          ]
        ]
      },
      "properties": {
        "polygon_uuid": "97cf231d-ca3c-4a47-b5f4-52049b35ff9c",
        "daicho_shubetsu_cd": "FUD25"
      }
    },
    {
      "type": "Feature",
      "geometry": {
        "type": "Polygon",
        "coordinates": [
          [
            [
              132.701193628,
              35.361578628
            ],
            [
              132.701147487,
              35.361656114
            ],
            [
              132.701126097,
              35.361713957
            ],
            [
              132.701261079,
              35.361745632
            ],
            [
              132.701318086,
              35.361743681
            ],
            [
              132.701390598,
              35.361734868
            ],
            [
              132.701394819,
              35.361588778
            ],
            [
              132.701193628,
              35.361578628
            ]
          ]
        ]
      },
      "properties": {
        "polygon_uuid": "14a5092a-f769-44e5-8247-5215e8340375",
        "daicho_shubetsu_cd": "FUD25"
      }
    },
    {
      "type": "Feature",
      "geometry": {
        "type": "Polygon",
        "coordinates": [
          [
            [
              132.690506664,
              35.363492846
            ],
            [
              132.69016997,
              35.363479196
            ],
            [
              132.690165023,
              35.363646078
            ],
            [
              132.690144106,
              35.363981554
            ],
            [
              132.690137246,
              35.364091575
            ],
            [
              132.690126949,
              35.364256726
            ],
            [
              132.690483241,
              35.364271819
            ],
            [
              132.690513134,
              35.364259413
            ],
            [
              132.690545403,
              35.363901391
            ],
            [
              132.690560024,
              35.363658637
            ],
            [
              132.690566225,
              35.363555692
            ],
            [
              132.690566,
              35.363520754
            ],
            [
              132.690552045,
              35.36350193
            ],
            [
              132.690506664,
              35.363492846
            ]
          ]
        ]
      },
      "properties": {
        "polygon_uuid": "000a56c8-ecf4-4bae-9f3c-526f09a829e4",
        "daicho_shubetsu_cd": "FUD25"
      }
    },
    {
      "type": "Feature",
      "geometry": {
        "type": "Polygon",
        "coordinates": [
          [
            [
              132.702771153,
              35.362465701
            ],
            [
              132.702815724,
              35.362850403
            ],
            [
              132.702850338,
              35.363149161
            ],
            [
              132.703760082,
              35.363069676
            ],
            [
              132.703692684,
              35.362530399
            ],
            [
              132.703666257,
              35.362502571
            ],
            [
              132.702771153,
              35.362465701
            ]
          ]
        ]
      },
      "properties": {
        "polygon_uuid": "4c746880-216b-49ed-b835-52be46ee7b11",
        "daicho_shubetsu_cd": "FUD25"
      }
    },
    {
      "type": "Feature",
      "geometry": {
        "type": "Polygon",
        "coordinates": [
          [
            [
              132.694674409,
              35.362533925
            ],
            [
              132.694687282,
              35.362273568
            ],
            [
              132.694393643,
              35.362263398
            ],
            [
              132.694358669,
              35.362484529
            ],
            [
              132.694533322,
              35.362519821
            ],
            [
              132.694612178,
              35.362529667
            ],
            [
              132.694674409,
              35.362533925
            ]
          ]
        ]
      },
      "properties": {
        "polygon_uuid": "bc49d9ad-73d2-4d82-b5a2-52fd730719c0",
        "daicho_shubetsu_cd": "FUD25"
      }
    },
    {
      "type": "Feature",
      "geometry": {
        "type": "Polygon",
        "coordinates": [
          [
            [
              132.691489551,
              35.366036794
            ],
            [
              132.691917273,
              35.366285547
            ],
            [
              132.692241582,
              35.366474341
            ],
            [
              132.692581409,
              35.366079404
            ],
            [
              132.692559054,
              35.366066633
            ],
            [
              132.692287899,
              35.365910619
            ],
            [
              132.692134096,
              35.36582323
            ],
            [
              132.692009818,
              35.36578024
            ],
            [
              132.691800018,
              35.365752132
            ],
            [
              132.691759378,
              35.365739885
            ],
            [
              132.691639859,
              35.365867603
            ],
            [
              132.691562795,
              35.365956976
            ],
            [
              132.691531966,
              35.36599209
            ],
            [
              132.691489551,
              35.366036794
            ]
          ]
        ]
      },
      "properties": {
        "polygon_uuid": "5a275a77-281d-4ddf-9bef-531021f6ed12",
        "daicho_shubetsu_cd": "FUD25"
      }
    },
    {
      "type": "Feature",
      "geometry": {
        "type": "Polygon",
        "coordinates": [
          [
            [
              132.696288847,
              35.360796698
            ],
            [
              132.696312624,
              35.360441852
            ],
            [
              132.69608332,
              35.360431672
            ],
            [
              132.696064784,
              35.360778346
            ],
            [
              132.696288847,
              35.360796698
            ]
          ]
        ]
      },
      "properties": {
        "polygon_uuid": "c35a7811-91c2-45fb-9f47-5325e61b85de",
        "daicho_shubetsu_cd": "FUD25"
      }
    },
    {
      "type": "Feature",
      "geometry": {
        "type": "Polygon",
        "coordinates": [
          [
            [
              132.701302459,
              35.359601511
            ],
            [
              132.701296955,
              35.359583879
            ],
            [
              132.701302197,
              35.359561788
            ],
            [
              132.701299415,
              35.359548559
            ],
            [
              132.701240149,
              35.35954882
            ],
            [
              132.701199726,
              35.359546792
            ],
            [
              132.70121021,
              35.359433655
            ],
            [
              132.70108997,
              35.359425178
            ],
            [
              132.70100937,
              35.359419496
            ],
            [
              132.700983258,
              35.359438958
            ],
            [
              132.700953319,
              35.359437691
            ],
            [
              132.700951427,
              35.359586351
            ],
            [
              132.701076954,
              35.359590612
            ],
            [
              132.701302459,
              35.359601511
            ]
          ]
        ]
      },
      "properties": {
        "polygon_uuid": "a4d781d4-c279-4d02-9c1c-5513e89b07a3",
        "daicho_shubetsu_cd": "FUD25"
      }
    },
    {
      "type": "Feature",
      "geometry": {
        "type": "Polygon",
        "coordinates": [
          [
            [
              132.698677753,
              35.365932823
            ],
            [
              132.698639944,
              35.365935558
            ],
            [
              132.698530741,
              35.365955611
            ],
            [
              132.6985595,
              35.366151705
            ],
            [
              132.698701018,
              35.366116128
            ],
            [
              132.698677753,
              35.365932823
            ]
          ]
        ]
      },
      "properties": {
        "polygon_uuid": "bccc8321-1e91-415f-a7ff-573a84a461a6",
        "daicho_shubetsu_cd": "FUD25"
      }
    },
    {
      "type": "Feature",
      "geometry": {
        "type": "Polygon",
        "coordinates": [
          [
            [
              132.692468845,
              35.363221802
            ],
            [
              132.692484074,
              35.362938886
            ],
            [
              132.692058158,
              35.362918796
            ],
            [
              132.692052644,
              35.362994423
            ],
            [
              132.692038924,
              35.363234499
            ],
            [
              132.69246712,
              35.363250279
            ],
            [
              132.692468845,
              35.363221802
            ]
          ]
        ]
      },
      "properties": {
        "polygon_uuid": "6050461b-83f3-48e6-bbcf-577d4d36cef6",
        "daicho_shubetsu_cd": "FUD25"
      }
    },
    {
      "type": "Feature",
      "geometry": {
        "type": "Polygon",
        "coordinates": [
          [
            [
              132.690645816,
              35.362969117
            ],
            [
              132.691093089,
              35.362991244
            ],
            [
              132.691313937,
              35.362992171
            ],
            [
              132.691371765,
              35.362850893
            ],
            [
              132.691340968,
              35.362849766
            ],
            [
              132.690932711,
              35.362835869
            ],
            [
              132.690657303,
              35.362823707
            ],
            [
              132.690645816,
              35.362969117
            ]
          ]
        ]
      },
      "properties": {
        "polygon_uuid": "61e1ec1a-cd48-479c-9226-5885748388e4",
        "daicho_shubetsu_cd": "FUD25"
      }
    },
    {
      "type": "Feature",
      "geometry": {
        "type": "Polygon",
        "coordinates": [
          [
            [
              132.702579651,
              35.361257814
            ],
            [
              132.702881534,
              35.361253662
            ],
            [
              132.702901789,
              35.361141789
            ],
            [
              132.70257194,
              35.361149887
            ],
            [
              132.702579651,
              35.361257814
            ]
          ]
        ]
      },
      "properties": {
        "polygon_uuid": "0f1b5cd5-79d0-499b-9a45-59266ba9604a",
        "daicho_shubetsu_cd": "FUD25"
      }
    },
    {
      "type": "Feature",
      "geometry": {
        "type": "Polygon",
        "coordinates": [
          [
            [
              132.702908358,
              35.36687452
            ],
            [
              132.702768294,
              35.36657542
            ],
            [
              132.702405358,
              35.366693995
            ],
            [
              132.702453718,
              35.366755213
            ],
            [
              132.702571954,
              35.366994335
            ],
            [
              132.702908358,
              35.36687452
            ]
          ]
        ]
      },
      "properties": {
        "polygon_uuid": "1fff63bb-6ad1-4dc7-9240-59296a2c9791",
        "daicho_shubetsu_cd": "FUD25"
      }
    },
    {
      "type": "Feature",
      "geometry": {
        "type": "Polygon",
        "coordinates": [
          [
            [
              132.70580078,
              35.366387357
            ],
            [
              132.7057532,
              35.366121751
            ],
            [
              132.705601351,
              35.366119602
            ],
            [
              132.705672278,
              35.36640929
            ],
            [
              132.70580078,
              35.366387357
            ]
          ]
        ]
      },
      "properties": {
        "polygon_uuid": "f8265e1c-9457-4ef1-b3b4-5a1bd92be37b",
        "daicho_shubetsu_cd": "FUD25"
      }
    },
    {
      "type": "Feature",
      "geometry": {
        "type": "Polygon",
        "coordinates": [
          [
            [
              132.69589099,
              35.366027426
            ],
            [
              132.695434568,
              35.365749386
            ],
            [
              132.695392321,
              35.365797238
            ],
            [
              132.695153925,
              35.36606269
            ],
            [
              132.695117564,
              35.36612089
            ],
            [
              132.69512571,
              35.366162773
            ],
            [
              132.695145587,
              35.36619278
            ],
            [
              132.695360285,
              35.366317597
            ],
            [
              132.695455564,
              35.366338352
            ],
            [
              132.695651417,
              35.366189168
            ],
            [
              132.695874803,
              35.366036638
            ],
            [
              132.69589099,
              35.366027426
            ]
          ]
        ]
      },
      "properties": {
        "polygon_uuid": "96cb9e7d-cf03-40f0-94a3-5a509eb6e6fe",
        "daicho_shubetsu_cd": "FUD25"
      }
    },
    {
      "type": "Feature",
      "geometry": {
        "type": "Polygon",
        "coordinates": [
          [
            [
              132.693068606,
              35.3643498
            ],
            [
              132.693047133,
              35.36463473
            ],
            [
              132.693036718,
              35.36485283
            ],
            [
              132.693552763,
              35.364611932
            ],
            [
              132.693626288,
              35.364547407
            ],
            [
              132.693683561,
              35.364485375
            ],
            [
              132.6936941,
              35.364373206
            ],
            [
              132.693068606,
              35.3643498
            ]
          ]
        ]
      },
      "properties": {
        "polygon_uuid": "08d884bb-56a9-4f99-88dc-5ab37eb722d2",
        "daicho_shubetsu_cd": "FUD25"
      }
    },
    {
      "type": "Feature",
      "geometry": {
        "type": "Polygon",
        "coordinates": [
          [
            [
              132.696100756,
              35.364880946
            ],
            [
              132.695594874,
              35.364584902
            ],
            [
              132.695573904,
              35.364575611
            ],
            [
              132.695502482,
              35.364534369
            ],
            [
              132.695149614,
              35.364937754
            ],
            [
              132.69565125,
              35.365234753
            ],
            [
              132.695719592,
              35.365251652
            ],
            [
              132.695765673,
              35.365248383
            ],
            [
              132.695800987,
              35.36523103
            ],
            [
              132.696100756,
              35.364880946
            ]
          ]
        ]
      },
      "properties": {
        "polygon_uuid": "58385ed7-8b79-4cd2-b336-5b431fe1ea55",
        "daicho_shubetsu_cd": "FUD25"
      }
    },
    {
      "type": "Feature",
      "geometry": {
        "type": "Polygon",
        "coordinates": [
          [
            [
              132.692794599,
              35.361017161
            ],
            [
              132.692823033,
              35.360598989
            ],
            [
              132.692656037,
              35.360590439
            ],
            [
              132.69260629,
              35.360588694
            ],
            [
              132.692575228,
              35.360587605
            ],
            [
              132.692559721,
              35.36097338
            ],
            [
              132.692794599,
              35.361017161
            ]
          ]
        ]
      },
      "properties": {
        "polygon_uuid": "200cdec4-89bb-4e1c-90fe-5c4ec83001a1",
        "daicho_shubetsu_cd": "FUD25"
      }
    },
    {
      "type": "Feature",
      "geometry": {
        "type": "Polygon",
        "coordinates": [
          [
            [
              132.705169256,
              35.361434331
            ],
            [
              132.70516491,
              35.361516612
            ],
            [
              132.705159151,
              35.361625421
            ],
            [
              132.705863459,
              35.361649566
            ],
            [
              132.705877875,
              35.361439027
            ],
            [
              132.705882723,
              35.361368223
            ],
            [
              132.70588703,
              35.361310576
            ],
            [
              132.705780811,
              35.361310576
            ],
            [
              132.705688012,
              35.361310576
            ],
            [
              132.705667536,
              35.361317139
            ],
            [
              132.705482551,
              35.361376429
            ],
            [
              132.705409615,
              35.361399806
            ],
            [
              132.705170444,
              35.361411839
            ],
            [
              132.705169256,
              35.361434331
            ]
          ]
        ]
      },
      "properties": {
        "polygon_uuid": "7958df08-e5c6-4dfb-8208-5d1ce37c7db7",
        "daicho_shubetsu_cd": "FUD25"
      }
    },
    {
      "type": "Feature",
      "geometry": {
        "type": "Polygon",
        "coordinates": [
          [
            [
              132.704175996,
              35.366504556
            ],
            [
              132.704206387,
              35.366448185
            ],
            [
              132.704138982,
              35.366160468
            ],
            [
              132.70389571,
              35.366210494
            ],
            [
              132.704044222,
              35.366576157
            ],
            [
              132.704175996,
              35.366504556
            ]
          ]
        ]
      },
      "properties": {
        "polygon_uuid": "f07550ab-2560-45c6-8a4b-5d87cb890f5c",
        "daicho_shubetsu_cd": "FUD25"
      }
    },
    {
      "type": "Feature",
      "geometry": {
        "type": "Polygon",
        "coordinates": [
          [
            [
              132.702165994,
              35.361346578
            ],
            [
              132.702309807,
              35.36130508
            ],
            [
              132.702362939,
              35.361291259
            ],
            [
              132.702521382,
              35.36126476
            ],
            [
              132.702579651,
              35.361257814
            ],
            [
              132.70257194,
              35.361149887
            ],
            [
              132.702263842,
              35.361149837
            ],
            [
              132.702151375,
              35.361149819
            ],
            [
              132.702165994,
              35.361346578
            ]
          ]
        ]
      },
      "properties": {
        "polygon_uuid": "ce56b71d-4bca-46f4-91a6-5e08260e8bf7",
        "daicho_shubetsu_cd": "FUD25"
      }
    },
    {
      "type": "Feature",
      "geometry": {
        "type": "Polygon",
        "coordinates": [
          [
            [
              132.69815668,
              35.361379718
            ],
            [
              132.697539959,
              35.361354663
            ],
            [
              132.697519667,
              35.361703707
            ],
            [
              132.698135228,
              35.361730569
            ],
            [
              132.698138815,
              35.361671915
            ],
            [
              132.698149148,
              35.361502902
            ],
            [
              132.69815668,
              35.361379718
            ]
          ]
        ]
      },
      "properties": {
        "polygon_uuid": "83a7e934-e234-452e-80a8-5e1ec4ee510b",
        "daicho_shubetsu_cd": "FUD25"
      }
    },
    {
      "type": "Feature",
      "geometry": {
        "type": "Polygon",
        "coordinates": [
          [
            [
              132.691959791,
              35.361954217
            ],
            [
              132.69191049,
              35.362116127
            ],
            [
              132.692475305,
              35.362136316
            ],
            [
              132.692484803,
              35.361975119
            ],
            [
              132.691959791,
              35.361954217
            ]
          ]
        ]
      },
      "properties": {
        "polygon_uuid": "3be05b04-d006-41c4-81cf-5f5f6035b607",
        "daicho_shubetsu_cd": "FUD25"
      }
    },
    {
      "type": "Feature",
      "geometry": {
        "type": "Polygon",
        "coordinates": [
          [
            [
              132.70363283,
              35.366810742
            ],
            [
              132.703533018,
              35.366834717
            ],
            [
              132.70303687,
              35.367046814
            ],
            [
              132.703012851,
              35.367063863
            ],
            [
              132.70302115,
              35.367102417
            ],
            [
              132.703057388,
              35.367195438
            ],
            [
              132.703299227,
              35.367102124
            ],
            [
              132.703405777,
              35.367054588
            ],
            [
              132.703706499,
              35.366928232
            ],
            [
              132.70363283,
              35.366810742
            ]
          ]
        ]
      },
      "properties": {
        "polygon_uuid": "70ff5f3a-8867-4408-9ab1-5f85b808b945",
        "daicho_shubetsu_cd": "FUD25"
      }
    },
    {
      "type": "Feature",
      "geometry": {
        "type": "Polygon",
        "coordinates": [
          [
            [
              132.689308721,
              35.360927388
            ],
            [
              132.689068475,
              35.360918003
            ],
            [
              132.689049671,
              35.361217442
            ],
            [
              132.689042803,
              35.361326808
            ],
            [
              132.689300322,
              35.361335768000004
            ],
            [
              132.689303131,
              35.361199169
            ],
            [
              132.689308721,
              35.360927388
            ]
          ]
        ]
      },
      "properties": {
        "polygon_uuid": "a2af8a76-8640-4dd7-b3fb-5fcf0007e0ba",
        "daicho_shubetsu_cd": "FUD25"
      }
    },
    {
      "type": "Feature",
      "geometry": {
        "type": "Polygon",
        "coordinates": [
          [
            [
              132.688738706,
              35.36181309
            ],
            [
              132.688327332,
              35.361798044
            ],
            [
              132.688323428,
              35.361781724
            ],
            [
              132.688282795,
              35.361863392
            ],
            [
              132.68838672,
              35.361891272
            ],
            [
              132.688396195,
              35.362020126
            ],
            [
              132.688368386,
              35.362266704
            ],
            [
              132.688716001,
              35.362276534
            ],
            [
              132.688738706,
              35.36181309
            ]
          ]
        ]
      },
      "properties": {
        "polygon_uuid": "3fa5fa79-48ee-438b-a35e-5fdbc1353c91",
        "daicho_shubetsu_cd": "FUD25"
      }
    },
    {
      "type": "Feature",
      "geometry": {
        "type": "Polygon",
        "coordinates": [
          [
            [
              132.691549765,
              35.362978563
            ],
            [
              132.691536193,
              35.363031978
            ],
            [
              132.691515545,
              35.363139875
            ],
            [
              132.691997406,
              35.363158186
            ],
            [
              132.692005389,
              35.362995002
            ],
            [
              132.691549765,
              35.362978563
            ]
          ]
        ]
      },
      "properties": {
        "polygon_uuid": "b46c4254-1592-4485-8470-60f4e299eb90",
        "daicho_shubetsu_cd": "FUD25"
      }
    },
    {
      "type": "Feature",
      "geometry": {
        "type": "Polygon",
        "coordinates": [
          [
            [
              132.70305619,
              35.364888088
            ],
            [
              132.703000988,
              35.36441148
            ],
            [
              132.702103009,
              35.364484322
            ],
            [
              132.702143999,
              35.36486251
            ],
            [
              132.702172662,
              35.364964135
            ],
            [
              132.702223878,
              35.364958658
            ],
            [
              132.702447427,
              35.364899387
            ],
            [
              132.702587284,
              35.36488348
            ],
            [
              132.702690003,
              35.364895445
            ],
            [
              132.702763563,
              35.364907539
            ],
            [
              132.70305619,
              35.364888088
            ]
          ]
        ]
      },
      "properties": {
        "polygon_uuid": "2c54e41b-d2ec-485e-ac73-61120153bdbb",
        "daicho_shubetsu_cd": "FUD25"
      }
    },
    {
      "type": "Feature",
      "geometry": {
        "type": "Polygon",
        "coordinates": [
          [
            [
              132.694889837,
              35.363691749
            ],
            [
              132.69510223,
              35.363596017
            ],
            [
              132.695048514,
              35.363507068
            ],
            [
              132.695013425,
              35.363472432
            ],
            [
              132.694919386,
              35.363379608
            ],
            [
              132.694805343,
              35.363429701
            ],
            [
              132.694485203,
              35.363570321
            ],
            [
              132.694527879,
              35.363795611
            ],
            [
              132.694555269,
              35.363842991
            ],
            [
              132.694627663,
              35.363811431
            ],
            [
              132.694736874,
              35.363763822
            ],
            [
              132.694889837,
              35.363691749
            ]
          ]
        ]
      },
      "properties": {
        "polygon_uuid": "cb5e2116-ad5d-46ce-95a7-619589b3f82d",
        "daicho_shubetsu_cd": "FUD25"
      }
    },
    {
      "type": "Feature",
      "geometry": {
        "type": "Polygon",
        "coordinates": [
          [
            [
              132.70490674,
              35.363558132
            ],
            [
              132.704863679,
              35.363162149
            ],
            [
              132.704836342,
              35.362960972
            ],
            [
              132.703836796,
              35.363041681
            ],
            [
              132.703904243,
              35.363641573
            ],
            [
              132.70490674,
              35.363558132
            ]
          ]
        ]
      },
      "properties": {
        "polygon_uuid": "bb376ec2-82c0-432e-b4f4-62bdf0d1f527",
        "daicho_shubetsu_cd": "FUD25"
      }
    },
    {
      "type": "Feature",
      "geometry": {
        "type": "Polygon",
        "coordinates": [
          [
            [
              132.700007641,
              35.36674899
            ],
            [
              132.699933655,
              35.366564508
            ],
            [
              132.699907594,
              35.366329245
            ],
            [
              132.69978424,
              35.366335076
            ],
            [
              132.699804658,
              35.366747734
            ],
            [
              132.699823855,
              35.366767729
            ],
            [
              132.699916534,
              35.366778476
            ],
            [
              132.700007641,
              35.36674899
            ]
          ]
        ]
      },
      "properties": {
        "polygon_uuid": "8ff0a88c-fa5d-4312-8243-634539480cc2",
        "daicho_shubetsu_cd": "FUD25"
      }
    },
    {
      "type": "Feature",
      "geometry": {
        "type": "Polygon",
        "coordinates": [
          [
            [
              132.695285607,
              35.362438905
            ],
            [
              132.69527975,
              35.362601992
            ],
            [
              132.695290842,
              35.362607228
            ],
            [
              132.695545166,
              35.362462686
            ],
            [
              132.695530196,
              35.362428027
            ],
            [
              132.69548277,
              35.362362559
            ],
            [
              132.695497445,
              35.362351926
            ],
            [
              132.695472344,
              35.362318066
            ],
            [
              132.69544015,
              35.362327265
            ],
            [
              132.69540735,
              35.362243616
            ],
            [
              132.695465297,
              35.362226755
            ],
            [
              132.69543798,
              35.362160275
            ],
            [
              132.695301975,
              35.362159637
            ],
            [
              132.695301825,
              35.362159166
            ],
            [
              132.695285607,
              35.362438905
            ]
          ]
        ]
      },
      "properties": {
        "polygon_uuid": "1dffcb2f-cb51-4d24-8f7f-63b49144f32b",
        "daicho_shubetsu_cd": "FUD25"
      }
    },
    {
      "type": "Feature",
      "geometry": {
        "type": "Polygon",
        "coordinates": [
          [
            [
              132.692859224,
              35.363543317
            ],
            [
              132.693059795,
              35.363465913
            ],
            [
              132.693068929,
              35.363248037
            ],
            [
              132.692468845,
              35.363221802
            ],
            [
              132.69246712,
              35.363250279
            ],
            [
              132.692450453,
              35.363525586
            ],
            [
              132.692859224,
              35.363543317
            ]
          ]
        ]
      },
      "properties": {
        "polygon_uuid": "a2eb4cd0-cfc1-4eb2-88fc-64bd5a8fe144",
        "daicho_shubetsu_cd": "FUD25"
      }
    },
    {
      "type": "Feature",
      "geometry": {
        "type": "Polygon",
        "coordinates": [
          [
            [
              132.691515545,
              35.363139875
            ],
            [
              132.691450684,
              35.363478825
            ],
            [
              132.691980816,
              35.363497355
            ],
            [
              132.691997406,
              35.363158186
            ],
            [
              132.691515545,
              35.363139875
            ]
          ]
        ]
      },
      "properties": {
        "polygon_uuid": "a00efc1f-947e-47ac-b506-665766200889",
        "daicho_shubetsu_cd": "FUD25"
      }
    },
    {
      "type": "Feature",
      "geometry": {
        "type": "Polygon",
        "coordinates": [
          [
            [
              132.702928677,
              35.362404097
            ],
            [
              132.702963971,
              35.361920982
            ],
            [
              132.702723991,
              35.361949757
            ],
            [
              132.702399482,
              35.361988666
            ],
            [
              132.702186501,
              35.362014202
            ],
            [
              132.701971058,
              35.362040033
            ],
            [
              132.701898403,
              35.362049306
            ],
            [
              132.701331289,
              35.362121686
            ],
            [
              132.701323827,
              35.362316622
            ],
            [
              132.701330937,
              35.362333788
            ],
            [
              132.701887192,
              35.362359009
            ],
            [
              132.701964439,
              35.362362512
            ],
            [
              132.702169372,
              35.362370667
            ],
            [
              132.702385272,
              35.362380662
            ],
            [
              132.702701455,
              35.362394298
            ],
            [
              132.702928677,
              35.362404097
            ]
          ]
        ]
      },
      "properties": {
        "polygon_uuid": "6afe6fab-f422-4cf4-b8dc-671ea75776fe",
        "daicho_shubetsu_cd": "FUD25"
      }
    },
    {
      "type": "Feature",
      "geometry": {
        "type": "Polygon",
        "coordinates": [
          [
            [
              132.701360696,
              35.361156389
            ],
            [
              132.701782443,
              35.36119347
            ],
            [
              132.701783586,
              35.360878957
            ],
            [
              132.701741687,
              35.360881102
            ],
            [
              132.701724463,
              35.361052529
            ],
            [
              132.701403437,
              35.361034164
            ],
            [
              132.701360696,
              35.361156389
            ]
          ]
        ]
      },
      "properties": {
        "polygon_uuid": "7d7d0116-308b-4a01-aeb4-67991420d983",
        "daicho_shubetsu_cd": "FUD25"
      }
    },
    {
      "type": "Feature",
      "geometry": {
        "type": "Polygon",
        "coordinates": [
          [
            [
              132.701633366,
              35.366453556
            ],
            [
              132.701937259,
              35.366391518
            ],
            [
              132.701901653,
              35.3663034
            ],
            [
              132.701482241,
              35.366392577
            ],
            [
              132.701398549,
              35.366411559
            ],
            [
              132.701293579,
              35.366427471
            ],
            [
              132.70130453,
              35.366453905
            ],
            [
              132.701318234,
              35.366489155
            ],
            [
              132.701326622,
              35.366535463
            ],
            [
              132.701633366,
              35.366453556
            ]
          ]
        ]
      },
      "properties": {
        "polygon_uuid": "49e600d9-f12b-4cca-aefa-67c788ca398c",
        "daicho_shubetsu_cd": "FUD25"
      }
    },
    {
      "type": "Feature",
      "geometry": {
        "type": "Polygon",
        "coordinates": [
          [
            [
              132.701814174,
              35.362522048
            ],
            [
              132.701311908,
              35.362572391
            ],
            [
              132.701326634,
              35.362692571
            ],
            [
              132.700918981,
              35.362722182
            ],
            [
              132.70092087,
              35.362742207
            ],
            [
              132.700970029,
              35.363128021
            ],
            [
              132.700972716,
              35.363151135
            ],
            [
              132.7009803,
              35.36321638
            ],
            [
              132.701888159,
              35.363146665
            ],
            [
              132.701868357,
              35.362971477
            ],
            [
              132.701814174,
              35.362522048
            ]
          ]
        ]
      },
      "properties": {
        "polygon_uuid": "b298d0bd-dbfa-4f9a-9e86-67e9e8966c10",
        "daicho_shubetsu_cd": "FUD25"
      }
    },
    {
      "type": "Feature",
      "geometry": {
        "type": "Polygon",
        "coordinates": [
          [
            [
              132.695365946,
              35.365715917
            ],
            [
              132.695592622,
              35.365464489
            ],
            [
              132.69567337,
              35.365371699
            ],
            [
              132.695681004,
              35.365335122
            ],
            [
              132.695664986,
              35.365293274
            ],
            [
              132.695641179,
              35.365264357
            ],
            [
              132.695177208,
              35.364988432
            ],
            [
              132.694815693,
              35.36539589
            ],
            [
              132.694857818,
              35.365420272
            ],
            [
              132.694990389,
              35.365497004
            ],
            [
              132.695365946,
              35.365715917
            ]
          ]
        ]
      },
      "properties": {
        "polygon_uuid": "3e14e7dc-6311-4aa1-9bec-689e71edf425",
        "daicho_shubetsu_cd": "FUD25"
      }
    },
    {
      "type": "Feature",
      "geometry": {
        "type": "Polygon",
        "coordinates": [
          [
            [
              132.70487656,
              35.366117898
            ],
            [
              132.704824369,
              35.365872154
            ],
            [
              132.704798391,
              35.36588231
            ],
            [
              132.704669666,
              35.365877863
            ],
            [
              132.704534729,
              35.365860894
            ],
            [
              132.704539711,
              35.365902987
            ],
            [
              132.704555529,
              35.366036634
            ],
            [
              132.704583421,
              35.36627231
            ],
            [
              132.70487656,
              35.366117898
            ]
          ]
        ]
      },
      "properties": {
        "polygon_uuid": "1c90a4fd-5126-4f86-a4ee-69459f1cb5e7",
        "daicho_shubetsu_cd": "FUD25"
      }
    },
    {
      "type": "Feature",
      "geometry": {
        "type": "Polygon",
        "coordinates": [
          [
            [
              132.696766642,
              35.361518956
            ],
            [
              132.696654963,
              35.361476502
            ],
            [
              132.69634645,
              35.361397333
            ],
            [
              132.696246146,
              35.361492347
            ],
            [
              132.696385085,
              35.361543444
            ],
            [
              132.696472034,
              35.361561851
            ],
            [
              132.696575435,
              35.361590923
            ],
            [
              132.696532499,
              35.361538772
            ],
            [
              132.696633692,
              35.361480621
            ],
            [
              132.696679957,
              35.361540809
            ],
            [
              132.69671782,
              35.361568825
            ],
            [
              132.696766642,
              35.361518956
            ]
          ]
        ]
      },
      "properties": {
        "polygon_uuid": "e8f44f29-710b-4a44-818e-6953e39793f0",
        "daicho_shubetsu_cd": "FUD25"
      }
    },
    {
      "type": "Feature",
      "geometry": {
        "type": "Polygon",
        "coordinates": [
          [
            [
              132.688519302,
              35.362305813
            ],
            [
              132.688322242,
              35.362298525
            ],
            [
              132.688332746,
              35.362601666
            ],
            [
              132.688334181,
              35.362665579
            ],
            [
              132.688371074,
              35.362666364
            ],
            [
              132.688388408,
              35.362800676
            ],
            [
              132.688466702,
              35.362796064
            ],
            [
              132.688463122,
              35.362676333
            ],
            [
              132.688509807,
              35.362676132
            ],
            [
              132.688519302,
              35.362305813
            ]
          ]
        ]
      },
      "properties": {
        "polygon_uuid": "4e3cde30-1722-4722-b815-69f5de24c60e",
        "daicho_shubetsu_cd": "FUD25"
      }
    },
    {
      "type": "Feature",
      "geometry": {
        "type": "Polygon",
        "coordinates": [
          [
            [
              132.703290482,
              35.365861917
            ],
            [
              132.703382385,
              35.36551137
            ],
            [
              132.703164981,
              35.365529391
            ],
            [
              132.703179529,
              35.3658757
            ],
            [
              132.703290482,
              35.365861917
            ]
          ]
        ]
      },
      "properties": {
        "polygon_uuid": "1e4410b1-0203-407c-b105-6a62abde5a6c",
        "daicho_shubetsu_cd": "FUD25"
      }
    },
    {
      "type": "Feature",
      "geometry": {
        "type": "Polygon",
        "coordinates": [
          [
            [
              132.693711253,
              35.362100907
            ],
            [
              132.693704868,
              35.362198296
            ],
            [
              132.693693197,
              35.362450321
            ],
            [
              132.693705137,
              35.362467229
            ],
            [
              132.693776073,
              35.362459651
            ],
            [
              132.693842477,
              35.362437556
            ],
            [
              132.693863046,
              35.362416873
            ],
            [
              132.693888956,
              35.362307732
            ],
            [
              132.693940774,
              35.362107338
            ],
            [
              132.693711253,
              35.362100907
            ]
          ]
        ]
      },
      "properties": {
        "polygon_uuid": "75f934e9-a59f-4b08-b18e-6a6bd1a93f89",
        "daicho_shubetsu_cd": "FUD25"
      }
    },
    {
      "type": "Feature",
      "geometry": {
        "type": "Polygon",
        "coordinates": [
          [
            [
              132.690255639,
              35.362808564
            ],
            [
              132.690216124,
              35.363158034
            ],
            [
              132.690185398,
              35.363429772
            ],
            [
              132.690215084,
              35.363446603
            ],
            [
              132.690537514,
              35.363452474
            ],
            [
              132.690556692,
              35.363445122
            ],
            [
              132.690571347,
              35.363424465
            ],
            [
              132.690604239,
              35.362823717
            ],
            [
              132.690255639,
              35.362808564
            ]
          ]
        ]
      },
      "properties": {
        "polygon_uuid": "9c8aa98d-d13a-42fa-adb8-6a7c2a713c44",
        "daicho_shubetsu_cd": "FUD25"
      }
    },
    {
      "type": "Feature",
      "geometry": {
        "type": "Polygon",
        "coordinates": [
          [
            [
              132.700091859,
              35.366973293
            ],
            [
              132.700000482,
              35.366852859
            ],
            [
              132.699928003,
              35.366851058
            ],
            [
              132.699692854,
              35.366907214
            ],
            [
              132.699757663,
              35.367102322
            ],
            [
              132.700091859,
              35.366973293
            ]
          ]
        ]
      },
      "properties": {
        "polygon_uuid": "c94c9a2a-1023-45a6-abbd-6a84e17fad86",
        "daicho_shubetsu_cd": "FUD25"
      }
    },
    {
      "type": "Feature",
      "geometry": {
        "type": "Polygon",
        "coordinates": [
          [
            [
              132.690255639,
              35.362808564
            ],
            [
              132.689993923,
              35.362797187
            ],
            [
              132.689888135,
              35.362792589
            ],
            [
              132.689860339,
              35.363128065
            ],
            [
              132.690216124,
              35.363158034
            ],
            [
              132.690255639,
              35.362808564
            ]
          ]
        ]
      },
      "properties": {
        "polygon_uuid": "6adce390-3a70-4054-8672-6a9f00c33f72",
        "daicho_shubetsu_cd": "FUD25"
      }
    },
    {
      "type": "Feature",
      "geometry": {
        "type": "Polygon",
        "coordinates": [
          [
            [
              132.6911065,
              35.365949696
            ],
            [
              132.690880467,
              35.365758062
            ],
            [
              132.690493521,
              35.36606865
            ],
            [
              132.690780501,
              35.366308477
            ],
            [
              132.690943568,
              35.366139383
            ],
            [
              132.6911065,
              35.365949696
            ]
          ]
        ]
      },
      "properties": {
        "polygon_uuid": "b4c9eecf-cead-4749-ac00-6aba1431e5df",
        "daicho_shubetsu_cd": "FUD25"
      }
    },
    {
      "type": "Feature",
      "geometry": {
        "type": "Polygon",
        "coordinates": [
          [
            [
              132.703587804,
              35.362435603
            ],
            [
              132.703605494,
              35.362136182
            ],
            [
              132.703606356,
              35.362121585
            ],
            [
              132.703618599,
              35.361906135
            ],
            [
              132.70310063,
              35.361904108
            ],
            [
              132.703017626,
              35.361901476
            ],
            [
              132.702983524,
              35.361918189
            ],
            [
              132.702955683,
              35.362411301
            ],
            [
              132.703587804,
              35.362435603
            ]
          ]
        ]
      },
      "properties": {
        "polygon_uuid": "c9cfdcdd-1b86-4d5f-8618-6abd29432593",
        "daicho_shubetsu_cd": "FUD25"
      }
    },
    {
      "type": "Feature",
      "geometry": {
        "type": "Polygon",
        "coordinates": [
          [
            [
              132.691193523,
              35.36562417
            ],
            [
              132.69120291,
              35.365579917
            ],
            [
              132.691255258,
              35.365484739
            ],
            [
              132.691269535,
              35.365370525
            ],
            [
              132.691265089,
              35.365277158
            ],
            [
              132.691262397,
              35.365220619
            ],
            [
              132.691214879,
              35.36494882
            ],
            [
              132.69094202,
              35.364938533
            ],
            [
              132.691007309,
              35.365025231
            ],
            [
              132.691038484,
              35.365119586
            ],
            [
              132.691045635,
              35.365158321
            ],
            [
              132.691038317,
              35.365246382
            ],
            [
              132.691035604,
              35.365265607
            ],
            [
              132.691024176,
              35.365346587
            ],
            [
              132.690989461,
              35.365514062
            ],
            [
              132.690968195,
              35.365579839
            ],
            [
              132.690966373,
              35.365602999
            ],
            [
              132.69099154,
              35.365623262
            ],
            [
              132.69102011,
              35.365619908
            ],
            [
              132.691148293,
              35.365621774
            ],
            [
              132.691193523,
              35.36562417
            ]
          ]
        ]
      },
      "properties": {
        "polygon_uuid": "5dc7dc32-68d2-43dd-8472-6c6cdf9dace1",
        "daicho_shubetsu_cd": "FUD25"
      }
    },
    {
      "type": "Feature",
      "geometry": {
        "type": "Polygon",
        "coordinates": [
          [
            [
              132.703647644,
              35.366239163
            ],
            [
              132.703663655,
              35.366219055
            ],
            [
              132.703789701,
              35.36617699
            ],
            [
              132.703773149,
              35.366108047
            ],
            [
              132.703771466,
              35.366095668
            ],
            [
              132.703668832,
              35.366111681
            ],
            [
              132.703639682,
              35.365874201
            ],
            [
              132.703638183,
              35.365802256
            ],
            [
              132.703649119,
              35.365757028
            ],
            [
              132.703679511,
              35.365728363
            ],
            [
              132.703477788,
              35.365738117
            ],
            [
              132.703475597,
              35.365872536
            ],
            [
              132.703290482,
              35.365861917
            ],
            [
              132.703458313,
              35.366270794
            ],
            [
              132.703647644,
              35.366239163
            ]
          ]
        ]
      },
      "properties": {
        "polygon_uuid": "f494a452-3afd-489d-8a3f-6cd8887a5685",
        "daicho_shubetsu_cd": "FUD25"
      }
    },
    {
      "type": "Feature",
      "geometry": {
        "type": "Polygon",
        "coordinates": [
          [
            [
              132.693230759,
              35.365754112
            ],
            [
              132.693269334,
              35.365776273
            ],
            [
              132.693461862,
              35.365550747
            ],
            [
              132.693540151,
              35.365452902
            ],
            [
              132.693568096,
              35.365372221
            ],
            [
              132.693550279,
              35.365337324
            ],
            [
              132.693345716,
              35.365214778
            ],
            [
              132.693031015,
              35.365031029
            ],
            [
              132.692913664,
              35.365027397
            ],
            [
              132.692841475,
              35.365070111
            ],
            [
              132.692689278,
              35.365147092
            ],
            [
              132.692443567,
              35.365285356
            ],
            [
              132.692808168,
              35.365508017
            ],
            [
              132.693230759,
              35.365754112
            ]
          ]
        ]
      },
      "properties": {
        "polygon_uuid": "4993d0e7-86c0-4f05-bd16-6d49bab5e2e5",
        "daicho_shubetsu_cd": "FUD25"
      }
    },
    {
      "type": "Feature",
      "geometry": {
        "type": "Polygon",
        "coordinates": [
          [
            [
              132.704245486,
              35.359632418
            ],
            [
              132.70446581,
              35.359617106
            ],
            [
              132.704427513,
              35.359348939
            ],
            [
              132.70414715,
              35.35939732
            ],
            [
              132.704171657,
              35.359458357
            ],
            [
              132.704213626,
              35.359445149
            ],
            [
              132.704224869,
              35.359515719
            ],
            [
              132.704230784,
              35.359595141
            ],
            [
              132.704245486,
              35.359632418
            ]
          ]
        ]
      },
      "properties": {
        "polygon_uuid": "eb92d249-95d2-46f6-a2f3-6da4cf6198a7",
        "daicho_shubetsu_cd": "FUD25"
      }
    },
    {
      "type": "Feature",
      "geometry": {
        "type": "Polygon",
        "coordinates": [
          [
            [
              132.697632135,
              35.360163787
            ],
            [
              132.697617192,
              35.360361154
            ],
            [
              132.697624149,
              35.360385776
            ],
            [
              132.697662222,
              35.360392767
            ],
            [
              132.69824469,
              35.36041973
            ],
            [
              132.698256609,
              35.360188576
            ],
            [
              132.697632135,
              35.360163787
            ]
          ]
        ]
      },
      "properties": {
        "polygon_uuid": "4d06206e-df78-48f9-8360-6f0bcdcbabfb",
        "daicho_shubetsu_cd": "FUD25"
      }
    },
    {
      "type": "Feature",
      "geometry": {
        "type": "Polygon",
        "coordinates": [
          [
            [
              132.694510876,
              35.360705706
            ],
            [
              132.694494396,
              35.36067307
            ],
            [
              132.694454446,
              35.36066961
            ],
            [
              132.694310642,
              35.360662299
            ],
            [
              132.69428511,
              35.36123608
            ],
            [
              132.69433184,
              35.36114502
            ],
            [
              132.694510876,
              35.360705706
            ]
          ]
        ]
      },
      "properties": {
        "polygon_uuid": "8afcd1b2-69a4-44ff-9f9b-6f755a5f4a08",
        "daicho_shubetsu_cd": "FUD25"
      }
    },
    {
      "type": "Feature",
      "geometry": {
        "type": "Polygon",
        "coordinates": [
          [
            [
              132.703405777,
              35.367054588
            ],
            [
              132.703429182,
              35.367118489
            ],
            [
              132.703411015,
              35.367151513
            ],
            [
              132.70342401,
              35.367205105
            ],
            [
              132.703539727,
              35.367153765
            ],
            [
              132.703617762,
              35.367240735
            ],
            [
              132.703689979,
              35.36721406
            ],
            [
              132.703682853,
              35.367179266
            ],
            [
              132.703759665,
              35.36715257
            ],
            [
              132.703789684,
              35.367174085
            ],
            [
              132.703845826,
              35.367149363
            ],
            [
              132.703779648,
              35.367041326
            ],
            [
              132.703706499,
              35.366928232
            ],
            [
              132.703405777,
              35.367054588
            ]
          ]
        ]
      },
      "properties": {
        "polygon_uuid": "979140ea-6cc3-469e-b522-6fad1394a7dc",
        "daicho_shubetsu_cd": "FUD25"
      }
    },
    {
      "type": "Feature",
      "geometry": {
        "type": "Polygon",
        "coordinates": [
          [
            [
              132.706730515,
              35.364308811
            ],
            [
              132.70664936,
              35.363647784
            ],
            [
              132.706551509,
              35.363631253
            ],
            [
              132.706366958,
              35.363595939
            ],
            [
              132.706251099,
              35.363569954
            ],
            [
              132.70596826,
              35.363497332
            ],
            [
              132.705876062,
              35.363507476
            ],
            [
              132.705825328,
              35.363544645
            ],
            [
              132.705807933,
              35.363582469
            ],
            [
              132.705908884,
              35.364422175
            ],
            [
              132.705920744,
              35.364436577
            ],
            [
              132.706346578,
              35.364362224
            ],
            [
              132.706544548,
              35.364332266
            ],
            [
              132.706730515,
              35.364308811
            ]
          ]
        ]
      },
      "properties": {
        "polygon_uuid": "94ab398b-54b9-488c-b11c-70c57e0ae414",
        "daicho_shubetsu_cd": "FUD25"
      }
    },
    {
      "type": "Feature",
      "geometry": {
        "type": "Polygon",
        "coordinates": [
          [
            [
              132.700973513,
              35.361319907
            ],
            [
              132.700708268,
              35.36130731
            ],
            [
              132.700705178,
              35.361378477
            ],
            [
              132.700696018,
              35.361499953
            ],
            [
              132.700676113,
              35.361746914
            ],
            [
              132.700672799,
              35.361815858
            ],
            [
              132.700653033,
              35.362227108
            ],
            [
              132.700717111,
              35.36212794
            ],
            [
              132.700923366,
              35.361834675
            ],
            [
              132.700927985,
              35.361827844
            ],
            [
              132.701135981,
              35.361522166
            ],
            [
              132.701250709,
              35.361333072
            ],
            [
              132.700973513,
              35.361319907
            ]
          ]
        ]
      },
      "properties": {
        "polygon_uuid": "700386c1-0490-4714-8105-718a68cfabe5",
        "daicho_shubetsu_cd": "FUD25"
      }
    },
    {
      "type": "Feature",
      "geometry": {
        "type": "Polygon",
        "coordinates": [
          [
            [
              132.700790263,
              35.360026164
            ],
            [
              132.700787313,
              35.360064245
            ],
            [
              132.701400757,
              35.360095399
            ],
            [
              132.701409037,
              35.359983145
            ],
            [
              132.70079609,
              35.359950945
            ],
            [
              132.700790263,
              35.360026164
            ]
          ]
        ]
      },
      "properties": {
        "polygon_uuid": "c3fc583e-1633-4298-a5e4-71da27910ae5",
        "daicho_shubetsu_cd": "FUD25"
      }
    },
    {
      "type": "Feature",
      "geometry": {
        "type": "Polygon",
        "coordinates": [
          [
            [
              132.701196111,
              35.365030879
            ],
            [
              132.701156874,
              35.364705201
            ],
            [
              132.701121684,
              35.364408298
            ],
            [
              132.701117742,
              35.36437504
            ],
            [
              132.700259354,
              35.36444573
            ],
            [
              132.700300074,
              35.364769601
            ],
            [
              132.700353666,
              35.365036028
            ],
            [
              132.700638871,
              35.36507354
            ],
            [
              132.700925923,
              35.365053588
            ],
            [
              132.700915103,
              35.364984847
            ],
            [
              132.701042575,
              35.364977489
            ],
            [
              132.701041975,
              35.365043733
            ],
            [
              132.701196111,
              35.365030879
            ]
          ]
        ]
      },
      "properties": {
        "polygon_uuid": "bf7cadbf-358b-4e5d-b816-723a18af497b",
        "daicho_shubetsu_cd": "FUD25"
      }
    },
    {
      "type": "Feature",
      "geometry": {
        "type": "Polygon",
        "coordinates": [
          [
            [
              132.702165994,
              35.361346578
            ],
            [
              132.702151375,
              35.361149819
            ],
            [
              132.702136167,
              35.360945137
            ],
            [
              132.702129933,
              35.36086123
            ],
            [
              132.701901756,
              35.360872909
            ],
            [
              132.701924863,
              35.361205991
            ],
            [
              132.701921062,
              35.361337979
            ],
            [
              132.702165994,
              35.361346578
            ]
          ]
        ]
      },
      "properties": {
        "polygon_uuid": "974eb873-d206-466b-9343-7287717f527b",
        "daicho_shubetsu_cd": "FUD25"
      }
    },
    {
      "type": "Feature",
      "geometry": {
        "type": "Polygon",
        "coordinates": [
          [
            [
              132.704413366,
              35.361374794
            ],
            [
              132.704402445,
              35.361486625
            ],
            [
              132.704329256,
              35.36148294
            ],
            [
              132.70432527,
              35.361531815
            ],
            [
              132.704304546,
              35.361906473
            ],
            [
              132.704284203,
              35.362191588
            ],
            [
              132.704273374,
              35.362347078
            ],
            [
              132.704265312,
              35.362462843
            ],
            [
              132.705096216,
              35.362501043
            ],
            [
              132.705105775,
              35.362385482
            ],
            [
              132.705118179,
              35.36223554
            ],
            [
              132.705127624,
              35.362121345
            ],
            [
              132.70513768,
              35.361999783
            ],
            [
              132.705142281,
              35.361944154
            ],
            [
              132.705148626,
              35.361824278
            ],
            [
              132.705159151,
              35.361625421
            ],
            [
              132.70516491,
              35.361516612
            ],
            [
              132.705169256,
              35.361434331
            ],
            [
              132.705170444,
              35.361411839
            ],
            [
              132.704413628,
              35.361372332
            ],
            [
              132.704413366,
              35.361374794
            ]
          ]
        ]
      },
      "properties": {
        "polygon_uuid": "05b53c8e-9910-4f41-bf69-728df9144708",
        "daicho_shubetsu_cd": "FUD25"
      }
    },
    {
      "type": "Feature",
      "geometry": {
        "type": "Polygon",
        "coordinates": [
          [
            [
              132.704597768,
              35.359642315
            ],
            [
              132.704586033,
              35.359334857
            ],
            [
              132.704427513,
              35.359348939
            ],
            [
              132.70446581,
              35.359617106
            ],
            [
              132.704468372,
              35.35965149
            ],
            [
              132.704597768,
              35.359642315
            ]
          ]
        ]
      },
      "properties": {
        "polygon_uuid": "3fcccbfd-fbda-4252-8b54-737ad3633eca",
        "daicho_shubetsu_cd": "FUD25"
      }
    },
    {
      "type": "Feature",
      "geometry": {
        "type": "Polygon",
        "coordinates": [
          [
            [
              132.702839299,
              35.360367429
            ],
            [
              132.702912983,
              35.360375666
            ],
            [
              132.702948028,
              35.360384109
            ],
            [
              132.702980925,
              35.360299886
            ],
            [
              132.703006985,
              35.360272541
            ],
            [
              132.70302477,
              35.360213557
            ],
            [
              132.702558507,
              35.360182448
            ],
            [
              132.702547121,
              35.36020946
            ],
            [
              132.702551017,
              35.360269634
            ],
            [
              132.70257699,
              35.360317289
            ],
            [
              132.702608694,
              35.360349632
            ],
            [
              132.702707954,
              35.360346515
            ],
            [
              132.702839299,
              35.360367429
            ]
          ]
        ]
      },
      "properties": {
        "polygon_uuid": "9602d740-41e8-4003-95a4-7498026e0488",
        "daicho_shubetsu_cd": "FUD25"
      }
    },
    {
      "type": "Feature",
      "geometry": {
        "type": "Polygon",
        "coordinates": [
          [
            [
              132.690200223,
              35.36656708
            ],
            [
              132.689960502,
              35.366307074
            ],
            [
              132.689787872,
              35.366396495
            ],
            [
              132.689752514,
              35.366371861
            ],
            [
              132.689648026,
              35.366423192
            ],
            [
              132.689462386,
              35.366532114
            ],
            [
              132.689443508,
              35.366614875
            ],
            [
              132.689658384,
              35.366862881
            ],
            [
              132.689674097,
              35.366854789
            ],
            [
              132.690200223,
              35.36656708
            ]
          ]
        ]
      },
      "properties": {
        "polygon_uuid": "34f255f6-bfdf-4973-a43e-75122a6a17b8",
        "daicho_shubetsu_cd": "FUD25"
      }
    },
    {
      "type": "Feature",
      "geometry": {
        "type": "Polygon",
        "coordinates": [
          [
            [
              132.703844682,
              35.359654007
            ],
            [
              132.703346208,
              35.359635658
            ],
            [
              132.70333632,
              35.359741948
            ],
            [
              132.703313771,
              35.359984354
            ],
            [
              132.703589267,
              35.359997267
            ],
            [
              132.703609116,
              35.359998198
            ],
            [
              132.703822669,
              35.360008208
            ],
            [
              132.703833817,
              35.359828823
            ],
            [
              132.703844682,
              35.359654007
            ]
          ]
        ]
      },
      "properties": {
        "polygon_uuid": "378823cd-5d6a-4044-ab9f-753065ced589",
        "daicho_shubetsu_cd": "FUD25"
      }
    },
    {
      "type": "Feature",
      "geometry": {
        "type": "Polygon",
        "coordinates": [
          [
            [
              132.702915584,
              35.363712309
            ],
            [
              132.702850338,
              35.363149161
            ],
            [
              132.702815724,
              35.362850403
            ],
            [
              132.701916699,
              35.362929961
            ],
            [
              132.702007843,
              35.363750729
            ],
            [
              132.702046521,
              35.36377922
            ],
            [
              132.702915584,
              35.363712309
            ]
          ]
        ]
      },
      "properties": {
        "polygon_uuid": "2f08721f-ae35-42c7-86b4-758557ef48b8",
        "daicho_shubetsu_cd": "FUD25"
      }
    },
    {
      "type": "Feature",
      "geometry": {
        "type": "Polygon",
        "coordinates": [
          [
            [
              132.691471789,
              35.364030888
            ],
            [
              132.691468445,
              35.364179699
            ],
            [
              132.691941904,
              35.364194944
            ],
            [
              132.691964237,
              35.363702774
            ],
            [
              132.691507958,
              35.363684472
            ],
            [
              132.691477641,
              35.363887512
            ],
            [
              132.691471789,
              35.364030888
            ]
          ]
        ]
      },
      "properties": {
        "polygon_uuid": "7c7458c0-a97c-44fb-99c0-763241f0aa2b",
        "daicho_shubetsu_cd": "FUD25"
      }
    },
    {
      "type": "Feature",
      "geometry": {
        "type": "Polygon",
        "coordinates": [
          [
            [
              132.6942377,
              35.365064707
            ],
            [
              132.693901531,
              35.365465063
            ],
            [
              132.69424508,
              35.365666777
            ],
            [
              132.69451055,
              35.365817361
            ],
            [
              132.694857818,
              35.365420272
            ],
            [
              132.694815693,
              35.36539589
            ],
            [
              132.694441149,
              35.365179103
            ],
            [
              132.6942377,
              35.365064707
            ]
          ]
        ]
      },
      "properties": {
        "polygon_uuid": "6394759f-f3aa-43de-b5b9-775fafab6f97",
        "daicho_shubetsu_cd": "FUD25"
      }
    },
    {
      "type": "Feature",
      "geometry": {
        "type": "Polygon",
        "coordinates": [
          [
            [
              132.703047886,
              35.361260388
            ],
            [
              132.703115432,
              35.360657545
            ],
            [
              132.702880759,
              35.360678969
            ],
            [
              132.702874264,
              35.360872626
            ],
            [
              132.702944231,
              35.360871041
            ],
            [
              132.702959883,
              35.360886259
            ],
            [
              132.702944505,
              35.361147471
            ],
            [
              132.702956122,
              35.361258247
            ],
            [
              132.703047886,
              35.361260388
            ]
          ]
        ]
      },
      "properties": {
        "polygon_uuid": "cd47ad9e-305a-4d35-bd5d-782ab8e16575",
        "daicho_shubetsu_cd": "FUD25"
      }
    },
    {
      "type": "Feature",
      "geometry": {
        "type": "Polygon",
        "coordinates": [
          [
            [
              132.701467641,
              35.360031303
            ],
            [
              132.70203286,
              35.360054596
            ],
            [
              132.702038082,
              35.359995026
            ],
            [
              132.702049128,
              35.359869013
            ],
            [
              132.701477531,
              35.359839527
            ],
            [
              132.701467641,
              35.360031303
            ]
          ]
        ]
      },
      "properties": {
        "polygon_uuid": "d45fb705-e249-4a16-b475-78616ea9a6d0",
        "daicho_shubetsu_cd": "FUD25"
      }
    },
    {
      "type": "Feature",
      "geometry": {
        "type": "Polygon",
        "coordinates": [
          [
            [
              132.700181829,
              35.360939196
            ],
            [
              132.700158734,
              35.36128099
            ],
            [
              132.700695414,
              35.361303544
            ],
            [
              132.700709932,
              35.361151313
            ],
            [
              132.700724606,
              35.360964155
            ],
            [
              132.700181829,
              35.360939196
            ]
          ]
        ]
      },
      "properties": {
        "polygon_uuid": "c647c658-20a1-4ff4-9096-7876e53da688",
        "daicho_shubetsu_cd": "FUD25"
      }
    },
    {
      "type": "Feature",
      "geometry": {
        "type": "Polygon",
        "coordinates": [
          [
            [
              132.70092087,
              35.362742207
            ],
            [
              132.700356163,
              35.362781915
            ],
            [
              132.700242078,
              35.362932735
            ],
            [
              132.700169862,
              35.363065537
            ],
            [
              132.700131692,
              35.363208547
            ],
            [
              132.700130821,
              35.3632202
            ],
            [
              132.700972716,
              35.363151135
            ],
            [
              132.700970029,
              35.363128021
            ],
            [
              132.70092087,
              35.362742207
            ]
          ]
        ]
      },
      "properties": {
        "polygon_uuid": "1b9ec476-6db4-4b7c-831f-78f26b13e478",
        "daicho_shubetsu_cd": "FUD25"
      }
    },
    {
      "type": "Feature",
      "geometry": {
        "type": "Polygon",
        "coordinates": [
          [
            [
              132.692029325,
              35.36172586
            ],
            [
              132.691959791,
              35.361954217
            ],
            [
              132.692484803,
              35.361975119
            ],
            [
              132.69249857,
              35.361741466
            ],
            [
              132.692029325,
              35.36172586
            ]
          ]
        ]
      },
      "properties": {
        "polygon_uuid": "069b00bf-8078-4e52-9265-7906fc559cb3",
        "daicho_shubetsu_cd": "FUD25"
      }
    },
    {
      "type": "Feature",
      "geometry": {
        "type": "Polygon",
        "coordinates": [
          [
            [
              132.690274723,
              35.361875406
            ],
            [
              132.690143208,
              35.361869368
            ],
            [
              132.69011423,
              35.362335123
            ],
            [
              132.690137643,
              35.362336207
            ],
            [
              132.690566244,
              35.362349472
            ],
            [
              132.690614634,
              35.362345485
            ],
            [
              132.690635255,
              35.362325566
            ],
            [
              132.690640573,
              35.36225661
            ],
            [
              132.690655978,
              35.36214323
            ],
            [
              132.690681918,
              35.362054354
            ],
            [
              132.690726177,
              35.361946514
            ],
            [
              132.690693901,
              35.361946654
            ],
            [
              132.690697243,
              35.361890632
            ],
            [
              132.690462868,
              35.361882186
            ],
            [
              132.690274723,
              35.361875406
            ]
          ]
        ]
      },
      "properties": {
        "polygon_uuid": "6af7448b-bd44-4ae5-8a91-793646c151e1",
        "daicho_shubetsu_cd": "FUD25"
      }
    },
    {
      "type": "Feature",
      "geometry": {
        "type": "Polygon",
        "coordinates": [
          [
            [
              132.693032469,
              35.363973241
            ],
            [
              132.693039418,
              35.363849489
            ],
            [
              132.693055725,
              35.363627729
            ],
            [
              132.693049146,
              35.36359696
            ],
            [
              132.693025468,
              35.363594641
            ],
            [
              132.692549863,
              35.363575636
            ],
            [
              132.692519123,
              35.363929896
            ],
            [
              132.692517594,
              35.363947517
            ],
            [
              132.693032469,
              35.363973241
            ]
          ]
        ]
      },
      "properties": {
        "polygon_uuid": "a4333356-1d22-4336-bc0d-79ee4dfdaa35",
        "daicho_shubetsu_cd": "FUD25"
      }
    },
    {
      "type": "Feature",
      "geometry": {
        "type": "Polygon",
        "coordinates": [
          [
            [
              132.696985833,
              35.360132991
            ],
            [
              132.696991122,
              35.360062247
            ],
            [
              132.696994684,
              35.360014623
            ],
            [
              132.697006228,
              35.359831055
            ],
            [
              132.69640459,
              35.35980239
            ],
            [
              132.696399951,
              35.359900502
            ],
            [
              132.696804615,
              35.359916925
            ],
            [
              132.69678949,
              35.36012774
            ],
            [
              132.696985833,
              35.360132991
            ]
          ]
        ]
      },
      "properties": {
        "polygon_uuid": "b5db724a-d0a6-4635-8dbb-7ac103dd1531",
        "daicho_shubetsu_cd": "FUD25"
      }
    },
    {
      "type": "Feature",
      "geometry": {
        "type": "Polygon",
        "coordinates": [
          [
            [
              132.702925991,
              35.363763964
            ],
            [
              132.702993834,
              35.36434972
            ],
            [
              132.70390885,
              35.364282977
            ],
            [
              132.703844372,
              35.363719298
            ],
            [
              132.703838934,
              35.36369066
            ],
            [
              132.703817922,
              35.363687886
            ],
            [
              132.703421041,
              35.36372691
            ],
            [
              132.702925991,
              35.363763964
            ]
          ]
        ]
      },
      "properties": {
        "polygon_uuid": "d4d809ff-39c9-42fc-b850-7b0ad524c065",
        "daicho_shubetsu_cd": "FUD25"
      }
    },
    {
      "type": "Feature",
      "geometry": {
        "type": "Polygon",
        "coordinates": [
          [
            [
              132.700407506,
              35.366624517
            ],
            [
              132.700340361,
              35.366281514
            ],
            [
              132.700356228,
              35.366192894
            ],
            [
              132.700203299,
              35.366209611
            ],
            [
              132.700089413,
              35.366207993
            ],
            [
              132.700151266,
              35.366703488
            ],
            [
              132.70031724,
              35.366652337
            ],
            [
              132.700407506,
              35.366624517
            ]
          ]
        ]
      },
      "properties": {
        "polygon_uuid": "7ce85b47-286e-405e-a53b-7b207e30ddad",
        "daicho_shubetsu_cd": "FUD25"
      }
    },
    {
      "type": "Feature",
      "geometry": {
        "type": "Polygon",
        "coordinates": [
          [
            [
              132.697424112,
              35.362734911
            ],
            [
              132.69744807,
              35.362344678
            ],
            [
              132.697328596,
              35.362290773
            ],
            [
              132.697114608,
              35.362607344
            ],
            [
              132.697400257,
              35.362743592
            ],
            [
              132.697424112,
              35.362734911
            ]
          ]
        ]
      },
      "properties": {
        "polygon_uuid": "b61746bd-ade3-45ce-a582-7b8dd82cdfdc",
        "daicho_shubetsu_cd": "FUD25"
      }
    },
    {
      "type": "Feature",
      "geometry": {
        "type": "Polygon",
        "coordinates": [
          [
            [
              132.691151556,
              35.364299524
            ],
            [
              132.690584196,
              35.364279136
            ],
            [
              132.690587109,
              35.364305345
            ],
            [
              132.690620623,
              35.364397704
            ],
            [
              132.690696179,
              35.364529695
            ],
            [
              132.690828181,
              35.364783148
            ],
            [
              132.69086611,
              35.364854861
            ],
            [
              132.69088999,
              35.364888677
            ],
            [
              132.69094202,
              35.364938533
            ],
            [
              132.691214879,
              35.36494882
            ],
            [
              132.69120291,
              35.364880356
            ],
            [
              132.691176736,
              35.364704276
            ],
            [
              132.691155321,
              35.36441874
            ],
            [
              132.691151556,
              35.364299524
            ]
          ]
        ]
      },
      "properties": {
        "polygon_uuid": "5fd3f16d-55f3-4060-a7bc-7ba1df522345",
        "daicho_shubetsu_cd": "FUD25"
      }
    },
    {
      "type": "Feature",
      "geometry": {
        "type": "Polygon",
        "coordinates": [
          [
            [
              132.704044222,
              35.366576157
            ],
            [
              132.70389571,
              35.366210494
            ],
            [
              132.703872324,
              35.366149417
            ],
            [
              132.703789701,
              35.36617699
            ],
            [
              132.703663655,
              35.366219055
            ],
            [
              132.703647644,
              35.366239163
            ],
            [
              132.703696133,
              35.366345349
            ],
            [
              132.70372711,
              35.366338151
            ],
            [
              132.703752973,
              35.366339448
            ],
            [
              132.703853771,
              35.366679677
            ],
            [
              132.703866858,
              35.366672529
            ],
            [
              132.704044222,
              35.366576157
            ]
          ]
        ]
      },
      "properties": {
        "polygon_uuid": "065c009f-6f13-45cf-ae56-7ca73f93cace",
        "daicho_shubetsu_cd": "FUD25"
      }
    },
    {
      "type": "Feature",
      "geometry": {
        "type": "Polygon",
        "coordinates": [
          [
            [
              132.703301117,
              35.360150821
            ],
            [
              132.703303015,
              35.360119815
            ],
            [
              132.703306564,
              35.360061824
            ],
            [
              132.703115218,
              35.360051868
            ],
            [
              132.702765221,
              35.360033654
            ],
            [
              132.702738609,
              35.360045081
            ],
            [
              132.702731494,
              35.360048135
            ],
            [
              132.702562048,
              35.360174044
            ],
            [
              132.702558507,
              35.360182448
            ],
            [
              132.70302477,
              35.360213557
            ],
            [
              132.703046359,
              35.360141953
            ],
            [
              132.703301117,
              35.360150821
            ]
          ]
        ]
      },
      "properties": {
        "polygon_uuid": "971daab6-fb59-47e7-a336-7cb132a9e773",
        "daicho_shubetsu_cd": "FUD25"
      }
    },
    {
      "type": "Feature",
      "geometry": {
        "type": "Polygon",
        "coordinates": [
          [
            [
              132.704115301,
              35.360259553
            ],
            [
              132.704195783,
              35.360260627
            ],
            [
              132.704216976,
              35.360026937
            ],
            [
              132.703840774,
              35.360007182
            ],
            [
              132.703823646,
              35.360247507
            ],
            [
              132.70403025,
              35.36025604
            ],
            [
              132.704115301,
              35.360259553
            ]
          ]
        ]
      },
      "properties": {
        "polygon_uuid": "4a17025a-4658-41dc-96a8-7d03a69acacd",
        "daicho_shubetsu_cd": "FUD25"
      }
    },
    {
      "type": "Feature",
      "geometry": {
        "type": "Polygon",
        "coordinates": [
          [
            [
              132.705674905,
              35.365441097
            ],
            [
              132.705907583,
              35.365411195
            ],
            [
              132.70589748,
              35.365313313
            ],
            [
              132.705790404,
              35.365338889
            ],
            [
              132.70577072,
              35.365343359
            ],
            [
              132.705677461,
              35.365364533
            ],
            [
              132.705674905,
              35.365441097
            ]
          ]
        ]
      },
      "properties": {
        "polygon_uuid": "77a1ddc2-8323-419e-9e95-7d329dcc861a",
        "daicho_shubetsu_cd": "FUD25"
      }
    },
    {
      "type": "Feature",
      "geometry": {
        "type": "Polygon",
        "coordinates": [
          [
            [
              132.691912492,
              35.364656729
            ],
            [
              132.691492578,
              35.364639746
            ],
            [
              132.691507481,
              35.364749485
            ],
            [
              132.691528896,
              35.364880356
            ],
            [
              132.691556114,
              35.365031104
            ],
            [
              132.691886607,
              35.365047495
            ],
            [
              132.691904318,
              35.364785066
            ],
            [
              132.691912492,
              35.364656729
            ]
          ]
        ]
      },
      "properties": {
        "polygon_uuid": "7e7b8127-dfe8-4d65-b596-7d55523d5d04",
        "daicho_shubetsu_cd": "FUD25"
      }
    },
    {
      "type": "Feature",
      "geometry": {
        "type": "Polygon",
        "coordinates": [
          [
            [
              132.694514066,
              35.362097041
            ],
            [
              132.694530565,
              35.361792754
            ],
            [
              132.694267489,
              35.361777811
            ],
            [
              132.694255693,
              35.362089254
            ],
            [
              132.694514066,
              35.362097041
            ]
          ]
        ]
      },
      "properties": {
        "polygon_uuid": "aaa474e1-5050-4a1f-938e-7e42d55fe18b",
        "daicho_shubetsu_cd": "FUD25"
      }
    },
    {
      "type": "Feature",
      "geometry": {
        "type": "Polygon",
        "coordinates": [
          [
            [
              132.695032569,
              35.363896261
            ],
            [
              132.694889837,
              35.363691749
            ],
            [
              132.694736874,
              35.363763822
            ],
            [
              132.694627663,
              35.363811431
            ],
            [
              132.694555269,
              35.363842991
            ],
            [
              132.694525181,
              35.363856108
            ],
            [
              132.694506234,
              35.364051094
            ],
            [
              132.694674241,
              35.364059277
            ],
            [
              132.694719231,
              35.36404252
            ],
            [
              132.694881907,
              35.363966092
            ],
            [
              132.694987446,
              35.363916508
            ],
            [
              132.695032569,
              35.363896261
            ]
          ]
        ]
      },
      "properties": {
        "polygon_uuid": "54a23d40-f6bf-49ed-8df0-7f14743d4573",
        "daicho_shubetsu_cd": "FUD25"
      }
    },
    {
      "type": "Feature",
      "geometry": {
        "type": "Polygon",
        "coordinates": [
          [
            [
              132.697359116,
              35.363890616
            ],
            [
              132.698257604,
              35.363818754
            ],
            [
              132.698232003,
              35.363600155
            ],
            [
              132.697333748,
              35.363670248
            ],
            [
              132.697359116,
              35.363890616
            ]
          ]
        ]
      },
      "properties": {
        "polygon_uuid": "96bce386-ec62-4417-9e0d-8014ea2af4dc",
        "daicho_shubetsu_cd": "FUD25"
      }
    },
    {
      "type": "Feature",
      "geometry": {
        "type": "Polygon",
        "coordinates": [
          [
            [
              132.69258289,
              35.361230222
            ],
            [
              132.693187185,
              35.361255154
            ],
            [
              132.693190572,
              35.361153382
            ],
            [
              132.692597839,
              35.361034707
            ],
            [
              132.69258289,
              35.361230222
            ]
          ]
        ]
      },
      "properties": {
        "polygon_uuid": "9f775433-7b86-4ebc-ba45-80260860e2e6",
        "daicho_shubetsu_cd": "FUD25"
      }
    },
    {
      "type": "Feature",
      "geometry": {
        "type": "Polygon",
        "coordinates": [
          [
            [
              132.704567983,
              35.361134295
            ],
            [
              132.704576773,
              35.361214998
            ],
            [
              132.704603336,
              35.361233987
            ],
            [
              132.70475773,
              35.361300816
            ],
            [
              132.704791004,
              35.361159267
            ],
            [
              132.704860075,
              35.361022655
            ],
            [
              132.704863241,
              35.36100476
            ],
            [
              132.704927522,
              35.360641466
            ],
            [
              132.704904113,
              35.360628831
            ],
            [
              132.704752701,
              35.360849399
            ],
            [
              132.704567983,
              35.361134295
            ]
          ]
        ]
      },
      "properties": {
        "polygon_uuid": "19687c89-c4dc-47fc-87d8-823b6aea85bc",
        "daicho_shubetsu_cd": "FUD25"
      }
    },
    {
      "type": "Feature",
      "geometry": {
        "type": "Polygon",
        "coordinates": [
          [
            [
              132.698805231,
              35.360542505
            ],
            [
              132.698221578,
              35.360514725
            ],
            [
              132.698206931,
              35.360744028
            ],
            [
              132.698200307,
              35.360847722
            ],
            [
              132.698189541,
              35.361016252
            ],
            [
              132.698184717,
              35.361091771
            ],
            [
              132.698178716,
              35.361185716
            ],
            [
              132.698167808,
              35.361356464
            ],
            [
              132.698381932,
              35.361365922
            ],
            [
              132.698781373,
              35.361383288
            ],
            [
              132.698798708,
              35.361122173
            ],
            [
              132.698821859,
              35.360773475
            ],
            [
              132.698836305,
              35.360555859
            ],
            [
              132.698805231,
              35.360542505
            ]
          ]
        ]
      },
      "properties": {
        "polygon_uuid": "bbe39a49-8b98-49d0-b2ba-826287f6cfe6",
        "daicho_shubetsu_cd": "FUD25"
      }
    },
    {
      "type": "Feature",
      "geometry": {
        "type": "Polygon",
        "coordinates": [
          [
            [
              132.696995661,
              35.361330146
            ],
            [
              132.696895054,
              35.361327021
            ],
            [
              132.696897769,
              35.361292503
            ],
            [
              132.69674038,
              35.36128102
            ],
            [
              132.696710273,
              35.361446813
            ],
            [
              132.696828547,
              35.361495501
            ],
            [
              132.696969748,
              35.361375888
            ],
            [
              132.696995661,
              35.361330146
            ]
          ]
        ]
      },
      "properties": {
        "polygon_uuid": "a2c66f13-26e4-4d6e-abf2-8344fefda696",
        "daicho_shubetsu_cd": "FUD25"
      }
    },
    {
      "type": "Feature",
      "geometry": {
        "type": "Polygon",
        "coordinates": [
          [
            [
              132.696946701,
              35.360675155
            ],
            [
              132.696937104,
              35.360793294
            ],
            [
              132.697558173,
              35.360817158
            ],
            [
              132.697567741,
              35.360645992
            ],
            [
              132.696951116,
              35.360620808
            ],
            [
              132.696946701,
              35.360675155
            ]
          ]
        ]
      },
      "properties": {
        "polygon_uuid": "12c58bb5-d6d3-4889-893f-840edf71eeec",
        "daicho_shubetsu_cd": "FUD25"
      }
    },
    {
      "type": "Feature",
      "geometry": {
        "type": "Polygon",
        "coordinates": [
          [
            [
              132.702166057,
              35.366207101
            ],
            [
              132.702292683,
              35.366185064
            ],
            [
              132.702246839,
              35.366029023
            ],
            [
              132.702034268,
              35.366029965
            ],
            [
              132.702067328,
              35.366239669
            ],
            [
              132.702166057,
              35.366207101
            ]
          ]
        ]
      },
      "properties": {
        "polygon_uuid": "f8f15eb4-70cc-4b05-a7ce-8426e03b7818",
        "daicho_shubetsu_cd": "FUD25"
      }
    },
    {
      "type": "Feature",
      "geometry": {
        "type": "Polygon",
        "coordinates": [
          [
            [
              132.701835439,
              35.366805112
            ],
            [
              132.702190366,
              35.366724626
            ],
            [
              132.702107287,
              35.366575004
            ],
            [
              132.701780133,
              35.366654831
            ],
            [
              132.701835439,
              35.366805112
            ]
          ]
        ]
      },
      "properties": {
        "polygon_uuid": "06d17074-ed9a-4e3a-9ee5-8528993ed92f",
        "daicho_shubetsu_cd": "FUD25"
      }
    },
    {
      "type": "Feature",
      "geometry": {
        "type": "Polygon",
        "coordinates": [
          [
            [
              132.698221578,
              35.360514725
            ],
            [
              132.697643758,
              35.360487222
            ],
            [
              132.697617227,
              35.360523675
            ],
            [
              132.697603829,
              35.360818052
            ],
            [
              132.698200307,
              35.360847722
            ],
            [
              132.698206931,
              35.360744028
            ],
            [
              132.698221578,
              35.360514725
            ]
          ]
        ]
      },
      "properties": {
        "polygon_uuid": "73750758-8323-4b28-b368-85be5e9bbcab",
        "daicho_shubetsu_cd": "FUD25"
      }
    },
    {
      "type": "Feature",
      "geometry": {
        "type": "Polygon",
        "coordinates": [
          [
            [
              132.703863128,
              35.361885789
            ],
            [
              132.704235959,
              35.361907333
            ],
            [
              132.70425125,
              35.361661279
            ],
            [
              132.704258215,
              35.361549216
            ],
            [
              132.704210588,
              35.361518331
            ],
            [
              132.703894841,
              35.36150827
            ],
            [
              132.703883303,
              35.361644626
            ],
            [
              132.703863128,
              35.361885789
            ]
          ]
        ]
      },
      "properties": {
        "polygon_uuid": "6783fd37-af8a-41e8-b700-8625e369754d",
        "daicho_shubetsu_cd": "FUD25"
      }
    },
    {
      "type": "Feature",
      "geometry": {
        "type": "Polygon",
        "coordinates": [
          [
            [
              132.690657303,
              35.362823707
            ],
            [
              132.690932711,
              35.362835869
            ],
            [
              132.690955796,
              35.362404187
            ],
            [
              132.690720127,
              35.36240045
            ],
            [
              132.690690614,
              35.362410269
            ],
            [
              132.690680411,
              35.36243333
            ],
            [
              132.690657303,
              35.362823707
            ]
          ]
        ]
      },
      "properties": {
        "polygon_uuid": "02da1383-5ce9-48f7-86ae-86790fec021c",
        "daicho_shubetsu_cd": "FUD25"
      }
    },
    {
      "type": "Feature",
      "geometry": {
        "type": "Polygon",
        "coordinates": [
          [
            [
              132.689935827,
              35.361859847
            ],
            [
              132.689751294,
              35.361851375
            ],
            [
              132.689757231,
              35.3619232
            ],
            [
              132.689683708,
              35.361927408
            ],
            [
              132.68966012,
              35.362291532
            ],
            [
              132.68968967,
              35.362315483
            ],
            [
              132.689932451,
              35.362326715
            ],
            [
              132.689963439,
              35.361861115
            ],
            [
              132.689935827,
              35.361859847
            ]
          ]
        ]
      },
      "properties": {
        "polygon_uuid": "5be63999-d1ff-4236-a343-86b0b69cc905",
        "daicho_shubetsu_cd": "FUD25"
      }
    },
    {
      "type": "Feature",
      "geometry": {
        "type": "Polygon",
        "coordinates": [
          [
            [
              132.687316461,
              35.360695154
            ],
            [
              132.68718705,
              35.36120906
            ],
            [
              132.688335254,
              35.361506483
            ],
            [
              132.688355966,
              35.361498538
            ],
            [
              132.688538656,
              35.361007513
            ],
            [
              132.68794424,
              35.360850272
            ],
            [
              132.687318674,
              35.360684786
            ],
            [
              132.687316461,
              35.360695154
            ]
          ]
        ]
      },
      "properties": {
        "polygon_uuid": "f4a741cb-d59b-4c1c-8a32-86ff95adfe91",
        "daicho_shubetsu_cd": "FUD25"
      }
    },
    {
      "type": "Feature",
      "geometry": {
        "type": "Polygon",
        "coordinates": [
          [
            [
              132.698428721,
              35.364883936
            ],
            [
              132.699371547,
              35.364805861
            ],
            [
              132.69934489,
              35.364591291
            ],
            [
              132.699277954,
              35.364052491
            ],
            [
              132.698384336,
              35.364124253
            ],
            [
              132.698343605,
              35.364160528
            ],
            [
              132.698411406,
              35.364728425
            ],
            [
              132.698428721,
              35.364883936
            ]
          ]
        ]
      },
      "properties": {
        "polygon_uuid": "01ce8a40-f2b7-4381-832a-87a0ccc4fc8e",
        "daicho_shubetsu_cd": "FUD25"
      }
    },
    {
      "type": "Feature",
      "geometry": {
        "type": "Polygon",
        "coordinates": [
          [
            [
              132.688687909,
              35.362990086
            ],
            [
              132.688696936,
              35.362838087
            ],
            [
              132.688700171,
              35.362805827
            ],
            [
              132.68871027,
              35.36268645
            ],
            [
              132.688509807,
              35.362676132
            ],
            [
              132.688463122,
              35.362676333
            ],
            [
              132.688466702,
              35.362796064
            ],
            [
              132.688467962,
              35.362838181
            ],
            [
              132.688491358,
              35.363004416
            ],
            [
              132.688687909,
              35.362990086
            ]
          ]
        ]
      },
      "properties": {
        "polygon_uuid": "4cc72bd7-33da-44b9-94e6-8895d69ab6eb",
        "daicho_shubetsu_cd": "FUD25"
      }
    },
    {
      "type": "Feature",
      "geometry": {
        "type": "Polygon",
        "coordinates": [
          [
            [
              132.692441544,
              35.365168756
            ],
            [
              132.692982981,
              35.364884675
            ],
            [
              132.69299705,
              35.364609475
            ],
            [
              132.692475997,
              35.364586879
            ],
            [
              132.692474863,
              35.364605303
            ],
            [
              132.692457868,
              35.364892694
            ],
            [
              132.692441544,
              35.365168756
            ]
          ]
        ]
      },
      "properties": {
        "polygon_uuid": "2e8fd092-47bc-4338-be6c-88cf1393451b",
        "daicho_shubetsu_cd": "FUD25"
      }
    },
    {
      "type": "Feature",
      "geometry": {
        "type": "Polygon",
        "coordinates": [
          [
            [
              132.696985833,
              35.360132991
            ],
            [
              132.696974069,
              35.360359538
            ],
            [
              132.697577759,
              35.360385747
            ],
            [
              132.697591116,
              35.360372083
            ],
            [
              132.697612672,
              35.3600908
            ],
            [
              132.696991122,
              35.360062247
            ],
            [
              132.696985833,
              35.360132991
            ]
          ]
        ]
      },
      "properties": {
        "polygon_uuid": "995d46f1-6f1d-4804-8cb5-89f2020eeca5",
        "daicho_shubetsu_cd": "FUD25"
      }
    },
    {
      "type": "Feature",
      "geometry": {
        "type": "Polygon",
        "coordinates": [
          [
            [
              132.699994816,
              35.362601989
            ],
            [
              132.700405173,
              35.362567389
            ],
            [
              132.700434073,
              35.362548012
            ],
            [
              132.70057373,
              35.362344707
            ],
            [
              132.700555739,
              35.36234139
            ],
            [
              132.699993419,
              35.362465009
            ],
            [
              132.699994816,
              35.362601989
            ]
          ]
        ]
      },
      "properties": {
        "polygon_uuid": "c4f8cb30-f784-4e87-88e3-8ac2de8fb94e",
        "daicho_shubetsu_cd": "FUD25"
      }
    },
    {
      "type": "Feature",
      "geometry": {
        "type": "Polygon",
        "coordinates": [
          [
            [
              132.694650788,
              35.361268879
            ],
            [
              132.694713459,
              35.360829763
            ],
            [
              132.694682041,
              35.36082384
            ],
            [
              132.694506485,
              35.361203058
            ],
            [
              132.69459757,
              35.361269762
            ],
            [
              132.694650788,
              35.361268879
            ]
          ]
        ]
      },
      "properties": {
        "polygon_uuid": "cf73e816-5cf6-48cf-b663-8b22a652cee4",
        "daicho_shubetsu_cd": "FUD25"
      }
    },
    {
      "type": "Feature",
      "geometry": {
        "type": "Polygon",
        "coordinates": [
          [
            [
              132.698336051,
              35.367203889
            ],
            [
              132.698171741,
              35.366816516
            ],
            [
              132.698144366,
              35.36682437
            ],
            [
              132.698040501,
              35.366854167
            ],
            [
              132.698200994,
              35.367237949
            ],
            [
              132.698336051,
              35.367203889
            ]
          ]
        ]
      },
      "properties": {
        "polygon_uuid": "700a723c-c1b6-4f6f-8722-8b5094cc03e3",
        "daicho_shubetsu_cd": "FUD25"
      }
    },
    {
      "type": "Feature",
      "geometry": {
        "type": "Polygon",
        "coordinates": [
          [
            [
              132.694119573,
              35.366263593
            ],
            [
              132.693532816,
              35.36592758
            ],
            [
              132.693450653,
              35.366022712
            ],
            [
              132.693302904,
              35.366238194
            ],
            [
              132.693252675,
              35.366316516
            ],
            [
              132.693251176,
              35.366355217
            ],
            [
              132.69327594,
              35.366396669
            ],
            [
              132.693433982,
              35.366486266
            ],
            [
              132.693782604,
              35.366691114
            ],
            [
              132.693888516,
              35.366572985
            ],
            [
              132.694138581,
              35.366284914
            ],
            [
              132.694120127,
              35.366272096
            ],
            [
              132.694119573,
              35.366263593
            ]
          ]
        ]
      },
      "properties": {
        "polygon_uuid": "5904e9ee-2cfe-43c1-a124-8bd913f0dd50",
        "daicho_shubetsu_cd": "FUD25"
      }
    },
    {
      "type": "Feature",
      "geometry": {
        "type": "Polygon",
        "coordinates": [
          [
            [
              132.700595534,
              35.366034041
            ],
            [
              132.700598616,
              35.365937807
            ],
            [
              132.700599453,
              35.365914859
            ],
            [
              132.700843293,
              35.365924937
            ],
            [
              132.700862992,
              35.365814412
            ],
            [
              132.700854898,
              35.365725498
            ],
            [
              132.700446175,
              35.365754865
            ],
            [
              132.700442418,
              35.365778514
            ],
            [
              132.700449167,
              35.365816331
            ],
            [
              132.700428726,
              35.365920524
            ],
            [
              132.700424739,
              35.366036915
            ],
            [
              132.700595534,
              35.366034041
            ]
          ]
        ]
      },
      "properties": {
        "polygon_uuid": "732201ab-f822-4e1a-adea-8bddc96a866d",
        "daicho_shubetsu_cd": "FUD25"
      }
    },
    {
      "type": "Feature",
      "geometry": {
        "type": "Polygon",
        "coordinates": [
          [
            [
              132.688519302,
              35.362305813
            ],
            [
              132.688509807,
              35.362676132
            ],
            [
              132.68871027,
              35.36268645
            ],
            [
              132.688739323,
              35.362343053
            ],
            [
              132.688724203,
              35.362322345
            ],
            [
              132.688689555,
              35.362312107
            ],
            [
              132.688519302,
              35.362305813
            ]
          ]
        ]
      },
      "properties": {
        "polygon_uuid": "6661e529-28e0-45a2-8425-8d85ba53dca1",
        "daicho_shubetsu_cd": "FUD25"
      }
    },
    {
      "type": "Feature",
      "geometry": {
        "type": "Polygon",
        "coordinates": [
          [
            [
              132.692535948,
              35.362412104
            ],
            [
              132.69279747,
              35.362421909
            ],
            [
              132.692807288,
              35.362313015
            ],
            [
              132.693127922,
              35.362325487
            ],
            [
              132.693134953,
              35.362206805
            ],
            [
              132.692520785,
              35.362184148
            ],
            [
              132.69251008,
              35.362398154
            ],
            [
              132.692535948,
              35.362412104
            ]
          ]
        ]
      },
      "properties": {
        "polygon_uuid": "b3ce4254-611b-45f5-aa21-8dc89b7ef80c",
        "daicho_shubetsu_cd": "FUD25"
      }
    },
    {
      "type": "Feature",
      "geometry": {
        "type": "Polygon",
        "coordinates": [
          [
            [
              132.703301117,
              35.360150821
            ],
            [
              132.703276049,
              35.360560391
            ],
            [
              132.703779518,
              35.360517226
            ],
            [
              132.703810744,
              35.360148875
            ],
            [
              132.703303015,
              35.360119815
            ],
            [
              132.703301117,
              35.360150821
            ]
          ]
        ]
      },
      "properties": {
        "polygon_uuid": "c46c33b6-29c2-460b-996d-8e5cf76bd867",
        "daicho_shubetsu_cd": "FUD25"
      }
    },
    {
      "type": "Feature",
      "geometry": {
        "type": "Polygon",
        "coordinates": [
          [
            [
              132.691941904,
              35.364194944
            ],
            [
              132.691468445,
              35.364179699
            ],
            [
              132.69146703,
              35.36424266
            ],
            [
              132.691474169,
              35.364402084
            ],
            [
              132.691481307,
              35.364556749
            ],
            [
              132.691492578,
              35.364639746
            ],
            [
              132.691912492,
              35.364656729
            ],
            [
              132.691930534,
              35.36437347
            ],
            [
              132.691941904,
              35.364194944
            ]
          ]
        ]
      },
      "properties": {
        "polygon_uuid": "8803127a-b4b0-4a66-807c-8f1e5d6d1cae",
        "daicho_shubetsu_cd": "FUD25"
      }
    },
    {
      "type": "Feature",
      "geometry": {
        "type": "Polygon",
        "coordinates": [
          [
            [
              132.705069297,
              35.364261351
            ],
            [
              132.705436111,
              35.364232936
            ],
            [
              132.705416391,
              35.36406203
            ],
            [
              132.705414614,
              35.364046628
            ],
            [
              132.705375724,
              35.363709572
            ],
            [
              132.705360224,
              35.363575233
            ],
            [
              132.705005675,
              35.36360845
            ],
            [
              132.704993974,
              35.363618139
            ],
            [
              132.705013027,
              35.363792404
            ],
            [
              132.705095,
              35.363786283
            ],
            [
              132.705103795,
              35.363824995
            ],
            [
              132.705017575,
              35.36383341
            ],
            [
              132.705069297,
              35.364261351
            ]
          ]
        ]
      },
      "properties": {
        "polygon_uuid": "3c480daf-041a-48d1-8627-8f5daee4e4f0",
        "daicho_shubetsu_cd": "FUD25"
      }
    },
    {
      "type": "Feature",
      "geometry": {
        "type": "Polygon",
        "coordinates": [
          [
            [
              132.69780615,
              35.362936558
            ],
            [
              132.697742526,
              35.362826523
            ],
            [
              132.697479307,
              35.362926597
            ],
            [
              132.697529047,
              35.363016966
            ],
            [
              132.697562294,
              35.363027891
            ],
            [
              132.69780615,
              35.362936558
            ]
          ]
        ]
      },
      "properties": {
        "polygon_uuid": "cdd765ed-b36b-4ff8-b00b-8f8e803e8fc2",
        "daicho_shubetsu_cd": "FUD25"
      }
    },
    {
      "type": "Feature",
      "geometry": {
        "type": "Polygon",
        "coordinates": [
          [
            [
              132.696584748,
              35.364143417
            ],
            [
              132.696599052,
              35.364107451
            ],
            [
              132.696595179,
              35.364050144
            ],
            [
              132.696586614,
              35.363989036
            ],
            [
              132.696523958,
              35.36386033
            ],
            [
              132.696471353,
              35.363754891
            ],
            [
              132.696113227,
              35.363916185
            ],
            [
              132.696584748,
              35.364143417
            ]
          ]
        ]
      },
      "properties": {
        "polygon_uuid": "e1fa041f-7748-4b63-9df2-8feed3db637c",
        "daicho_shubetsu_cd": "FUD25"
      }
    },
    {
      "type": "Feature",
      "geometry": {
        "type": "Polygon",
        "coordinates": [
          [
            [
              132.706818895,
              35.365301497
            ],
            [
              132.706909565,
              35.365291391
            ],
            [
              132.707090353,
              35.365271241
            ],
            [
              132.707120623,
              35.365267699
            ],
            [
              132.707324579,
              35.365243838
            ],
            [
              132.707466198,
              35.365232728
            ],
            [
              132.70751685,
              35.365170498
            ],
            [
              132.707462852,
              35.365144256
            ],
            [
              132.707393784,
              35.365125739
            ],
            [
              132.707317167,
              35.365123572
            ],
            [
              132.707125637,
              35.365120664
            ],
            [
              132.707111809,
              35.365120168
            ],
            [
              132.706908031,
              35.365112852
            ],
            [
              132.706902032,
              35.365111105
            ],
            [
              132.706811455,
              35.365104499
            ],
            [
              132.706818895,
              35.365301497
            ]
          ]
        ]
      },
      "properties": {
        "polygon_uuid": "9f7f1291-3f58-42d1-af48-906180fae2b1",
        "daicho_shubetsu_cd": "FUD25"
      }
    },
    {
      "type": "Feature",
      "geometry": {
        "type": "Polygon",
        "coordinates": [
          [
            [
              132.702071614,
              35.359612485
            ],
            [
              132.70149086,
              35.359581087
            ],
            [
              132.701477531,
              35.359839527
            ],
            [
              132.702049128,
              35.359869013
            ],
            [
              132.702061092,
              35.359732527
            ],
            [
              132.702071614,
              35.359612485
            ]
          ]
        ]
      },
      "properties": {
        "polygon_uuid": "b44c24b5-74c2-4c38-a419-90fe09a32a73",
        "daicho_shubetsu_cd": "FUD25"
      }
    },
    {
      "type": "Feature",
      "geometry": {
        "type": "Polygon",
        "coordinates": [
          [
            [
              132.690255639,
              35.362808564
            ],
            [
              132.690604239,
              35.362823717
            ],
            [
              132.690631458,
              35.362458964
            ],
            [
              132.690628977,
              35.362414616
            ],
            [
              132.690615551,
              35.362396503
            ],
            [
              132.690572619,
              35.362389421
            ],
            [
              132.690286111,
              35.362377774
            ],
            [
              132.690255639,
              35.362808564
            ]
          ]
        ]
      },
      "properties": {
        "polygon_uuid": "dedd1262-a058-47f9-b470-91e81a14f999",
        "daicho_shubetsu_cd": "FUD25"
      }
    },
    {
      "type": "Feature",
      "geometry": {
        "type": "Polygon",
        "coordinates": [
          [
            [
              132.691931894,
              35.365699103
            ],
            [
              132.691945649,
              35.365691774
            ],
            [
              132.691946601,
              35.365664073
            ],
            [
              132.691925419,
              35.365612717
            ],
            [
              132.691898166,
              35.365515114
            ],
            [
              132.691616095,
              35.365652826
            ],
            [
              132.691596471,
              35.365667449
            ],
            [
              132.691931894,
              35.365699103
            ]
          ]
        ]
      },
      "properties": {
        "polygon_uuid": "2a03281d-b623-478b-b4f2-93715f879d99",
        "daicho_shubetsu_cd": "FUD25"
      }
    },
    {
      "type": "Feature",
      "geometry": {
        "type": "Polygon",
        "coordinates": [
          [
            [
              132.706574145,
              35.365318666
            ],
            [
              132.706770907,
              35.365295646
            ],
            [
              132.706792121,
              35.365289678
            ],
            [
              132.706788562,
              35.365232383
            ],
            [
              132.706784125,
              35.365160959
            ],
            [
              132.706581396,
              35.365174721
            ],
            [
              132.706544575,
              35.36517101
            ],
            [
              132.706474078,
              35.365163906
            ],
            [
              132.70642877,
              35.365261997
            ],
            [
              132.706405019,
              35.365337441
            ],
            [
              132.706458606,
              35.365332181
            ],
            [
              132.706574145,
              35.365318666
            ]
          ]
        ]
      },
      "properties": {
        "polygon_uuid": "da81d0ce-7ae3-4be2-a53a-938b92667939",
        "daicho_shubetsu_cd": "FUD25"
      }
    },
    {
      "type": "Feature",
      "geometry": {
        "type": "Polygon",
        "coordinates": [
          [
            [
              132.694207636,
              35.362459056
            ],
            [
              132.694224741,
              35.36211362
            ],
            [
              132.694129357,
              35.362112903
            ],
            [
              132.694059365,
              35.362403087
            ],
            [
              132.694131574,
              35.362453727
            ],
            [
              132.694207636,
              35.362459056
            ]
          ]
        ]
      },
      "properties": {
        "polygon_uuid": "8f2b2854-be5b-4195-aba8-94184ccbe387",
        "daicho_shubetsu_cd": "FUD25"
      }
    },
    {
      "type": "Feature",
      "geometry": {
        "type": "Polygon",
        "coordinates": [
          [
            [
              132.698036154,
              35.362674921
            ],
            [
              132.697454545,
              35.362643994
            ],
            [
              132.697439801,
              35.362882568
            ],
            [
              132.697450839,
              35.362900414
            ],
            [
              132.697657766,
              35.362810036
            ],
            [
              132.697848391,
              35.362732256
            ],
            [
              132.697944267,
              35.362696047
            ],
            [
              132.698036154,
              35.362674921
            ]
          ]
        ]
      },
      "properties": {
        "polygon_uuid": "46f41fc4-38d1-4e2a-9bad-946e46baba59",
        "daicho_shubetsu_cd": "FUD25"
      }
    },
    {
      "type": "Feature",
      "geometry": {
        "type": "Polygon",
        "coordinates": [
          [
            [
              132.696554283,
              35.365368321
            ],
            [
              132.697192333,
              35.36530954
            ],
            [
              132.697133064,
              35.364865251
            ],
            [
              132.696502568,
              35.364913077
            ],
            [
              132.696510956,
              35.364988723
            ],
            [
              132.696554283,
              35.365368321
            ]
          ]
        ]
      },
      "properties": {
        "polygon_uuid": "b802f01b-78bb-4c9c-b4ab-95e0636aea20",
        "daicho_shubetsu_cd": "FUD25"
      }
    },
    {
      "type": "Feature",
      "geometry": {
        "type": "Polygon",
        "coordinates": [
          [
            [
              132.700369826,
              35.366852166
            ],
            [
              132.700307678,
              35.366732784
            ],
            [
              132.700080335,
              35.366795267
            ],
            [
              132.700057266,
              35.366829288
            ],
            [
              132.700139681,
              35.36694226
            ],
            [
              132.700369826,
              35.366852166
            ]
          ]
        ]
      },
      "properties": {
        "polygon_uuid": "32148ed3-07ea-4625-bf0a-95e81eecf881",
        "daicho_shubetsu_cd": "FUD25"
      }
    },
    {
      "type": "Feature",
      "geometry": {
        "type": "Polygon",
        "coordinates": [
          [
            [
              132.696468066,
              35.361706807
            ],
            [
              132.696131529,
              35.36160092
            ],
            [
              132.696084171,
              35.361648217
            ],
            [
              132.696035894,
              35.361696432
            ],
            [
              132.696179279,
              35.361827322
            ],
            [
              132.696246078,
              35.361770665
            ],
            [
              132.696468066,
              35.361706807
            ]
          ]
        ]
      },
      "properties": {
        "polygon_uuid": "7992f9f2-9c2b-4b5e-88a4-967956109213",
        "daicho_shubetsu_cd": "FUD25"
      }
    },
    {
      "type": "Feature",
      "geometry": {
        "type": "Polygon",
        "coordinates": [
          [
            [
              132.689624051,
              35.365914906
            ],
            [
              132.689588692,
              35.365822038
            ],
            [
              132.68933466,
              35.365912009
            ],
            [
              132.689341203,
              35.366029444
            ],
            [
              132.689624051,
              35.365914906
            ]
          ]
        ]
      },
      "properties": {
        "polygon_uuid": "5013b44b-91ab-4d46-be3e-96889bab2d84",
        "daicho_shubetsu_cd": "FUD25"
      }
    },
    {
      "type": "Feature",
      "geometry": {
        "type": "Polygon",
        "coordinates": [
          [
            [
              132.691340968,
              35.362849766
            ],
            [
              132.69135337,
              35.362410489
            ],
            [
              132.690955796,
              35.362404187
            ],
            [
              132.690932711,
              35.362835869
            ],
            [
              132.691340968,
              35.362849766
            ]
          ]
        ]
      },
      "properties": {
        "polygon_uuid": "999f7c67-4937-43e1-83ff-96d380670739",
        "daicho_shubetsu_cd": "FUD25"
      }
    },
    {
      "type": "Feature",
      "geometry": {
        "type": "Polygon",
        "coordinates": [
          [
            [
              132.696475401,
              35.364668042
            ],
            [
              132.697101013,
              35.364624991
            ],
            [
              132.697085476,
              35.364452302
            ],
            [
              132.696522274,
              35.3644939
            ],
            [
              132.696473049,
              35.364568202
            ],
            [
              132.696475401,
              35.364668042
            ]
          ]
        ]
      },
      "properties": {
        "polygon_uuid": "b61f45b4-c271-40e0-8a7c-96f070776efa",
        "daicho_shubetsu_cd": "FUD25"
      }
    },
    {
      "type": "Feature",
      "geometry": {
        "type": "Polygon",
        "coordinates": [
          [
            [
              132.693667081,
              35.36284096
            ],
            [
              132.693673765,
              35.362504158
            ],
            [
              132.693215155,
              35.362478294
            ],
            [
              132.693168006,
              35.362505151
            ],
            [
              132.693162602,
              35.362811662
            ],
            [
              132.693667081,
              35.36284096
            ]
          ]
        ]
      },
      "properties": {
        "polygon_uuid": "dd05c673-7179-402b-a472-975dbfefb440",
        "daicho_shubetsu_cd": "FUD25"
      }
    },
    {
      "type": "Feature",
      "geometry": {
        "type": "Polygon",
        "coordinates": [
          [
            [
              132.698108027,
              35.362175465
            ],
            [
              132.698124533,
              35.36190549
            ],
            [
              132.698126223,
              35.361877849
            ],
            [
              132.697510483,
              35.361846788
            ],
            [
              132.697490272,
              35.36215152
            ],
            [
              132.698108027,
              35.362175465
            ]
          ]
        ]
      },
      "properties": {
        "polygon_uuid": "b0aaec0e-a4c5-4f63-8ae4-983c0f312d96",
        "daicho_shubetsu_cd": "FUD25"
      }
    },
    {
      "type": "Feature",
      "geometry": {
        "type": "Polygon",
        "coordinates": [
          [
            [
              132.69640459,
              35.35980239
            ],
            [
              132.697006228,
              35.359831055
            ],
            [
              132.697007167,
              35.359816131
            ],
            [
              132.697019992,
              35.3596122
            ],
            [
              132.697028978,
              35.359469312
            ],
            [
              132.696424485,
              35.359443333
            ],
            [
              132.69641933,
              35.359545947
            ],
            [
              132.69640459,
              35.35980239
            ]
          ]
        ]
      },
      "properties": {
        "polygon_uuid": "c9161947-312d-4cbc-9922-9a2448199738",
        "daicho_shubetsu_cd": "FUD25"
      }
    },
    {
      "type": "Feature",
      "geometry": {
        "type": "Polygon",
        "coordinates": [
          [
            [
              132.70178748,
              35.36690688
            ],
            [
              132.701743738,
              35.366779067
            ],
            [
              132.701441902,
              35.366854864
            ],
            [
              132.701602898,
              35.366951203
            ],
            [
              132.70178748,
              35.36690688
            ]
          ]
        ]
      },
      "properties": {
        "polygon_uuid": "f55346b4-192a-4a34-bdfc-9b003314b0ac",
        "daicho_shubetsu_cd": "FUD25"
      }
    },
    {
      "type": "Feature",
      "geometry": {
        "type": "Polygon",
        "coordinates": [
          [
            [
              132.698414655,
              35.362627063
            ],
            [
              132.698416383,
              35.36224974
            ],
            [
              132.69872237,
              35.362255439
            ],
            [
              132.698722054,
              35.362207127
            ],
            [
              132.698743884,
              35.361933708
            ],
            [
              132.698762321,
              35.361702791
            ],
            [
              132.698776061,
              35.361530694
            ],
            [
              132.698785826,
              35.361408381
            ],
            [
              132.69815668,
              35.361379718
            ],
            [
              132.698149148,
              35.361502902
            ],
            [
              132.698138815,
              35.361671915
            ],
            [
              132.698135228,
              35.361730569
            ],
            [
              132.698126223,
              35.361877849
            ],
            [
              132.698124533,
              35.36190549
            ],
            [
              132.698108027,
              35.362175465
            ],
            [
              132.698090561,
              35.362461116
            ],
            [
              132.698079003,
              35.36266507
            ],
            [
              132.698240864,
              35.362639447
            ],
            [
              132.698388154,
              35.362629322
            ],
            [
              132.698414655,
              35.362627063
            ]
          ]
        ]
      },
      "properties": {
        "polygon_uuid": "72c5d0b0-b5ff-4696-8ed7-9e24fb0f06bf",
        "daicho_shubetsu_cd": "FUD25"
      }
    },
    {
      "type": "Feature",
      "geometry": {
        "type": "Polygon",
        "coordinates": [
          [
            [
              132.693574398,
              35.367233577
            ],
            [
              132.693741369,
              35.367030914
            ],
            [
              132.693899624,
              35.366850055
            ],
            [
              132.693627735,
              35.36669279
            ],
            [
              132.693221768,
              35.366463605
            ],
            [
              132.693162604,
              35.366445725
            ],
            [
              132.69312431,
              35.366459193
            ],
            [
              132.693037022,
              35.366545553
            ],
            [
              132.692822816,
              35.366804227
            ],
            [
              132.693574398,
              35.367233577
            ]
          ]
        ]
      },
      "properties": {
        "polygon_uuid": "6bfc78e1-453b-4608-b596-9f0260e62438",
        "daicho_shubetsu_cd": "FUD25"
      }
    },
    {
      "type": "Feature",
      "geometry": {
        "type": "Polygon",
        "coordinates": [
          [
            [
              132.707667924,
              35.364927174
            ],
            [
              132.7075556,
              35.364854889
            ],
            [
              132.707410596,
              35.364864924
            ],
            [
              132.707432408,
              35.365074759
            ],
            [
              132.70755832,
              35.365142524
            ],
            [
              132.707650217,
              35.365028907
            ],
            [
              132.707671305,
              35.364974848
            ],
            [
              132.707667924,
              35.364927174
            ]
          ]
        ]
      },
      "properties": {
        "polygon_uuid": "0919fe79-07db-4289-ac15-9f4c336265b1",
        "daicho_shubetsu_cd": "FUD25"
      }
    },
    {
      "type": "Feature",
      "geometry": {
        "type": "Polygon",
        "coordinates": [
          [
            [
              132.695312869,
              35.363501075
            ],
            [
              132.695308063,
              35.36347944
            ],
            [
              132.695441807,
              35.363427813
            ],
            [
              132.695386041,
              35.363363116
            ],
            [
              132.695309208,
              35.363385426
            ],
            [
              132.695298624,
              35.363372097
            ],
            [
              132.695013425,
              35.363472432
            ],
            [
              132.695048514,
              35.363507068
            ],
            [
              132.69510223,
              35.363596017
            ],
            [
              132.695312869,
              35.363501075
            ]
          ]
        ]
      },
      "properties": {
        "polygon_uuid": "4401bbb7-da06-4b6d-98e7-a0044d93ce95",
        "daicho_shubetsu_cd": "FUD25"
      }
    },
    {
      "type": "Feature",
      "geometry": {
        "type": "Polygon",
        "coordinates": [
          [
            [
              132.698291066,
              35.366219882
            ],
            [
              132.69826038,
              35.366001636
            ],
            [
              132.698252974,
              35.365982889
            ],
            [
              132.698193519,
              35.365993751
            ],
            [
              132.697898847,
              35.366050165
            ],
            [
              132.69792001,
              35.366120032
            ],
            [
              132.69794513,
              35.366315787
            ],
            [
              132.698203424,
              35.366245488
            ],
            [
              132.698291066,
              35.366219882
            ]
          ]
        ]
      },
      "properties": {
        "polygon_uuid": "db6c9db8-4856-4e6c-b68c-a006c12b50a1",
        "daicho_shubetsu_cd": "FUD25"
      }
    },
    {
      "type": "Feature",
      "geometry": {
        "type": "Polygon",
        "coordinates": [
          [
            [
              132.68964758,
              35.360940626
            ],
            [
              132.689308721,
              35.360927388
            ],
            [
              132.689303131,
              35.361199169
            ],
            [
              132.689300322,
              35.361335768000004
            ],
            [
              132.68964494,
              35.361347757
            ],
            [
              132.68964758,
              35.360940626
            ]
          ]
        ]
      },
      "properties": {
        "polygon_uuid": "9dcdd0e5-f99b-4fd9-8fe6-a039ad168813",
        "daicho_shubetsu_cd": "FUD25"
      }
    },
    {
      "type": "Feature",
      "geometry": {
        "type": "Polygon",
        "coordinates": [
          [
            [
              132.697114608,
              35.362607344
            ],
            [
              132.697328596,
              35.362290773
            ],
            [
              132.697410076,
              35.362178612
            ],
            [
              132.697377873,
              35.362160356
            ],
            [
              132.697326023,
              35.362248263
            ],
            [
              132.697289882,
              35.362233212
            ],
            [
              132.697246594,
              35.362294241
            ],
            [
              132.697198433,
              35.362278348
            ],
            [
              132.696983923,
              35.362545011
            ],
            [
              132.697114608,
              35.362607344
            ]
          ]
        ]
      },
      "properties": {
        "polygon_uuid": "6f18ee82-bf31-4e2e-ad45-a06efa40a848",
        "daicho_shubetsu_cd": "FUD25"
      }
    },
    {
      "type": "Feature",
      "geometry": {
        "type": "Polygon",
        "coordinates": [
          [
            [
              132.697409576,
              35.362907138
            ],
            [
              132.697415297,
              35.362780067
            ],
            [
              132.697394482,
              35.362770318
            ],
            [
              132.697076806,
              35.362626773
            ],
            [
              132.696955379,
              35.362764193
            ],
            [
              132.69712854,
              35.363021997
            ],
            [
              132.697409576,
              35.362907138
            ]
          ]
        ]
      },
      "properties": {
        "polygon_uuid": "a7e1049d-8274-4ef7-8c15-a07ebb9b7fad",
        "daicho_shubetsu_cd": "FUD25"
      }
    },
    {
      "type": "Feature",
      "geometry": {
        "type": "Polygon",
        "coordinates": [
          [
            [
              132.703814545,
              35.366899272
            ],
            [
              132.703888189,
              35.367027032
            ],
            [
              132.704141516,
              35.366923578
            ],
            [
              132.704266922,
              35.366872363
            ],
            [
              132.704214427,
              35.366793381
            ],
            [
              132.704197223,
              35.366798164
            ],
            [
              132.704055817,
              35.366614311
            ],
            [
              132.70392756,
              35.366680767
            ],
            [
              132.704012326,
              35.366814046
            ],
            [
              132.703814545,
              35.366899272
            ]
          ]
        ]
      },
      "properties": {
        "polygon_uuid": "52f8f42b-a187-470f-a41a-a29277fbfed8",
        "daicho_shubetsu_cd": "FUD25"
      }
    },
    {
      "type": "Feature",
      "geometry": {
        "type": "Polygon",
        "coordinates": [
          [
            [
              132.703306564,
              35.360061824
            ],
            [
              132.703303015,
              35.360119815
            ],
            [
              132.703810744,
              35.360148875
            ],
            [
              132.703822669,
              35.360008208
            ],
            [
              132.703609116,
              35.359998198
            ],
            [
              132.703589267,
              35.359997267
            ],
            [
              132.703313771,
              35.359984354
            ],
            [
              132.703306564,
              35.360061824
            ]
          ]
        ]
      },
      "properties": {
        "polygon_uuid": "d5d34b69-c2ea-4b91-ae50-a2f2fde9c921",
        "daicho_shubetsu_cd": "FUD25"
      }
    },
    {
      "type": "Feature",
      "geometry": {
        "type": "Polygon",
        "coordinates": [
          [
            [
              132.689932451,
              35.362326715
            ],
            [
              132.69011423,
              35.362335123
            ],
            [
              132.690143208,
              35.361869368
            ],
            [
              132.689963439,
              35.361861115
            ],
            [
              132.689932451,
              35.362326715
            ]
          ]
        ]
      },
      "properties": {
        "polygon_uuid": "736a4f6b-0153-4e91-b9a4-a3944f23ffde",
        "daicho_shubetsu_cd": "FUD25"
      }
    },
    {
      "type": "Feature",
      "geometry": {
        "type": "Polygon",
        "coordinates": [
          [
            [
              132.70586845,
              35.360640653
            ],
            [
              132.705875053,
              35.360581388
            ],
            [
              132.705908913,
              35.36058697
            ],
            [
              132.705931737,
              35.360511391
            ],
            [
              132.706002942,
              35.360520627
            ],
            [
              132.706028097,
              35.360445037
            ],
            [
              132.705762939,
              35.360383164
            ],
            [
              132.705723555,
              35.360599261
            ],
            [
              132.705747083,
              35.360629729
            ],
            [
              132.70586845,
              35.360640653
            ]
          ]
        ]
      },
      "properties": {
        "polygon_uuid": "20bb8787-baba-498d-9d1e-a40bc832baa1",
        "daicho_shubetsu_cd": "FUD25"
      }
    },
    {
      "type": "Feature",
      "geometry": {
        "type": "Polygon",
        "coordinates": [
          [
            [
              132.699153184,
              35.363356212
            ],
            [
              132.699175835,
              35.36355571
            ],
            [
              132.700070815,
              35.363483424
            ],
            [
              132.700057184,
              35.363354137
            ],
            [
              132.700059834,
              35.363225145
            ],
            [
              132.700095519,
              35.363066358
            ],
            [
              132.700149074,
              35.362962938
            ],
            [
              132.700233909,
              35.362827851
            ],
            [
              132.700369266,
              35.362633215
            ],
            [
              132.700342921,
              35.362617567
            ],
            [
              132.699564771,
              35.362674026
            ],
            [
              132.69954564,
              35.362691308
            ],
            [
              132.699523858,
              35.362837581
            ],
            [
              132.69911418,
              35.363058652
            ],
            [
              132.699124845,
              35.36309513
            ],
            [
              132.699143185,
              35.363268134
            ],
            [
              132.699153184,
              35.363356212
            ]
          ]
        ]
      },
      "properties": {
        "polygon_uuid": "81649d3c-491e-4192-aa0f-a42cf9cbde15",
        "daicho_shubetsu_cd": "FUD25"
      }
    },
    {
      "type": "Feature",
      "geometry": {
        "type": "Polygon",
        "coordinates": [
          [
            [
              132.69896404,
              35.35954818
            ],
            [
              132.698936767,
              35.359547042
            ],
            [
              132.69892293,
              35.359747281
            ],
            [
              132.698911142,
              35.359928236
            ],
            [
              132.698896076,
              35.360159491
            ],
            [
              132.699519507,
              35.360184394
            ],
            [
              132.699523297,
              35.360125217
            ],
            [
              132.699532972,
              35.35997413
            ],
            [
              132.699534089,
              35.359956693
            ],
            [
              132.699545172,
              35.359783645
            ],
            [
              132.699558253,
              35.359579372
            ],
            [
              132.6994467,
              35.359574286
            ],
            [
              132.69896404,
              35.35954818
            ]
          ]
        ]
      },
      "properties": {
        "polygon_uuid": "0afa08be-c290-41ac-9aac-a43341aa3673",
        "daicho_shubetsu_cd": "FUD25"
      }
    },
    {
      "type": "Feature",
      "geometry": {
        "type": "Polygon",
        "coordinates": [
          [
            [
              132.695414006,
              35.363866852
            ],
            [
              132.695376678,
              35.36386606
            ],
            [
              132.695046623,
              35.364024738
            ],
            [
              132.694815255,
              35.364137532
            ],
            [
              132.69512664,
              35.36431734
            ],
            [
              132.695477953,
              35.363895764
            ],
            [
              132.695459611,
              35.363884805
            ],
            [
              132.695414006,
              35.363866852
            ]
          ]
        ]
      },
      "properties": {
        "polygon_uuid": "3d24c905-0624-4305-a1e7-a4f54d57e49b",
        "daicho_shubetsu_cd": "FUD25"
      }
    },
    {
      "type": "Feature",
      "geometry": {
        "type": "Polygon",
        "coordinates": [
          [
            [
              132.703840774,
              35.360007182
            ],
            [
              132.704216976,
              35.360026937
            ],
            [
              132.704297495,
              35.360033744
            ],
            [
              132.704267879,
              35.359805212
            ],
            [
              132.704245486,
              35.359632418
            ],
            [
              132.704230784,
              35.359595141
            ],
            [
              132.704224869,
              35.359515719
            ],
            [
              132.703971657,
              35.359519052
            ],
            [
              132.703968648,
              35.359567726
            ],
            [
              132.703869315,
              35.359564031
            ],
            [
              132.703840774,
              35.360007182
            ]
          ]
        ]
      },
      "properties": {
        "polygon_uuid": "8ad947fe-ba5c-4d65-abf5-a602555ec94b",
        "daicho_shubetsu_cd": "FUD25"
      }
    },
    {
      "type": "Feature",
      "geometry": {
        "type": "Polygon",
        "coordinates": [
          [
            [
              132.704266922,
              35.366872363
            ],
            [
              132.704141516,
              35.366923578
            ],
            [
              132.704258062,
              35.367107875
            ],
            [
              132.704559953,
              35.366982549
            ],
            [
              132.70442451,
              35.366831614
            ],
            [
              132.704277806,
              35.366888741
            ],
            [
              132.704266922,
              35.366872363
            ]
          ]
        ]
      },
      "properties": {
        "polygon_uuid": "6fc03372-667d-4cf3-8561-a6083d8bf96a",
        "daicho_shubetsu_cd": "FUD25"
      }
    },
    {
      "type": "Feature",
      "geometry": {
        "type": "Polygon",
        "coordinates": [
          [
            [
              132.688541135,
              35.365060507
            ],
            [
              132.689226763,
              35.365025261
            ],
            [
              132.689222963,
              35.364703749
            ],
            [
              132.689091075,
              35.364630665
            ],
            [
              132.689026436,
              35.364322282
            ],
            [
              132.68901242,
              35.364294014
            ],
            [
              132.688995081,
              35.364286535
            ],
            [
              132.688492607,
              35.364336896
            ],
            [
              132.688528506,
              35.364886634
            ],
            [
              132.688541135,
              35.365060507
            ]
          ]
        ]
      },
      "properties": {
        "polygon_uuid": "31e10db1-2942-412a-8254-a61a180fd69e",
        "daicho_shubetsu_cd": "FUD25"
      }
    },
    {
      "type": "Feature",
      "geometry": {
        "type": "Polygon",
        "coordinates": [
          [
            [
              132.694129357,
              35.362112903
            ],
            [
              132.694224741,
              35.36211362
            ],
            [
              132.694236774,
              35.361838411
            ],
            [
              132.694227053,
              35.361831659
            ],
            [
              132.694198063,
              35.361837447
            ],
            [
              132.694129357,
              35.362112903
            ]
          ]
        ]
      },
      "properties": {
        "polygon_uuid": "5765ceed-e941-4414-9a7d-a7809a5e4b8a",
        "daicho_shubetsu_cd": "FUD25"
      }
    },
    {
      "type": "Feature",
      "geometry": {
        "type": "Polygon",
        "coordinates": [
          [
            [
              132.692503708,
              35.364136763
            ],
            [
              132.692475997,
              35.364586879
            ],
            [
              132.69299705,
              35.364609475
            ],
            [
              132.69300016,
              35.364548646
            ],
            [
              132.693026786,
              35.364074466
            ],
            [
              132.693032469,
              35.363973241
            ],
            [
              132.692517594,
              35.363947517
            ],
            [
              132.692509901,
              35.364036168
            ],
            [
              132.692508711,
              35.364055514
            ],
            [
              132.692503708,
              35.364136763
            ]
          ]
        ]
      },
      "properties": {
        "polygon_uuid": "06c5c53c-7280-4991-b893-a80ad173ea3d",
        "daicho_shubetsu_cd": "FUD25"
      }
    },
    {
      "type": "Feature",
      "geometry": {
        "type": "Polygon",
        "coordinates": [
          [
            [
              132.693230759,
              35.365754112
            ],
            [
              132.692880467,
              35.366165903
            ],
            [
              132.693007477,
              35.366226103
            ],
            [
              132.693021856,
              35.366232919
            ],
            [
              132.693053469,
              35.366242473
            ],
            [
              132.693074184,
              35.366243998
            ],
            [
              132.693113475,
              35.366222824
            ],
            [
              132.693169253,
              35.366157972
            ],
            [
              132.69325122,
              35.366026783
            ],
            [
              132.693361745,
              35.365829364
            ],
            [
              132.693269334,
              35.365776273
            ],
            [
              132.693230759,
              35.365754112
            ]
          ]
        ]
      },
      "properties": {
        "polygon_uuid": "fef8957d-9b16-41d7-aa30-a8375df9c1ee",
        "daicho_shubetsu_cd": "FUD25"
      }
    },
    {
      "type": "Feature",
      "geometry": {
        "type": "Polygon",
        "coordinates": [
          [
            [
              132.706619008,
              35.365554199
            ],
            [
              132.706627686,
              35.365586281
            ],
            [
              132.706633788,
              35.365638117
            ],
            [
              132.706616703,
              35.365665539
            ],
            [
              132.706612337,
              35.365701392
            ],
            [
              132.70662479,
              35.365842781
            ],
            [
              132.706864041,
              35.365813423
            ],
            [
              132.706826095,
              35.365535357
            ],
            [
              132.706646535,
              35.365538989
            ],
            [
              132.706619008,
              35.365554199
            ]
          ]
        ]
      },
      "properties": {
        "polygon_uuid": "522b410a-d30e-4126-a953-a86edf3cc5d1",
        "daicho_shubetsu_cd": "FUD25"
      }
    },
    {
      "type": "Feature",
      "geometry": {
        "type": "Polygon",
        "coordinates": [
          [
            [
              132.706085508,
              35.366198217
            ],
            [
              132.706081548,
              35.366135964
            ],
            [
              132.705788098,
              35.366146072
            ],
            [
              132.705791184,
              35.366246442
            ],
            [
              132.706085508,
              35.366198217
            ]
          ]
        ]
      },
      "properties": {
        "polygon_uuid": "28f95348-0a0f-4144-af04-a87f98a6a927",
        "daicho_shubetsu_cd": "FUD25"
      }
    },
    {
      "type": "Feature",
      "geometry": {
        "type": "Polygon",
        "coordinates": [
          [
            [
              132.708758147,
              35.365187507
            ],
            [
              132.708566701,
              35.365197151
            ],
            [
              132.70832566,
              35.365209611
            ],
            [
              132.708347618,
              35.36539451
            ],
            [
              132.708484942,
              35.365385351
            ],
            [
              132.708537808,
              35.365337706
            ],
            [
              132.708758147,
              35.365187507
            ]
          ]
        ]
      },
      "properties": {
        "polygon_uuid": "24061349-373e-44d7-bdc8-a8f0feb8213e",
        "daicho_shubetsu_cd": "FUD25"
      }
    },
    {
      "type": "Feature",
      "geometry": {
        "type": "Polygon",
        "coordinates": [
          [
            [
              132.702359885,
              35.367025586
            ],
            [
              132.70224551,
              35.366823938
            ],
            [
              132.702190366,
              35.366724626
            ],
            [
              132.701835439,
              35.366805112
            ],
            [
              132.701926995,
              35.36709696
            ],
            [
              132.702359885,
              35.367025586
            ]
          ]
        ]
      },
      "properties": {
        "polygon_uuid": "14e9eda0-e41e-475d-acee-aa402931d28b",
        "daicho_shubetsu_cd": "FUD25"
      }
    },
    {
      "type": "Feature",
      "geometry": {
        "type": "Polygon",
        "coordinates": [
          [
            [
              132.695367512,
              35.36040214
            ],
            [
              132.695414983,
              35.360312464
            ],
            [
              132.695384222,
              35.360284864
            ],
            [
              132.695296688,
              35.360260196
            ],
            [
              132.695052868,
              35.360219212
            ],
            [
              132.694937609,
              35.360297553
            ],
            [
              132.694914995,
              35.36034686
            ],
            [
              132.695367512,
              35.36040214
            ]
          ]
        ]
      },
      "properties": {
        "polygon_uuid": "7c9c5975-f505-40a0-bf3b-aa4544b1ae4d",
        "daicho_shubetsu_cd": "FUD25"
      }
    },
    {
      "type": "Feature",
      "geometry": {
        "type": "Polygon",
        "coordinates": [
          [
            [
              132.695822049,
              35.362769291
            ],
            [
              132.69580321,
              35.362742198
            ],
            [
              132.695783835,
              35.362705648
            ],
            [
              132.695766908,
              35.362532956
            ],
            [
              132.695763514,
              35.362498338
            ],
            [
              132.695618818,
              35.362519536
            ],
            [
              132.695606982,
              35.362453345
            ],
            [
              132.695555424,
              35.362496034
            ],
            [
              132.695401498,
              35.362579934
            ],
            [
              132.695485996,
              35.362819053
            ],
            [
              132.695822049,
              35.362769291
            ]
          ]
        ]
      },
      "properties": {
        "polygon_uuid": "bd032549-85ae-41de-91b0-aa59003981d4",
        "daicho_shubetsu_cd": "FUD25"
      }
    },
    {
      "type": "Feature",
      "geometry": {
        "type": "Polygon",
        "coordinates": [
          [
            [
              132.701196111,
              35.365030879
            ],
            [
              132.701662959,
              35.364993374
            ],
            [
              132.702102858,
              35.364962127
            ],
            [
              132.702032823,
              35.364341033
            ],
            [
              132.701121684,
              35.364408298
            ],
            [
              132.701156874,
              35.364705201
            ],
            [
              132.701196111,
              35.365030879
            ]
          ]
        ]
      },
      "properties": {
        "polygon_uuid": "49142035-c3db-4d58-b566-aa5b3e2ae282",
        "daicho_shubetsu_cd": "FUD25"
      }
    },
    {
      "type": "Feature",
      "geometry": {
        "type": "Polygon",
        "coordinates": [
          [
            [
              132.704605302,
              35.35978456
            ],
            [
              132.704609052,
              35.359855365
            ],
            [
              132.705100006,
              35.359755576
            ],
            [
              132.705207935,
              35.359375772
            ],
            [
              132.704619289,
              35.359333153
            ],
            [
              132.704586033,
              35.359334857
            ],
            [
              132.704597768,
              35.359642315
            ],
            [
              132.704605302,
              35.35978456
            ]
          ]
        ]
      },
      "properties": {
        "polygon_uuid": "1bd9ce44-f829-45c5-9f9d-aaf9ea31a591",
        "daicho_shubetsu_cd": "FUD25"
      }
    },
    {
      "type": "Feature",
      "geometry": {
        "type": "Polygon",
        "coordinates": [
          [
            [
              132.690628676,
              35.363288699
            ],
            [
              132.691220859,
              35.363312984
            ],
            [
              132.691268734,
              35.363116738
            ],
            [
              132.69108928,
              35.363113749
            ],
            [
              132.690636616,
              35.363094754
            ],
            [
              132.690628676,
              35.363288699
            ]
          ]
        ]
      },
      "properties": {
        "polygon_uuid": "95282f8d-042a-4688-a9d5-ab4e17e93925",
        "daicho_shubetsu_cd": "FUD25"
      }
    },
    {
      "type": "Feature",
      "geometry": {
        "type": "Polygon",
        "coordinates": [
          [
            [
              132.709695214,
              35.36512746
            ],
            [
              132.709727774,
              35.36512639
            ],
            [
              132.709765885,
              35.365034378
            ],
            [
              132.709760163,
              35.365007181
            ],
            [
              132.709138862,
              35.36486705
            ],
            [
              132.709095532,
              35.364868277
            ],
            [
              132.709084185,
              35.365142952
            ],
            [
              132.7093344,
              35.365139319
            ],
            [
              132.709695214,
              35.36512746
            ]
          ]
        ]
      },
      "properties": {
        "polygon_uuid": "85daf016-6d3b-4ee0-b627-ab7bca5b122f",
        "daicho_shubetsu_cd": "FUD25"
      }
    },
    {
      "type": "Feature",
      "geometry": {
        "type": "Polygon",
        "coordinates": [
          [
            [
              132.702771153,
              35.362465701
            ],
            [
              132.70187866,
              35.362426664
            ],
            [
              132.701855114,
              35.362437516
            ],
            [
              132.701916699,
              35.362929961
            ],
            [
              132.702815724,
              35.362850403
            ],
            [
              132.702771153,
              35.362465701
            ]
          ]
        ]
      },
      "properties": {
        "polygon_uuid": "25f32846-462c-4e1c-a5f8-ac60de2f9534",
        "daicho_shubetsu_cd": "FUD25"
      }
    },
    {
      "type": "Feature",
      "geometry": {
        "type": "Polygon",
        "coordinates": [
          [
            [
              132.701063011,
              35.363913266
            ],
            [
              132.700233061,
              35.363986997
            ],
            [
              132.700206809,
              35.364015138
            ],
            [
              132.700244288,
              35.364325897
            ],
            [
              132.700259354,
              35.36444573
            ],
            [
              132.701117742,
              35.36437504
            ],
            [
              132.701063011,
              35.363913266
            ]
          ]
        ]
      },
      "properties": {
        "polygon_uuid": "34d097c4-58b0-431e-b1e2-ad2b52e0384b",
        "daicho_shubetsu_cd": "FUD25"
      }
    },
    {
      "type": "Feature",
      "geometry": {
        "type": "Polygon",
        "coordinates": [
          [
            [
              132.689643488,
              35.36184618
            ],
            [
              132.689668348,
              35.361411229
            ],
            [
              132.689643968,
              35.361384422
            ],
            [
              132.689292899,
              35.36137461
            ],
            [
              132.689042007,
              35.361364623
            ],
            [
              132.689018965,
              35.361823341
            ],
            [
              132.689643488,
              35.36184618
            ]
          ]
        ]
      },
      "properties": {
        "polygon_uuid": "fd724d4d-fb3e-46b0-8c46-ad988d2f1756",
        "daicho_shubetsu_cd": "FUD25"
      }
    },
    {
      "type": "Feature",
      "geometry": {
        "type": "Polygon",
        "coordinates": [
          [
            [
              132.698291066,
              35.366219882
            ],
            [
              132.698308087,
              35.366214908
            ],
            [
              132.6985595,
              35.366151705
            ],
            [
              132.698530741,
              35.365955611
            ],
            [
              132.69826038,
              35.366001636
            ],
            [
              132.698291066,
              35.366219882
            ]
          ]
        ]
      },
      "properties": {
        "polygon_uuid": "1abe14f8-f235-4431-b6b2-adc13d9add27",
        "daicho_shubetsu_cd": "FUD25"
      }
    },
    {
      "type": "Feature",
      "geometry": {
        "type": "Polygon",
        "coordinates": [
          [
            [
              132.707432408,
              35.365074759
            ],
            [
              132.707410596,
              35.364864924
            ],
            [
              132.707202436,
              35.364880815
            ],
            [
              132.706961517,
              35.364909
            ],
            [
              132.706529978,
              35.364984972
            ],
            [
              132.706389191,
              35.365009446
            ],
            [
              132.706654516,
              35.36505093
            ],
            [
              132.706863031,
              35.365073842
            ],
            [
              132.707088323,
              35.365085385
            ],
            [
              132.70738094,
              35.365084076
            ],
            [
              132.707432408,
              35.365074759
            ]
          ]
        ]
      },
      "properties": {
        "polygon_uuid": "9f9c8ca6-bbae-41a3-9268-ade49ca0bad1",
        "daicho_shubetsu_cd": "FUD25"
      }
    },
    {
      "type": "Feature",
      "geometry": {
        "type": "Polygon",
        "coordinates": [
          [
            [
              132.694879233,
              35.362108045
            ],
            [
              132.6954406,
              35.362131634
            ],
            [
              132.695378851,
              35.36198923
            ],
            [
              132.695357401,
              35.361879487
            ],
            [
              132.695305972,
              35.361623804
            ],
            [
              132.694946468,
              35.36160726
            ],
            [
              132.694910553,
              35.361605771
            ],
            [
              132.694879233,
              35.362108045
            ]
          ]
        ]
      },
      "properties": {
        "polygon_uuid": "313194f4-8e3c-42c9-a9a8-aecc19a4e521",
        "daicho_shubetsu_cd": "FUD25"
      }
    },
    {
      "type": "Feature",
      "geometry": {
        "type": "Polygon",
        "coordinates": [
          [
            [
              132.692494758,
              35.362847793
            ],
            [
              132.69248402,
              35.362920532
            ],
            [
              132.692484074,
              35.362938886
            ],
            [
              132.692468845,
              35.363221802
            ],
            [
              132.693068929,
              35.363248037
            ],
            [
              132.69310452,
              35.362870264
            ],
            [
              132.692912721,
              35.362855395
            ],
            [
              132.692494758,
              35.362847793
            ]
          ]
        ]
      },
      "properties": {
        "polygon_uuid": "fb36e909-b124-4d90-afc9-af05e0c09d91",
        "daicho_shubetsu_cd": "FUD25"
      }
    },
    {
      "type": "Feature",
      "geometry": {
        "type": "Polygon",
        "coordinates": [
          [
            [
              132.701780133,
              35.366654831
            ],
            [
              132.702107287,
              35.366575004
            ],
            [
              132.702019021,
              35.366416041
            ],
            [
              132.701745441,
              35.366487844
            ],
            [
              132.701730134,
              35.366518973
            ],
            [
              132.701780133,
              35.366654831
            ]
          ]
        ]
      },
      "properties": {
        "polygon_uuid": "779c0518-525e-469e-9dda-b163ad4d86bc",
        "daicho_shubetsu_cd": "FUD25"
      }
    },
    {
      "type": "Feature",
      "geometry": {
        "type": "Polygon",
        "coordinates": [
          [
            [
              132.706467396,
              35.35969347
            ],
            [
              132.706571761,
              35.359693374
            ],
            [
              132.706578227,
              35.359630501
            ],
            [
              132.706592209,
              35.359494558
            ],
            [
              132.706594827,
              35.359420661
            ],
            [
              132.706159751,
              35.359471011
            ],
            [
              132.706120936,
              35.359480101
            ],
            [
              132.706090732,
              35.359641649
            ],
            [
              132.706097172,
              35.359674742
            ],
            [
              132.706467396,
              35.35969347
            ]
          ]
        ]
      },
      "properties": {
        "polygon_uuid": "c90c6a42-9e05-429c-b8b5-b1d4f83bec19",
        "daicho_shubetsu_cd": "FUD25"
      }
    },
    {
      "type": "Feature",
      "geometry": {
        "type": "Polygon",
        "coordinates": [
          [
            [
              132.692823033,
              35.360598989
            ],
            [
              132.692872444,
              35.360601519
            ],
            [
              132.692899842,
              35.360104021
            ],
            [
              132.692882779,
              35.360102848
            ],
            [
              132.69263854,
              35.360066357
            ],
            [
              132.69260629,
              35.360588694
            ],
            [
              132.692656037,
              35.360590439
            ],
            [
              132.692823033,
              35.360598989
            ]
          ]
        ]
      },
      "properties": {
        "polygon_uuid": "7478bb58-4881-4c7a-a184-b2739dc9a75a",
        "daicho_shubetsu_cd": "FUD25"
      }
    },
    {
      "type": "Feature",
      "geometry": {
        "type": "Polygon",
        "coordinates": [
          [
            [
              132.695457266,
              35.363705691
            ],
            [
              132.695312869,
              35.363501075
            ],
            [
              132.69510223,
              35.363596017
            ],
            [
              132.694889837,
              35.363691749
            ],
            [
              132.695032569,
              35.363896261
            ],
            [
              132.695457266,
              35.363705691
            ]
          ]
        ]
      },
      "properties": {
        "polygon_uuid": "f13e0772-b2eb-4934-bab1-b2ddc062b11b",
        "daicho_shubetsu_cd": "FUD25"
      }
    },
    {
      "type": "Feature",
      "geometry": {
        "type": "Polygon",
        "coordinates": [
          [
            [
              132.694217352,
              35.365051892
            ],
            [
              132.694205265,
              35.365044281
            ],
            [
              132.693885387,
              35.364866603
            ],
            [
              132.693855287,
              35.364961558
            ],
            [
              132.693759421,
              35.365353215
            ],
            [
              132.693771432,
              35.365384332
            ],
            [
              132.693882119,
              35.365455863
            ],
            [
              132.694217352,
              35.365051892
            ]
          ]
        ]
      },
      "properties": {
        "polygon_uuid": "cf95c823-42a9-4c6e-9c06-b32d9d6e51c7",
        "daicho_shubetsu_cd": "FUD25"
      }
    },
    {
      "type": "Feature",
      "geometry": {
        "type": "Polygon",
        "coordinates": [
          [
            [
              132.691291303,
              35.367179417
            ],
            [
              132.692012165,
              35.367597635
            ],
            [
              132.692087595,
              35.367473223
            ],
            [
              132.692192923,
              35.367325244
            ],
            [
              132.692266121,
              35.367230609
            ],
            [
              132.692274774,
              35.367199133
            ],
            [
              132.692251312,
              35.367155416
            ],
            [
              132.692143558,
              35.367080915
            ],
            [
              132.691895606,
              35.36693689
            ],
            [
              132.691531853,
              35.366723436
            ],
            [
              132.691194831,
              35.367123446
            ],
            [
              132.691291303,
              35.367179417
            ]
          ]
        ]
      },
      "properties": {
        "polygon_uuid": "ad0575f3-d91c-437f-8a77-b3ead9941e10",
        "daicho_shubetsu_cd": "FUD25"
      }
    },
    {
      "type": "Feature",
      "geometry": {
        "type": "Polygon",
        "coordinates": [
          [
            [
              132.702915584,
              35.363712309
            ],
            [
              132.703803958,
              35.363641774
            ],
            [
              132.703831238,
              35.36363901
            ],
            [
              132.703760082,
              35.363069676
            ],
            [
              132.702850338,
              35.363149161
            ],
            [
              132.702915584,
              35.363712309
            ]
          ]
        ]
      },
      "properties": {
        "polygon_uuid": "916338b5-97f9-4c9a-a758-b4d7c43c74b2",
        "daicho_shubetsu_cd": "FUD25"
      }
    },
    {
      "type": "Feature",
      "geometry": {
        "type": "Polygon",
        "coordinates": [
          [
            [
              132.705569083,
              35.366557838
            ],
            [
              132.705710746,
              35.366514547
            ],
            [
              132.705687959,
              35.366466959
            ],
            [
              132.705551132,
              35.366517787
            ],
            [
              132.705479345,
              35.366357626
            ],
            [
              132.705350804,
              35.36639522
            ],
            [
              132.705443687,
              35.366593536
            ],
            [
              132.705569083,
              35.366557838
            ]
          ]
        ]
      },
      "properties": {
        "polygon_uuid": "0b36b10c-9664-47cb-a639-b5321be9b7ab",
        "daicho_shubetsu_cd": "FUD25"
      }
    },
    {
      "type": "Feature",
      "geometry": {
        "type": "Polygon",
        "coordinates": [
          [
            [
              132.696113227,
              35.363916185
            ],
            [
              132.696471353,
              35.363754891
            ],
            [
              132.696388681,
              35.363589186
            ],
            [
              132.696260742,
              35.363465543
            ],
            [
              132.696191002,
              35.363502154
            ],
            [
              132.695721261,
              35.363725865
            ],
            [
              132.696113227,
              35.363916185
            ]
          ]
        ]
      },
      "properties": {
        "polygon_uuid": "e2ff5e81-a0f6-4642-b34a-b5587442b447",
        "daicho_shubetsu_cd": "FUD25"
      }
    },
    {
      "type": "Feature",
      "geometry": {
        "type": "Polygon",
        "coordinates": [
          [
            [
              132.705132169,
              35.364582631
            ],
            [
              132.705824871,
              35.364454198
            ],
            [
              132.705829192,
              35.364366641
            ],
            [
              132.705819242,
              35.36420521
            ],
            [
              132.705436111,
              35.364232936
            ],
            [
              132.705069297,
              35.364261351
            ],
            [
              132.705091812,
              35.364488822
            ],
            [
              132.705132169,
              35.364582631
            ]
          ]
        ]
      },
      "properties": {
        "polygon_uuid": "aad4f9d3-328a-45ac-9e20-b5c0970de79f",
        "daicho_shubetsu_cd": "FUD25"
      }
    },
    {
      "type": "Feature",
      "geometry": {
        "type": "Polygon",
        "coordinates": [
          [
            [
              132.69201113,
              35.363896374
            ],
            [
              132.692298754,
              35.363915354
            ],
            [
              132.692315576,
              35.363566428
            ],
            [
              132.692165251,
              35.363559137
            ],
            [
              132.692073565,
              35.363559536
            ],
            [
              132.692039614,
              35.363569374
            ],
            [
              132.692024998,
              35.363596089
            ],
            [
              132.69201113,
              35.363896374
            ]
          ]
        ]
      },
      "properties": {
        "polygon_uuid": "86086e3b-42fb-4945-8287-b638d8b5924b",
        "daicho_shubetsu_cd": "FUD25"
      }
    },
    {
      "type": "Feature",
      "geometry": {
        "type": "Polygon",
        "coordinates": [
          [
            [
              132.692401615,
              35.362406936
            ],
            [
              132.692436254,
              35.362404141
            ],
            [
              132.69246207,
              35.362385615
            ],
            [
              132.692475305,
              35.362136316
            ],
            [
              132.691841968,
              35.362113677
            ],
            [
              132.691825734,
              35.362157824
            ],
            [
              132.691768973,
              35.362293103
            ],
            [
              132.691829238,
              35.362342888
            ],
            [
              132.691823578,
              35.362358966
            ],
            [
              132.691822536,
              35.362375967
            ],
            [
              132.69183413,
              35.362386304
            ],
            [
              132.692401615,
              35.362406936
            ]
          ]
        ]
      },
      "properties": {
        "polygon_uuid": "9d4fe5c9-3371-4a73-967d-b732def6cd94",
        "daicho_shubetsu_cd": "FUD25"
      }
    },
    {
      "type": "Feature",
      "geometry": {
        "type": "Polygon",
        "coordinates": [
          [
            [
              132.702925991,
              35.363763964
            ],
            [
              132.702912187,
              35.363764998
            ],
            [
              132.702053685,
              35.363841892
            ],
            [
              132.702025807,
              35.363859213
            ],
            [
              132.702033022,
              35.363892143
            ],
            [
              132.70209556,
              35.364415595
            ],
            [
              132.702103009,
              35.364484322
            ],
            [
              132.703000988,
              35.36441148
            ],
            [
              132.702993834,
              35.36434972
            ],
            [
              132.702925991,
              35.363763964
            ]
          ]
        ]
      },
      "properties": {
        "polygon_uuid": "b55e3c3a-b5a0-405f-b58e-b76d680f5ff5",
        "daicho_shubetsu_cd": "FUD25"
      }
    },
    {
      "type": "Feature",
      "geometry": {
        "type": "Polygon",
        "coordinates": [
          [
            [
              132.691583762,
              35.36193009
            ],
            [
              132.690812104,
              35.3619007
            ],
            [
              132.690743011,
              35.362031781
            ],
            [
              132.690715597,
              35.362122503
            ],
            [
              132.691510256,
              35.362153174
            ],
            [
              132.691583762,
              35.36193009
            ]
          ]
        ]
      },
      "properties": {
        "polygon_uuid": "d8e1e39a-2103-4de2-9891-b8188c413366",
        "daicho_shubetsu_cd": "FUD25"
      }
    },
    {
      "type": "Feature",
      "geometry": {
        "type": "Polygon",
        "coordinates": [
          [
            [
              132.697097964,
              35.361888983
            ],
            [
              132.697204793,
              35.361952488
            ],
            [
              132.697323221,
              35.361831574
            ],
            [
              132.697332964,
              35.361821626
            ],
            [
              132.697287935,
              35.361797753
            ],
            [
              132.697248971,
              35.361775664
            ],
            [
              132.697283617,
              35.361730993
            ],
            [
              132.697313584,
              35.361697349
            ],
            [
              132.697207277,
              35.361641451
            ],
            [
              132.697145113,
              35.361714231
            ],
            [
              132.697057701,
              35.361816571
            ],
            [
              132.697102737,
              35.36185574
            ],
            [
              132.697097964,
              35.361888983
            ]
          ]
        ]
      },
      "properties": {
        "polygon_uuid": "43dfa3c3-5330-4509-a686-b8576c424327",
        "daicho_shubetsu_cd": "FUD25"
      }
    },
    {
      "type": "Feature",
      "geometry": {
        "type": "Polygon",
        "coordinates": [
          [
            [
              132.700151266,
              35.366703488
            ],
            [
              132.700089413,
              35.366207993
            ],
            [
              132.700040254,
              35.366210331
            ],
            [
              132.700032002,
              35.366136168
            ],
            [
              132.699918017,
              35.366119711
            ],
            [
              132.699907594,
              35.366329245
            ],
            [
              132.699933655,
              35.366564508
            ],
            [
              132.700007641,
              35.36674899
            ],
            [
              132.700087765,
              35.366723059
            ],
            [
              132.700151266,
              35.366703488
            ]
          ]
        ]
      },
      "properties": {
        "polygon_uuid": "ec0249ea-0461-49bb-a948-b859570030cc",
        "daicho_shubetsu_cd": "FUD25"
      }
    },
    {
      "type": "Feature",
      "geometry": {
        "type": "Polygon",
        "coordinates": [
          [
            [
              132.70305619,
              35.364888088
            ],
            [
              132.703633735,
              35.36484175
            ],
            [
              132.703952446,
              35.364737757
            ],
            [
              132.703923606,
              35.364411966
            ],
            [
              132.70390885,
              35.364282977
            ],
            [
              132.702993834,
              35.36434972
            ],
            [
              132.703000988,
              35.36441148
            ],
            [
              132.70305619,
              35.364888088
            ]
          ]
        ]
      },
      "properties": {
        "polygon_uuid": "10dded24-35b9-4283-a101-b883cdf4c5e1",
        "daicho_shubetsu_cd": "FUD25"
      }
    },
    {
      "type": "Feature",
      "geometry": {
        "type": "Polygon",
        "coordinates": [
          [
            [
              132.705546967,
              35.359671653
            ],
            [
              132.705755459,
              35.359630597
            ],
            [
              132.705772077,
              35.359631176
            ],
            [
              132.705753453,
              35.359513006
            ],
            [
              132.705735601,
              35.359399738
            ],
            [
              132.705495814,
              35.359382177
            ],
            [
              132.705546967,
              35.359671653
            ]
          ]
        ]
      },
      "properties": {
        "polygon_uuid": "2a11bc55-42b5-461d-8247-b9ae6f638863",
        "daicho_shubetsu_cd": "FUD25"
      }
    },
    {
      "type": "Feature",
      "geometry": {
        "type": "Polygon",
        "coordinates": [
          [
            [
              132.70363283,
              35.366810742
            ],
            [
              132.703706499,
              35.366928232
            ],
            [
              132.703779648,
              35.367041326
            ],
            [
              132.703845826,
              35.367149363
            ],
            [
              132.703886493,
              35.367203084
            ],
            [
              132.70392105,
              35.367215637
            ],
            [
              132.703988344,
              35.367226633
            ],
            [
              132.704038346,
              35.367229234
            ],
            [
              132.704123485,
              35.36733192
            ],
            [
              132.70419295,
              35.367309299
            ],
            [
              132.704202601,
              35.367306156
            ],
            [
              132.704052642,
              35.36704563
            ],
            [
              132.703923655,
              35.367088559
            ],
            [
              132.703888189,
              35.367027032
            ],
            [
              132.703814545,
              35.366899272
            ],
            [
              132.703739824,
              35.366769643
            ],
            [
              132.70363283,
              35.366810742
            ]
          ]
        ]
      },
      "properties": {
        "polygon_uuid": "1a6a74bb-7811-49c2-bdcc-b9de36f622bb",
        "daicho_shubetsu_cd": "FUD25"
      }
    },
    {
      "type": "Feature",
      "geometry": {
        "type": "Polygon",
        "coordinates": [
          [
            [
              132.700907274,
              35.360800459
            ],
            [
              132.700738107,
              35.360791931
            ],
            [
              132.700724606,
              35.360964155
            ],
            [
              132.700709932,
              35.361151313
            ],
            [
              132.700695414,
              35.361303544
            ],
            [
              132.700708268,
              35.36130731
            ],
            [
              132.700973513,
              35.361319907
            ],
            [
              132.701004731,
              35.360805317
            ],
            [
              132.700907274,
              35.360800459
            ]
          ]
        ]
      },
      "properties": {
        "polygon_uuid": "41785b8c-87d2-461e-81f9-b9de6185053b",
        "daicho_shubetsu_cd": "FUD25"
      }
    },
    {
      "type": "Feature",
      "geometry": {
        "type": "Polygon",
        "coordinates": [
          [
            [
              132.693165749,
              35.361761026
            ],
            [
              132.69258653,
              35.361736243
            ],
            [
              132.692549663,
              35.361734488
            ],
            [
              132.692537163,
              35.361936648
            ],
            [
              132.693152121,
              35.36195477
            ],
            [
              132.693165749,
              35.361761026
            ]
          ]
        ]
      },
      "properties": {
        "polygon_uuid": "97be5709-8e7f-4c72-b455-b9de8017d298",
        "daicho_shubetsu_cd": "FUD25"
      }
    },
    {
      "type": "Feature",
      "geometry": {
        "type": "Polygon",
        "coordinates": [
          [
            [
              132.696915867,
              35.367159612
            ],
            [
              132.697050076,
              35.367122986
            ],
            [
              132.696854243,
              35.366657555
            ],
            [
              132.696452279,
              35.366765544
            ],
            [
              132.696637157,
              35.367235671
            ],
            [
              132.696915867,
              35.367159612
            ]
          ]
        ]
      },
      "properties": {
        "polygon_uuid": "ae64f6af-77f3-430e-be71-ba29eaf176bb",
        "daicho_shubetsu_cd": "FUD25"
      }
    },
    {
      "type": "Feature",
      "geometry": {
        "type": "Polygon",
        "coordinates": [
          [
            [
              132.689935827,
              35.361859847
            ],
            [
              132.689950286,
              35.36140658
            ],
            [
              132.689742536,
              35.361397541
            ],
            [
              132.689725292,
              35.361404698
            ],
            [
              132.689710869,
              35.361849519
            ],
            [
              132.689751294,
              35.361851375
            ],
            [
              132.689935827,
              35.361859847
            ]
          ]
        ]
      },
      "properties": {
        "polygon_uuid": "c1813674-60b8-4c25-b87c-bb17791d4c60",
        "daicho_shubetsu_cd": "FUD25"
      }
    },
    {
      "type": "Feature",
      "geometry": {
        "type": "Polygon",
        "coordinates": [
          [
            [
              132.70419295,
              35.367309299
            ],
            [
              132.704298698,
              35.367284248
            ],
            [
              132.704232218,
              35.367118604
            ],
            [
              132.704258062,
              35.367107875
            ],
            [
              132.704141516,
              35.366923578
            ],
            [
              132.703888189,
              35.367027032
            ],
            [
              132.703923655,
              35.367088559
            ],
            [
              132.704052642,
              35.36704563
            ],
            [
              132.704202601,
              35.367306156
            ],
            [
              132.70419295,
              35.367309299
            ]
          ]
        ]
      },
      "properties": {
        "polygon_uuid": "2386bc53-a75f-4e59-8108-bb2badd5eb6b",
        "daicho_shubetsu_cd": "FUD25"
      }
    },
    {
      "type": "Feature",
      "geometry": {
        "type": "Polygon",
        "coordinates": [
          [
            [
              132.705443687,
              35.366593536
            ],
            [
              132.705350804,
              35.36639522
            ],
            [
              132.705204411,
              35.366082651
            ],
            [
              132.705076827,
              35.366119113
            ],
            [
              132.704904573,
              35.36616228
            ],
            [
              132.704780465,
              35.366218522
            ],
            [
              132.70497016,
              35.366531688
            ],
            [
              132.705093005,
              35.366754269
            ],
            [
              132.705154537,
              35.366846748
            ],
            [
              132.705395496,
              35.366746404
            ],
            [
              132.705336617,
              35.366647104
            ],
            [
              132.705443687,
              35.366593536
            ]
          ]
        ]
      },
      "properties": {
        "polygon_uuid": "13db740c-beaf-42df-ae58-bb314c76dacf",
        "daicho_shubetsu_cd": "FUD25"
      }
    },
    {
      "type": "Feature",
      "geometry": {
        "type": "Polygon",
        "coordinates": [
          [
            [
              132.702834169,
              35.365943957
            ],
            [
              132.702874551,
              35.365939364
            ],
            [
              132.702904142,
              35.365932612
            ],
            [
              132.702885719,
              35.365579941
            ],
            [
              132.702739842,
              35.365588119
            ],
            [
              132.702743745,
              35.365714841
            ],
            [
              132.702747051,
              35.365807516
            ],
            [
              132.702750081,
              35.365858261
            ],
            [
              132.702739626,
              35.365906859
            ],
            [
              132.702745291,
              35.365948765
            ],
            [
              132.702834169,
              35.365943957
            ]
          ]
        ]
      },
      "properties": {
        "polygon_uuid": "4f12abd0-2c86-4bdf-b129-bc88901560e9",
        "daicho_shubetsu_cd": "FUD25"
      }
    },
    {
      "type": "Feature",
      "geometry": {
        "type": "Polygon",
        "coordinates": [
          [
            [
              132.705569083,
              35.366557838
            ],
            [
              132.705443687,
              35.366593536
            ],
            [
              132.705336617,
              35.366647104
            ],
            [
              132.705395496,
              35.366746404
            ],
            [
              132.70570924,
              35.366618671
            ],
            [
              132.705744041,
              35.366606431
            ],
            [
              132.705710746,
              35.366514547
            ],
            [
              132.705569083,
              35.366557838
            ]
          ]
        ]
      },
      "properties": {
        "polygon_uuid": "396d7cd8-dde5-43ea-b606-bc9fd0f5ebf9",
        "daicho_shubetsu_cd": "FUD25"
      }
    },
    {
      "type": "Feature",
      "geometry": {
        "type": "Polygon",
        "coordinates": [
          [
            [
              132.695546302,
              35.363665739
            ],
            [
              132.695405211,
              35.36344194
            ],
            [
              132.695308063,
              35.36347944
            ],
            [
              132.695312869,
              35.363501075
            ],
            [
              132.695457266,
              35.363705691
            ],
            [
              132.695546302,
              35.363665739
            ]
          ]
        ]
      },
      "properties": {
        "polygon_uuid": "a28f5138-10d7-483d-b2f2-bd1594c81733",
        "daicho_shubetsu_cd": "FUD25"
      }
    },
    {
      "type": "Feature",
      "geometry": {
        "type": "Polygon",
        "coordinates": [
          [
            [
              132.703853771,
              35.366679677
            ],
            [
              132.703752973,
              35.366339448
            ],
            [
              132.70372711,
              35.366338151
            ],
            [
              132.703696133,
              35.366345349
            ],
            [
              132.703612324,
              35.366374935
            ],
            [
              132.703640342,
              35.366441323
            ],
            [
              132.70352889,
              35.36646742
            ],
            [
              132.703570256,
              35.366582662
            ],
            [
              132.703637426,
              35.366769793
            ],
            [
              132.703732641,
              35.366745838
            ],
            [
              132.703853771,
              35.366679677
            ]
          ]
        ]
      },
      "properties": {
        "polygon_uuid": "17def998-9bc5-4050-bbd7-bd59f92cfe9d",
        "daicho_shubetsu_cd": "FUD25"
      }
    },
    {
      "type": "Feature",
      "geometry": {
        "type": "Polygon",
        "coordinates": [
          [
            [
              132.708653733,
              35.365096198
            ],
            [
              132.708674754,
              35.365095386
            ],
            [
              132.708676613,
              35.365144322
            ],
            [
              132.708877147,
              35.365146544
            ],
            [
              132.708899874,
              35.365051229
            ],
            [
              132.70890742,
              35.364937198
            ],
            [
              132.708155063,
              35.364870813
            ],
            [
              132.70799512,
              35.364869828
            ],
            [
              132.707869375,
              35.364874227
            ],
            [
              132.707664108,
              35.365173959
            ],
            [
              132.707739237,
              35.365182407
            ],
            [
              132.707870949,
              35.365175543
            ],
            [
              132.708171118,
              35.365157883
            ],
            [
              132.708639869,
              35.365148252
            ],
            [
              132.708637993,
              35.365096806
            ],
            [
              132.708653733,
              35.365096198
            ]
          ]
        ]
      },
      "properties": {
        "polygon_uuid": "f493f05b-e23a-41a7-95e7-be6d55ccd3cc",
        "daicho_shubetsu_cd": "FUD25"
      }
    },
    {
      "type": "Feature",
      "geometry": {
        "type": "Polygon",
        "coordinates": [
          [
            [
              132.699994816,
              35.362601989
            ],
            [
              132.699993419,
              35.362465009
            ],
            [
              132.699480026,
              35.362575707
            ],
            [
              132.699381393,
              35.362579789
            ],
            [
              132.69937561,
              35.362635518
            ],
            [
              132.699375459,
              35.362636966
            ],
            [
              132.699541082,
              35.362637858
            ],
            [
              132.699676034,
              35.362628797
            ],
            [
              132.699994816,
              35.362601989
            ]
          ]
        ]
      },
      "properties": {
        "polygon_uuid": "a3633264-c7e5-483f-85e5-bf24667a6f89",
        "daicho_shubetsu_cd": "FUD25"
      }
    },
    {
      "type": "Feature",
      "geometry": {
        "type": "Polygon",
        "coordinates": [
          [
            [
              132.702030959,
              35.36016903
            ],
            [
              132.702020924,
              35.360403896
            ],
            [
              132.702289465,
              35.360398754
            ],
            [
              132.702339761,
              35.36031051
            ],
            [
              132.70250686,
              35.360185878
            ],
            [
              132.702030959,
              35.36016903
            ]
          ]
        ]
      },
      "properties": {
        "polygon_uuid": "fab00e46-fb30-4f4d-a90a-bf2a38f763ef",
        "daicho_shubetsu_cd": "FUD25"
      }
    },
    {
      "type": "Feature",
      "geometry": {
        "type": "Polygon",
        "coordinates": [
          [
            [
              132.688848658,
              35.363511042
            ],
            [
              132.688710322,
              35.363048868
            ],
            [
              132.688527833,
              35.363044472
            ],
            [
              132.688241851,
              35.363067888
            ],
            [
              132.688440884,
              35.363558128
            ],
            [
              132.688697827,
              35.363539077
            ],
            [
              132.688848658,
              35.363511042
            ]
          ]
        ]
      },
      "properties": {
        "polygon_uuid": "ec0d9a1d-5c31-45c3-bbc0-bf81d89c626b",
        "daicho_shubetsu_cd": "FUD25"
      }
    },
    {
      "type": "Feature",
      "geometry": {
        "type": "Polygon",
        "coordinates": [
          [
            [
              132.691948438,
              35.364874882
            ],
            [
              132.692457868,
              35.364892694
            ],
            [
              132.692474863,
              35.364605303
            ],
            [
              132.691971852,
              35.364575995
            ],
            [
              132.691948438,
              35.364874882
            ]
          ]
        ]
      },
      "properties": {
        "polygon_uuid": "c27faea1-d184-40a3-a453-c0d7b9b47100",
        "daicho_shubetsu_cd": "FUD25"
      }
    },
    {
      "type": "Feature",
      "geometry": {
        "type": "Polygon",
        "coordinates": [
          [
            [
              132.697596109,
              35.360987676
            ],
            [
              132.698189541,
              35.361016252
            ],
            [
              132.698200307,
              35.360847722
            ],
            [
              132.697603829,
              35.360818052
            ],
            [
              132.697596109,
              35.360987676
            ]
          ]
        ]
      },
      "properties": {
        "polygon_uuid": "d561991b-1d03-4c62-a317-c10030e72cde",
        "daicho_shubetsu_cd": "FUD25"
      }
    },
    {
      "type": "Feature",
      "geometry": {
        "type": "Polygon",
        "coordinates": [
          [
            [
              132.691209334,
              35.363482325
            ],
            [
              132.691207874,
              35.36340969
            ],
            [
              132.691220859,
              35.363312984
            ],
            [
              132.690628676,
              35.363288699
            ],
            [
              132.690622068,
              35.363450116
            ],
            [
              132.690654688,
              35.3634633
            ],
            [
              132.690690235,
              35.363471626
            ],
            [
              132.691209334,
              35.363482325
            ]
          ]
        ]
      },
      "properties": {
        "polygon_uuid": "2c3df82a-ebbe-498e-95ac-c128f6e21253",
        "daicho_shubetsu_cd": "FUD25"
      }
    },
    {
      "type": "Feature",
      "geometry": {
        "type": "Polygon",
        "coordinates": [
          [
            [
              132.68865034,
              35.360901667
            ],
            [
              132.68852501,
              35.361291232
            ],
            [
              132.688549353,
              35.361312373
            ],
            [
              132.688779397,
              35.361324127
            ],
            [
              132.688782409,
              35.361254709
            ],
            [
              132.688802834,
              35.360907625
            ],
            [
              132.68865034,
              35.360901667
            ]
          ]
        ]
      },
      "properties": {
        "polygon_uuid": "5bf383c7-017f-4ead-8c4e-c151780eff69",
        "daicho_shubetsu_cd": "FUD25"
      }
    },
    {
      "type": "Feature",
      "geometry": {
        "type": "Polygon",
        "coordinates": [
          [
            [
              132.698414655,
              35.362627063
            ],
            [
              132.698662006,
              35.362605973
            ],
            [
              132.698654092,
              35.362523474
            ],
            [
              132.698663558,
              35.362468074
            ],
            [
              132.698689156,
              35.362436758
            ],
            [
              132.698722832,
              35.362325894
            ],
            [
              132.69872237,
              35.362255439
            ],
            [
              132.698416383,
              35.36224974
            ],
            [
              132.698414655,
              35.362627063
            ]
          ]
        ]
      },
      "properties": {
        "polygon_uuid": "b9972b8c-5bee-44aa-9939-c19d903e0231",
        "daicho_shubetsu_cd": "FUD25"
      }
    },
    {
      "type": "Feature",
      "geometry": {
        "type": "Polygon",
        "coordinates": [
          [
            [
              132.699519507,
              35.360184394
            ],
            [
              132.699511846,
              35.36030402
            ],
            [
              132.700124912,
              35.360331908
            ],
            [
              132.700137552,
              35.360155945
            ],
            [
              132.699523297,
              35.360125217
            ],
            [
              132.699519507,
              35.360184394
            ]
          ]
        ]
      },
      "properties": {
        "polygon_uuid": "0abaf5fb-38f8-44dc-a2bf-c202540b76ce",
        "daicho_shubetsu_cd": "FUD25"
      }
    },
    {
      "type": "Feature",
      "geometry": {
        "type": "Polygon",
        "coordinates": [
          [
            [
              132.702962925,
              35.361899039
            ],
            [
              132.703041298,
              35.361287231
            ],
            [
              132.702814256,
              35.361286965
            ],
            [
              132.702728112,
              35.361664414
            ],
            [
              132.702572507,
              35.361649817
            ],
            [
              132.702530944,
              35.361949363
            ],
            [
              132.702962925,
              35.361899039
            ]
          ]
        ]
      },
      "properties": {
        "polygon_uuid": "202be31e-4fb0-485b-8fa9-c2ab90a56832",
        "daicho_shubetsu_cd": "FUD25"
      }
    },
    {
      "type": "Feature",
      "geometry": {
        "type": "Polygon",
        "coordinates": [
          [
            [
              132.707353203,
              35.366477079
            ],
            [
              132.707375418,
              35.366481824
            ],
            [
              132.70752278,
              35.366402423
            ],
            [
              132.70816384,
              35.36606278
            ],
            [
              132.708138473,
              35.366028974
            ],
            [
              132.708321245,
              35.365937299
            ],
            [
              132.708107221,
              35.365778351
            ],
            [
              132.707541633,
              35.366124926
            ],
            [
              132.707317492,
              35.366222841
            ],
            [
              132.707435058,
              35.366332554
            ],
            [
              132.707306953,
              35.366416714
            ],
            [
              132.707353203,
              35.366477079
            ]
          ]
        ]
      },
      "properties": {
        "polygon_uuid": "dfed1ce0-2722-431b-b0a5-c2c59e2948dd",
        "daicho_shubetsu_cd": "FUD25"
      }
    },
    {
      "type": "Feature",
      "geometry": {
        "type": "Polygon",
        "coordinates": [
          [
            [
              132.704602335,
              35.365351473
            ],
            [
              132.704413763,
              35.365399881
            ],
            [
              132.704408525,
              35.365765102
            ],
            [
              132.704471396,
              35.365773608
            ],
            [
              132.704479332,
              35.365814987
            ],
            [
              132.70453625,
              35.365849873
            ],
            [
              132.704589896,
              35.365853399
            ],
            [
              132.704584793,
              35.365776868
            ],
            [
              132.704639846,
              35.365761564
            ],
            [
              132.704647364,
              35.36552373
            ],
            [
              132.70460461,
              35.365498695
            ],
            [
              132.704602335,
              35.365351473
            ]
          ]
        ]
      },
      "properties": {
        "polygon_uuid": "6f0fb2af-fba0-4ed3-b034-c2d61db97f84",
        "daicho_shubetsu_cd": "FUD25"
      }
    },
    {
      "type": "Feature",
      "geometry": {
        "type": "Polygon",
        "coordinates": [
          [
            [
              132.699757663,
              35.367102322
            ],
            [
              132.699692854,
              35.366907214
            ],
            [
              132.699317225,
              35.36703973
            ],
            [
              132.699324711,
              35.367230114
            ],
            [
              132.699324856,
              35.367233801
            ],
            [
              132.69976225,
              35.36713167
            ],
            [
              132.699757663,
              35.367102322
            ]
          ]
        ]
      },
      "properties": {
        "polygon_uuid": "eca91c3d-55ad-4729-8e71-c40ee492ed27",
        "daicho_shubetsu_cd": "FUD25"
      }
    },
    {
      "type": "Feature",
      "geometry": {
        "type": "Polygon",
        "coordinates": [
          [
            [
              132.703650981,
              35.36187353
            ],
            [
              132.703614776,
              35.361871437
            ],
            [
              132.703618599,
              35.361906135
            ],
            [
              132.703606356,
              35.362121585
            ],
            [
              132.703605494,
              35.362136182
            ],
            [
              132.703587804,
              35.362435603
            ],
            [
              132.704195613,
              35.362459934
            ],
            [
              132.704216928,
              35.362168
            ],
            [
              132.704235959,
              35.361907333
            ],
            [
              132.703863128,
              35.361885789
            ],
            [
              132.703650981,
              35.36187353
            ]
          ]
        ]
      },
      "properties": {
        "polygon_uuid": "6e30f30d-f7eb-44a4-8d4c-c5de23e53c2b",
        "daicho_shubetsu_cd": "FUD25"
      }
    },
    {
      "type": "Feature",
      "geometry": {
        "type": "Polygon",
        "coordinates": [
          [
            [
              132.707079283,
              35.363692688
            ],
            [
              132.70714762,
              35.364265457
            ],
            [
              132.70790817,
              35.364223436
            ],
            [
              132.708229271,
              35.364165984
            ],
            [
              132.708263163,
              35.364147661
            ],
            [
              132.708294032,
              35.36411966
            ],
            [
              132.708324723,
              35.364065009
            ],
            [
              132.708344335,
              35.364024942
            ],
            [
              132.708340525,
              35.364005873
            ],
            [
              132.708257892,
              35.363963947
            ],
            [
              132.708218497,
              35.363959236
            ],
            [
              132.707985936,
              35.363886555
            ],
            [
              132.707720025,
              35.363811084
            ],
            [
              132.707435177,
              35.363731246
            ],
            [
              132.707271769,
              35.363691019
            ],
            [
              132.707116048,
              35.363658406
            ],
            [
              132.707092254,
              35.36367161
            ],
            [
              132.707079283,
              35.363692688
            ]
          ]
        ]
      },
      "properties": {
        "polygon_uuid": "8c4568a5-5245-46d9-b398-c624d3ea9117",
        "daicho_shubetsu_cd": "FUD25"
      }
    },
    {
      "type": "Feature",
      "geometry": {
        "type": "Polygon",
        "coordinates": [
          [
            [
              132.69215852,
              35.361301575
            ],
            [
              132.692029325,
              35.36172586
            ],
            [
              132.69249857,
              35.361741466
            ],
            [
              132.692523655,
              35.361315714
            ],
            [
              132.69215852,
              35.361301575
            ]
          ]
        ]
      },
      "properties": {
        "polygon_uuid": "cd905329-ff7e-47e5-bfad-c7a16ad28cbc",
        "daicho_shubetsu_cd": "FUD25"
      }
    },
    {
      "type": "Feature",
      "geometry": {
        "type": "Polygon",
        "coordinates": [
          [
            [
              132.700823539,
              35.359459927
            ],
            [
              132.700812163,
              35.3596746
            ],
            [
              132.701429313,
              35.35970824
            ],
            [
              132.701439877,
              35.359605316
            ],
            [
              132.701302459,
              35.359601511
            ],
            [
              132.701076954,
              35.359590612
            ],
            [
              132.700951427,
              35.359586351
            ],
            [
              132.700953319,
              35.359437691
            ],
            [
              132.700825006,
              35.359432261
            ],
            [
              132.700823539,
              35.359459927
            ]
          ]
        ]
      },
      "properties": {
        "polygon_uuid": "61049d3b-9edb-4ef3-9dbe-c872d0ba6880",
        "daicho_shubetsu_cd": "FUD25"
      }
    },
    {
      "type": "Feature",
      "geometry": {
        "type": "Polygon",
        "coordinates": [
          [
            [
              132.704611518,
              35.359901934
            ],
            [
              132.704396643,
              35.359992127
            ],
            [
              132.704395038,
              35.360196567
            ],
            [
              132.704638933,
              35.360160876
            ],
            [
              132.704611518,
              35.359901934
            ]
          ]
        ]
      },
      "properties": {
        "polygon_uuid": "590a5fb2-cc00-4ae8-8a74-c8b411205f69",
        "daicho_shubetsu_cd": "FUD25"
      }
    },
    {
      "type": "Feature",
      "geometry": {
        "type": "Polygon",
        "coordinates": [
          [
            [
              132.705674301,
              35.360619064
            ],
            [
              132.705702082,
              35.360587411
            ],
            [
              132.705721655,
              35.360373791
            ],
            [
              132.705623928,
              35.360410054
            ],
            [
              132.705482723,
              35.360485206
            ],
            [
              132.705460995,
              35.360495244
            ],
            [
              132.705446844,
              35.360595308
            ],
            [
              132.705674301,
              35.360619064
            ]
          ]
        ]
      },
      "properties": {
        "polygon_uuid": "465198d2-b885-4751-ba4b-c9f04b363de1",
        "daicho_shubetsu_cd": "FUD25"
      }
    },
    {
      "type": "Feature",
      "geometry": {
        "type": "Polygon",
        "coordinates": [
          [
            [
              132.700971501,
              35.366589288
            ],
            [
              132.700975808,
              35.366545344
            ],
            [
              132.700992528,
              35.366525191
            ],
            [
              132.701026143,
              35.366511238
            ],
            [
              132.701085942,
              35.366518503
            ],
            [
              132.701067136,
              35.366454582
            ],
            [
              132.701071347,
              35.366139547
            ],
            [
              132.700867417,
              35.366139211
            ],
            [
              132.700802445,
              35.366509717
            ],
            [
              132.700971501,
              35.366589288
            ]
          ]
        ]
      },
      "properties": {
        "polygon_uuid": "ab4055a2-319b-48a4-9cdc-c9fff8da3bdc",
        "daicho_shubetsu_cd": "FUD25"
      }
    },
    {
      "type": "Feature",
      "geometry": {
        "type": "Polygon",
        "coordinates": [
          [
            [
              132.689641236,
              35.362781854
            ],
            [
              132.689888135,
              35.362792589
            ],
            [
              132.689993923,
              35.362797187
            ],
            [
              132.690013698,
              35.362366698
            ],
            [
              132.689677923,
              35.362354827
            ],
            [
              132.689660256,
              35.362367017
            ],
            [
              132.689641236,
              35.362781854
            ]
          ]
        ]
      },
      "properties": {
        "polygon_uuid": "362c739a-b850-4e35-81f3-caf0d3a6f0a7",
        "daicho_shubetsu_cd": "FUD25"
      }
    },
    {
      "type": "Feature",
      "geometry": {
        "type": "Polygon",
        "coordinates": [
          [
            [
              132.70204386,
              35.359364243
            ],
            [
              132.701504095,
              35.359324458
            ],
            [
              132.70149086,
              35.359581087
            ],
            [
              132.702071614,
              35.359612485
            ],
            [
              132.702093055,
              35.35936787
            ],
            [
              132.70204386,
              35.359364243
            ]
          ]
        ]
      },
      "properties": {
        "polygon_uuid": "f54961b0-6249-4173-be1f-cb7819cd32db",
        "daicho_shubetsu_cd": "FUD25"
      }
    },
    {
      "type": "Feature",
      "geometry": {
        "type": "Polygon",
        "coordinates": [
          [
            [
              132.699338181,
              35.362550532
            ],
            [
              132.69934744,
              35.362381773
            ],
            [
              132.699052241,
              35.362370052
            ],
            [
              132.699027245,
              35.362457918
            ],
            [
              132.699073562,
              35.362459412
            ],
            [
              132.6990717,
              35.362491693
            ],
            [
              132.69902195,
              35.36249361
            ],
            [
              132.699024529,
              35.362570597
            ],
            [
              132.699338181,
              35.362550532
            ]
          ]
        ]
      },
      "properties": {
        "polygon_uuid": "37b9e947-f987-4eb8-9f85-cbe2774df309",
        "daicho_shubetsu_cd": "FUD25"
      }
    },
    {
      "type": "Feature",
      "geometry": {
        "type": "Polygon",
        "coordinates": [
          [
            [
              132.689225166,
              35.363413423
            ],
            [
              132.689172891,
              35.362993442
            ],
            [
              132.688948071,
              35.363011988
            ],
            [
              132.689000591,
              35.363450294
            ],
            [
              132.689225166,
              35.363413423
            ]
          ]
        ]
      },
      "properties": {
        "polygon_uuid": "3af51bc4-353f-4759-b3f5-cc8ba4bee202",
        "daicho_shubetsu_cd": "FUD25"
      }
    },
    {
      "type": "Feature",
      "geometry": {
        "type": "Polygon",
        "coordinates": [
          [
            [
              132.689000591,
              35.363450294
            ],
            [
              132.688948071,
              35.363011988
            ],
            [
              132.688774251,
              35.363026327
            ],
            [
              132.688760479,
              35.363035829
            ],
            [
              132.688884154,
              35.363445114
            ],
            [
              132.68890619,
              35.363465793
            ],
            [
              132.689000591,
              35.363450294
            ]
          ]
        ]
      },
      "properties": {
        "polygon_uuid": "fe48d2ce-b25e-443f-af07-cd9b8baeecca",
        "daicho_shubetsu_cd": "FUD25"
      }
    },
    {
      "type": "Feature",
      "geometry": {
        "type": "Polygon",
        "coordinates": [
          [
            [
              132.689956127,
              35.360952677
            ],
            [
              132.68964758,
              35.360940626
            ],
            [
              132.68964494,
              35.361347757
            ],
            [
              132.6898817,
              35.361355993
            ],
            [
              132.689898954,
              35.361350252
            ],
            [
              132.689910601,
              35.361279381
            ],
            [
              132.689956127,
              35.360952677
            ]
          ]
        ]
      },
      "properties": {
        "polygon_uuid": "787a7264-2ddd-476f-837e-ce1aebd119ac",
        "daicho_shubetsu_cd": "FUD25"
      }
    },
    {
      "type": "Feature",
      "geometry": {
        "type": "Polygon",
        "coordinates": [
          [
            [
              132.697007167,
              35.359816131
            ],
            [
              132.697630277,
              35.359847205
            ],
            [
              132.697643658,
              35.359649267
            ],
            [
              132.697019992,
              35.3596122
            ],
            [
              132.697007167,
              35.359816131
            ]
          ]
        ]
      },
      "properties": {
        "polygon_uuid": "1a408b17-858e-4005-8e78-ce7f657ba82b",
        "daicho_shubetsu_cd": "FUD25"
      }
    },
    {
      "type": "Feature",
      "geometry": {
        "type": "Polygon",
        "coordinates": [
          [
            [
              132.706867456,
              35.365562609
            ],
            [
              132.706879566,
              35.365679795
            ],
            [
              132.707122277,
              35.365669305
            ],
            [
              132.70713942,
              35.365646909
            ],
            [
              132.707124425,
              35.365555968
            ],
            [
              132.706867456,
              35.365562609
            ]
          ]
        ]
      },
      "properties": {
        "polygon_uuid": "f0ee8b06-6c2d-459d-b5dc-cec57d3c578e",
        "daicho_shubetsu_cd": "FUD25"
      }
    },
    {
      "type": "Feature",
      "geometry": {
        "type": "Polygon",
        "coordinates": [
          [
            [
              132.69424733,
              35.36225833
            ],
            [
              132.694237119,
              35.362459968
            ],
            [
              132.694358669,
              35.362484529
            ],
            [
              132.694393643,
              35.362263398
            ],
            [
              132.69424733,
              35.36225833
            ]
          ]
        ]
      },
      "properties": {
        "polygon_uuid": "83e5229e-d104-4199-9f2d-cf95f5b6f4e5",
        "daicho_shubetsu_cd": "FUD25"
      }
    },
    {
      "type": "Feature",
      "geometry": {
        "type": "Polygon",
        "coordinates": [
          [
            [
              132.699918017,
              35.366119711
            ],
            [
              132.699910689,
              35.366096909
            ],
            [
              132.699796099,
              35.366067295
            ],
            [
              132.699799595,
              35.366215632
            ],
            [
              132.69978424,
              35.366335076
            ],
            [
              132.699907594,
              35.366329245
            ],
            [
              132.699918017,
              35.366119711
            ]
          ]
        ]
      },
      "properties": {
        "polygon_uuid": "f2549129-8739-4112-b35d-cff1ae98cbfc",
        "daicho_shubetsu_cd": "FUD25"
      }
    },
    {
      "type": "Feature",
      "geometry": {
        "type": "Polygon",
        "coordinates": [
          [
            [
              132.701891207,
              35.361780133
            ],
            [
              132.702028569,
              35.361788492
            ],
            [
              132.702030268,
              35.36137817
            ],
            [
              132.701938068,
              35.361373854
            ],
            [
              132.701863983,
              35.361370473
            ],
            [
              132.701859028,
              35.361778503
            ],
            [
              132.701891207,
              35.361780133
            ]
          ]
        ]
      },
      "properties": {
        "polygon_uuid": "b6889ee7-6955-4ab1-a4d0-d03f2634a088",
        "daicho_shubetsu_cd": "FUD25"
      }
    },
    {
      "type": "Feature",
      "geometry": {
        "type": "Polygon",
        "coordinates": [
          [
            [
              132.696995661,
              35.361330146
            ],
            [
              132.697079959,
              35.361275699
            ],
            [
              132.697085675,
              35.361178922
            ],
            [
              132.697087631,
              35.361144021
            ],
            [
              132.69707556,
              35.361135127
            ],
            [
              132.696910743,
              35.361127567
            ],
            [
              132.696903703,
              35.361217068
            ],
            [
              132.696897769,
              35.361292503
            ],
            [
              132.696895054,
              35.361327021
            ],
            [
              132.696995661,
              35.361330146
            ]
          ]
        ]
      },
      "properties": {
        "polygon_uuid": "75d327a5-470e-4067-ad66-d0ffadd57ef8",
        "daicho_shubetsu_cd": "FUD25"
      }
    },
    {
      "type": "Feature",
      "geometry": {
        "type": "Polygon",
        "coordinates": [
          [
            [
              132.693787557,
              35.36338783
            ],
            [
              132.693418439,
              35.363509859
            ],
            [
              132.693367159,
              35.36340324
            ],
            [
              132.693118308,
              35.363493161
            ],
            [
              132.693114521,
              35.363613804
            ],
            [
              132.693102958,
              35.363781728
            ],
            [
              132.693202714,
              35.363785659
            ],
            [
              132.693764872,
              35.363806218
            ],
            [
              132.693771992,
              35.36372346
            ],
            [
              132.693775145,
              35.363655472
            ],
            [
              132.693787557,
              35.36338783
            ]
          ]
        ]
      },
      "properties": {
        "polygon_uuid": "6e1891d8-faee-41fa-b636-d1b101dd2299",
        "daicho_shubetsu_cd": "FUD25"
      }
    },
    {
      "type": "Feature",
      "geometry": {
        "type": "Polygon",
        "coordinates": [
          [
            [
              132.693272561,
              35.360621463
            ],
            [
              132.693451168,
              35.360627834
            ],
            [
              132.69348555,
              35.36014666
            ],
            [
              132.693326596,
              35.360136323
            ],
            [
              132.693308562,
              35.360262146
            ],
            [
              132.693272561,
              35.360621463
            ]
          ]
        ]
      },
      "properties": {
        "polygon_uuid": "5d00857d-3c3e-4fea-9ab1-d24e83bb1ad8",
        "daicho_shubetsu_cd": "FUD25"
      }
    },
    {
      "type": "Feature",
      "geometry": {
        "type": "Polygon",
        "coordinates": [
          [
            [
              132.697656239,
              35.359821908
            ],
            [
              132.698274145,
              35.359848451
            ],
            [
              132.6982782,
              35.359769818
            ],
            [
              132.698282762,
              35.35968133
            ],
            [
              132.697665704,
              35.359651636
            ],
            [
              132.697659369,
              35.359784151
            ],
            [
              132.697656239,
              35.359821908
            ]
          ]
        ]
      },
      "properties": {
        "polygon_uuid": "4df40e63-cc35-4ed1-bab1-d2a599cb68b9",
        "daicho_shubetsu_cd": "FUD25"
      }
    },
    {
      "type": "Feature",
      "geometry": {
        "type": "Polygon",
        "coordinates": [
          [
            [
              132.69424733,
              35.36225833
            ],
            [
              132.694393643,
              35.362263398
            ],
            [
              132.694687282,
              35.362273568
            ],
            [
              132.694693952,
              35.362138655
            ],
            [
              132.694254269,
              35.362121326
            ],
            [
              132.69424733,
              35.36225833
            ]
          ]
        ]
      },
      "properties": {
        "polygon_uuid": "c377e178-6108-410d-aebd-d2bf3c04a971",
        "daicho_shubetsu_cd": "FUD25"
      }
    },
    {
      "type": "Feature",
      "geometry": {
        "type": "Polygon",
        "coordinates": [
          [
            [
              132.69756377,
              35.366143954
            ],
            [
              132.697555057,
              35.366115275
            ],
            [
              132.697402516,
              35.366139265
            ],
            [
              132.697234586,
              35.366184522
            ],
            [
              132.697284359,
              35.366301528
            ],
            [
              132.697352687,
              35.366286173
            ],
            [
              132.69749345,
              35.366264867
            ],
            [
              132.697589405,
              35.366248869
            ],
            [
              132.69756377,
              35.366143954
            ]
          ]
        ]
      },
      "properties": {
        "polygon_uuid": "358adb44-5a61-497c-9606-d53984e7e79a",
        "daicho_shubetsu_cd": "FUD25"
      }
    },
    {
      "type": "Feature",
      "geometry": {
        "type": "Polygon",
        "coordinates": [
          [
            [
              132.697319504,
              35.36355464
            ],
            [
              132.698219554,
              35.363493853
            ],
            [
              132.698220411,
              35.363416589
            ],
            [
              132.697969526,
              35.362975129
            ],
            [
              132.697942727,
              35.362940181
            ],
            [
              132.697917586,
              35.362933037
            ],
            [
              132.697871923,
              35.362947748
            ],
            [
              132.697162273,
              35.363230187
            ],
            [
              132.697314576,
              35.363495539
            ],
            [
              132.697319504,
              35.36355464
            ]
          ]
        ]
      },
      "properties": {
        "polygon_uuid": "62ad103d-2e7f-4341-9a1b-d570c538498b",
        "daicho_shubetsu_cd": "FUD25"
      }
    },
    {
      "type": "Feature",
      "geometry": {
        "type": "Polygon",
        "coordinates": [
          [
            [
              132.694077179,
              35.360650429
            ],
            [
              132.694059472,
              35.360649528
            ],
            [
              132.694011104,
              35.361247701
            ],
            [
              132.694147718,
              35.361257274
            ],
            [
              132.694239394,
              35.361255663
            ],
            [
              132.69428511,
              35.36123608
            ],
            [
              132.694310642,
              35.360662299
            ],
            [
              132.694077179,
              35.360650429
            ]
          ]
        ]
      },
      "properties": {
        "polygon_uuid": "3b35ede2-9df6-42fc-a2a5-d58e4bbc18cb",
        "daicho_shubetsu_cd": "FUD25"
      }
    },
    {
      "type": "Feature",
      "geometry": {
        "type": "Polygon",
        "coordinates": [
          [
            [
              132.697588224,
              35.361160928
            ],
            [
              132.698178716,
              35.361185716
            ],
            [
              132.698184717,
              35.361091771
            ],
            [
              132.698189541,
              35.361016252
            ],
            [
              132.697596109,
              35.360987676
            ],
            [
              132.697588224,
              35.361160928
            ]
          ]
        ]
      },
      "properties": {
        "polygon_uuid": "f1586a31-19d6-4025-8451-d59c3cf2273e",
        "daicho_shubetsu_cd": "FUD25"
      }
    },
    {
      "type": "Feature",
      "geometry": {
        "type": "Polygon",
        "coordinates": [
          [
            [
              132.700760625,
              35.360373328
            ],
            [
              132.700771589,
              35.360267229
            ],
            [
              132.700777925,
              35.360185427
            ],
            [
              132.700787313,
              35.360064245
            ],
            [
              132.700790263,
              35.360026164
            ],
            [
              132.70079609,
              35.359950945
            ],
            [
              132.700800612,
              35.359892582
            ],
            [
              132.700803065,
              35.359846274
            ],
            [
              132.700812163,
              35.3596746
            ],
            [
              132.700823539,
              35.359459927
            ],
            [
              132.700233775,
              35.359428857
            ],
            [
              132.700225615,
              35.359609702
            ],
            [
              132.700210995,
              35.35982193
            ],
            [
              132.700203575,
              35.359929624
            ],
            [
              132.70019916,
              35.359997851
            ],
            [
              132.700191399,
              35.360117773
            ],
            [
              132.700189238,
              35.360155577
            ],
            [
              132.700178713,
              35.360339628
            ],
            [
              132.700242725,
              35.360343335
            ],
            [
              132.700488486,
              35.360357568
            ],
            [
              132.700760625,
              35.360373328
            ]
          ]
        ]
      },
      "properties": {
        "polygon_uuid": "f51a5b84-f0a8-4817-bd80-d7675e01f399",
        "daicho_shubetsu_cd": "FUD25"
      }
    },
    {
      "type": "Feature",
      "geometry": {
        "type": "Polygon",
        "coordinates": [
          [
            [
              132.706176168,
              35.36505162
            ],
            [
              132.706135199,
              35.365058931
            ],
            [
              132.705788814,
              35.365122474
            ],
            [
              132.705665425,
              35.36514511
            ],
            [
              132.705457232,
              35.365184057
            ],
            [
              132.705442931,
              35.365344551
            ],
            [
              132.705470909,
              35.365346703
            ],
            [
              132.705677461,
              35.365364533
            ],
            [
              132.70577072,
              35.365343359
            ],
            [
              132.705790404,
              35.365338889
            ],
            [
              132.70589748,
              35.365313313
            ],
            [
              132.705996912,
              35.365290279
            ],
            [
              132.706160672,
              35.365264449
            ],
            [
              132.706176168,
              35.36505162
            ]
          ]
        ]
      },
      "properties": {
        "polygon_uuid": "88aeaee1-2893-42f8-b26f-d7c938b94f15",
        "daicho_shubetsu_cd": "FUD25"
      }
    },
    {
      "type": "Feature",
      "geometry": {
        "type": "Polygon",
        "coordinates": [
          [
            [
              132.693165749,
              35.361761026
            ],
            [
              132.693174486,
              35.361636806
            ],
            [
              132.693175656,
              35.361601633
            ],
            [
              132.692592879,
              35.361575097
            ],
            [
              132.692559601,
              35.361573746
            ],
            [
              132.692549663,
              35.361734488
            ],
            [
              132.69258653,
              35.361736243
            ],
            [
              132.693165749,
              35.361761026
            ]
          ]
        ]
      },
      "properties": {
        "polygon_uuid": "3af27775-4f87-4e05-afcf-d82d63d1a0e0",
        "daicho_shubetsu_cd": "FUD25"
      }
    },
    {
      "type": "Feature",
      "geometry": {
        "type": "Polygon",
        "coordinates": [
          [
            [
              132.693928527,
              35.363738691
            ],
            [
              132.693920125,
              35.363884794
            ],
            [
              132.694484767,
              35.363905401
            ],
            [
              132.694487358,
              35.363763385
            ],
            [
              132.693928527,
              35.363738691
            ]
          ]
        ]
      },
      "properties": {
        "polygon_uuid": "7d702441-c811-4d66-a687-d844e304336a",
        "daicho_shubetsu_cd": "FUD25"
      }
    },
    {
      "type": "Feature",
      "geometry": {
        "type": "Polygon",
        "coordinates": [
          [
            [
              132.692122612,
              35.360323628
            ],
            [
              132.691907213,
              35.360289548
            ],
            [
              132.691840163,
              35.360678836
            ],
            [
              132.691818536,
              35.360831565
            ],
            [
              132.692013642,
              35.36087013
            ],
            [
              132.692122612,
              35.360323628
            ]
          ]
        ]
      },
      "properties": {
        "polygon_uuid": "447db270-cccc-4786-b344-d9307d4300e5",
        "daicho_shubetsu_cd": "FUD25"
      }
    },
    {
      "type": "Feature",
      "geometry": {
        "type": "Polygon",
        "coordinates": [
          [
            [
              132.695341851,
              35.36108978
            ],
            [
              132.696269284,
              35.361131936
            ],
            [
              132.696288847,
              35.360796698
            ],
            [
              132.696064784,
              35.360778346
            ],
            [
              132.695869358,
              35.360762339
            ],
            [
              132.695661647,
              35.360745326
            ],
            [
              132.695376398,
              35.360721961
            ],
            [
              132.695341851,
              35.36108978
            ]
          ]
        ]
      },
      "properties": {
        "polygon_uuid": "3aa5c4ce-4e80-445b-a126-da093dea41d6",
        "daicho_shubetsu_cd": "FUD25"
      }
    },
    {
      "type": "Feature",
      "geometry": {
        "type": "Polygon",
        "coordinates": [
          [
            [
              132.703982475,
              35.364316982
            ],
            [
              132.705009462,
              35.364221964
            ],
            [
              132.704971265,
              35.363927707
            ],
            [
              132.704929466,
              35.363605704
            ],
            [
              132.704629575,
              35.363628478
            ],
            [
              132.703909189,
              35.363690439
            ],
            [
              132.703982475,
              35.364316982
            ]
          ]
        ]
      },
      "properties": {
        "polygon_uuid": "70ddb4de-ef25-4be0-a4e8-da4e862088b0",
        "daicho_shubetsu_cd": "FUD25"
      }
    },
    {
      "type": "Feature",
      "geometry": {
        "type": "Polygon",
        "coordinates": [
          [
            [
              132.693102958,
              35.363781728
            ],
            [
              132.693094878,
              35.363983231
            ],
            [
              132.693123101,
              35.364002491
            ],
            [
              132.693621586,
              35.364018489
            ],
            [
              132.693695457,
              35.364007264
            ],
            [
              132.693749993,
              35.363979164
            ],
            [
              132.693764872,
              35.363806218
            ],
            [
              132.693202714,
              35.363785659
            ],
            [
              132.693102958,
              35.363781728
            ]
          ]
        ]
      },
      "properties": {
        "polygon_uuid": "706fe941-1d66-478f-9062-da662f912210",
        "daicho_shubetsu_cd": "FUD25"
      }
    },
    {
      "type": "Feature",
      "geometry": {
        "type": "Polygon",
        "coordinates": [
          [
            [
              132.693899386,
              35.364227969
            ],
            [
              132.69389338,
              35.364367068
            ],
            [
              132.693912867,
              35.364404244
            ],
            [
              132.693946209,
              35.364419862
            ],
            [
              132.693995204,
              35.364421082
            ],
            [
              132.694403453,
              35.364245893
            ],
            [
              132.693899386,
              35.364227969
            ]
          ]
        ]
      },
      "properties": {
        "polygon_uuid": "ff615111-dd34-43ef-9925-daa40c8cb7b4",
        "daicho_shubetsu_cd": "FUD25"
      }
    },
    {
      "type": "Feature",
      "geometry": {
        "type": "Polygon",
        "coordinates": [
          [
            [
              132.703350207,
              35.359592668
            ],
            [
              132.703346208,
              35.359635658
            ],
            [
              132.703844682,
              35.359654007
            ],
            [
              132.703859034,
              35.359423056
            ],
            [
              132.703703274,
              35.359413717
            ],
            [
              132.703708874,
              35.359466718
            ],
            [
              132.703591609,
              35.35945864
            ],
            [
              132.703593026,
              35.359408475
            ],
            [
              132.703368352,
              35.359397605
            ],
            [
              132.703350207,
              35.359592668
            ]
          ]
        ]
      },
      "properties": {
        "polygon_uuid": "73da4be5-f371-4b36-9371-daa4ee4ac061",
        "daicho_shubetsu_cd": "FUD25"
      }
    },
    {
      "type": "Feature",
      "geometry": {
        "type": "Polygon",
        "coordinates": [
          [
            [
              132.705781248,
              35.360001179
            ],
            [
              132.705800451,
              35.359907464
            ],
            [
              132.705833892,
              35.359849991
            ],
            [
              132.70586178,
              35.35983458
            ],
            [
              132.705901278,
              35.359635679
            ],
            [
              132.705772077,
              35.359631176
            ],
            [
              132.705755459,
              35.359630597
            ],
            [
              132.705546967,
              35.359671653
            ],
            [
              132.705170663,
              35.359732566
            ],
            [
              132.705097724,
              35.35998894
            ],
            [
              132.705240031,
              35.359991489
            ],
            [
              132.705434774,
              35.359994976
            ],
            [
              132.705638906,
              35.359998631
            ],
            [
              132.705781248,
              35.360001179
            ]
          ]
        ]
      },
      "properties": {
        "polygon_uuid": "ef4b228b-d3d6-4696-960d-dacdf9da2b7e",
        "daicho_shubetsu_cd": "FUD25"
      }
    },
    {
      "type": "Feature",
      "geometry": {
        "type": "Polygon",
        "coordinates": [
          [
            [
              132.69493708,
              35.360993618
            ],
            [
              132.694972584,
              35.360856955
            ],
            [
              132.694713459,
              35.360829763
            ],
            [
              132.694650788,
              35.361268879
            ],
            [
              132.694804806,
              35.361272233
            ],
            [
              132.694807921,
              35.360995761
            ],
            [
              132.69493708,
              35.360993618
            ]
          ]
        ]
      },
      "properties": {
        "polygon_uuid": "14fcb649-7a44-4d5c-b7e0-db09266496ce",
        "daicho_shubetsu_cd": "FUD25"
      }
    },
    {
      "type": "Feature",
      "geometry": {
        "type": "Polygon",
        "coordinates": [
          [
            [
              132.703224387,
              35.361526689
            ],
            [
              132.703236685,
              35.361348293
            ],
            [
              132.703096417,
              35.361301357
            ],
            [
              132.70307059,
              35.36131506
            ],
            [
              132.703055217,
              35.361498566
            ],
            [
              132.703224387,
              35.361526689
            ]
          ]
        ]
      },
      "properties": {
        "polygon_uuid": "e46323e5-aed5-4dc1-8005-db499dcc23df",
        "daicho_shubetsu_cd": "FUD25"
      }
    },
    {
      "type": "Feature",
      "geometry": {
        "type": "Polygon",
        "coordinates": [
          [
            [
              132.688738706,
              35.36181309
            ],
            [
              132.688751635,
              35.361353066
            ],
            [
              132.688490395,
              35.361342667
            ],
            [
              132.688320223,
              35.361768329
            ],
            [
              132.688323428,
              35.361781724
            ],
            [
              132.688327332,
              35.361798044
            ],
            [
              132.688738706,
              35.36181309
            ]
          ]
        ]
      },
      "properties": {
        "polygon_uuid": "a6a67604-6a6a-4a0d-a030-de38f1af1c54",
        "daicho_shubetsu_cd": "FUD25"
      }
    },
    {
      "type": "Feature",
      "geometry": {
        "type": "Polygon",
        "coordinates": [
          [
            [
              132.690274723,
              35.361875406
            ],
            [
              132.690462868,
              35.361882186
            ],
            [
              132.690484993,
              35.361575703
            ],
            [
              132.690482796,
              35.361429746
            ],
            [
              132.690305255,
              35.361422023
            ],
            [
              132.690274723,
              35.361875406
            ]
          ]
        ]
      },
      "properties": {
        "polygon_uuid": "29595d32-7d8b-4e82-bbc3-de6a1c851848",
        "daicho_shubetsu_cd": "FUD25"
      }
    },
    {
      "type": "Feature",
      "geometry": {
        "type": "Polygon",
        "coordinates": [
          [
            [
              132.698317307,
              35.359521204
            ],
            [
              132.698291085,
              35.359519911
            ],
            [
              132.698282762,
              35.35968133
            ],
            [
              132.6982782,
              35.359769818
            ],
            [
              132.698274145,
              35.359848451
            ],
            [
              132.698265309,
              35.360019835
            ],
            [
              132.698256609,
              35.360188576
            ],
            [
              132.69824469,
              35.36041973
            ],
            [
              132.698842959,
              35.360444742
            ],
            [
              132.698876857,
              35.360047297
            ],
            [
              132.698883757,
              35.359966394
            ],
            [
              132.698890529,
              35.359790795
            ],
            [
              132.698893978,
              35.359701345
            ],
            [
              132.698899988,
              35.359545509
            ],
            [
              132.698317307,
              35.359521204
            ]
          ]
        ]
      },
      "properties": {
        "polygon_uuid": "e44549ad-93bf-4b17-a27d-e1473687df71",
        "daicho_shubetsu_cd": "FUD25"
      }
    },
    {
      "type": "Feature",
      "geometry": {
        "type": "Polygon",
        "coordinates": [
          [
            [
              132.704900657,
              35.366859289
            ],
            [
              132.705019691,
              35.36678848
            ],
            [
              132.705093005,
              35.366754269
            ],
            [
              132.70497016,
              35.366531688
            ],
            [
              132.704836301,
              35.366608884
            ],
            [
              132.704757567,
              35.366510324
            ],
            [
              132.704680648,
              35.366548595
            ],
            [
              132.704761287,
              35.366660533
            ],
            [
              132.704738763,
              35.366686662
            ],
            [
              132.70470264,
              35.366715827
            ],
            [
              132.704468275,
              35.366834373
            ],
            [
              132.704609078,
              35.366982484
            ],
            [
              132.704781902,
              35.366893959
            ],
            [
              132.704795674,
              35.366916952
            ],
            [
              132.704871495,
              35.366874227
            ],
            [
              132.704900657,
              35.366859289
            ]
          ]
        ]
      },
      "properties": {
        "polygon_uuid": "bcc66e00-24c4-4b91-97fc-e1d45b15c8e4",
        "daicho_shubetsu_cd": "FUD25"
      }
    },
    {
      "type": "Feature",
      "geometry": {
        "type": "Polygon",
        "coordinates": [
          [
            [
              132.694541531,
              35.361590477
            ],
            [
              132.694353305,
              35.361582675
            ],
            [
              132.69430958,
              35.361660997
            ],
            [
              132.694267489,
              35.361777811
            ],
            [
              132.694530565,
              35.361792754
            ],
            [
              132.694541531,
              35.361590477
            ]
          ]
        ]
      },
      "properties": {
        "polygon_uuid": "60e5e079-5e1e-4769-9d99-e253b4004926",
        "daicho_shubetsu_cd": "FUD25"
      }
    },
    {
      "type": "Feature",
      "geometry": {
        "type": "Polygon",
        "coordinates": [
          [
            [
              132.706028097,
              35.360445037
            ],
            [
              132.706230048,
              35.360486653
            ],
            [
              132.706246717,
              35.36044919
            ],
            [
              132.706349782,
              35.360217325
            ],
            [
              132.706145677,
              35.360193467
            ],
            [
              132.705996103,
              35.360175983
            ],
            [
              132.705814428,
              35.360154747
            ],
            [
              132.705762939,
              35.360383164
            ],
            [
              132.706028097,
              35.360445037
            ]
          ]
        ]
      },
      "properties": {
        "polygon_uuid": "68c3e746-2b71-4b14-a08d-e2a5af9baba4",
        "daicho_shubetsu_cd": "FUD25"
      }
    },
    {
      "type": "Feature",
      "geometry": {
        "type": "Polygon",
        "coordinates": [
          [
            [
              132.694451331,
              35.36405493
            ],
            [
              132.694469728,
              35.364049982
            ],
            [
              132.694482446,
              35.364032729
            ],
            [
              132.694484767,
              35.363905401
            ],
            [
              132.693920125,
              35.363884794
            ],
            [
              132.69391514,
              35.363971478
            ],
            [
              132.693942459,
              35.364001738
            ],
            [
              132.693993198,
              35.364032089
            ],
            [
              132.694084232,
              35.364041246
            ],
            [
              132.694451331,
              35.36405493
            ]
          ]
        ]
      },
      "properties": {
        "polygon_uuid": "1f8b04de-d2bf-4858-8a23-e399e46a508a",
        "daicho_shubetsu_cd": "FUD25"
      }
    },
    {
      "type": "Feature",
      "geometry": {
        "type": "Polygon",
        "coordinates": [
          [
            [
              132.705814428,
              35.360154747
            ],
            [
              132.705996103,
              35.360175983
            ],
            [
              132.706049365,
              35.359888178
            ],
            [
              132.705861423,
              35.359873899
            ],
            [
              132.705814428,
              35.360154747
            ]
          ]
        ]
      },
      "properties": {
        "polygon_uuid": "28ed210d-c0aa-40be-9edd-e3e90cc89199",
        "daicho_shubetsu_cd": "FUD25"
      }
    },
    {
      "type": "Feature",
      "geometry": {
        "type": "Polygon",
        "coordinates": [
          [
            [
              132.697170036,
              35.364841651
            ],
            [
              132.698378195,
              35.364749402
            ],
            [
              132.698312645,
              35.364174993
            ],
            [
              132.698291357,
              35.364141969
            ],
            [
              132.698253887,
              35.364130848
            ],
            [
              132.697095227,
              35.364224613
            ],
            [
              132.697166601,
              35.36481369
            ],
            [
              132.697170036,
              35.364841651
            ]
          ]
        ]
      },
      "properties": {
        "polygon_uuid": "aac442de-75f8-4b34-8ce3-e3fe518f24b9",
        "daicho_shubetsu_cd": "FUD25"
      }
    },
    {
      "type": "Feature",
      "geometry": {
        "type": "Polygon",
        "coordinates": [
          [
            [
              132.690064791,
              35.366235381
            ],
            [
              132.690092706,
              35.366214704
            ],
            [
              132.689856686,
              35.366012582
            ],
            [
              132.689531455,
              35.366168766
            ],
            [
              132.689752514,
              35.366371861
            ],
            [
              132.689787872,
              35.366396495
            ],
            [
              132.689960502,
              35.366307074
            ],
            [
              132.690064791,
              35.366235381
            ]
          ]
        ]
      },
      "properties": {
        "polygon_uuid": "702ce93c-448a-42f2-9879-e4fb35978737",
        "daicho_shubetsu_cd": "FUD25"
      }
    },
    {
      "type": "Feature",
      "geometry": {
        "type": "Polygon",
        "coordinates": [
          [
            [
              132.696308067,
              35.361100779
            ],
            [
              132.696910743,
              35.361127567
            ],
            [
              132.696934969,
              35.360819584
            ],
            [
              132.696937104,
              35.360793294
            ],
            [
              132.696946701,
              35.360675155
            ],
            [
              132.696335232,
              35.360639354
            ],
            [
              132.696309103,
              35.361060279
            ],
            [
              132.696308067,
              35.361100779
            ]
          ]
        ]
      },
      "properties": {
        "polygon_uuid": "387df72c-1d49-42a9-bbd5-e50621a54651",
        "daicho_shubetsu_cd": "FUD25"
      }
    },
    {
      "type": "Feature",
      "geometry": {
        "type": "Polygon",
        "coordinates": [
          [
            [
              132.700765287,
              35.366498979
            ],
            [
              132.70078241,
              35.366399309
            ],
            [
              132.700817869,
              35.36613114
            ],
            [
              132.70050006,
              35.366123325
            ],
            [
              132.700583854,
              35.366564269
            ],
            [
              132.700765287,
              35.366498979
            ]
          ]
        ]
      },
      "properties": {
        "polygon_uuid": "44ce0412-4042-419e-9438-e61c3aa52c58",
        "daicho_shubetsu_cd": "FUD25"
      }
    },
    {
      "type": "Feature",
      "geometry": {
        "type": "Polygon",
        "coordinates": [
          [
            [
              132.695687514,
              35.359793521
            ],
            [
              132.695706164,
              35.359755097
            ],
            [
              132.695728917,
              35.359671493
            ],
            [
              132.695734229,
              35.359592738
            ],
            [
              132.695272508,
              35.359576865
            ],
            [
              132.695101447,
              35.359918785
            ],
            [
              132.695078483,
              35.359970181
            ],
            [
              132.695080234,
              35.360015504
            ],
            [
              132.69510551,
              35.360095319
            ],
            [
              132.69517402,
              35.360101153
            ],
            [
              132.695316098,
              35.359780832
            ],
            [
              132.695336243,
              35.359743764
            ],
            [
              132.695516932,
              35.359762059
            ],
            [
              132.695687514,
              35.359793521
            ]
          ]
        ]
      },
      "properties": {
        "polygon_uuid": "e9cf97c4-b425-42ee-a4d3-e6f834b7639a",
        "daicho_shubetsu_cd": "FUD25"
      }
    },
    {
      "type": "Feature",
      "geometry": {
        "type": "Polygon",
        "coordinates": [
          [
            [
              132.698577248,
              35.367156719
            ],
            [
              132.698887074,
              35.367101536
            ],
            [
              132.69891062,
              35.367092509
            ],
            [
              132.698923219,
              35.367075348
            ],
            [
              132.698881714,
              35.366976621
            ],
            [
              132.698759228,
              35.366663678
            ],
            [
              132.698757055,
              35.366658127
            ],
            [
              132.698460207,
              35.36673534
            ],
            [
              132.698401173,
              35.366750696
            ],
            [
              132.698171741,
              35.366816516
            ],
            [
              132.698336051,
              35.367203889
            ],
            [
              132.698577248,
              35.367156719
            ]
          ]
        ]
      },
      "properties": {
        "polygon_uuid": "50ec21d2-4f18-4e81-a52e-e78149075e30",
        "daicho_shubetsu_cd": "FUD25"
      }
    },
    {
      "type": "Feature",
      "geometry": {
        "type": "Polygon",
        "coordinates": [
          [
            [
              132.694299473,
              35.360049224
            ],
            [
              132.694338523,
              35.359533426
            ],
            [
              132.693928296,
              35.359516642
            ],
            [
              132.693905929,
              35.359867241
            ],
            [
              132.694157433,
              35.359883911
            ],
            [
              132.694152573,
              35.360046262
            ],
            [
              132.694299473,
              35.360049224
            ]
          ]
        ]
      },
      "properties": {
        "polygon_uuid": "0c6f3a4e-515f-42f9-8219-e79c934dc1ec",
        "daicho_shubetsu_cd": "FUD25"
      }
    },
    {
      "type": "Feature",
      "geometry": {
        "type": "Polygon",
        "coordinates": [
          [
            [
              132.692298609,
              35.360577899
            ],
            [
              132.692249757,
              35.360911723
            ],
            [
              132.692559721,
              35.36097338
            ],
            [
              132.692575228,
              35.360587605
            ],
            [
              132.692298609,
              35.360577899
            ]
          ]
        ]
      },
      "properties": {
        "polygon_uuid": "bd2a42db-4d12-47ee-9f3c-e7b390780c1a",
        "daicho_shubetsu_cd": "FUD25"
      }
    },
    {
      "type": "Feature",
      "geometry": {
        "type": "Polygon",
        "coordinates": [
          [
            [
              132.70079609,
              35.359950945
            ],
            [
              132.701409037,
              35.359983145
            ],
            [
              132.701429313,
              35.35970824
            ],
            [
              132.700812163,
              35.3596746
            ],
            [
              132.700803065,
              35.359846274
            ],
            [
              132.700800612,
              35.359892582
            ],
            [
              132.70079609,
              35.359950945
            ]
          ]
        ]
      },
      "properties": {
        "polygon_uuid": "ad0df04c-c84c-4c13-94a1-e9e47d5758ac",
        "daicho_shubetsu_cd": "FUD25"
      }
    },
    {
      "type": "Feature",
      "geometry": {
        "type": "Polygon",
        "coordinates": [
          [
            [
              132.692520785,
              35.362184148
            ],
            [
              132.693134953,
              35.362206805
            ],
            [
              132.693139285,
              35.362137274
            ],
            [
              132.693152121,
              35.36195477
            ],
            [
              132.692537163,
              35.361936648
            ],
            [
              132.692529717,
              35.36200557
            ],
            [
              132.692520785,
              35.362184148
            ]
          ]
        ]
      },
      "properties": {
        "polygon_uuid": "3098abb6-9e85-4992-a6b3-ea5211b04286",
        "daicho_shubetsu_cd": "FUD25"
      }
    },
    {
      "type": "Feature",
      "geometry": {
        "type": "Polygon",
        "coordinates": [
          [
            [
              132.701880712,
              35.362023955
            ],
            [
              132.701903833,
              35.361948027
            ],
            [
              132.701901761,
              35.361899311
            ],
            [
              132.701891207,
              35.361780133
            ],
            [
              132.701859028,
              35.361778503
            ],
            [
              132.701768752,
              35.36177393
            ],
            [
              132.701740761,
              35.36203918
            ],
            [
              132.701880712,
              35.362023955
            ]
          ]
        ]
      },
      "properties": {
        "polygon_uuid": "a495d146-3571-48d9-85f5-ea7dba3c1f06",
        "daicho_shubetsu_cd": "FUD25"
      }
    },
    {
      "type": "Feature",
      "geometry": {
        "type": "Polygon",
        "coordinates": [
          [
            [
              132.697510483,
              35.361846788
            ],
            [
              132.698126223,
              35.361877849
            ],
            [
              132.698135228,
              35.361730569
            ],
            [
              132.697519667,
              35.361703707
            ],
            [
              132.697513154,
              35.361815767
            ],
            [
              132.697510483,
              35.361846788
            ]
          ]
        ]
      },
      "properties": {
        "polygon_uuid": "75722a3a-af5a-428f-b9d2-eab2fae5c1ae",
        "daicho_shubetsu_cd": "FUD25"
      }
    },
    {
      "type": "Feature",
      "geometry": {
        "type": "Polygon",
        "coordinates": [
          [
            [
              132.701054589,
              35.363855451
            ],
            [
              132.701953258,
              35.363783575
            ],
            [
              132.701970213,
              35.36376057
            ],
            [
              132.7019309,
              35.363524783
            ],
            [
              132.701888159,
              35.363146665
            ],
            [
              132.7009803,
              35.36321638
            ],
            [
              132.701054589,
              35.363855451
            ]
          ]
        ]
      },
      "properties": {
        "polygon_uuid": "cc3a424a-5e3b-4a83-b43e-eb2393aeeb3b",
        "daicho_shubetsu_cd": "FUD25"
      }
    },
    {
      "type": "Feature",
      "geometry": {
        "type": "Polygon",
        "coordinates": [
          [
            [
              132.697744679,
              35.366933331
            ],
            [
              132.697924393,
              35.366882955
            ],
            [
              132.697743903,
              35.36643637
            ],
            [
              132.697712522,
              35.366427584
            ],
            [
              132.697554791,
              35.366465089
            ],
            [
              132.697744679,
              35.366933331
            ]
          ]
        ]
      },
      "properties": {
        "polygon_uuid": "3b8a5d2d-7f3d-4fbe-8b55-eb99bfa4db7d",
        "daicho_shubetsu_cd": "FUD25"
      }
    },
    {
      "type": "Feature",
      "geometry": {
        "type": "Polygon",
        "coordinates": [
          [
            [
              132.689503857,
              35.36423998
            ],
            [
              132.689517873,
              35.363997701
            ],
            [
              132.689017083,
              35.363978314
            ],
            [
              132.689069679,
              35.364227118
            ],
            [
              132.689503857,
              35.36423998
            ]
          ]
        ]
      },
      "properties": {
        "polygon_uuid": "887f15e4-da42-4a39-9426-edaabced1535",
        "daicho_shubetsu_cd": "FUD25"
      }
    },
    {
      "type": "Feature",
      "geometry": {
        "type": "Polygon",
        "coordinates": [
          [
            [
              132.696623856,
              35.362774761
            ],
            [
              132.696768968,
              35.362648685
            ],
            [
              132.696890083,
              35.362543458
            ],
            [
              132.69679127,
              35.362487728
            ],
            [
              132.696745534,
              35.362508507
            ],
            [
              132.696741282,
              35.362526419
            ],
            [
              132.696709768,
              35.362550714
            ],
            [
              132.696473593,
              35.3626779
            ],
            [
              132.696623856,
              35.362774761
            ]
          ]
        ]
      },
      "properties": {
        "polygon_uuid": "d977f008-2151-4285-8728-ee105c88aea5",
        "daicho_shubetsu_cd": "FUD25"
      }
    },
    {
      "type": "Feature",
      "geometry": {
        "type": "Polygon",
        "coordinates": [
          [
            [
              132.698822497,
              35.363386484
            ],
            [
              132.699153184,
              35.363356212
            ],
            [
              132.699143185,
              35.363268134
            ],
            [
              132.699124845,
              35.36309513
            ],
            [
              132.69897744,
              35.363175765
            ],
            [
              132.698984889,
              35.363244522
            ],
            [
              132.698810113,
              35.363271087
            ],
            [
              132.698809835,
              35.363303381
            ],
            [
              132.698822497,
              35.363386484
            ]
          ]
        ]
      },
      "properties": {
        "polygon_uuid": "d394200a-c104-49e9-9d47-ef5094524275",
        "daicho_shubetsu_cd": "FUD25"
      }
    },
    {
      "type": "Feature",
      "geometry": {
        "type": "Polygon",
        "coordinates": [
          [
            [
              132.689225166,
              35.363413423
            ],
            [
              132.689528593,
              35.363384293
            ],
            [
              132.689551107,
              35.363362155
            ],
            [
              132.689571596,
              35.363025664
            ],
            [
              132.6895403,
              35.363003759
            ],
            [
              132.689211683,
              35.362991261
            ],
            [
              132.689172891,
              35.362993442
            ],
            [
              132.689225166,
              35.363413423
            ]
          ]
        ]
      },
      "properties": {
        "polygon_uuid": "7e8daacd-1c8d-45b8-8526-ef5da7043c8a",
        "daicho_shubetsu_cd": "FUD25"
      }
    },
    {
      "type": "Feature",
      "geometry": {
        "type": "Polygon",
        "coordinates": [
          [
            [
              132.705051648,
              35.364602983
            ],
            [
              132.70501499,
              35.364271883
            ],
            [
              132.705009462,
              35.364221964
            ],
            [
              132.703982475,
              35.364316982
            ],
            [
              132.703990816,
              35.364426114
            ],
            [
              132.704074959,
              35.364715228
            ],
            [
              132.704382915,
              35.364721024
            ],
            [
              132.705051648,
              35.364602983
            ]
          ]
        ]
      },
      "properties": {
        "polygon_uuid": "6d94829a-96ab-4c74-8c8e-efe9a3c761fa",
        "daicho_shubetsu_cd": "FUD25"
      }
    },
    {
      "type": "Feature",
      "geometry": {
        "type": "Polygon",
        "coordinates": [
          [
            [
              132.704846713,
              35.362845531
            ],
            [
              132.705790886,
              35.362772922
            ],
            [
              132.705800604,
              35.362610018
            ],
            [
              132.705785703,
              35.362593124
            ],
            [
              132.704818276,
              35.362553826
            ],
            [
              132.704814345,
              35.362569118
            ],
            [
              132.704846713,
              35.362845531
            ]
          ]
        ]
      },
      "properties": {
        "polygon_uuid": "b1dd84c2-f2eb-4311-bf37-f00e70dbd82f",
        "daicho_shubetsu_cd": "FUD25"
      }
    },
    {
      "type": "Feature",
      "geometry": {
        "type": "Polygon",
        "coordinates": [
          [
            [
              132.699406327,
              35.365168004
            ],
            [
              132.69997855,
              35.365129093
            ],
            [
              132.700232658,
              35.365048166
            ],
            [
              132.700219225,
              35.364777269
            ],
            [
              132.70019314,
              35.364530275
            ],
            [
              132.69934489,
              35.364591291
            ],
            [
              132.699371547,
              35.364805861
            ],
            [
              132.699376144,
              35.364842867
            ],
            [
              132.699406327,
              35.365168004
            ]
          ]
        ]
      },
      "properties": {
        "polygon_uuid": "65944efe-89c8-41f8-b69f-f026d0171c45",
        "daicho_shubetsu_cd": "FUD25"
      }
    },
    {
      "type": "Feature",
      "geometry": {
        "type": "Polygon",
        "coordinates": [
          [
            [
              132.696852289,
              35.36661876
            ],
            [
              132.6967413,
              35.366343564
            ],
            [
              132.69660448,
              35.366397164
            ],
            [
              132.696475549,
              35.366469809
            ],
            [
              132.696359531,
              35.366538156
            ],
            [
              132.696432436,
              35.366732658
            ],
            [
              132.69680085,
              35.366632875
            ],
            [
              132.696852289,
              35.36661876
            ]
          ]
        ]
      },
      "properties": {
        "polygon_uuid": "dbf2a947-f080-4db8-b85c-f0a91b43e283",
        "daicho_shubetsu_cd": "FUD25"
      }
    },
    {
      "type": "Feature",
      "geometry": {
        "type": "Polygon",
        "coordinates": [
          [
            [
              132.706396937,
              35.365570279
            ],
            [
              132.706380823,
              35.365397788
            ],
            [
              132.706288719,
              35.365396313
            ],
            [
              132.706281816,
              35.36556985
            ],
            [
              132.706264249,
              35.365963216
            ],
            [
              132.7064556,
              35.365920566
            ],
            [
              132.706421485,
              35.365637828
            ],
            [
              132.706405162,
              35.365606782
            ],
            [
              132.706396937,
              35.365570279
            ]
          ]
        ]
      },
      "properties": {
        "polygon_uuid": "886e88f7-7be4-4f81-b1e4-f0d6f14f246a",
        "daicho_shubetsu_cd": "FUD25"
      }
    },
    {
      "type": "Feature",
      "geometry": {
        "type": "Polygon",
        "coordinates": [
          [
            [
              132.700825006,
              35.359432261
            ],
            [
              132.700953319,
              35.359437691
            ],
            [
              132.700983258,
              35.359438958
            ],
            [
              132.70100937,
              35.359419496
            ],
            [
              132.70108997,
              35.359425178
            ],
            [
              132.70121021,
              35.359433655
            ],
            [
              132.701218603,
              35.35930802
            ],
            [
              132.70083277,
              35.359285756
            ],
            [
              132.700825006,
              35.359432261
            ]
          ]
        ]
      },
      "properties": {
        "polygon_uuid": "54ac1ff2-a4ab-4efa-bd8e-f1a3240f202e",
        "daicho_shubetsu_cd": "FUD25"
      }
    },
    {
      "type": "Feature",
      "geometry": {
        "type": "Polygon",
        "coordinates": [
          [
            [
              132.693230759,
              35.365754112
            ],
            [
              132.692808168,
              35.365508017
            ],
            [
              132.692443567,
              35.365285356
            ],
            [
              132.692250024,
              35.365372056
            ],
            [
              132.692010185,
              35.365503478
            ],
            [
              132.691987511,
              35.365598975
            ],
            [
              132.69199775,
              35.365663373
            ],
            [
              132.692026577,
              35.36569959
            ],
            [
              132.692064199,
              35.365723655
            ],
            [
              132.692135357,
              35.365749997
            ],
            [
              132.692219395,
              35.365785973
            ],
            [
              132.692538046,
              35.365967914
            ],
            [
              132.692880467,
              35.366165903
            ],
            [
              132.693230759,
              35.365754112
            ]
          ]
        ]
      },
      "properties": {
        "polygon_uuid": "65d1f0ba-483c-4103-95eb-f1c8b96c2b54",
        "daicho_shubetsu_cd": "FUD25"
      }
    },
    {
      "type": "Feature",
      "geometry": {
        "type": "Polygon",
        "coordinates": [
          [
            [
              132.698291085,
              35.359519911
            ],
            [
              132.697673458,
              35.35948944
            ],
            [
              132.697665704,
              35.359651636
            ],
            [
              132.698282762,
              35.35968133
            ],
            [
              132.698291085,
              35.359519911
            ]
          ]
        ]
      },
      "properties": {
        "polygon_uuid": "4311b0e1-1e70-41e1-a221-f35a112e6f73",
        "daicho_shubetsu_cd": "FUD25"
      }
    },
    {
      "type": "Feature",
      "geometry": {
        "type": "Polygon",
        "coordinates": [
          [
            [
              132.688941352,
              35.363632773
            ],
            [
              132.688991306,
              35.363871461
            ],
            [
              132.689017083,
              35.363978314
            ],
            [
              132.689517873,
              35.363997701
            ],
            [
              132.689535183,
              35.36365759
            ],
            [
              132.689220368,
              35.363644434
            ],
            [
              132.688941352,
              35.363632773
            ]
          ]
        ]
      },
      "properties": {
        "polygon_uuid": "0aba57b4-5fb6-4f96-8ac2-f46439388cb9",
        "daicho_shubetsu_cd": "FUD25"
      }
    },
    {
      "type": "Feature",
      "geometry": {
        "type": "Polygon",
        "coordinates": [
          [
            [
              132.697410076,
              35.362178612
            ],
            [
              132.69745461,
              35.362203859
            ],
            [
              132.697463598,
              35.362092001
            ],
            [
              132.697429024,
              35.362085782
            ],
            [
              132.697204793,
              35.361952488
            ],
            [
              132.697097964,
              35.361888983
            ],
            [
              132.6969204,
              35.362137222
            ],
            [
              132.69713415,
              35.362255277
            ],
            [
              132.697195899,
              35.362178064
            ],
            [
              132.697289882,
              35.362233212
            ],
            [
              132.697326023,
              35.362248263
            ],
            [
              132.697377873,
              35.362160356
            ],
            [
              132.697410076,
              35.362178612
            ]
          ]
        ]
      },
      "properties": {
        "polygon_uuid": "f1152e75-c083-49a7-b05e-f46f15a3b9f0",
        "daicho_shubetsu_cd": "FUD25"
      }
    },
    {
      "type": "Feature",
      "geometry": {
        "type": "Polygon",
        "coordinates": [
          [
            [
              132.697388409,
              35.364145081
            ],
            [
              132.698275023,
              35.364074018
            ],
            [
              132.698285229,
              35.364054626
            ],
            [
              132.698257604,
              35.363818754
            ],
            [
              132.697359116,
              35.363890616
            ],
            [
              132.697388409,
              35.364145081
            ]
          ]
        ]
      },
      "properties": {
        "polygon_uuid": "ff3751c5-38a2-4951-b959-f4b2d1e6f01b",
        "daicho_shubetsu_cd": "FUD25"
      }
    },
    {
      "type": "Feature",
      "geometry": {
        "type": "Polygon",
        "coordinates": [
          [
            [
              132.703458313,
              35.366270794
            ],
            [
              132.703294583,
              35.366284733
            ],
            [
              132.703266205,
              35.366395296
            ],
            [
              132.703342845,
              35.366632147
            ],
            [
              132.703570256,
              35.366582662
            ],
            [
              132.70352889,
              35.36646742
            ],
            [
              132.703458313,
              35.366270794
            ]
          ]
        ]
      },
      "properties": {
        "polygon_uuid": "1a56b3d2-0e55-420b-a39a-f720f4420ee4",
        "daicho_shubetsu_cd": "FUD25"
      }
    },
    {
      "type": "Feature",
      "geometry": {
        "type": "Polygon",
        "coordinates": [
          [
            [
              132.689058686,
              35.362758869
            ],
            [
              132.689082809,
              35.362330163
            ],
            [
              132.688957153,
              35.362326814
            ],
            [
              132.688917063,
              35.362324272
            ],
            [
              132.688884464,
              35.362753427
            ],
            [
              132.689058686,
              35.362758869
            ]
          ]
        ]
      },
      "properties": {
        "polygon_uuid": "89bbc11f-5cf4-4b2b-808d-f77fc998367a",
        "daicho_shubetsu_cd": "FUD25"
      }
    },
    {
      "type": "Feature",
      "geometry": {
        "type": "Polygon",
        "coordinates": [
          [
            [
              132.693077628,
              35.364239084
            ],
            [
              132.693068606,
              35.3643498
            ],
            [
              132.6936941,
              35.364373206
            ],
            [
              132.69369636,
              35.36426387
            ],
            [
              132.693077628,
              35.364239084
            ]
          ]
        ]
      },
      "properties": {
        "polygon_uuid": "2f2a9d92-d111-48b1-88ff-f78443aab2f2",
        "daicho_shubetsu_cd": "FUD25"
      }
    },
    {
      "type": "Feature",
      "geometry": {
        "type": "Polygon",
        "coordinates": [
          [
            [
              132.691056417,
              35.367043143
            ],
            [
              132.691194831,
              35.367123446
            ],
            [
              132.691531853,
              35.366723436
            ],
            [
              132.691166546,
              35.36651519
            ],
            [
              132.691115936,
              35.36649315
            ],
            [
              132.691015516,
              35.366573085
            ],
            [
              132.690992388,
              35.366598625
            ],
            [
              132.690837805,
              35.366707414
            ],
            [
              132.690783662,
              35.366739449
            ],
            [
              132.690694723,
              35.366793894
            ],
            [
              132.690640498,
              35.366813208
            ],
            [
              132.691056417,
              35.367043143
            ]
          ]
        ]
      },
      "properties": {
        "polygon_uuid": "02cc1ee2-158b-415c-9a58-f7cc99707950",
        "daicho_shubetsu_cd": "FUD25"
      }
    },
    {
      "type": "Feature",
      "geometry": {
        "type": "Polygon",
        "coordinates": [
          [
            [
              132.699226068,
              35.363998138
            ],
            [
              132.700112931,
              35.363936712
            ],
            [
              132.700141326,
              35.363911245
            ],
            [
              132.700070815,
              35.363483424
            ],
            [
              132.699175835,
              35.36355571
            ],
            [
              132.699226068,
              35.363998138
            ]
          ]
        ]
      },
      "properties": {
        "polygon_uuid": "fd50a2b4-215f-4266-85dc-f8390a6dc653",
        "daicho_shubetsu_cd": "FUD25"
      }
    },
    {
      "type": "Feature",
      "geometry": {
        "type": "Polygon",
        "coordinates": [
          [
            [
              132.703836796,
              35.363041681
            ],
            [
              132.704836342,
              35.362960972
            ],
            [
              132.704780296,
              35.362548513
            ],
            [
              132.703812869,
              35.362524791
            ],
            [
              132.703766445,
              35.362559392
            ],
            [
              132.703828229,
              35.362965483
            ],
            [
              132.703836796,
              35.363041681
            ]
          ]
        ]
      },
      "properties": {
        "polygon_uuid": "c49f5dde-454f-4063-a580-fa260167e731",
        "daicho_shubetsu_cd": "FUD25"
      }
    },
    {
      "type": "Feature",
      "geometry": {
        "type": "Polygon",
        "coordinates": [
          [
            [
              132.696308067,
              35.361100779
            ],
            [
              132.696305691,
              35.361193633
            ],
            [
              132.696903703,
              35.361217068
            ],
            [
              132.696910743,
              35.361127567
            ],
            [
              132.696308067,
              35.361100779
            ]
          ]
        ]
      },
      "properties": {
        "polygon_uuid": "cb4a02a8-1374-45ce-84df-fa68c5840ade",
        "daicho_shubetsu_cd": "FUD25"
      }
    },
    {
      "type": "Feature",
      "geometry": {
        "type": "Polygon",
        "coordinates": [
          [
            [
              132.689589443,
              35.362775447
            ],
            [
              132.68961774,
              35.362364402
            ],
            [
              132.689592247,
              35.362343738
            ],
            [
              132.689082809,
              35.362330163
            ],
            [
              132.689058686,
              35.362758869
            ],
            [
              132.689589443,
              35.362775447
            ]
          ]
        ]
      },
      "properties": {
        "polygon_uuid": "2432ff61-eaee-479f-872c-fb6c552c085a",
        "daicho_shubetsu_cd": "FUD25"
      }
    },
    {
      "type": "Feature",
      "geometry": {
        "type": "Polygon",
        "coordinates": [
          [
            [
              132.698460207,
              35.36673534
            ],
            [
              132.698757055,
              35.366658127
            ],
            [
              132.698759228,
              35.366663678
            ],
            [
              132.698662981,
              35.366179376
            ],
            [
              132.698642473,
              35.366167196
            ],
            [
              132.698329831,
              35.366256699
            ],
            [
              132.698277514,
              35.366271009
            ],
            [
              132.698101661,
              35.366319107
            ],
            [
              132.698293148,
              35.366781686
            ],
            [
              132.698401173,
              35.366750696
            ],
            [
              132.698460207,
              35.36673534
            ]
          ]
        ]
      },
      "properties": {
        "polygon_uuid": "cb068e18-0743-45f7-aae4-fbb440c36c71",
        "daicho_shubetsu_cd": "FUD25"
      }
    },
    {
      "type": "Feature",
      "geometry": {
        "type": "Polygon",
        "coordinates": [
          [
            [
              132.708484942,
              35.365385351
            ],
            [
              132.708347618,
              35.36539451
            ],
            [
              132.70810002,
              35.365411022
            ],
            [
              132.708035733,
              35.365420096
            ],
            [
              132.707891923,
              35.365450859
            ],
            [
              132.707959492,
              35.365766847
            ],
            [
              132.70812401,
              35.365661463
            ],
            [
              132.70838247,
              35.365477705
            ],
            [
              132.708484942,
              35.365385351
            ]
          ]
        ]
      },
      "properties": {
        "polygon_uuid": "465ef5be-a07d-4c9c-8d9a-fbd039bac263",
        "daicho_shubetsu_cd": "FUD25"
      }
    },
    {
      "type": "Feature",
      "geometry": {
        "type": "Polygon",
        "coordinates": [
          [
            [
              132.701063011,
              35.363913266
            ],
            [
              132.701117742,
              35.36437504
            ],
            [
              132.701121684,
              35.364408298
            ],
            [
              132.702032823,
              35.364341033
            ],
            [
              132.702026914,
              35.364288623
            ],
            [
              132.701986804,
              35.36386651
            ],
            [
              132.701963809,
              35.363837354
            ],
            [
              132.701063011,
              35.363913266
            ]
          ]
        ]
      },
      "properties": {
        "polygon_uuid": "ad4dba00-73f2-41a9-9ade-fc2762786fe6",
        "daicho_shubetsu_cd": "FUD25"
      }
    },
    {
      "type": "Feature",
      "geometry": {
        "type": "Polygon",
        "coordinates": [
          [
            [
              132.689582199,
              35.363620749
            ],
            [
              132.689869872,
              35.363633251
            ],
            [
              132.689874484,
              35.363453694
            ],
            [
              132.689655702,
              35.36342301
            ],
            [
              132.689608458,
              35.363426047
            ],
            [
              132.68959698,
              35.363433651
            ],
            [
              132.689582199,
              35.363620749
            ]
          ]
        ]
      },
      "properties": {
        "polygon_uuid": "37bb847a-4b90-41e2-9451-fc723a3d46b9",
        "daicho_shubetsu_cd": "FUD25"
      }
    },
    {
      "type": "Feature",
      "geometry": {
        "type": "Polygon",
        "coordinates": [
          [
            [
              132.704828646,
              35.365534146
            ],
            [
              132.70496969,
              35.36552598
            ],
            [
              132.7049693,
              35.365276195
            ],
            [
              132.704955463,
              35.365268727
            ],
            [
              132.704602335,
              35.365351473
            ],
            [
              132.70460461,
              35.365498695
            ],
            [
              132.704647364,
              35.36552373
            ],
            [
              132.704736577,
              35.365527018
            ],
            [
              132.704828646,
              35.365534146
            ]
          ]
        ]
      },
      "properties": {
        "polygon_uuid": "7cfa98f5-e5e8-426f-a329-fcd34973d2a6",
        "daicho_shubetsu_cd": "FUD25"
      }
    },
    {
      "type": "Feature",
      "geometry": {
        "type": "Polygon",
        "coordinates": [
          [
            [
              132.695766908,
              35.362532956
            ],
            [
              132.695922924,
              35.362530567
            ],
            [
              132.695891892,
              35.362450091
            ],
            [
              132.695934985,
              35.362418463
            ],
            [
              132.695909031,
              35.362362148
            ],
            [
              132.695879652,
              35.362384042
            ],
            [
              132.69574571,
              35.362367699
            ],
            [
              132.695763514,
              35.362498338
            ],
            [
              132.695766908,
              35.362532956
            ]
          ]
        ]
      },
      "properties": {
        "polygon_uuid": "05f08e97-141a-4901-a4e7-fd119d6281d5",
        "daicho_shubetsu_cd": "FUD25"
      }
    },
    {
      "type": "Feature",
      "geometry": {
        "type": "Polygon",
        "coordinates": [
          [
            [
              132.699519507,
              35.360184394
            ],
            [
              132.698896076,
              35.360159491
            ],
            [
              132.698885184,
              35.36032667
            ],
            [
              132.698877241,
              35.360448608
            ],
            [
              132.699500861,
              35.360475554
            ],
            [
              132.699508621,
              35.360354371
            ],
            [
              132.699511846,
              35.36030402
            ],
            [
              132.699519507,
              35.360184394
            ]
          ]
        ]
      },
      "properties": {
        "polygon_uuid": "6e5b855e-7fd6-4240-8646-fd91aa3e5780",
        "daicho_shubetsu_cd": "FUD25"
      }
    },
    {
      "type": "Feature",
      "geometry": {
        "type": "Polygon",
        "coordinates": [
          [
            [
              132.704245486,
              35.359632418
            ],
            [
              132.704267879,
              35.359805212
            ],
            [
              132.704605302,
              35.35978456
            ],
            [
              132.704597768,
              35.359642315
            ],
            [
              132.704468372,
              35.35965149
            ],
            [
              132.70446581,
              35.359617106
            ],
            [
              132.704245486,
              35.359632418
            ]
          ]
        ]
      },
      "properties": {
        "polygon_uuid": "ca6a365b-6f0f-4181-9d04-fdb59f4515ed",
        "daicho_shubetsu_cd": "FUD25"
      }
    },
    {
      "type": "Feature",
      "geometry": {
        "type": "Polygon",
        "coordinates": [
          [
            [
              132.696587671,
              35.364164768
            ],
            [
              132.695690261,
              35.36373208
            ],
            [
              132.695436778,
              35.363851659
            ],
            [
              132.696221125,
              35.364295355
            ],
            [
              132.696414284,
              35.36440438
            ],
            [
              132.69645861,
              35.364405141
            ],
            [
              132.6965086,
              35.364380082
            ],
            [
              132.696544518,
              35.364343619
            ],
            [
              132.696592536,
              35.36419532
            ],
            [
              132.696587671,
              35.364164768
            ]
          ]
        ]
      },
      "properties": {
        "polygon_uuid": "d87385a5-ab83-4723-991c-fdd66564faae",
        "daicho_shubetsu_cd": "FUD25"
      }
    },
    {
      "type": "Feature",
      "geometry": {
        "type": "Polygon",
        "coordinates": [
          [
            [
              132.705224547,
              35.366951968
            ],
            [
              132.705154537,
              35.366846748
            ],
            [
              132.705093005,
              35.366754269
            ],
            [
              132.705019691,
              35.36678848
            ],
            [
              132.704900657,
              35.366859289
            ],
            [
              132.705073581,
              35.367059314
            ],
            [
              132.705224547,
              35.366951968
            ]
          ]
        ]
      },
      "properties": {
        "polygon_uuid": "df4e8ab7-4e32-444c-a84a-fea82da10581",
        "daicho_shubetsu_cd": "FUD25"
      }
    },
    {
      "type": "Feature",
      "geometry": {
        "type": "Polygon",
        "coordinates": [
          [
            [
              132.696125084,
              35.360080203
            ],
            [
              132.696154372,
              35.359616519
            ],
            [
              132.695815323,
              35.359601416
            ],
            [
              132.695811768,
              35.359895614
            ],
            [
              132.695908245,
              35.359911987
            ],
            [
              132.695908177,
              35.360019859
            ],
            [
              132.696125084,
              35.360080203
            ]
          ]
        ]
      },
      "properties": {
        "polygon_uuid": "7d2552c9-837e-4877-a7cd-ff7b651d10f3",
        "daicho_shubetsu_cd": "FUD25"
      }
    }
  ]
}