{
  "type": "FeatureCollection",
  "features": [
    {
      "type": "Feature",
      "geometry": {
        "type": "Polygon",
        "coordinates": [
          [
            [
              132.693239862,
              35.375184096
            ],
            [
              132.693390233,
              35.375242361
            ],
            [
              132.693861053,
              35.374425939
            ],
            [
              132.69378158,
              35.374395184
            ],
            [
              132.69371242,
              35.37436867
            ],
            [
              132.693239862,
              35.375184096
            ]
          ]
        ]
      },
      "properties": {
        "polygon_uuid": "b0d7223c-4108-44f7-9198-0008df2bfa20",
        "daicho_shubetsu_cd": "FUD25"
      }
    },
    {
      "type": "Feature",
      "geometry": {
        "type": "Polygon",
        "coordinates": [
          [
            [
              132.699256878,
              35.379437345
            ],
            [
              132.699295305,
              35.37944909
            ],
            [
              132.6994294,
              35.379440121
            ],
            [
              132.699412629,
              35.379250808
            ],
            [
              132.699531472,
              35.379244557
            ],
            [
              132.699546686,
              35.379432276
            ],
            [
              132.699900392,
              35.379425597
            ],
            [
              132.699807651,
              35.379285182
            ],
            [
              132.699655557,
              35.379290974
            ],
            [
              132.699649598,
              35.379235445
            ],
            [
              132.699540564,
              35.379244516
            ],
            [
              132.699530235,
              35.379162661
            ],
            [
              132.699330407,
              35.379189888
            ],
            [
              132.699328279,
              35.379185315
            ],
            [
              132.699253954,
              35.379193673
            ],
            [
              132.699246177,
              35.379217535
            ],
            [
              132.699256878,
              35.379437345
            ]
          ]
        ]
      },
      "properties": {
        "polygon_uuid": "17b11b54-818f-4258-b12d-003eaf8d744b",
        "daicho_shubetsu_cd": "FUD25"
      }
    },
    {
      "type": "Feature",
      "geometry": {
        "type": "Polygon",
        "coordinates": [
          [
            [
              132.684877829,
              35.379553566
            ],
            [
              132.68508059,
              35.379543038
            ],
            [
              132.685083417,
              35.379636184
            ],
            [
              132.685169277,
              35.379634902
            ],
            [
              132.685170859,
              35.379533517
            ],
            [
              132.685166671,
              35.379402018
            ],
            [
              132.68487211,
              35.379412362
            ],
            [
              132.684877829,
              35.379553566
            ]
          ]
        ]
      },
      "properties": {
        "polygon_uuid": "b492b472-2409-43f6-a3b7-00fe0b4e72cb",
        "daicho_shubetsu_cd": "FUD25"
      }
    },
    {
      "type": "Feature",
      "geometry": {
        "type": "Polygon",
        "coordinates": [
          [
            [
              132.683994738,
              35.371946884
            ],
            [
              132.684204948,
              35.371976312
            ],
            [
              132.684256521,
              35.371983407
            ],
            [
              132.684369311,
              35.371444452
            ],
            [
              132.684095522,
              35.371435061
            ],
            [
              132.683768458,
              35.371427224
            ],
            [
              132.683732331,
              35.371597324
            ],
            [
              132.683705339,
              35.371608522
            ],
            [
              132.683532827,
              35.371611108
            ],
            [
              132.683534143,
              35.371640658
            ],
            [
              132.683682351,
              35.37164284
            ],
            [
              132.683622894,
              35.371894625
            ],
            [
              132.683684264,
              35.37190342
            ],
            [
              132.683701064,
              35.371905771
            ],
            [
              132.683994738,
              35.371946884
            ]
          ]
        ]
      },
      "properties": {
        "polygon_uuid": "11c6c582-cca8-4a6a-850e-013dbd317a50",
        "daicho_shubetsu_cd": "FUD25"
      }
    },
    {
      "type": "Feature",
      "geometry": {
        "type": "Polygon",
        "coordinates": [
          [
            [
              132.694651594,
              35.377824243
            ],
            [
              132.694898938,
              35.377920324
            ],
            [
              132.695373009,
              35.377090484
            ],
            [
              132.695242914,
              35.377039933
            ],
            [
              132.695160626,
              35.377007815
            ],
            [
              132.695132732,
              35.376996928
            ],
            [
              132.694651594,
              35.377824243
            ]
          ]
        ]
      },
      "properties": {
        "polygon_uuid": "cc662d37-ba11-41fd-85e7-01a90d124356",
        "daicho_shubetsu_cd": "FUD25"
      }
    },
    {
      "type": "Feature",
      "geometry": {
        "type": "Polygon",
        "coordinates": [
          [
            [
              132.695463306,
              35.379210074
            ],
            [
              132.695626279,
              35.379273971
            ],
            [
              132.696106865,
              35.378438916
            ],
            [
              132.695944643,
              35.378375843
            ],
            [
              132.695463306,
              35.379210074
            ]
          ]
        ]
      },
      "properties": {
        "polygon_uuid": "b568f871-0152-41b8-941b-02196de6e419",
        "daicho_shubetsu_cd": "FUD25"
      }
    },
    {
      "type": "Feature",
      "geometry": {
        "type": "Polygon",
        "coordinates": [
          [
            [
              132.687324469,
              35.376665121
            ],
            [
              132.687607276,
              35.376772059
            ],
            [
              132.6877877,
              35.376842168
            ],
            [
              132.688056292,
              35.376374708
            ],
            [
              132.687593354,
              35.376195967
            ],
            [
              132.687324469,
              35.376665121
            ]
          ]
        ]
      },
      "properties": {
        "polygon_uuid": "3dad559e-4be0-4d4c-bcd8-02935f1784d7",
        "daicho_shubetsu_cd": "FUD25"
      }
    },
    {
      "type": "Feature",
      "geometry": {
        "type": "Polygon",
        "coordinates": [
          [
            [
              132.695445606,
              35.373400856
            ],
            [
              132.695589252,
              35.373458899
            ],
            [
              132.695918842,
              35.372924357
            ],
            [
              132.695930377,
              35.372905648
            ],
            [
              132.695514432,
              35.372939188
            ],
            [
              132.695280036,
              35.373336845
            ],
            [
              132.695445606,
              35.373400856
            ]
          ]
        ]
      },
      "properties": {
        "polygon_uuid": "73001324-4328-44d0-aeeb-02f4441ba1e8",
        "daicho_shubetsu_cd": "FUD25"
      }
    },
    {
      "type": "Feature",
      "geometry": {
        "type": "Polygon",
        "coordinates": [
          [
            [
              132.701207967,
              35.379466616
            ],
            [
              132.701520571,
              35.379342678
            ],
            [
              132.701609987,
              35.379465966
            ],
            [
              132.701821046,
              35.37938597
            ],
            [
              132.70164351,
              35.37913549
            ],
            [
              132.701783367,
              35.379086999
            ],
            [
              132.701686997,
              35.378911973
            ],
            [
              132.70106829,
              35.379139985
            ],
            [
              132.701169977,
              35.37931932
            ],
            [
              132.701118547,
              35.379341209
            ],
            [
              132.701207967,
              35.379466616
            ]
          ]
        ]
      },
      "properties": {
        "polygon_uuid": "d7cf90d9-ff74-4570-8e1c-034c5f50a083",
        "daicho_shubetsu_cd": "FUD25"
      }
    },
    {
      "type": "Feature",
      "geometry": {
        "type": "Polygon",
        "coordinates": [
          [
            [
              132.693180587,
              35.377256518
            ],
            [
              132.693211226,
              35.377228473
            ],
            [
              132.693581648,
              35.376661981
            ],
            [
              132.693721578,
              35.376453982
            ],
            [
              132.693724449,
              35.376449679
            ],
            [
              132.693440218,
              35.376339514
            ],
            [
              132.692959203,
              35.37717161
            ],
            [
              132.693035459,
              35.377200924
            ],
            [
              132.693180587,
              35.377256518
            ]
          ]
        ]
      },
      "properties": {
        "polygon_uuid": "f7f3f742-e0ff-4644-917a-03b3d45eaed2",
        "daicho_shubetsu_cd": "FUD25"
      }
    },
    {
      "type": "Feature",
      "geometry": {
        "type": "Polygon",
        "coordinates": [
          [
            [
              132.702803468,
              35.37565996
            ],
            [
              132.703482326,
              35.375894237
            ],
            [
              132.703498462,
              35.375900749
            ],
            [
              132.703512804,
              35.375875276
            ],
            [
              132.703555938,
              35.37579927
            ],
            [
              132.703660458,
              35.375607649
            ],
            [
              132.703687767,
              35.375538212
            ],
            [
              132.703699403,
              35.375498088
            ],
            [
              132.703695242,
              35.375468864
            ],
            [
              132.703663313,
              35.375439764
            ],
            [
              132.70305209,
              35.375195219
            ],
            [
              132.703040232,
              35.375201771
            ],
            [
              132.702811758,
              35.37564575
            ],
            [
              132.702803468,
              35.37565996
            ]
          ]
        ]
      },
      "properties": {
        "polygon_uuid": "38c031cc-320a-4c70-a17e-048b24a9ab41",
        "daicho_shubetsu_cd": "FUD25"
      }
    },
    {
      "type": "Feature",
      "geometry": {
        "type": "Polygon",
        "coordinates": [
          [
            [
              132.69442885,
              35.374631978
            ],
            [
              132.694908719,
              35.373810822
            ],
            [
              132.694663585,
              35.373715909
            ],
            [
              132.694191836,
              35.374539711
            ],
            [
              132.69442885,
              35.374631978
            ]
          ]
        ]
      },
      "properties": {
        "polygon_uuid": "0c880b87-6bfc-472b-917c-04cd044c2ea8",
        "daicho_shubetsu_cd": "FUD25"
      }
    },
    {
      "type": "Feature",
      "geometry": {
        "type": "Polygon",
        "coordinates": [
          [
            [
              132.703360796,
              35.376284258
            ],
            [
              132.703385311,
              35.376192091
            ],
            [
              132.703400899,
              35.376149783
            ],
            [
              132.703432069,
              35.376064084
            ],
            [
              132.703438408,
              35.3760229
            ],
            [
              132.703474901,
              35.375942592
            ],
            [
              132.703498462,
              35.375900749
            ],
            [
              132.703482326,
              35.375894237
            ],
            [
              132.702803468,
              35.37565996
            ],
            [
              132.70277907,
              35.37570178
            ],
            [
              132.702743746,
              35.375759339
            ],
            [
              132.702717372,
              35.375770286
            ],
            [
              132.702574757,
              35.376000524
            ],
            [
              132.702572277,
              35.376025445
            ],
            [
              132.703329009,
              35.376276602
            ],
            [
              132.703360796,
              35.376284258
            ]
          ]
        ]
      },
      "properties": {
        "polygon_uuid": "29c259fd-3ffb-4898-8975-050e7111d50b",
        "daicho_shubetsu_cd": "FUD25"
      }
    },
    {
      "type": "Feature",
      "geometry": {
        "type": "Polygon",
        "coordinates": [
          [
            [
              132.694775337,
              35.373141721
            ],
            [
              132.694648859,
              35.373092323
            ],
            [
              132.694380665,
              35.373556143
            ],
            [
              132.69471769,
              35.373688512
            ],
            [
              132.694989017,
              35.373224333
            ],
            [
              132.694775337,
              35.373141721
            ]
          ]
        ]
      },
      "properties": {
        "polygon_uuid": "29add983-314a-4522-ad10-0542cf5ad98e",
        "daicho_shubetsu_cd": "FUD25"
      }
    },
    {
      "type": "Feature",
      "geometry": {
        "type": "Polygon",
        "coordinates": [
          [
            [
              132.697181065,
              35.37361584
            ],
            [
              132.697623421,
              35.372849442
            ],
            [
              132.697470455,
              35.372855348
            ],
            [
              132.697058184,
              35.373568266
            ],
            [
              132.697181065,
              35.37361584
            ]
          ]
        ]
      },
      "properties": {
        "polygon_uuid": "2e6b7ded-02db-4ecd-b6b6-05ce82efd1f1",
        "daicho_shubetsu_cd": "FUD25"
      }
    },
    {
      "type": "Feature",
      "geometry": {
        "type": "Polygon",
        "coordinates": [
          [
            [
              132.686359467,
              35.379581142
            ],
            [
              132.686390097,
              35.379401544
            ],
            [
              132.686368256,
              35.379386569
            ],
            [
              132.686135125,
              35.379290303
            ],
            [
              132.686043652,
              35.379259751
            ],
            [
              132.686029378,
              35.379294519
            ],
            [
              132.685981362,
              35.379284678
            ],
            [
              132.68595812,
              35.379312178
            ],
            [
              132.685904535,
              35.379303274
            ],
            [
              132.685881146,
              35.379307942
            ],
            [
              132.685847785,
              35.379322698
            ],
            [
              132.68582895,
              35.379341959
            ],
            [
              132.68580583,
              35.379388637
            ],
            [
              132.685674133,
              35.37937185
            ],
            [
              132.685654645,
              35.379463266
            ],
            [
              132.685842235,
              35.379500819
            ],
            [
              132.686076643,
              35.379535431
            ],
            [
              132.686318905,
              35.379577315
            ],
            [
              132.686359467,
              35.379581142
            ]
          ]
        ]
      },
      "properties": {
        "polygon_uuid": "5a918cf4-8ca9-41b1-a881-05d60e7b7f50",
        "daicho_shubetsu_cd": "FUD25"
      }
    },
    {
      "type": "Feature",
      "geometry": {
        "type": "Polygon",
        "coordinates": [
          [
            [
              132.686647399,
              35.373458911
            ],
            [
              132.686657731,
              35.373662213
            ],
            [
              132.686658197,
              35.37373482
            ],
            [
              132.686682279,
              35.373842608
            ],
            [
              132.686915392,
              35.373830301
            ],
            [
              132.687059148,
              35.373815982
            ],
            [
              132.687146981,
              35.3738058
            ],
            [
              132.687126638,
              35.373555258
            ],
            [
              132.687121642,
              35.373453859
            ],
            [
              132.686959798,
              35.373451997
            ],
            [
              132.686647399,
              35.373458911
            ]
          ]
        ]
      },
      "properties": {
        "polygon_uuid": "d3b903b0-ea5c-49aa-8698-05f52cfdf90f",
        "daicho_shubetsu_cd": "FUD25"
      }
    },
    {
      "type": "Feature",
      "geometry": {
        "type": "Polygon",
        "coordinates": [
          [
            [
              132.687718238,
              35.373368547
            ],
            [
              132.687649874,
              35.373378331
            ],
            [
              132.687439259,
              35.373399789
            ],
            [
              132.687241202,
              35.373423247
            ],
            [
              132.687250362,
              35.373638431
            ],
            [
              132.687255525,
              35.373696147
            ],
            [
              132.687561756,
              35.373682298
            ],
            [
              132.687648561,
              35.373674989
            ],
            [
              132.687639248,
              35.373570274
            ],
            [
              132.687640674,
              35.373531908
            ],
            [
              132.687664002,
              35.373518107
            ],
            [
              132.687734224,
              35.373513695
            ],
            [
              132.687926485,
              35.373499166
            ],
            [
              132.687941459,
              35.373486771
            ],
            [
              132.68793792,
              35.373456648
            ],
            [
              132.687835645,
              35.37341873
            ],
            [
              132.687718238,
              35.373368547
            ]
          ]
        ]
      },
      "properties": {
        "polygon_uuid": "4c87391b-c75e-4b1a-a338-068706eb3214",
        "daicho_shubetsu_cd": "FUD25"
      }
    },
    {
      "type": "Feature",
      "geometry": {
        "type": "Polygon",
        "coordinates": [
          [
            [
              132.691498353,
              35.375389622
            ],
            [
              132.691244747,
              35.375297238
            ],
            [
              132.691226936,
              35.37531235
            ],
            [
              132.691147163,
              35.375438596
            ],
            [
              132.691141862,
              35.375446611
            ],
            [
              132.691378237,
              35.375538586
            ],
            [
              132.691405822,
              35.375549319
            ],
            [
              132.691498353,
              35.375389622
            ]
          ]
        ]
      },
      "properties": {
        "polygon_uuid": "59a04140-91cc-41df-99f1-06a1b25b5208",
        "daicho_shubetsu_cd": "FUD25"
      }
    },
    {
      "type": "Feature",
      "geometry": {
        "type": "Polygon",
        "coordinates": [
          [
            [
              132.685798023,
              35.372462624
            ],
            [
              132.685914596,
              35.372452958
            ],
            [
              132.686016007,
              35.372443389
            ],
            [
              132.686062782,
              35.372436823
            ],
            [
              132.686019653,
              35.372401274
            ],
            [
              132.685947863,
              35.37233491
            ],
            [
              132.685868157,
              35.372251228
            ],
            [
              132.685809742,
              35.372183893
            ],
            [
              132.685795228,
              35.372181216
            ],
            [
              132.685796164,
              35.372327342
            ],
            [
              132.685796942,
              35.37244881
            ],
            [
              132.685798023,
              35.372462624
            ]
          ]
        ]
      },
      "properties": {
        "polygon_uuid": "eeacbd50-95c9-46a6-a450-0727840f2e90",
        "daicho_shubetsu_cd": "FUD25"
      }
    },
    {
      "type": "Feature",
      "geometry": {
        "type": "Polygon",
        "coordinates": [
          [
            [
              132.693814149,
              35.378569645
            ],
            [
              132.694297247,
              35.377733943
            ],
            [
              132.694101091,
              35.377659512
            ],
            [
              132.693621476,
              35.378494107
            ],
            [
              132.693814149,
              35.378569645
            ]
          ]
        ]
      },
      "properties": {
        "polygon_uuid": "5df846da-8394-4b77-8bb1-072f0fa18f17",
        "daicho_shubetsu_cd": "FUD25"
      }
    },
    {
      "type": "Feature",
      "geometry": {
        "type": "Polygon",
        "coordinates": [
          [
            [
              132.698544687,
              35.37727316
            ],
            [
              132.698510889,
              35.377361848
            ],
            [
              132.698368392,
              35.377747739
            ],
            [
              132.698346181,
              35.377802425
            ],
            [
              132.698624357,
              35.377698039
            ],
            [
              132.698628616,
              35.3776832
            ],
            [
              132.698633523,
              35.377667095
            ],
            [
              132.698739135,
              35.377320473
            ],
            [
              132.69873438,
              35.377319271
            ],
            [
              132.69855135,
              35.377274643
            ],
            [
              132.698544687,
              35.37727316
            ]
          ]
        ]
      },
      "properties": {
        "polygon_uuid": "60685219-f580-47cb-b71b-073de154d148",
        "daicho_shubetsu_cd": "FUD25"
      }
    },
    {
      "type": "Feature",
      "geometry": {
        "type": "Polygon",
        "coordinates": [
          [
            [
              132.69470709,
              35.376830795
            ],
            [
              132.694825142,
              35.376876872
            ],
            [
              132.695282702,
              35.376060144
            ],
            [
              132.695088726,
              35.375984263
            ],
            [
              132.694629732,
              35.376800601
            ],
            [
              132.69470709,
              35.376830795
            ]
          ]
        ]
      },
      "properties": {
        "polygon_uuid": "9e58758b-3b57-43d5-9862-07cd224c36e9",
        "daicho_shubetsu_cd": "FUD25"
      }
    },
    {
      "type": "Feature",
      "geometry": {
        "type": "Polygon",
        "coordinates": [
          [
            [
              132.68754269,
              35.379949114
            ],
            [
              132.68766125,
              35.379938949
            ],
            [
              132.687677191,
              35.379902754
            ],
            [
              132.687461709,
              35.379776041
            ],
            [
              132.687457182,
              35.379757998
            ],
            [
              132.687141682,
              35.379576235
            ],
            [
              132.687084483,
              35.379652909
            ],
            [
              132.687019949,
              35.379742205
            ],
            [
              132.687073881,
              35.379762887
            ],
            [
              132.687199768,
              35.379828174
            ],
            [
              132.687377621,
              35.379895644
            ],
            [
              132.687492599,
              35.379940907
            ],
            [
              132.68754269,
              35.379949114
            ]
          ]
        ]
      },
      "properties": {
        "polygon_uuid": "f0aaecd8-53fe-45b0-bf1e-0861eef6973d",
        "daicho_shubetsu_cd": "FUD25"
      }
    },
    {
      "type": "Feature",
      "geometry": {
        "type": "Polygon",
        "coordinates": [
          [
            [
              132.701280153,
              35.377140229
            ],
            [
              132.701211101,
              35.37745278
            ],
            [
              132.701231888,
              35.377467399
            ],
            [
              132.701793229,
              35.377565639
            ],
            [
              132.701833617,
              35.377429461
            ],
            [
              132.701880365,
              35.37725212
            ],
            [
              132.701280153,
              35.377140229
            ]
          ]
        ]
      },
      "properties": {
        "polygon_uuid": "9fba9301-bc32-4486-9c8a-089acb0563d5",
        "daicho_shubetsu_cd": "FUD25"
      }
    },
    {
      "type": "Feature",
      "geometry": {
        "type": "Polygon",
        "coordinates": [
          [
            [
              132.70398102,
              35.372320011
            ],
            [
              132.704241162,
              35.372479971
            ],
            [
              132.704250908,
              35.372477577
            ],
            [
              132.70438748,
              35.372332225
            ],
            [
              132.7044057,
              35.372309319
            ],
            [
              132.704353936,
              35.372281059
            ],
            [
              132.70444429,
              35.372159818
            ],
            [
              132.704505656,
              35.372189018
            ],
            [
              132.704600768,
              35.372061862
            ],
            [
              132.704594692,
              35.3720501
            ],
            [
              132.704289822,
              35.371928478
            ],
            [
              132.704110977,
              35.372155239
            ],
            [
              132.70398102,
              35.372320011
            ]
          ]
        ]
      },
      "properties": {
        "polygon_uuid": "a01a6989-c5bd-4df0-aa03-08ca144326e5",
        "daicho_shubetsu_cd": "FUD25"
      }
    },
    {
      "type": "Feature",
      "geometry": {
        "type": "Polygon",
        "coordinates": [
          [
            [
              132.686285744,
              35.378465072
            ],
            [
              132.686112577,
              35.378850779
            ],
            [
              132.686093014,
              35.378930321
            ],
            [
              132.685992596,
              35.379223127
            ],
            [
              132.686073023,
              35.379244061
            ],
            [
              132.686358081,
              35.37935152
            ],
            [
              132.686401606,
              35.379356813
            ],
            [
              132.686408268,
              35.379352217
            ],
            [
              132.686475038,
              35.379156481
            ],
            [
              132.686555565,
              35.379019137
            ],
            [
              132.6867027,
              35.378834927
            ],
            [
              132.686744773,
              35.37878771
            ],
            [
              132.686414269,
              35.378548931
            ],
            [
              132.686285744,
              35.378465072
            ]
          ]
        ]
      },
      "properties": {
        "polygon_uuid": "a450af98-fd84-4796-88a7-0be64d39ec10",
        "daicho_shubetsu_cd": "FUD25"
      }
    },
    {
      "type": "Feature",
      "geometry": {
        "type": "Polygon",
        "coordinates": [
          [
            [
              132.691165291,
              35.374922746
            ],
            [
              132.690807994,
              35.374786316
            ],
            [
              132.690777268,
              35.374774584
            ],
            [
              132.690540495,
              35.375187893
            ],
            [
              132.690858815,
              35.375313604
            ],
            [
              132.690930106,
              35.37532163
            ],
            [
              132.690963482,
              35.375311959
            ],
            [
              132.690979397,
              35.375299983
            ],
            [
              132.691157367,
              35.374943174
            ],
            [
              132.691165291,
              35.374922746
            ]
          ]
        ]
      },
      "properties": {
        "polygon_uuid": "fc917c28-9d5d-4fce-96ad-0c3144529614",
        "daicho_shubetsu_cd": "FUD25"
      }
    },
    {
      "type": "Feature",
      "geometry": {
        "type": "Polygon",
        "coordinates": [
          [
            [
              132.684417262,
              35.374511188
            ],
            [
              132.683837492,
              35.374524631
            ],
            [
              132.683792749,
              35.374502903
            ],
            [
              132.683787733,
              35.374924528
            ],
            [
              132.683929575,
              35.374925981
            ],
            [
              132.683993399,
              35.374912009
            ],
            [
              132.68401697,
              35.374877811
            ],
            [
              132.684044542,
              35.374771749
            ],
            [
              132.684086164,
              35.374770352
            ],
            [
              132.68432864,
              35.374790016
            ],
            [
              132.684360564,
              35.374792457
            ],
            [
              132.684381886,
              35.374722134
            ],
            [
              132.684415219,
              35.374586821
            ],
            [
              132.684434447,
              35.374522297
            ],
            [
              132.684417262,
              35.374511188
            ]
          ]
        ]
      },
      "properties": {
        "polygon_uuid": "b8343b34-0398-487b-92d7-0c3bc8b57f69",
        "daicho_shubetsu_cd": "FUD25"
      }
    },
    {
      "type": "Feature",
      "geometry": {
        "type": "Polygon",
        "coordinates": [
          [
            [
              132.695995164,
              35.378346541
            ],
            [
              132.6964693,
              35.377516462
            ],
            [
              132.696441134,
              35.377505518
            ],
            [
              132.696322823,
              35.377459547
            ],
            [
              132.695842977,
              35.378287318
            ],
            [
              132.695995164,
              35.378346541
            ]
          ]
        ]
      },
      "properties": {
        "polygon_uuid": "060c0eae-6b08-447c-9b8b-0c6243b99eea",
        "daicho_shubetsu_cd": "FUD25"
      }
    },
    {
      "type": "Feature",
      "geometry": {
        "type": "Polygon",
        "coordinates": [
          [
            [
              132.694857746,
              35.380916495
            ],
            [
              132.695040904,
              35.380930476
            ],
            [
              132.695084702,
              35.380925006
            ],
            [
              132.695171662,
              35.380816931
            ],
            [
              132.695191635,
              35.38071654
            ],
            [
              132.695295574,
              35.380246613
            ],
            [
              132.695059546,
              35.380240126
            ],
            [
              132.695056754,
              35.380207407
            ],
            [
              132.69502838,
              35.380205526
            ],
            [
              132.694944375,
              35.380569308
            ],
            [
              132.694943542,
              35.380572645
            ],
            [
              132.694857746,
              35.380916495
            ]
          ]
        ]
      },
      "properties": {
        "polygon_uuid": "2933d8f0-1b8b-4f45-a86c-0ce64d8310e7",
        "daicho_shubetsu_cd": "FUD25"
      }
    },
    {
      "type": "Feature",
      "geometry": {
        "type": "Polygon",
        "coordinates": [
          [
            [
              132.695911832,
              35.379385928
            ],
            [
              132.696164833,
              35.379484594
            ],
            [
              132.69636018,
              35.379156072
            ],
            [
              132.69642758,
              35.379035162
            ],
            [
              132.696157095,
              35.378937262
            ],
            [
              132.695904336,
              35.379382989
            ],
            [
              132.695911832,
              35.379385928
            ]
          ]
        ]
      },
      "properties": {
        "polygon_uuid": "71cbed5c-bb7f-4afc-bb02-0ddf7f5fedac",
        "daicho_shubetsu_cd": "FUD25"
      }
    },
    {
      "type": "Feature",
      "geometry": {
        "type": "Polygon",
        "coordinates": [
          [
            [
              132.686557003,
              35.38075083
            ],
            [
              132.687185987,
              35.380785259
            ],
            [
              132.687203834,
              35.380784641
            ],
            [
              132.687226803,
              35.38047011
            ],
            [
              132.687275331,
              35.380471105
            ],
            [
              132.687285515,
              35.380225409
            ],
            [
              132.687083999,
              35.38021303
            ],
            [
              132.68680311,
              35.380204606
            ],
            [
              132.686797615,
              35.380264839
            ],
            [
              132.686710876,
              35.380266417
            ],
            [
              132.686709865,
              35.380284156
            ],
            [
              132.686711544,
              35.380316661
            ],
            [
              132.686602726,
              35.380314721
            ],
            [
              132.686594144,
              35.380352088
            ],
            [
              132.686307404,
              35.380348504
            ],
            [
              132.686291004,
              35.380542448
            ],
            [
              132.686571939,
              35.380558098
            ],
            [
              132.686557003,
              35.38075083
            ]
          ]
        ]
      },
      "properties": {
        "polygon_uuid": "2b36acf2-1592-4da7-9e51-0e228c8f7f40",
        "daicho_shubetsu_cd": "FUD25"
      }
    },
    {
      "type": "Feature",
      "geometry": {
        "type": "Polygon",
        "coordinates": [
          [
            [
              132.694225404,
              35.377658979
            ],
            [
              132.69470709,
              35.376830795
            ],
            [
              132.694629732,
              35.376800601
            ],
            [
              132.694490856,
              35.376746396
            ],
            [
              132.694008791,
              35.377575313
            ],
            [
              132.694225404,
              35.377658979
            ]
          ]
        ]
      },
      "properties": {
        "polygon_uuid": "3a735d1b-8057-4db9-8cf0-0e9638548a85",
        "daicho_shubetsu_cd": "FUD25"
      }
    },
    {
      "type": "Feature",
      "geometry": {
        "type": "Polygon",
        "coordinates": [
          [
            [
              132.694650377,
              35.380431534
            ],
            [
              132.694687966,
              35.380414704
            ],
            [
              132.694841033,
              35.380427409
            ],
            [
              132.694877865,
              35.380276265
            ],
            [
              132.694790887,
              35.380266319
            ],
            [
              132.69474429,
              35.380261467
            ],
            [
              132.694650377,
              35.380431534
            ]
          ]
        ]
      },
      "properties": {
        "polygon_uuid": "df523068-fe06-4339-923c-0eec97e72d4d",
        "daicho_shubetsu_cd": "FUD25"
      }
    },
    {
      "type": "Feature",
      "geometry": {
        "type": "Polygon",
        "coordinates": [
          [
            [
              132.70057229,
              35.380278111
            ],
            [
              132.70060295,
              35.380264979
            ],
            [
              132.700659168,
              35.380066534
            ],
            [
              132.700649213,
              35.380060891
            ],
            [
              132.700487104,
              35.380144461
            ],
            [
              132.700521034,
              35.38017599
            ],
            [
              132.700479576,
              35.380206228
            ],
            [
              132.700560334,
              35.380270041
            ],
            [
              132.70057229,
              35.380278111
            ]
          ]
        ]
      },
      "properties": {
        "polygon_uuid": "865ec895-33fd-419b-af6b-109289bea50c",
        "daicho_shubetsu_cd": "FUD25"
      }
    },
    {
      "type": "Feature",
      "geometry": {
        "type": "Polygon",
        "coordinates": [
          [
            [
              132.686438382,
              35.379550449
            ],
            [
              132.68673294,
              35.379637516
            ],
            [
              132.686817025,
              35.379522404
            ],
            [
              132.68689045,
              35.379426882
            ],
            [
              132.687099083,
              35.37917431
            ],
            [
              132.686710801,
              35.378926717
            ],
            [
              132.686610217,
              35.379062018
            ],
            [
              132.686554941,
              35.379154977
            ],
            [
              132.686531679,
              35.379196019
            ],
            [
              132.686482594,
              35.37933712
            ],
            [
              132.686455385,
              35.37945043
            ],
            [
              132.686438382,
              35.379550449
            ]
          ]
        ]
      },
      "properties": {
        "polygon_uuid": "afac8bc2-d46c-482e-9eab-10d9009d59c8",
        "daicho_shubetsu_cd": "FUD25"
      }
    },
    {
      "type": "Feature",
      "geometry": {
        "type": "Polygon",
        "coordinates": [
          [
            [
              132.701280153,
              35.377140229
            ],
            [
              132.701880365,
              35.37725212
            ],
            [
              132.70188135,
              35.37724838
            ],
            [
              132.701913694,
              35.377139933
            ],
            [
              132.701938804,
              35.377137655
            ],
            [
              132.701961205,
              35.377125643
            ],
            [
              132.702065525,
              35.376903156
            ],
            [
              132.702050873,
              35.376886975
            ],
            [
              132.701630976,
              35.37678053
            ],
            [
              132.701423042,
              35.376731631
            ],
            [
              132.701393993,
              35.376738258
            ],
            [
              132.701388249,
              35.37674579
            ],
            [
              132.701280153,
              35.377140229
            ]
          ]
        ]
      },
      "properties": {
        "polygon_uuid": "52522231-6a78-4186-a6ce-10ee08edc50f",
        "daicho_shubetsu_cd": "FUD25"
      }
    },
    {
      "type": "Feature",
      "geometry": {
        "type": "Polygon",
        "coordinates": [
          [
            [
              132.689944096,
              35.373884742
            ],
            [
              132.690344912,
              35.374041376
            ],
            [
              132.690543105,
              35.374114345
            ],
            [
              132.690765988,
              35.373733527
            ],
            [
              132.690554001,
              35.373651535
            ],
            [
              132.690540135,
              35.373654725
            ],
            [
              132.690014624,
              35.373774887
            ],
            [
              132.689972764,
              35.373821508
            ],
            [
              132.689943988,
              35.373868072
            ],
            [
              132.689944096,
              35.373884742
            ]
          ]
        ]
      },
      "properties": {
        "polygon_uuid": "7597235a-846d-4984-98e6-1141f716ed46",
        "daicho_shubetsu_cd": "FUD25"
      }
    },
    {
      "type": "Feature",
      "geometry": {
        "type": "Polygon",
        "coordinates": [
          [
            [
              132.692750098,
              35.377091232
            ],
            [
              132.693232698,
              35.376259081
            ],
            [
              132.693166808,
              35.376233543
            ],
            [
              132.692808392,
              35.376094622
            ],
            [
              132.692766922,
              35.376078548
            ],
            [
              132.692283563,
              35.376911894
            ],
            [
              132.692750098,
              35.377091232
            ]
          ]
        ]
      },
      "properties": {
        "polygon_uuid": "c8bf7707-37ff-40d5-ab8e-12312d34bcb4",
        "daicho_shubetsu_cd": "FUD25"
      }
    },
    {
      "type": "Feature",
      "geometry": {
        "type": "Polygon",
        "coordinates": [
          [
            [
              132.69242673,
              35.380492786
            ],
            [
              132.692597204,
              35.380481357
            ],
            [
              132.692563256,
              35.380199806
            ],
            [
              132.692364838,
              35.380210005
            ],
            [
              132.69242673,
              35.380492786
            ]
          ]
        ]
      },
      "properties": {
        "polygon_uuid": "983fa698-da35-40a3-91aa-12bba2229c72",
        "daicho_shubetsu_cd": "FUD25"
      }
    },
    {
      "type": "Feature",
      "geometry": {
        "type": "Polygon",
        "coordinates": [
          [
            [
              132.683615482,
              35.376288021
            ],
            [
              132.683610742,
              35.376180147
            ],
            [
              132.683234229,
              35.376207046
            ],
            [
              132.683232955,
              35.376214629
            ],
            [
              132.683248834,
              35.376321183
            ],
            [
              132.683254811,
              35.37632706
            ],
            [
              132.683587645,
              35.376292757
            ],
            [
              132.683615482,
              35.376288021
            ]
          ]
        ]
      },
      "properties": {
        "polygon_uuid": "43d76205-5e35-487e-a799-12df0b444101",
        "daicho_shubetsu_cd": "FUD25"
      }
    },
    {
      "type": "Feature",
      "geometry": {
        "type": "Polygon",
        "coordinates": [
          [
            [
              132.685636678,
              35.371741628
            ],
            [
              132.685835021,
              35.371734889
            ],
            [
              132.685832662,
              35.371366347
            ],
            [
              132.685534937,
              35.371376537
            ],
            [
              132.685535734,
              35.371382737
            ],
            [
              132.685524696,
              35.371455003
            ],
            [
              132.685541396,
              35.371518516
            ],
            [
              132.685566845,
              35.371601615
            ],
            [
              132.685596992,
              35.37166978
            ],
            [
              132.685621303,
              35.371724625
            ],
            [
              132.685636678,
              35.371741628
            ]
          ]
        ]
      },
      "properties": {
        "polygon_uuid": "46fb743c-0a7e-48ed-91d2-12fdd888b4fb",
        "daicho_shubetsu_cd": "FUD25"
      }
    },
    {
      "type": "Feature",
      "geometry": {
        "type": "Polygon",
        "coordinates": [
          [
            [
              132.68308917,
              35.37581411
            ],
            [
              132.683217278,
              35.375800032
            ],
            [
              132.683193502,
              35.375698383
            ],
            [
              132.683140655,
              35.375701315
            ],
            [
              132.683136453,
              35.375663989
            ],
            [
              132.683116605,
              35.375660285
            ],
            [
              132.683069709,
              35.375663733
            ],
            [
              132.683067114,
              35.375671321
            ],
            [
              132.683085807,
              35.375804923
            ],
            [
              132.68308917,
              35.37581411
            ]
          ]
        ]
      },
      "properties": {
        "polygon_uuid": "6257f707-fcd2-459d-8e99-131771fa5d14",
        "daicho_shubetsu_cd": "FUD25"
      }
    },
    {
      "type": "Feature",
      "geometry": {
        "type": "Polygon",
        "coordinates": [
          [
            [
              132.687423645,
              35.375566
            ],
            [
              132.68775177,
              35.375692254
            ],
            [
              132.68798854,
              35.375281933
            ],
            [
              132.68766326,
              35.375156248
            ],
            [
              132.687423645,
              35.375566
            ]
          ]
        ]
      },
      "properties": {
        "polygon_uuid": "ac048705-5f08-4d1f-ba4b-14781992bf01",
        "daicho_shubetsu_cd": "FUD25"
      }
    },
    {
      "type": "Feature",
      "geometry": {
        "type": "Polygon",
        "coordinates": [
          [
            [
              132.683622894,
              35.371894625
            ],
            [
              132.683332292,
              35.371852982
            ],
            [
              132.683308787,
              35.371950755
            ],
            [
              132.683235427,
              35.372294652
            ],
            [
              132.683240061,
              35.372314029
            ],
            [
              132.683257432,
              35.372325156
            ],
            [
              132.683602777,
              35.372369859
            ],
            [
              132.68388493,
              35.372407444
            ],
            [
              132.683903438,
              35.37241017
            ],
            [
              132.683994738,
              35.371946884
            ],
            [
              132.683701064,
              35.371905771
            ],
            [
              132.683684264,
              35.37190342
            ],
            [
              132.683622894,
              35.371894625
            ]
          ]
        ]
      },
      "properties": {
        "polygon_uuid": "76b9ab42-2007-4c3e-889e-14ab2736d29b",
        "daicho_shubetsu_cd": "FUD25"
      }
    },
    {
      "type": "Feature",
      "geometry": {
        "type": "Polygon",
        "coordinates": [
          [
            [
              132.690526923,
              35.379492147
            ],
            [
              132.690762938,
              35.379088965
            ],
            [
              132.690519222,
              35.378994839
            ],
            [
              132.690278026,
              35.379399648
            ],
            [
              132.690526923,
              35.379492147
            ]
          ]
        ]
      },
      "properties": {
        "polygon_uuid": "42d15373-9a07-4b93-b888-152b210ff49b",
        "daicho_shubetsu_cd": "FUD25"
      }
    },
    {
      "type": "Feature",
      "geometry": {
        "type": "Polygon",
        "coordinates": [
          [
            [
              132.685054652,
              35.373079406
            ],
            [
              132.685143293,
              35.372649913
            ],
            [
              132.685136397,
              35.372629623
            ],
            [
              132.685112628,
              35.372615871
            ],
            [
              132.684902684,
              35.372584445
            ],
            [
              132.684891356,
              35.372582727
            ],
            [
              132.684796496,
              35.373039236
            ],
            [
              132.684819278,
              35.373042377
            ],
            [
              132.684874961,
              35.373051137
            ],
            [
              132.685054652,
              35.373079406
            ]
          ]
        ]
      },
      "properties": {
        "polygon_uuid": "8538d095-58df-40b1-bfe9-1608dcade77d",
        "daicho_shubetsu_cd": "FUD25"
      }
    },
    {
      "type": "Feature",
      "geometry": {
        "type": "Polygon",
        "coordinates": [
          [
            [
              132.699867216,
              35.373657242
            ],
            [
              132.699923112,
              35.373499617
            ],
            [
              132.699842357,
              35.37348443
            ],
            [
              132.699762512,
              35.373787882
            ],
            [
              132.699770923,
              35.37380436
            ],
            [
              132.699791163,
              35.373815928
            ],
            [
              132.699805396,
              35.373815865
            ],
            [
              132.699867216,
              35.373657242
            ]
          ]
        ]
      },
      "properties": {
        "polygon_uuid": "4ac66e72-98a2-4865-994b-165ebf937c54",
        "daicho_shubetsu_cd": "FUD25"
      }
    },
    {
      "type": "Feature",
      "geometry": {
        "type": "Polygon",
        "coordinates": [
          [
            [
              132.696760342,
              35.377629547
            ],
            [
              132.696857747,
              35.377667395
            ],
            [
              132.697338984,
              35.376857643
            ],
            [
              132.696923343,
              35.376704721
            ],
            [
              132.696906792,
              35.376698082
            ],
            [
              132.696441134,
              35.377505518
            ],
            [
              132.6964693,
              35.377516462
            ],
            [
              132.696638605,
              35.377582246
            ],
            [
              132.696760342,
              35.377629547
            ]
          ]
        ]
      },
      "properties": {
        "polygon_uuid": "567ae27f-84ba-4954-b029-174d0c10c888",
        "daicho_shubetsu_cd": "FUD25"
      }
    },
    {
      "type": "Feature",
      "geometry": {
        "type": "Polygon",
        "coordinates": [
          [
            [
              132.687583929,
              35.37234278
            ],
            [
              132.687607368,
              35.372491892
            ],
            [
              132.687841147,
              35.372455042
            ],
            [
              132.687829211,
              35.372329411
            ],
            [
              132.687898382,
              35.372153197
            ],
            [
              132.68774031,
              35.372169091
            ],
            [
              132.687753423,
              35.372249169
            ],
            [
              132.687709863,
              35.372257693
            ],
            [
              132.687716107,
              35.372324348
            ],
            [
              132.687679817,
              35.372332841
            ],
            [
              132.687583929,
              35.37234278
            ]
          ]
        ]
      },
      "properties": {
        "polygon_uuid": "afca5e43-38cb-4bd5-8003-179426265826",
        "daicho_shubetsu_cd": "FUD25"
      }
    },
    {
      "type": "Feature",
      "geometry": {
        "type": "Polygon",
        "coordinates": [
          [
            [
              132.69172099,
              35.378920043
            ],
            [
              132.691834979,
              35.378964353
            ],
            [
              132.692073904,
              35.378556736
            ],
            [
              132.691779496,
              35.378445768
            ],
            [
              132.691449493,
              35.378317917
            ],
            [
              132.691215882,
              35.378723692
            ],
            [
              132.691308149,
              35.378759559
            ],
            [
              132.69172099,
              35.378920043
            ]
          ]
        ]
      },
      "properties": {
        "polygon_uuid": "2b2f3d83-a8e9-4f9f-bafe-17bb5f26fccf",
        "daicho_shubetsu_cd": "FUD25"
      }
    },
    {
      "type": "Feature",
      "geometry": {
        "type": "Polygon",
        "coordinates": [
          [
            [
              132.687911775,
              35.377935684
            ],
            [
              132.688328449,
              35.378099365
            ],
            [
              132.688561775,
              35.377698672
            ],
            [
              132.688399403,
              35.377635275
            ],
            [
              132.688145802,
              35.377536259
            ],
            [
              132.687911775,
              35.377935684
            ]
          ]
        ]
      },
      "properties": {
        "polygon_uuid": "85d3c1e3-895c-46d7-98d8-17c20186e63a",
        "daicho_shubetsu_cd": "FUD25"
      }
    },
    {
      "type": "Feature",
      "geometry": {
        "type": "Polygon",
        "coordinates": [
          [
            [
              132.691141862,
              35.375446611
            ],
            [
              132.69100528,
              35.375653119
            ],
            [
              132.690667019,
              35.376240814
            ],
            [
              132.690664168,
              35.376261605
            ],
            [
              132.690682234,
              35.376285973
            ],
            [
              132.690725655,
              35.376307787
            ],
            [
              132.690895758,
              35.376375292
            ],
            [
              132.691378237,
              35.375538586
            ],
            [
              132.691141862,
              35.375446611
            ]
          ]
        ]
      },
      "properties": {
        "polygon_uuid": "4d31da6d-1d4a-4230-b2e4-182f846f9eb4",
        "daicho_shubetsu_cd": "FUD25"
      }
    },
    {
      "type": "Feature",
      "geometry": {
        "type": "Polygon",
        "coordinates": [
          [
            [
              132.688349236,
              35.376419453
            ],
            [
              132.688582441,
              35.376011874
            ],
            [
              132.688277869,
              35.375894685
            ],
            [
              132.688169376,
              35.375852939
            ],
            [
              132.687933612,
              35.376260667
            ],
            [
              132.688349236,
              35.376419453
            ]
          ]
        ]
      },
      "properties": {
        "polygon_uuid": "936a152a-b334-49c5-8813-188e000cbfb3",
        "daicho_shubetsu_cd": "FUD25"
      }
    },
    {
      "type": "Feature",
      "geometry": {
        "type": "Polygon",
        "coordinates": [
          [
            [
              132.687203834,
              35.380784641
            ],
            [
              132.687275247,
              35.380782172
            ],
            [
              132.687363431,
              35.380776373
            ],
            [
              132.687451982,
              35.380775991
            ],
            [
              132.687537841,
              35.380637342
            ],
            [
              132.687658367,
              35.380402008
            ],
            [
              132.687595074,
              35.380391443
            ],
            [
              132.687549503,
              35.380392844
            ],
            [
              132.687508435,
              35.380408675
            ],
            [
              132.687431917,
              35.380399372
            ],
            [
              132.687324196,
              35.380363255
            ],
            [
              132.687315855,
              35.380421817
            ],
            [
              132.687302843,
              35.380456192
            ],
            [
              132.687275331,
              35.380471105
            ],
            [
              132.687226803,
              35.38047011
            ],
            [
              132.687203834,
              35.380784641
            ]
          ]
        ]
      },
      "properties": {
        "polygon_uuid": "009547cb-10d7-4f46-b73a-18b3ef84f295",
        "daicho_shubetsu_cd": "FUD25"
      }
    },
    {
      "type": "Feature",
      "geometry": {
        "type": "Polygon",
        "coordinates": [
          [
            [
              132.693375125,
              35.378397524
            ],
            [
              132.693302333,
              35.378369446
            ],
            [
              132.693178133,
              35.37832154
            ],
            [
              132.692922556,
              35.378761561
            ],
            [
              132.693115596,
              35.378855959
            ],
            [
              132.693375125,
              35.378397524
            ]
          ]
        ]
      },
      "properties": {
        "polygon_uuid": "4309170e-6f12-46de-b536-18ea192c3436",
        "daicho_shubetsu_cd": "FUD25"
      }
    },
    {
      "type": "Feature",
      "geometry": {
        "type": "Polygon",
        "coordinates": [
          [
            [
              132.689123548,
              35.374636923
            ],
            [
              132.689576213,
              35.374816662
            ],
            [
              132.689876629,
              35.374932086
            ],
            [
              132.690116012,
              35.374522087
            ],
            [
              132.689655785,
              35.374346349
            ],
            [
              132.68935207,
              35.374230373
            ],
            [
              132.689123548,
              35.374636923
            ]
          ]
        ]
      },
      "properties": {
        "polygon_uuid": "9d7af63c-127d-4aaa-8111-190a3e3219f7",
        "daicho_shubetsu_cd": "FUD25"
      }
    },
    {
      "type": "Feature",
      "geometry": {
        "type": "Polygon",
        "coordinates": [
          [
            [
              132.704435169,
              35.371652596
            ],
            [
              132.704281693,
              35.37156644
            ],
            [
              132.704283249,
              35.371559884
            ],
            [
              132.704254391,
              35.37154998
            ],
            [
              132.704155661,
              35.371493439
            ],
            [
              132.703874652,
              35.371332738
            ],
            [
              132.703773123,
              35.371456975
            ],
            [
              132.703820452,
              35.371479688
            ],
            [
              132.703907977,
              35.371534969
            ],
            [
              132.703804834,
              35.371656921
            ],
            [
              132.70393646,
              35.371730345
            ],
            [
              132.704101795,
              35.371822613
            ],
            [
              132.704210102,
              35.371876492
            ],
            [
              132.704288667,
              35.371906925
            ],
            [
              132.704306272,
              35.371908812
            ],
            [
              132.704467141,
              35.371689342
            ],
            [
              132.704476113,
              35.371677302
            ],
            [
              132.704435169,
              35.371652596
            ]
          ]
        ]
      },
      "properties": {
        "polygon_uuid": "748eda7f-4ff6-449a-8698-1947bf60d0f9",
        "daicho_shubetsu_cd": "FUD25"
      }
    },
    {
      "type": "Feature",
      "geometry": {
        "type": "Polygon",
        "coordinates": [
          [
            [
              132.693752219,
              35.375382618
            ],
            [
              132.693918952,
              35.375447222
            ],
            [
              132.694387525,
              35.37462967
            ],
            [
              132.694217136,
              35.374563735
            ],
            [
              132.693752219,
              35.375382618
            ]
          ]
        ]
      },
      "properties": {
        "polygon_uuid": "950a6b4f-f0f0-40c4-b855-1b00762fc13f",
        "daicho_shubetsu_cd": "FUD25"
      }
    },
    {
      "type": "Feature",
      "geometry": {
        "type": "Polygon",
        "coordinates": [
          [
            [
              132.699202788,
              35.378652573
            ],
            [
              132.698967104,
              35.378643796
            ],
            [
              132.698944453,
              35.378819349
            ],
            [
              132.699076734,
              35.378825265
            ],
            [
              132.699070331,
              35.378924211
            ],
            [
              132.699068658,
              35.378937937
            ],
            [
              132.69917713,
              35.378943235
            ],
            [
              132.699202788,
              35.378652573
            ]
          ]
        ]
      },
      "properties": {
        "polygon_uuid": "92818d05-5fb8-4758-9b89-1b2ec54284ee",
        "daicho_shubetsu_cd": "FUD25"
      }
    },
    {
      "type": "Feature",
      "geometry": {
        "type": "Polygon",
        "coordinates": [
          [
            [
              132.686746246,
              35.380024135
            ],
            [
              132.686743499,
              35.379819726
            ],
            [
              132.686742943,
              35.379733028
            ],
            [
              132.686564829,
              35.379701282
            ],
            [
              132.686404091,
              35.379705936
            ],
            [
              132.68637877,
              35.379823494
            ],
            [
              132.686454406,
              35.379819739
            ],
            [
              132.686459223,
              35.38004889
            ],
            [
              132.686746246,
              35.380024135
            ]
          ]
        ]
      },
      "properties": {
        "polygon_uuid": "b01d3c46-82b1-4458-8464-1b9b38116dff",
        "daicho_shubetsu_cd": "FUD25"
      }
    },
    {
      "type": "Feature",
      "geometry": {
        "type": "Polygon",
        "coordinates": [
          [
            [
              132.700550126,
              35.380662447
            ],
            [
              132.70056758,
              35.380635413
            ],
            [
              132.700614703,
              35.380640667
            ],
            [
              132.700662292,
              35.380653991
            ],
            [
              132.700671153,
              35.38059689
            ],
            [
              132.700703668,
              35.380594378
            ],
            [
              132.700725881,
              35.380575989
            ],
            [
              132.700747784,
              35.380510428
            ],
            [
              132.700748826,
              35.380494271
            ],
            [
              132.700739354,
              35.380484044
            ],
            [
              132.700685987,
              35.380472086
            ],
            [
              132.700598964,
              35.380466693
            ],
            [
              132.70055276,
              35.38047139
            ],
            [
              132.700499066,
              35.380648123
            ],
            [
              132.70049723,
              35.38066268
            ],
            [
              132.700550126,
              35.380662447
            ]
          ]
        ]
      },
      "properties": {
        "polygon_uuid": "3a9bd252-86f4-45d5-85ec-1c5cb74c2a9a",
        "daicho_shubetsu_cd": "FUD25"
      }
    },
    {
      "type": "Feature",
      "geometry": {
        "type": "Polygon",
        "coordinates": [
          [
            [
              132.699363586,
              35.380595704
            ],
            [
              132.699363718,
              35.380416209
            ],
            [
              132.698997959,
              35.380391795
            ],
            [
              132.698945615,
              35.380571175
            ],
            [
              132.699363586,
              35.380595704
            ]
          ]
        ]
      },
      "properties": {
        "polygon_uuid": "b17d3f53-2cf2-4772-97e2-1c78685e213e",
        "daicho_shubetsu_cd": "FUD25"
      }
    },
    {
      "type": "Feature",
      "geometry": {
        "type": "Polygon",
        "coordinates": [
          [
            [
              132.687621359,
              35.376141373
            ],
            [
              132.687933612,
              35.376260667
            ],
            [
              132.688169376,
              35.375852939
            ],
            [
              132.687857115,
              35.375732789
            ],
            [
              132.687621359,
              35.376141373
            ]
          ]
        ]
      },
      "properties": {
        "polygon_uuid": "3bced3ef-439b-4c20-9374-1d4ef43a4ba5",
        "daicho_shubetsu_cd": "FUD25"
      }
    },
    {
      "type": "Feature",
      "geometry": {
        "type": "Polygon",
        "coordinates": [
          [
            [
              132.686001082,
              35.380203795
            ],
            [
              132.686000143,
              35.380259971
            ],
            [
              132.686246215,
              35.38024477
            ],
            [
              132.686248523,
              35.380183552
            ],
            [
              132.686256431,
              35.380112279
            ],
            [
              132.686243005,
              35.380105488
            ],
            [
              132.686017354,
              35.380132487
            ],
            [
              132.686007431,
              35.38015034
            ],
            [
              132.686001082,
              35.380203795
            ]
          ]
        ]
      },
      "properties": {
        "polygon_uuid": "ca46b482-2ce2-4457-bddf-1ea88486c751",
        "daicho_shubetsu_cd": "FUD25"
      }
    },
    {
      "type": "Feature",
      "geometry": {
        "type": "Polygon",
        "coordinates": [
          [
            [
              132.684287621,
              35.379597194
            ],
            [
              132.68439202,
              35.379570919
            ],
            [
              132.684421876,
              35.379539405
            ],
            [
              132.684518806,
              35.379532043
            ],
            [
              132.68454948,
              35.379530816
            ],
            [
              132.684568485,
              35.379706082
            ],
            [
              132.684753233,
              35.379688357
            ],
            [
              132.684760283,
              35.379744496
            ],
            [
              132.684879012,
              35.379738507
            ],
            [
              132.684877829,
              35.379553566
            ],
            [
              132.68487211,
              35.379412362
            ],
            [
              132.68475192,
              35.379416584
            ],
            [
              132.684743815,
              35.379358352
            ],
            [
              132.684306725,
              35.379379036
            ],
            [
              132.684317182,
              35.37944475
            ],
            [
              132.684268168,
              35.37945318
            ],
            [
              132.684287621,
              35.379597194
            ]
          ]
        ]
      },
      "properties": {
        "polygon_uuid": "ae815841-de76-4582-b92b-1eac540fae06",
        "daicho_shubetsu_cd": "FUD25"
      }
    },
    {
      "type": "Feature",
      "geometry": {
        "type": "Polygon",
        "coordinates": [
          [
            [
              132.688856305,
              35.372891518
            ],
            [
              132.688959469,
              35.372882737
            ],
            [
              132.689013166,
              35.372868216
            ],
            [
              132.689050804,
              35.372843048
            ],
            [
              132.689044812,
              35.372815686
            ],
            [
              132.689066496,
              35.37279654
            ],
            [
              132.689063159,
              35.372729872
            ],
            [
              132.689102868,
              35.372726885
            ],
            [
              132.689085834,
              35.372599819
            ],
            [
              132.689073529,
              35.372495085
            ],
            [
              132.689068814,
              35.372440331
            ],
            [
              132.689041221,
              35.37217233
            ],
            [
              132.688596527,
              35.372204341
            ],
            [
              132.688637081,
              35.372632243
            ],
            [
              132.688863823,
              35.372624119
            ],
            [
              132.688878982,
              35.372720505
            ],
            [
              132.688868912,
              35.372737219
            ],
            [
              132.688853005,
              35.372750386
            ],
            [
              132.688853775,
              35.372869815
            ],
            [
              132.688856305,
              35.372891518
            ]
          ]
        ]
      },
      "properties": {
        "polygon_uuid": "bff79767-5547-4faf-b839-1f0c2b66f0ee",
        "daicho_shubetsu_cd": "FUD25"
      }
    },
    {
      "type": "Feature",
      "geometry": {
        "type": "Polygon",
        "coordinates": [
          [
            [
              132.693984708,
              35.374459079
            ],
            [
              132.694461776,
              35.37363765
            ],
            [
              132.694217298,
              35.373542829
            ],
            [
              132.693736087,
              35.374362292
            ],
            [
              132.693984708,
              35.374459079
            ]
          ]
        ]
      },
      "properties": {
        "polygon_uuid": "6f5b9422-d3ee-4109-a0a8-1f56193042ee",
        "daicho_shubetsu_cd": "FUD25"
      }
    },
    {
      "type": "Feature",
      "geometry": {
        "type": "Polygon",
        "coordinates": [
          [
            [
              132.688737459,
              35.377767266
            ],
            [
              132.688922815,
              35.377839635
            ],
            [
              132.689148572,
              35.377927778
            ],
            [
              132.689387994,
              35.377514751
            ],
            [
              132.68897804,
              35.377354758
            ],
            [
              132.688737459,
              35.377767266
            ]
          ]
        ]
      },
      "properties": {
        "polygon_uuid": "94239b37-d2d5-4ad0-bd89-202b4b7473ce",
        "daicho_shubetsu_cd": "FUD25"
      }
    },
    {
      "type": "Feature",
      "geometry": {
        "type": "Polygon",
        "coordinates": [
          [
            [
              132.69021971,
              35.37716689
            ],
            [
              132.689928571,
              35.377674171
            ],
            [
              132.690334664,
              35.377831349
            ],
            [
              132.690625697,
              35.377329664
            ],
            [
              132.690317635,
              35.377206152
            ],
            [
              132.69021971,
              35.37716689
            ]
          ]
        ]
      },
      "properties": {
        "polygon_uuid": "2c06de69-06bd-4ec6-a23c-206fab8352c0",
        "daicho_shubetsu_cd": "FUD25"
      }
    },
    {
      "type": "Feature",
      "geometry": {
        "type": "Polygon",
        "coordinates": [
          [
            [
              132.700217335,
              35.376198788
            ],
            [
              132.70082925,
              35.37634771
            ],
            [
              132.700851715,
              35.376345445
            ],
            [
              132.700876739,
              35.376330172
            ],
            [
              132.700925895,
              35.376164248
            ],
            [
              132.700941299,
              35.376093782
            ],
            [
              132.700930535,
              35.376065671
            ],
            [
              132.700806029,
              35.376034813
            ],
            [
              132.700643227,
              35.376011705
            ],
            [
              132.70057308,
              35.376002268
            ],
            [
              132.700457909,
              35.375983282
            ],
            [
              132.700429224,
              35.376045142
            ],
            [
              132.700239861,
              35.376004823
            ],
            [
              132.700231955,
              35.37600919
            ],
            [
              132.700211112,
              35.376056936
            ],
            [
              132.700177381,
              35.376155642
            ],
            [
              132.700185464,
              35.376178351
            ],
            [
              132.700198758,
              35.376189122
            ],
            [
              132.700217335,
              35.376198788
            ]
          ]
        ]
      },
      "properties": {
        "polygon_uuid": "450b12f7-581c-4011-a965-20db86b187e0",
        "daicho_shubetsu_cd": "FUD25"
      }
    },
    {
      "type": "Feature",
      "geometry": {
        "type": "Polygon",
        "coordinates": [
          [
            [
              132.686344674,
              35.377118219
            ],
            [
              132.686632539,
              35.377120278
            ],
            [
              132.686882319,
              35.377118391
            ],
            [
              132.686932524,
              35.377115784
            ],
            [
              132.686917528,
              35.377043662
            ],
            [
              132.686876003,
              35.376905828
            ],
            [
              132.686824888,
              35.37681837
            ],
            [
              132.686348103,
              35.376817986
            ],
            [
              132.686346732,
              35.37693803
            ],
            [
              132.686344674,
              35.377118219
            ]
          ]
        ]
      },
      "properties": {
        "polygon_uuid": "09e3da13-e7da-413d-a9c7-215e8c624161",
        "daicho_shubetsu_cd": "FUD25"
      }
    },
    {
      "type": "Feature",
      "geometry": {
        "type": "Polygon",
        "coordinates": [
          [
            [
              132.696279116,
              35.378457038
            ],
            [
              132.696491245,
              35.378539585
            ],
            [
              132.69697497,
              35.377712942
            ],
            [
              132.696857747,
              35.377667395
            ],
            [
              132.696760342,
              35.377629547
            ],
            [
              132.696279116,
              35.378457038
            ]
          ]
        ]
      },
      "properties": {
        "polygon_uuid": "b6a0bbb2-c6b2-4c4f-91f2-21ca40f9a5b4",
        "daicho_shubetsu_cd": "FUD25"
      }
    },
    {
      "type": "Feature",
      "geometry": {
        "type": "Polygon",
        "coordinates": [
          [
            [
              132.685420646,
              35.377829413
            ],
            [
              132.685533175,
              35.377813404
            ],
            [
              132.685532455,
              35.377701069
            ],
            [
              132.685545801,
              35.377695532
            ],
            [
              132.685550529,
              35.377563081
            ],
            [
              132.685674243,
              35.377552503
            ],
            [
              132.685675095,
              35.3775114
            ],
            [
              132.685727482,
              35.377507523
            ],
            [
              132.685712267,
              35.377395249
            ],
            [
              132.685463735,
              35.377418237
            ],
            [
              132.685481164,
              35.37752776
            ],
            [
              132.685483646,
              35.377567022
            ],
            [
              132.685458033,
              35.377572612
            ],
            [
              132.685455524,
              35.377703227
            ],
            [
              132.685417633,
              35.377707043
            ],
            [
              132.685420646,
              35.377829413
            ]
          ]
        ]
      },
      "properties": {
        "polygon_uuid": "f1f4e571-a4b2-44f4-8a0f-2205ad960d83",
        "daicho_shubetsu_cd": "FUD25"
      }
    },
    {
      "type": "Feature",
      "geometry": {
        "type": "Polygon",
        "coordinates": [
          [
            [
              132.695769061,
              35.379329952
            ],
            [
              132.6962558,
              35.378496824
            ],
            [
              132.696106865,
              35.378438916
            ],
            [
              132.695626279,
              35.379273971
            ],
            [
              132.695769061,
              35.379329952
            ]
          ]
        ]
      },
      "properties": {
        "polygon_uuid": "c5f21c8d-5cd1-49bc-b821-226a0aa025f7",
        "daicho_shubetsu_cd": "FUD25"
      }
    },
    {
      "type": "Feature",
      "geometry": {
        "type": "Polygon",
        "coordinates": [
          [
            [
              132.69092847,
              35.378611969
            ],
            [
              132.690933978,
              35.378614106
            ],
            [
              132.691215882,
              35.378723692
            ],
            [
              132.691449493,
              35.378317917
            ],
            [
              132.691078527,
              35.378174427
            ],
            [
              132.690843941,
              35.378579176
            ],
            [
              132.69092847,
              35.378611969
            ]
          ]
        ]
      },
      "properties": {
        "polygon_uuid": "088cef88-455b-470c-9790-22fd824981cd",
        "daicho_shubetsu_cd": "FUD25"
      }
    },
    {
      "type": "Feature",
      "geometry": {
        "type": "Polygon",
        "coordinates": [
          [
            [
              132.702947081,
              35.372331216
            ],
            [
              132.702730561,
              35.37255115
            ],
            [
              132.702990503,
              35.372717287
            ],
            [
              132.703245145,
              35.372874979
            ],
            [
              132.703444058,
              35.372663813
            ],
            [
              132.703039105,
              35.372390113
            ],
            [
              132.702947081,
              35.372331216
            ]
          ]
        ]
      },
      "properties": {
        "polygon_uuid": "91be14dc-cff1-4f70-8774-231dd6684172",
        "daicho_shubetsu_cd": "FUD25"
      }
    },
    {
      "type": "Feature",
      "geometry": {
        "type": "Polygon",
        "coordinates": [
          [
            [
              132.690206969,
              35.376646239
            ],
            [
              132.689938097,
              35.376540892
            ],
            [
              132.689722554,
              35.376456438
            ],
            [
              132.689492252,
              35.376856788
            ],
            [
              132.689803259,
              35.376985718
            ],
            [
              132.68989646,
              35.37700913
            ],
            [
              132.68993719,
              35.377012526
            ],
            [
              132.689986591,
              35.377007549
            ],
            [
              132.690202391,
              35.37665415
            ],
            [
              132.690206969,
              35.376646239
            ]
          ]
        ]
      },
      "properties": {
        "polygon_uuid": "443c12fc-8768-4d97-9966-235dec34bb13",
        "daicho_shubetsu_cd": "FUD25"
      }
    },
    {
      "type": "Feature",
      "geometry": {
        "type": "Polygon",
        "coordinates": [
          [
            [
              132.689941295,
              35.375996553
            ],
            [
              132.690179779,
              35.375589774
            ],
            [
              132.690034025,
              35.375533359
            ],
            [
              132.68984266,
              35.375459289
            ],
            [
              132.689612132,
              35.375868139
            ],
            [
              132.689941295,
              35.375996553
            ]
          ]
        ]
      },
      "properties": {
        "polygon_uuid": "013acd75-7952-40ab-a10d-240dba7b5dad",
        "daicho_shubetsu_cd": "FUD25"
      }
    },
    {
      "type": "Feature",
      "geometry": {
        "type": "Polygon",
        "coordinates": [
          [
            [
              132.689315082,
              35.371811858
            ],
            [
              132.689309849,
              35.371803246
            ],
            [
              132.68929455,
              35.37168503
            ],
            [
              132.688950837,
              35.371739704
            ],
            [
              132.68897611,
              35.371901537
            ],
            [
              132.689008951,
              35.371902167
            ],
            [
              132.689041221,
              35.37217233
            ],
            [
              132.689068814,
              35.372440331
            ],
            [
              132.689350646,
              35.372408153
            ],
            [
              132.689584556,
              35.372384517
            ],
            [
              132.689615701,
              35.372383195
            ],
            [
              132.689615949,
              35.37233215
            ],
            [
              132.68962584,
              35.37206252
            ],
            [
              132.689435552,
              35.372087158
            ],
            [
              132.689361432,
              35.372091052
            ],
            [
              132.68932552,
              35.372077828
            ],
            [
              132.689319544,
              35.372052848
            ],
            [
              132.689309816,
              35.371896901
            ],
            [
              132.689305013,
              35.371828573
            ],
            [
              132.689315082,
              35.371811858
            ]
          ]
        ]
      },
      "properties": {
        "polygon_uuid": "56d9385a-ae57-4d42-98ed-247438c7dbfe",
        "daicho_shubetsu_cd": "FUD25"
      }
    },
    {
      "type": "Feature",
      "geometry": {
        "type": "Polygon",
        "coordinates": [
          [
            [
              132.703792033,
              35.372268281
            ],
            [
              132.703649491,
              35.372184318
            ],
            [
              132.703627689,
              35.372172391
            ],
            [
              132.703468867,
              35.372395827
            ],
            [
              132.703559204,
              35.372452898
            ],
            [
              132.7034915,
              35.372553407
            ],
            [
              132.703581711,
              35.37259132
            ],
            [
              132.703707623,
              35.372457883
            ],
            [
              132.703758705,
              35.37239705
            ],
            [
              132.703733565,
              35.372382394
            ],
            [
              132.703723814,
              35.37235886
            ],
            [
              132.703792033,
              35.372268281
            ]
          ]
        ]
      },
      "properties": {
        "polygon_uuid": "144d527e-b141-4698-af73-24783b9100b2",
        "daicho_shubetsu_cd": "FUD25"
      }
    },
    {
      "type": "Feature",
      "geometry": {
        "type": "Polygon",
        "coordinates": [
          [
            [
              132.698753315,
              35.377237948
            ],
            [
              132.698978161,
              35.376445213
            ],
            [
              132.698614083,
              35.376905828
            ],
            [
              132.698477943,
              35.377044731
            ],
            [
              132.698501334,
              35.377129945
            ],
            [
              132.698524762,
              35.377193912
            ],
            [
              132.698753315,
              35.377237948
            ]
          ]
        ]
      },
      "properties": {
        "polygon_uuid": "d52a4617-1c5a-4522-b9b1-24d7807ad68a",
        "daicho_shubetsu_cd": "FUD25"
      }
    },
    {
      "type": "Feature",
      "geometry": {
        "type": "Polygon",
        "coordinates": [
          [
            [
              132.698549549,
              35.377958731
            ],
            [
              132.698632079,
              35.37797552
            ],
            [
              132.698834371,
              35.377998293
            ],
            [
              132.698835615,
              35.377993646
            ],
            [
              132.698873648,
              35.37783054
            ],
            [
              132.698818894,
              35.377823253
            ],
            [
              132.698596585,
              35.377794822
            ],
            [
              132.698549549,
              35.377958731
            ]
          ]
        ]
      },
      "properties": {
        "polygon_uuid": "3888cf03-4204-49d1-ad8e-251c40732cc6",
        "daicho_shubetsu_cd": "FUD25"
      }
    },
    {
      "type": "Feature",
      "geometry": {
        "type": "Polygon",
        "coordinates": [
          [
            [
              132.687163282,
              35.378192257
            ],
            [
              132.687356648,
              35.378266574
            ],
            [
              132.687594059,
              35.377856868
            ],
            [
              132.687470502,
              35.377808701
            ],
            [
              132.687181948,
              35.377702776
            ],
            [
              132.68712807,
              35.377803032
            ],
            [
              132.687162365,
              35.37804937
            ],
            [
              132.687163282,
              35.378192257
            ]
          ]
        ]
      },
      "properties": {
        "polygon_uuid": "c090f39e-39dd-4c2d-aba2-254885eeeafe",
        "daicho_shubetsu_cd": "FUD25"
      }
    },
    {
      "type": "Feature",
      "geometry": {
        "type": "Polygon",
        "coordinates": [
          [
            [
              132.697612074,
              35.378145625
            ],
            [
              132.697656862,
              35.378159187
            ],
            [
              132.698066737,
              35.378248496
            ],
            [
              132.69810644,
              35.378189527
            ],
            [
              132.698173082,
              35.378068078
            ],
            [
              132.698248418,
              35.377945255
            ],
            [
              132.698063101,
              35.37790587
            ],
            [
              132.697850549,
              35.377859446
            ],
            [
              132.697612074,
              35.378145625
            ]
          ]
        ]
      },
      "properties": {
        "polygon_uuid": "1fb4c628-53d2-4402-99f4-25ebde7ee651",
        "daicho_shubetsu_cd": "FUD25"
      }
    },
    {
      "type": "Feature",
      "geometry": {
        "type": "Polygon",
        "coordinates": [
          [
            [
              132.688737459,
              35.377767266
            ],
            [
              132.688561775,
              35.377698672
            ],
            [
              132.688328449,
              35.378099365
            ],
            [
              132.688690791,
              35.378241699
            ],
            [
              132.688922815,
              35.377839635
            ],
            [
              132.688737459,
              35.377767266
            ]
          ]
        ]
      },
      "properties": {
        "polygon_uuid": "30d6c59c-f519-466e-a73b-26011dc01793",
        "daicho_shubetsu_cd": "FUD25"
      }
    },
    {
      "type": "Feature",
      "geometry": {
        "type": "Polygon",
        "coordinates": [
          [
            [
              132.683721554,
              35.373729204
            ],
            [
              132.68367285,
              35.373923023
            ],
            [
              132.68351255,
              35.373872808
            ],
            [
              132.683501632,
              35.373988778
            ],
            [
              132.683544105,
              35.374017689
            ],
            [
              132.683591572,
              35.374034111
            ],
            [
              132.683708432,
              35.374057163
            ],
            [
              132.683739683,
              35.374052145
            ],
            [
              132.683829906,
              35.374053605
            ],
            [
              132.683913313,
              35.374051497
            ],
            [
              132.683938819,
              35.373845594
            ],
            [
              132.683941626,
              35.37380492
            ],
            [
              132.683721554,
              35.373729204
            ]
          ]
        ]
      },
      "properties": {
        "polygon_uuid": "e3702853-2885-42bb-b72b-27b6a5669556",
        "daicho_shubetsu_cd": "FUD25"
      }
    },
    {
      "type": "Feature",
      "geometry": {
        "type": "Polygon",
        "coordinates": [
          [
            [
              132.698131884,
              35.378195571
            ],
            [
              132.698464672,
              35.378254509
            ],
            [
              132.698549549,
              35.377958731
            ],
            [
              132.698596585,
              35.377794822
            ],
            [
              132.698624357,
              35.377698039
            ],
            [
              132.698346181,
              35.377802425
            ],
            [
              132.698334851,
              35.37783032
            ],
            [
              132.698240981,
              35.378001776
            ],
            [
              132.698131884,
              35.378195571
            ]
          ]
        ]
      },
      "properties": {
        "polygon_uuid": "d4e33a1a-b091-4269-9645-27ed4f8d77a4",
        "daicho_shubetsu_cd": "FUD25"
      }
    },
    {
      "type": "Feature",
      "geometry": {
        "type": "Polygon",
        "coordinates": [
          [
            [
              132.700291195,
              35.376238105
            ],
            [
              132.700221393,
              35.376445263
            ],
            [
              132.700039254,
              35.376406343
            ],
            [
              132.699992694,
              35.376492855
            ],
            [
              132.699932658,
              35.376613338
            ],
            [
              132.700372315,
              35.376708872
            ],
            [
              132.700324807,
              35.37684177
            ],
            [
              132.700604801,
              35.37691176
            ],
            [
              132.700633722,
              35.37691899
            ],
            [
              132.700644387,
              35.376890923
            ],
            [
              132.700761105,
              35.376583766
            ],
            [
              132.700785642,
              35.376566677
            ],
            [
              132.700799676,
              35.376543876
            ],
            [
              132.700841127,
              35.376412645
            ],
            [
              132.700835659,
              35.376385593
            ],
            [
              132.700813066,
              35.376368364
            ],
            [
              132.700770658,
              35.376354472
            ],
            [
              132.700291195,
              35.376238105
            ]
          ]
        ]
      },
      "properties": {
        "polygon_uuid": "7a71e302-ae00-4d3f-89c7-28364a23b2cc",
        "daicho_shubetsu_cd": "FUD25"
      }
    },
    {
      "type": "Feature",
      "geometry": {
        "type": "Polygon",
        "coordinates": [
          [
            [
              132.68625737,
              35.377106416
            ],
            [
              132.686270634,
              35.377108209
            ],
            [
              132.686274008,
              35.377067629
            ],
            [
              132.686307321,
              35.377071437
            ],
            [
              132.686305592,
              35.377112935
            ],
            [
              132.686344674,
              35.377118219
            ],
            [
              132.686346732,
              35.37693803
            ],
            [
              132.686213078,
              35.376939419
            ],
            [
              132.68612967,
              35.376917047
            ],
            [
              132.686063233,
              35.376913273
            ],
            [
              132.68589178,
              35.376918069
            ],
            [
              132.685831707,
              35.376918568
            ],
            [
              132.685839816,
              35.377068431
            ],
            [
              132.685841134,
              35.377119571
            ],
            [
              132.685852116,
              35.377131701
            ],
            [
              132.685980132,
              35.377154694
            ],
            [
              132.685990864,
              35.377127858
            ],
            [
              132.685998378,
              35.377062879
            ],
            [
              132.686092574,
              35.377067345
            ],
            [
              132.686133286,
              35.377078535
            ],
            [
              132.686135357,
              35.377092328
            ],
            [
              132.686143329,
              35.377098788
            ],
            [
              132.686184015,
              35.37710592
            ],
            [
              132.68625737,
              35.377106416
            ]
          ]
        ]
      },
      "properties": {
        "polygon_uuid": "63303f69-9176-44ab-b3d8-28e7bd20a4e0",
        "daicho_shubetsu_cd": "FUD25"
      }
    },
    {
      "type": "Feature",
      "geometry": {
        "type": "Polygon",
        "coordinates": [
          [
            [
              132.688557866,
              35.376499157
            ],
            [
              132.688793746,
              35.376093178
            ],
            [
              132.688752764,
              35.376077409
            ],
            [
              132.688582441,
              35.376011874
            ],
            [
              132.688349236,
              35.376419453
            ],
            [
              132.688557866,
              35.376499157
            ]
          ]
        ]
      },
      "properties": {
        "polygon_uuid": "b760e11b-0723-4ea7-8413-29afa9b9fd47",
        "daicho_shubetsu_cd": "FUD25"
      }
    },
    {
      "type": "Feature",
      "geometry": {
        "type": "Polygon",
        "coordinates": [
          [
            [
              132.691702578,
              35.377749607
            ],
            [
              132.691706625,
              35.377751185
            ],
            [
              132.691884345,
              35.377820488
            ],
            [
              132.692366849,
              35.376987272
            ],
            [
              132.692186199,
              35.376917918
            ],
            [
              132.691695086,
              35.377746686
            ],
            [
              132.691702578,
              35.377749607
            ]
          ]
        ]
      },
      "properties": {
        "polygon_uuid": "df39172c-a3bc-4e56-9b60-2a36084d102c",
        "daicho_shubetsu_cd": "FUD25"
      }
    },
    {
      "type": "Feature",
      "geometry": {
        "type": "Polygon",
        "coordinates": [
          [
            [
              132.696884342,
              35.373500963
            ],
            [
              132.69724936,
              35.372870229
            ],
            [
              132.697017415,
              35.372886859
            ],
            [
              132.696701088,
              35.373429879
            ],
            [
              132.696734915,
              35.373443111
            ],
            [
              132.696884342,
              35.373500963
            ]
          ]
        ]
      },
      "properties": {
        "polygon_uuid": "91f90bfb-3cc9-4987-91d0-2ab47442c471",
        "daicho_shubetsu_cd": "FUD25"
      }
    },
    {
      "type": "Feature",
      "geometry": {
        "type": "Polygon",
        "coordinates": [
          [
            [
              132.689906212,
              35.37327338
            ],
            [
              132.690288445,
              35.373254459
            ],
            [
              132.690295049,
              35.372926377
            ],
            [
              132.689632304,
              35.372956634
            ],
            [
              132.689555361,
              35.372973638
            ],
            [
              132.689539508,
              35.37299514
            ],
            [
              132.689547667,
              35.373133233
            ],
            [
              132.689755512,
              35.373125188
            ],
            [
              132.689773941,
              35.373277525
            ],
            [
              132.689906212,
              35.37327338
            ]
          ]
        ]
      },
      "properties": {
        "polygon_uuid": "a8841da2-eb97-40e4-8442-2b17033d5db3",
        "daicho_shubetsu_cd": "FUD25"
      }
    },
    {
      "type": "Feature",
      "geometry": {
        "type": "Polygon",
        "coordinates": [
          [
            [
              132.697861738,
              35.378521612
            ],
            [
              132.698195567,
              35.378608907
            ],
            [
              132.69834929,
              35.378645124
            ],
            [
              132.698410458,
              35.378438185
            ],
            [
              132.698281741,
              35.378409325
            ],
            [
              132.698166971,
              35.378379541
            ],
            [
              132.698039966,
              35.378333167
            ],
            [
              132.697923315,
              35.378458815
            ],
            [
              132.697861738,
              35.378521612
            ]
          ]
        ]
      },
      "properties": {
        "polygon_uuid": "3c602503-f20d-4667-9d68-2b65fe30d4e1",
        "daicho_shubetsu_cd": "FUD25"
      }
    },
    {
      "type": "Feature",
      "geometry": {
        "type": "Polygon",
        "coordinates": [
          [
            [
              132.700551805,
              35.375662814
            ],
            [
              132.700641652,
              35.375651586
            ],
            [
              132.700623763,
              35.375545527
            ],
            [
              132.700597283,
              35.375339865
            ],
            [
              132.70058093,
              35.375266291
            ],
            [
              132.700567308,
              35.3752057
            ],
            [
              132.700542212,
              35.375210143
            ],
            [
              132.700508566,
              35.375248964
            ],
            [
              132.700529407,
              35.375344872
            ],
            [
              132.700529909,
              35.375421008000004
            ],
            [
              132.700534875,
              35.375501515
            ],
            [
              132.700551805,
              35.375662814
            ]
          ]
        ]
      },
      "properties": {
        "polygon_uuid": "a0e90fad-d50a-4574-8ca5-2b6f33af59b7",
        "daicho_shubetsu_cd": "FUD25"
      }
    },
    {
      "type": "Feature",
      "geometry": {
        "type": "Polygon",
        "coordinates": [
          [
            [
              132.679413858,
              35.376919484
            ],
            [
              132.679438767,
              35.377178092
            ],
            [
              132.680177655,
              35.377094791
            ],
            [
              132.680322013,
              35.377070071
            ],
            [
              132.680292558,
              35.376917152
            ],
            [
              132.68012744,
              35.376932318
            ],
            [
              132.680048404,
              35.37683418
            ],
            [
              132.679413858,
              35.376919484
            ]
          ]
        ]
      },
      "properties": {
        "polygon_uuid": "1ab9aa56-33da-47b1-a5be-2be9760f0975",
        "daicho_shubetsu_cd": "FUD25"
      }
    },
    {
      "type": "Feature",
      "geometry": {
        "type": "Polygon",
        "coordinates": [
          [
            [
              132.684916528,
              35.372553404
            ],
            [
              132.685008366,
              35.37211179
            ],
            [
              132.685016261,
              35.372087937
            ],
            [
              132.684744457,
              35.372050541
            ],
            [
              132.68457054,
              35.372026612
            ],
            [
              132.684473093,
              35.372490018
            ],
            [
              132.684906149,
              35.372551862
            ],
            [
              132.684916528,
              35.372553404
            ]
          ]
        ]
      },
      "properties": {
        "polygon_uuid": "8ab3dc07-7dcb-4259-84af-2d46deb6204f",
        "daicho_shubetsu_cd": "FUD25"
      }
    },
    {
      "type": "Feature",
      "geometry": {
        "type": "Polygon",
        "coordinates": [
          [
            [
              132.685914602,
              35.37414428
            ],
            [
              132.686101889,
              35.374136626
            ],
            [
              132.686091291,
              35.374048993
            ],
            [
              132.686104637,
              35.374043455
            ],
            [
              132.686145932,
              35.374039024
            ],
            [
              132.686206146,
              35.374038765
            ],
            [
              132.686291405,
              35.374031549
            ],
            [
              132.686306353,
              35.374015045
            ],
            [
              132.686297094,
              35.373875348
            ],
            [
              132.686355424,
              35.373842218
            ],
            [
              132.686417223,
              35.373828252
            ],
            [
              132.686415278,
              35.373785791
            ],
            [
              132.686431969,
              35.373780239
            ],
            [
              132.68649551,
              35.373777226
            ],
            [
              132.686518847,
              35.373764796
            ],
            [
              132.686533743,
              35.373740072
            ],
            [
              132.686533101,
              35.373640067
            ],
            [
              132.68651281,
              35.373605905
            ],
            [
              132.686345568,
              35.373609364
            ],
            [
              132.686344229,
              35.373661429
            ],
            [
              132.686317564,
              35.373676613
            ],
            [
              132.68623897,
              35.373679691
            ],
            [
              132.686197172,
              35.373682611
            ],
            [
              132.686122652,
              35.373799379
            ],
            [
              132.68608265,
              35.37382147
            ],
            [
              132.685892149,
              35.373849688
            ],
            [
              132.68588228,
              35.373875761
            ],
            [
              132.685905586,
              35.374119516
            ],
            [
              132.685914602,
              35.37414428
            ]
          ]
        ]
      },
      "properties": {
        "polygon_uuid": "1165928f-e951-46bb-b5b9-2eafc4b5ec37",
        "daicho_shubetsu_cd": "FUD25"
      }
    },
    {
      "type": "Feature",
      "geometry": {
        "type": "Polygon",
        "coordinates": [
          [
            [
              132.695872983,
              35.372872025
            ],
            [
              132.696054697,
              35.372858022
            ],
            [
              132.696130567,
              35.372851577
            ],
            [
              132.696127192,
              35.372824521
            ],
            [
              132.696281722,
              35.372814237
            ],
            [
              132.69628508,
              35.372838674
            ],
            [
              132.696453453,
              35.37282571
            ],
            [
              132.696462985,
              35.372816063
            ],
            [
              132.69646462,
              35.37257678
            ],
            [
              132.696448502,
              35.372557639
            ],
            [
              132.696426027,
              35.372544638
            ],
            [
              132.69627534,
              35.372490283
            ],
            [
              132.696153535,
              35.372450385
            ],
            [
              132.696053083,
              35.372415021
            ],
            [
              132.695961177,
              35.372382239
            ],
            [
              132.695895897,
              35.372344975
            ],
            [
              132.695861442,
              35.372313652
            ],
            [
              132.695872983,
              35.372872025
            ]
          ]
        ]
      },
      "properties": {
        "polygon_uuid": "58bad165-ff05-4701-99eb-2f8325d920a0",
        "daicho_shubetsu_cd": "FUD25"
      }
    },
    {
      "type": "Feature",
      "geometry": {
        "type": "Polygon",
        "coordinates": [
          [
            [
              132.694904468,
              35.37200201
            ],
            [
              132.694437842,
              35.371992788
            ],
            [
              132.694316659,
              35.371988684
            ],
            [
              132.694304665,
              35.372103032
            ],
            [
              132.694280583,
              35.372236793
            ],
            [
              132.694731777,
              35.37226757
            ],
            [
              132.694738223,
              35.372222896
            ],
            [
              132.694863001,
              35.372228245
            ],
            [
              132.694893077,
              35.372232807
            ],
            [
              132.694904468,
              35.37200201
            ]
          ]
        ]
      },
      "properties": {
        "polygon_uuid": "3417b5c9-b472-46bb-9a1c-2f8c06614ec7",
        "daicho_shubetsu_cd": "FUD25"
      }
    },
    {
      "type": "Feature",
      "geometry": {
        "type": "Polygon",
        "coordinates": [
          [
            [
              132.697006836,
              35.378877305
            ],
            [
              132.697543237,
              35.378979693
            ],
            [
              132.697706848,
              35.378693725
            ],
            [
              132.697712192,
              35.378684638
            ],
            [
              132.697244709,
              35.37858883
            ],
            [
              132.697006836,
              35.378877305
            ]
          ]
        ]
      },
      "properties": {
        "polygon_uuid": "fd2625b9-7743-4e20-aaa8-301ae95930ba",
        "daicho_shubetsu_cd": "FUD25"
      }
    },
    {
      "type": "Feature",
      "geometry": {
        "type": "Polygon",
        "coordinates": [
          [
            [
              132.685165138,
              35.374199113
            ],
            [
              132.685345727,
              35.374190119
            ],
            [
              132.68534556,
              35.37416409
            ],
            [
              132.68535381,
              35.374146244
            ],
            [
              132.685373819,
              35.374136569
            ],
            [
              132.685878798,
              35.374111111
            ],
            [
              132.685864021,
              35.373893348
            ],
            [
              132.685849965,
              35.37378792
            ],
            [
              132.68584781,
              35.373712581
            ],
            [
              132.68568238,
              35.373737951
            ],
            [
              132.685630722,
              35.373768312
            ],
            [
              132.685617535,
              35.373798509
            ],
            [
              132.685614514,
              35.373849211
            ],
            [
              132.685584592,
              35.373878109
            ],
            [
              132.685547952,
              35.373902926
            ],
            [
              132.685479385,
              35.37390459
            ],
            [
              132.685434285,
              35.373914373
            ],
            [
              132.685165014,
              35.373918269
            ],
            [
              132.685161792,
              35.373937462
            ],
            [
              132.685161591,
              35.374167619
            ],
            [
              132.685165138,
              35.374199113
            ]
          ]
        ]
      },
      "properties": {
        "polygon_uuid": "58b24eb4-5ec7-46f5-9d23-31093f246901",
        "daicho_shubetsu_cd": "FUD25"
      }
    },
    {
      "type": "Feature",
      "geometry": {
        "type": "Polygon",
        "coordinates": [
          [
            [
              132.692048513,
              35.373118416
            ],
            [
              132.692075548,
              35.37309472
            ],
            [
              132.692167932,
              35.372790422
            ],
            [
              132.692121334,
              35.372756567
            ],
            [
              132.691943548,
              35.372715423
            ],
            [
              132.69173837,
              35.372642961
            ],
            [
              132.691735096,
              35.372631185
            ],
            [
              132.691643796,
              35.372609314
            ],
            [
              132.691649382,
              35.372731111
            ],
            [
              132.69190358,
              35.372964479
            ],
            [
              132.692025997,
              35.373098866
            ],
            [
              132.692048513,
              35.373118416
            ]
          ]
        ]
      },
      "properties": {
        "polygon_uuid": "24cd10c6-4cde-4820-9462-323cfdd9b9cd",
        "daicho_shubetsu_cd": "FUD25"
      }
    },
    {
      "type": "Feature",
      "geometry": {
        "type": "Polygon",
        "coordinates": [
          [
            [
              132.693811949,
              35.376481404
            ],
            [
              132.693604507,
              35.376793462
            ],
            [
              132.693290117,
              35.377267539
            ],
            [
              132.693290234,
              35.377285412
            ],
            [
              132.693313352,
              35.377307889
            ],
            [
              132.693615443,
              35.377423477
            ],
            [
              132.694090007,
              35.376589937
            ],
            [
              132.694030084,
              35.376566548
            ],
            [
              132.693811949,
              35.376481404
            ]
          ]
        ]
      },
      "properties": {
        "polygon_uuid": "84b1d2d4-e2dc-48e2-a5ae-32a07e0edcef",
        "daicho_shubetsu_cd": "FUD25"
      }
    },
    {
      "type": "Feature",
      "geometry": {
        "type": "Polygon",
        "coordinates": [
          [
            [
              132.70332669,
              35.374329308
            ],
            [
              132.703163555,
              35.374492718
            ],
            [
              132.70340087,
              35.374662418
            ],
            [
              132.703600283,
              35.374488616
            ],
            [
              132.703614797,
              35.374488552
            ],
            [
              132.703777451,
              35.374343012
            ],
            [
              132.703542655,
              35.374188183
            ],
            [
              132.703482965,
              35.37423265
            ],
            [
              132.703390371,
              35.374331047
            ],
            [
              132.703360549,
              35.374344148
            ],
            [
              132.703335863,
              35.374335612
            ],
            [
              132.70332669,
              35.374329308
            ]
          ]
        ]
      },
      "properties": {
        "polygon_uuid": "9fb24efe-ce2d-46f9-8d6c-32e7ea4df029",
        "daicho_shubetsu_cd": "FUD25"
      }
    },
    {
      "type": "Feature",
      "geometry": {
        "type": "Polygon",
        "coordinates": [
          [
            [
              132.693195823,
              35.380224009
            ],
            [
              132.693167515,
              35.380531374
            ],
            [
              132.693404016,
              35.380545784
            ],
            [
              132.693427301,
              35.380306899
            ],
            [
              132.693195823,
              35.380224009
            ]
          ]
        ]
      },
      "properties": {
        "polygon_uuid": "8a475a4e-8378-447d-b48d-33dfa6164ad2",
        "daicho_shubetsu_cd": "FUD25"
      }
    },
    {
      "type": "Feature",
      "geometry": {
        "type": "Polygon",
        "coordinates": [
          [
            [
              132.690315364,
              35.380007008
            ],
            [
              132.69070221,
              35.379891554
            ],
            [
              132.690647823,
              35.379632761
            ],
            [
              132.690256381,
              35.379672162
            ],
            [
              132.69028434,
              35.379825504
            ],
            [
              132.690315364,
              35.380007008
            ]
          ]
        ]
      },
      "properties": {
        "polygon_uuid": "391c2bff-ea21-479b-948e-3456ec874114",
        "daicho_shubetsu_cd": "FUD25"
      }
    },
    {
      "type": "Feature",
      "geometry": {
        "type": "Polygon",
        "coordinates": [
          [
            [
              132.695052116,
              35.379870821
            ],
            [
              132.69502838,
              35.380205526
            ],
            [
              132.695056754,
              35.380207407
            ],
            [
              132.695059546,
              35.380240126
            ],
            [
              132.695295574,
              35.380246613
            ],
            [
              132.695365866,
              35.379894489
            ],
            [
              132.695316816,
              35.379885201
            ],
            [
              132.695315416,
              35.379868314
            ],
            [
              132.695076938,
              35.379871469
            ],
            [
              132.695052116,
              35.379870821
            ]
          ]
        ]
      },
      "properties": {
        "polygon_uuid": "e09af91e-a221-4582-9453-345765ce0442",
        "daicho_shubetsu_cd": "FUD25"
      }
    },
    {
      "type": "Feature",
      "geometry": {
        "type": "Polygon",
        "coordinates": [
          [
            [
              132.700041452,
              35.372641203
            ],
            [
              132.700132405,
              35.372402203
            ],
            [
              132.700269113,
              35.372086239
            ],
            [
              132.700460521,
              35.371691805
            ],
            [
              132.70043654,
              35.371676021
            ],
            [
              132.700382817,
              35.371676258
            ],
            [
              132.700180188,
              35.371845902
            ],
            [
              132.699996149,
              35.371999505
            ],
            [
              132.699947136,
              35.372035169
            ],
            [
              132.699865413,
              35.372089312
            ],
            [
              132.699327328,
              35.372415602
            ],
            [
              132.699336363,
              35.372427785
            ],
            [
              132.699988435,
              35.372641627
            ],
            [
              132.700015312,
              35.372643953
            ],
            [
              132.700041452,
              35.372641203
            ]
          ]
        ]
      },
      "properties": {
        "polygon_uuid": "f42315ea-25ae-4ccb-9644-34831d1185dd",
        "daicho_shubetsu_cd": "FUD25"
      }
    },
    {
      "type": "Feature",
      "geometry": {
        "type": "Polygon",
        "coordinates": [
          [
            [
              132.687127624,
              35.37841282
            ],
            [
              132.68746767,
              35.378725714
            ],
            [
              132.6876344,
              35.378878602
            ],
            [
              132.687666428,
              35.378898236
            ],
            [
              132.687911359,
              35.378478732
            ],
            [
              132.687644523,
              35.378377162
            ],
            [
              132.687630995,
              35.378372013
            ],
            [
              132.687356648,
              35.378266574
            ],
            [
              132.687163282,
              35.378192257
            ],
            [
              132.687148717,
              35.378301274
            ],
            [
              132.687125279,
              35.378387109
            ],
            [
              132.687127624,
              35.37841282
            ]
          ]
        ]
      },
      "properties": {
        "polygon_uuid": "47f7196c-7c0c-4271-b452-34b2a4e61315",
        "daicho_shubetsu_cd": "FUD25"
      }
    },
    {
      "type": "Feature",
      "geometry": {
        "type": "Polygon",
        "coordinates": [
          [
            [
              132.701543537,
              35.375534072
            ],
            [
              132.701231409,
              35.375999174
            ],
            [
              132.701732667,
              35.376240678
            ],
            [
              132.70204294,
              35.375767096
            ],
            [
              132.701543537,
              35.375534072
            ]
          ]
        ]
      },
      "properties": {
        "polygon_uuid": "7344dc4d-647a-4f27-a1c7-34d523c697b6",
        "daicho_shubetsu_cd": "FUD25"
      }
    },
    {
      "type": "Feature",
      "geometry": {
        "type": "Polygon",
        "coordinates": [
          [
            [
              132.68467516,
              35.375767405
            ],
            [
              132.684600678,
              35.375764966
            ],
            [
              132.684505197,
              35.375758675
            ],
            [
              132.684502855,
              35.375818986
            ],
            [
              132.684500614,
              35.37589493
            ],
            [
              132.684503868,
              35.375977552
            ],
            [
              132.684619943,
              35.375968084
            ],
            [
              132.684661586,
              35.375969854
            ],
            [
              132.68467516,
              35.375767405
            ]
          ]
        ]
      },
      "properties": {
        "polygon_uuid": "2823fb51-86cf-4c56-9bed-34f59b3a298d",
        "daicho_shubetsu_cd": "FUD25"
      }
    },
    {
      "type": "Feature",
      "geometry": {
        "type": "Polygon",
        "coordinates": [
          [
            [
              132.698739135,
              35.377320473
            ],
            [
              132.698633523,
              35.377667095
            ],
            [
              132.698904033,
              35.377700235
            ],
            [
              132.698962566,
              35.377449221
            ],
            [
              132.698960238,
              35.377426069
            ],
            [
              132.698941537,
              35.377394081
            ],
            [
              132.698915292,
              35.377372817
            ],
            [
              132.698886913,
              35.377357797
            ],
            [
              132.698739135,
              35.377320473
            ]
          ]
        ]
      },
      "properties": {
        "polygon_uuid": "46c7a425-796b-4308-a772-353ec427becd",
        "daicho_shubetsu_cd": "FUD25"
      }
    },
    {
      "type": "Feature",
      "geometry": {
        "type": "Polygon",
        "coordinates": [
          [
            [
              132.683239476,
              35.376339939
            ],
            [
              132.683254811,
              35.37632706
            ],
            [
              132.683248834,
              35.376321183
            ],
            [
              132.683232955,
              35.376214629
            ],
            [
              132.683234229,
              35.376207046
            ],
            [
              132.683610742,
              35.376180147
            ],
            [
              132.683607114,
              35.376098922
            ],
            [
              132.683253002,
              35.37612921
            ],
            [
              132.683160882,
              35.376139345
            ],
            [
              132.68296622,
              35.376157226
            ],
            [
              132.682810169,
              35.376167634
            ],
            [
              132.682811763,
              35.376184676
            ],
            [
              132.682838588,
              35.376194304
            ],
            [
              132.682847671,
              35.376219838
            ],
            [
              132.682849267,
              35.376236879
            ],
            [
              132.682812182,
              35.376250433
            ],
            [
              132.682782501,
              35.376259085
            ],
            [
              132.682850112,
              35.376369611
            ],
            [
              132.682919969,
              35.37636566
            ],
            [
              132.683038875,
              35.376359062
            ],
            [
              132.683239476,
              35.376339939
            ]
          ]
        ]
      },
      "properties": {
        "polygon_uuid": "bb9e0cc7-502e-48fe-a051-3564f1175d2a",
        "daicho_shubetsu_cd": "FUD25"
      }
    },
    {
      "type": "Feature",
      "geometry": {
        "type": "Polygon",
        "coordinates": [
          [
            [
              132.692339536,
              35.372891117
            ],
            [
              132.692473447,
              35.372897451
            ],
            [
              132.692474945,
              35.372881726
            ],
            [
              132.692730865,
              35.372887161
            ],
            [
              132.692770348,
              35.372888221
            ],
            [
              132.692773034,
              35.372818808
            ],
            [
              132.692759134,
              35.372812756
            ],
            [
              132.692721813,
              35.372812045
            ],
            [
              132.692757485,
              35.372558642
            ],
            [
              132.693002895,
              35.372565414
            ],
            [
              132.692972374,
              35.37254459
            ],
            [
              132.692986146,
              35.372448906
            ],
            [
              132.69300486,
              35.37237547
            ],
            [
              132.693015791,
              35.372334816
            ],
            [
              132.692613858,
              35.372255352
            ],
            [
              132.692597934,
              35.3722659
            ],
            [
              132.692563567,
              35.372391801
            ],
            [
              132.692546817,
              35.372521553
            ],
            [
              132.692551853,
              35.372558209
            ],
            [
              132.692536039,
              35.372585786
            ],
            [
              132.692502523,
              35.372596411
            ],
            [
              132.692454495,
              35.372588761
            ],
            [
              132.692366402,
              35.372568185
            ],
            [
              132.6923168,
              35.372564472
            ],
            [
              132.692286466,
              35.372572463
            ],
            [
              132.692211749,
              35.372888474
            ],
            [
              132.692339536,
              35.372891117
            ]
          ]
        ]
      },
      "properties": {
        "polygon_uuid": "35874b8c-7119-40dd-84d7-36a59966a0f5",
        "daicho_shubetsu_cd": "FUD25"
      }
    },
    {
      "type": "Feature",
      "geometry": {
        "type": "Polygon",
        "coordinates": [
          [
            [
              132.687012216,
              35.377093648
            ],
            [
              132.68718843,
              35.377162453
            ],
            [
              132.68742523,
              35.376751399
            ],
            [
              132.687113923,
              35.376630602
            ],
            [
              132.686812198,
              35.376510444
            ],
            [
              132.686781714,
              35.37651772
            ],
            [
              132.686757885,
              35.376542829
            ],
            [
              132.68675373,
              35.376574997
            ],
            [
              132.686945417,
              35.376879601
            ],
            [
              132.687012216,
              35.377093648
            ]
          ]
        ]
      },
      "properties": {
        "polygon_uuid": "87544dfe-407a-48cb-85cf-3726bab90357",
        "daicho_shubetsu_cd": "FUD25"
      }
    },
    {
      "type": "Feature",
      "geometry": {
        "type": "Polygon",
        "coordinates": [
          [
            [
              132.694614226,
              35.374724389
            ],
            [
              132.695104933,
              35.373887318
            ],
            [
              132.695078815,
              35.37387668
            ],
            [
              132.694908719,
              35.373810822
            ],
            [
              132.69442885,
              35.374631978
            ],
            [
              132.694524978,
              35.374669399
            ],
            [
              132.694540971,
              35.374680818
            ],
            [
              132.694583964,
              35.374713226
            ],
            [
              132.694614226,
              35.374724389
            ]
          ]
        ]
      },
      "properties": {
        "polygon_uuid": "34f3f6c6-38cb-4ce0-8c0f-375d135d706b",
        "daicho_shubetsu_cd": "FUD25"
      }
    },
    {
      "type": "Feature",
      "geometry": {
        "type": "Polygon",
        "coordinates": [
          [
            [
              132.69358025,
              35.375315986
            ],
            [
              132.693752219,
              35.375382618
            ],
            [
              132.694217136,
              35.374563735
            ],
            [
              132.694052962,
              35.374500203
            ],
            [
              132.69358025,
              35.375315986
            ]
          ]
        ]
      },
      "properties": {
        "polygon_uuid": "c5c77bbf-6477-4402-be1e-376196c35eb0",
        "daicho_shubetsu_cd": "FUD25"
      }
    },
    {
      "type": "Feature",
      "geometry": {
        "type": "Polygon",
        "coordinates": [
          [
            [
              132.685846888,
              35.374655571
            ],
            [
              132.685836833,
              35.374787943
            ],
            [
              132.685840839,
              35.374794421
            ],
            [
              132.68595507,
              35.374854929
            ],
            [
              132.686310079,
              35.374856539
            ],
            [
              132.686322387,
              35.374766372
            ],
            [
              132.686328732,
              35.374673796
            ],
            [
              132.686310327,
              35.374658803
            ],
            [
              132.685846888,
              35.374655571
            ]
          ]
        ]
      },
      "properties": {
        "polygon_uuid": "2bd2f318-a227-4c8d-aa1e-377d1da40dbb",
        "daicho_shubetsu_cd": "FUD25"
      }
    },
    {
      "type": "Feature",
      "geometry": {
        "type": "Polygon",
        "coordinates": [
          [
            [
              132.691193097,
              35.37345639
            ],
            [
              132.691306353,
              35.373434464
            ],
            [
              132.691349843,
              35.373415223
            ],
            [
              132.691336074,
              35.373309306
            ],
            [
              132.69132265,
              35.37325697
            ],
            [
              132.691303972,
              35.373066531
            ],
            [
              132.691317371,
              35.373064208
            ],
            [
              132.691302033,
              35.372991522
            ],
            [
              132.691290356,
              35.372984428
            ],
            [
              132.691059459,
              35.373024725
            ],
            [
              132.69106736,
              35.373122333
            ],
            [
              132.69108583,
              35.373280624
            ],
            [
              132.691096207,
              35.373311538
            ],
            [
              132.691122483,
              35.373328094
            ],
            [
              132.691125706,
              35.373376901
            ],
            [
              132.691178012,
              35.373371911
            ],
            [
              132.69118535,
              35.373382597
            ],
            [
              132.691193097,
              35.37345639
            ]
          ]
        ]
      },
      "properties": {
        "polygon_uuid": "89d1d49a-d110-436b-b057-37b632e9d852",
        "daicho_shubetsu_cd": "FUD25"
      }
    },
    {
      "type": "Feature",
      "geometry": {
        "type": "Polygon",
        "coordinates": [
          [
            [
              132.69409943,
              35.373445994
            ],
            [
              132.694340027,
              35.37302889
            ],
            [
              132.694096392,
              35.373050209
            ],
            [
              132.693912132,
              35.373372716
            ],
            [
              132.69409943,
              35.373445994
            ]
          ]
        ]
      },
      "properties": {
        "polygon_uuid": "464d6da5-2121-4cd0-ba3a-38560a8c9049",
        "daicho_shubetsu_cd": "FUD25"
      }
    },
    {
      "type": "Feature",
      "geometry": {
        "type": "Polygon",
        "coordinates": [
          [
            [
              132.697432919,
              35.375786155
            ],
            [
              132.697904928,
              35.374972418
            ],
            [
              132.697860531,
              35.374954974
            ],
            [
              132.697635801,
              35.374867949
            ],
            [
              132.697160614,
              35.375680907
            ],
            [
              132.697432919,
              35.375786155
            ]
          ]
        ]
      },
      "properties": {
        "polygon_uuid": "c61225b5-5fff-4d66-9bd6-38650a2947f5",
        "daicho_shubetsu_cd": "FUD25"
      }
    },
    {
      "type": "Feature",
      "geometry": {
        "type": "Polygon",
        "coordinates": [
          [
            [
              132.699992246,
              35.373256257
            ],
            [
              132.700250522,
              35.37337098
            ],
            [
              132.700295745,
              35.373394096
            ],
            [
              132.70031248,
              35.373404626
            ],
            [
              132.700457047,
              35.373473934
            ],
            [
              132.700491394,
              35.373421322
            ],
            [
              132.700652449,
              35.373157657
            ],
            [
              132.70011863,
              35.372740339
            ],
            [
              132.700110303,
              35.372746385
            ],
            [
              132.700092361,
              35.372903843
            ],
            [
              132.699992246,
              35.373256257
            ]
          ]
        ]
      },
      "properties": {
        "polygon_uuid": "8778e983-a2fc-47b2-ba72-38c6168816b3",
        "daicho_shubetsu_cd": "FUD25"
      }
    },
    {
      "type": "Feature",
      "geometry": {
        "type": "Polygon",
        "coordinates": [
          [
            [
              132.688939813,
              35.374072949
            ],
            [
              132.689039108,
              35.374110866
            ],
            [
              132.68935207,
              35.374230373
            ],
            [
              132.689655785,
              35.374346349
            ],
            [
              132.689865169,
              35.373988303
            ],
            [
              132.689683871,
              35.373926702
            ],
            [
              132.689594043,
              35.373974721
            ],
            [
              132.689562236,
              35.374002246
            ],
            [
              132.689547698,
              35.374002309
            ],
            [
              132.689505499,
              35.373996538
            ],
            [
              132.689463117,
              35.373962189
            ],
            [
              132.68933679,
              35.373986551
            ],
            [
              132.688992708,
              35.374060675
            ],
            [
              132.688939813,
              35.374072949
            ]
          ]
        ]
      },
      "properties": {
        "polygon_uuid": "9745cc29-ed54-4d8b-894d-38c790e8436b",
        "daicho_shubetsu_cd": "FUD25"
      }
    },
    {
      "type": "Feature",
      "geometry": {
        "type": "Polygon",
        "coordinates": [
          [
            [
              132.699253954,
              35.379193673
            ],
            [
              132.699328279,
              35.379185315
            ],
            [
              132.699330407,
              35.379189888
            ],
            [
              132.699530235,
              35.379162661
            ],
            [
              132.699540564,
              35.379244516
            ],
            [
              132.699649598,
              35.379235445
            ],
            [
              132.699655557,
              35.379290974
            ],
            [
              132.699807651,
              35.379285182
            ],
            [
              132.699780672,
              35.379244284
            ],
            [
              132.699754966,
              35.379143224
            ],
            [
              132.699691612,
              35.379155808
            ],
            [
              132.699664847,
              35.378935179
            ],
            [
              132.699637,
              35.378923389
            ],
            [
              132.699474462,
              35.378941435
            ],
            [
              132.699300094,
              35.378970362
            ],
            [
              132.699304374,
              35.379017998
            ],
            [
              132.699234366,
              35.37903022
            ],
            [
              132.699253954,
              35.379193673
            ]
          ]
        ]
      },
      "properties": {
        "polygon_uuid": "8d5f614c-23c7-47c8-8da0-38ca872c707b",
        "daicho_shubetsu_cd": "FUD25"
      }
    },
    {
      "type": "Feature",
      "geometry": {
        "type": "Polygon",
        "coordinates": [
          [
            [
              132.701303987,
              35.379587538
            ],
            [
              132.701609987,
              35.379465966
            ],
            [
              132.701520571,
              35.379342678
            ],
            [
              132.701207967,
              35.379466616
            ],
            [
              132.701284058,
              35.379573331
            ],
            [
              132.701303987,
              35.379587538
            ]
          ]
        ]
      },
      "properties": {
        "polygon_uuid": "4d0ccee7-6f67-498e-aca4-38ec6fc88a67",
        "daicho_shubetsu_cd": "FUD25"
      }
    },
    {
      "type": "Feature",
      "geometry": {
        "type": "Polygon",
        "coordinates": [
          [
            [
              132.691146106,
              35.376474644
            ],
            [
              132.691633292,
              35.375637828
            ],
            [
              132.691565304,
              35.375611373
            ],
            [
              132.691405822,
              35.375549319
            ],
            [
              132.691378237,
              35.375538586
            ],
            [
              132.690895758,
              35.376375292
            ],
            [
              132.691146106,
              35.376474644
            ]
          ]
        ]
      },
      "properties": {
        "polygon_uuid": "d0f45122-3193-4b46-b5a4-3996541169ff",
        "daicho_shubetsu_cd": "FUD25"
      }
    },
    {
      "type": "Feature",
      "geometry": {
        "type": "Polygon",
        "coordinates": [
          [
            [
              132.701271668,
              35.37855241
            ],
            [
              132.701052574,
              35.378616917
            ],
            [
              132.701145362,
              35.378784018
            ],
            [
              132.701207836,
              35.37876569
            ],
            [
              132.701330276,
              35.379017427
            ],
            [
              132.701544939,
              35.378949327
            ],
            [
              132.701645201,
              35.378912782
            ],
            [
              132.701665411,
              35.378902584
            ],
            [
              132.701571534,
              35.378704441
            ],
            [
              132.701655241,
              35.378697573
            ],
            [
              132.701607872,
              35.37860002
            ],
            [
              132.701312563,
              35.378604214
            ],
            [
              132.701281384,
              35.378555254
            ],
            [
              132.701271668,
              35.37855241
            ]
          ]
        ]
      },
      "properties": {
        "polygon_uuid": "ccd63de8-aa32-410b-a80b-3a526c62db7e",
        "daicho_shubetsu_cd": "FUD25"
      }
    },
    {
      "type": "Feature",
      "geometry": {
        "type": "Polygon",
        "coordinates": [
          [
            [
              132.692312326,
              35.378745751
            ],
            [
              132.692906283,
              35.378995318
            ],
            [
              132.692852074,
              35.379134527
            ],
            [
              132.692688092,
              35.379119799
            ],
            [
              132.692628523,
              35.37910343
            ],
            [
              132.692490831,
              35.379117095
            ],
            [
              132.692504369,
              35.379191867
            ],
            [
              132.692519521,
              35.379245502
            ],
            [
              132.692533281,
              35.379178424
            ],
            [
              132.693125143,
              35.379198414
            ],
            [
              132.693282008,
              35.379232293
            ],
            [
              132.693296355,
              35.379199995
            ],
            [
              132.693369311,
              35.379218154
            ],
            [
              132.693412268,
              35.379114828
            ],
            [
              132.693429404,
              35.379073576
            ],
            [
              132.692462114,
              35.378584451
            ],
            [
              132.692434498,
              35.378575069
            ],
            [
              132.692415675,
              35.378579902
            ],
            [
              132.692312326,
              35.378745751
            ]
          ]
        ]
      },
      "properties": {
        "polygon_uuid": "53747499-631f-43ee-86ad-3af4160c095f",
        "daicho_shubetsu_cd": "FUD25"
      }
    },
    {
      "type": "Feature",
      "geometry": {
        "type": "Polygon",
        "coordinates": [
          [
            [
              132.700403538,
              35.379161178
            ],
            [
              132.70048678,
              35.379139837
            ],
            [
              132.700536952,
              35.379261639
            ],
            [
              132.700929472,
              35.379158819
            ],
            [
              132.700940794,
              35.379137831
            ],
            [
              132.700866047,
              35.379032745
            ],
            [
              132.700679356,
              35.379074913
            ],
            [
              132.700655119,
              35.379008954
            ],
            [
              132.700366054,
              35.37909146
            ],
            [
              132.700392951,
              35.379159573
            ],
            [
              132.700403538,
              35.379161178
            ]
          ]
        ]
      },
      "properties": {
        "polygon_uuid": "50f1a73f-f245-4500-adb6-3b0914348e79",
        "daicho_shubetsu_cd": "FUD25"
      }
    },
    {
      "type": "Feature",
      "geometry": {
        "type": "Polygon",
        "coordinates": [
          [
            [
              132.692055014,
              35.373737797
            ],
            [
              132.691780529,
              35.374215697
            ],
            [
              132.691762858,
              35.374252443
            ],
            [
              132.691757166,
              35.374295249
            ],
            [
              132.691633122,
              35.374498695
            ],
            [
              132.691621283,
              35.374527894
            ],
            [
              132.691761928,
              35.374583511
            ],
            [
              132.691832,
              35.374609686
            ],
            [
              132.692288837,
              35.373815208
            ],
            [
              132.692074775,
              35.373733394
            ],
            [
              132.692055014,
              35.373737797
            ]
          ]
        ]
      },
      "properties": {
        "polygon_uuid": "47c61193-e420-4000-91e5-3b86ef0b11a0",
        "daicho_shubetsu_cd": "FUD25"
      }
    },
    {
      "type": "Feature",
      "geometry": {
        "type": "Polygon",
        "coordinates": [
          [
            [
              132.687374858,
              35.374504054
            ],
            [
              132.687017778,
              35.37436583
            ],
            [
              132.686889424,
              35.374378373
            ],
            [
              132.686825936,
              35.374384577
            ],
            [
              132.686406008,
              35.374420916
            ],
            [
              132.686387193,
              35.374434096
            ],
            [
              132.686377108,
              35.374448428
            ],
            [
              132.686386724,
              35.374587705
            ],
            [
              132.686391231,
              35.374610311
            ],
            [
              132.686440858,
              35.374641057
            ],
            [
              132.686660956,
              35.374729416
            ],
            [
              132.686681906,
              35.374737385
            ],
            [
              132.687010734,
              35.374862466
            ],
            [
              132.687141084,
              35.374913067
            ],
            [
              132.687568952,
              35.37507916
            ],
            [
              132.687669116,
              35.375117576
            ],
            [
              132.687679378,
              35.375121512
            ],
            [
              132.687917884,
              35.374714254
            ],
            [
              132.687909027,
              35.374710826
            ],
            [
              132.687903256,
              35.374708592
            ],
            [
              132.687374858,
              35.374504054
            ]
          ]
        ]
      },
      "properties": {
        "polygon_uuid": "3f741e47-f584-45bb-a423-3ba0ec71c89a",
        "daicho_shubetsu_cd": "FUD25"
      }
    },
    {
      "type": "Feature",
      "geometry": {
        "type": "Polygon",
        "coordinates": [
          [
            [
              132.697946402,
              35.37598462
            ],
            [
              132.698412155,
              35.375172754
            ],
            [
              132.698145534,
              35.375066959
            ],
            [
              132.698122926,
              35.375058076
            ],
            [
              132.697650685,
              35.375870324
            ],
            [
              132.697946402,
              35.37598462
            ]
          ]
        ]
      },
      "properties": {
        "polygon_uuid": "acbb1b95-51eb-4dfa-b1b4-3bf20c24f486",
        "daicho_shubetsu_cd": "FUD25"
      }
    },
    {
      "type": "Feature",
      "geometry": {
        "type": "Polygon",
        "coordinates": [
          [
            [
              132.685054652,
              35.373079406
            ],
            [
              132.684874961,
              35.373051137
            ],
            [
              132.684804682,
              35.373387723
            ],
            [
              132.684942892,
              35.373405734
            ],
            [
              132.684964311,
              35.373404718
            ],
            [
              132.684984573,
              35.373399089
            ],
            [
              132.684993447,
              35.373375961
            ],
            [
              132.685054652,
              35.373079406
            ]
          ]
        ]
      },
      "properties": {
        "polygon_uuid": "89b3c850-8215-4a52-a485-3c86d7e5cbc7",
        "daicho_shubetsu_cd": "FUD25"
      }
    },
    {
      "type": "Feature",
      "geometry": {
        "type": "Polygon",
        "coordinates": [
          [
            [
              132.68791248,
              35.373108699
            ],
            [
              132.687883328,
              35.372838277
            ],
            [
              132.687534523,
              35.372836465
            ],
            [
              132.687575304,
              35.373143765
            ],
            [
              132.68791248,
              35.373108699
            ]
          ]
        ]
      },
      "properties": {
        "polygon_uuid": "9eeead11-66cf-4980-b162-3ca1e16ec5ab",
        "daicho_shubetsu_cd": "FUD25"
      }
    },
    {
      "type": "Feature",
      "geometry": {
        "type": "Polygon",
        "coordinates": [
          [
            [
              132.690802525,
              35.377398621
            ],
            [
              132.690995473,
              35.377473864
            ],
            [
              132.691472629,
              35.376642711
            ],
            [
              132.691277416,
              35.376566157
            ],
            [
              132.690802525,
              35.377398621
            ]
          ]
        ]
      },
      "properties": {
        "polygon_uuid": "513132a2-caad-4c00-b32e-3d1ed0982c06",
        "daicho_shubetsu_cd": "FUD25"
      }
    },
    {
      "type": "Feature",
      "geometry": {
        "type": "Polygon",
        "coordinates": [
          [
            [
              132.693576931,
              35.374300333
            ],
            [
              132.694055479,
              35.373480068
            ],
            [
              132.693674065,
              35.373332134
            ],
            [
              132.693198909,
              35.37415317
            ],
            [
              132.693576931,
              35.374300333
            ]
          ]
        ]
      },
      "properties": {
        "polygon_uuid": "15594c1d-6ab0-4dc1-a07f-3d29623480aa",
        "daicho_shubetsu_cd": "FUD25"
      }
    },
    {
      "type": "Feature",
      "geometry": {
        "type": "Polygon",
        "coordinates": [
          [
            [
              132.6959292,
              35.374151561
            ],
            [
              132.696437742,
              35.37435022
            ],
            [
              132.696915073,
              35.373524744
            ],
            [
              132.696405835,
              35.373324057
            ],
            [
              132.6959292,
              35.374151561
            ]
          ]
        ]
      },
      "properties": {
        "polygon_uuid": "a5049e11-cace-4053-97a3-3d621b58c15e",
        "daicho_shubetsu_cd": "FUD25"
      }
    },
    {
      "type": "Feature",
      "geometry": {
        "type": "Polygon",
        "coordinates": [
          [
            [
              132.692748063,
              35.373979805
            ],
            [
              132.693227501,
              35.373154198
            ],
            [
              132.693200369,
              35.373143234
            ],
            [
              132.692883308,
              35.37319205
            ],
            [
              132.692482738,
              35.373877821
            ],
            [
              132.692748063,
              35.373979805
            ]
          ]
        ]
      },
      "properties": {
        "polygon_uuid": "7ac97fdf-ca7a-4bf5-9613-3dbc41847dce",
        "daicho_shubetsu_cd": "FUD25"
      }
    },
    {
      "type": "Feature",
      "geometry": {
        "type": "Polygon",
        "coordinates": [
          [
            [
              132.686746246,
              35.380024135
            ],
            [
              132.686870689,
              35.380013402
            ],
            [
              132.687424657,
              35.379959235
            ],
            [
              132.68754269,
              35.379949114
            ],
            [
              132.687492599,
              35.379940907
            ],
            [
              132.687377621,
              35.379895644
            ],
            [
              132.687199768,
              35.379828174
            ],
            [
              132.687073881,
              35.379762887
            ],
            [
              132.687019949,
              35.379742205
            ],
            [
              132.686918624,
              35.379703347
            ],
            [
              132.68673294,
              35.379637516
            ],
            [
              132.686438382,
              35.379550449
            ],
            [
              132.686404091,
              35.379705936
            ],
            [
              132.686564829,
              35.379701282
            ],
            [
              132.686742943,
              35.379733028
            ],
            [
              132.686743499,
              35.379819726
            ],
            [
              132.686746246,
              35.380024135
            ]
          ]
        ]
      },
      "properties": {
        "polygon_uuid": "48823823-c571-4211-9a12-3e06f40f0024",
        "daicho_shubetsu_cd": "FUD25"
      }
    },
    {
      "type": "Feature",
      "geometry": {
        "type": "Polygon",
        "coordinates": [
          [
            [
              132.683921063,
              35.375202077
            ],
            [
              132.683929575,
              35.374925981
            ],
            [
              132.683787733,
              35.374924528
            ],
            [
              132.683777395,
              35.374935532
            ],
            [
              132.683744553,
              35.374934983
            ],
            [
              132.68372492,
              35.375357941
            ],
            [
              132.683723788,
              35.37537999
            ],
            [
              132.683716443,
              35.375523222
            ],
            [
              132.683731513,
              35.375554819
            ],
            [
              132.683741086,
              35.375657069
            ],
            [
              132.683880814,
              35.375651601
            ],
            [
              132.683883181,
              35.375556605
            ],
            [
              132.683896414,
              35.375533412
            ],
            [
              132.683909656,
              35.375511435
            ],
            [
              132.683913082,
              35.375349459
            ],
            [
              132.683921063,
              35.375202077
            ]
          ]
        ]
      },
      "properties": {
        "polygon_uuid": "832a4232-b9a3-4124-acbf-3e9518e1ae75",
        "daicho_shubetsu_cd": "FUD25"
      }
    },
    {
      "type": "Feature",
      "geometry": {
        "type": "Polygon",
        "coordinates": [
          [
            [
              132.689572625,
              35.378084587
            ],
            [
              132.689453761,
              35.378374474
            ],
            [
              132.689396915,
              35.378477948
            ],
            [
              132.689454705,
              35.378520792
            ],
            [
              132.689528409,
              35.378564571
            ],
            [
              132.689759836,
              35.378157526
            ],
            [
              132.689572625,
              35.378084587
            ]
          ]
        ]
      },
      "properties": {
        "polygon_uuid": "8c1e2e27-dcc3-4b92-9fd0-3f18a700a980",
        "daicho_shubetsu_cd": "FUD25"
      }
    },
    {
      "type": "Feature",
      "geometry": {
        "type": "Polygon",
        "coordinates": [
          [
            [
              132.695132732,
              35.376996928
            ],
            [
              132.695160626,
              35.377007815
            ],
            [
              132.695282587,
              35.376789194
            ],
            [
              132.695496884,
              35.376421003
            ],
            [
              132.695627167,
              35.376194893
            ],
            [
              132.695282702,
              35.376060144
            ],
            [
              132.694825142,
              35.376876872
            ],
            [
              132.694923498,
              35.376915262
            ],
            [
              132.695132732,
              35.376996928
            ]
          ]
        ]
      },
      "properties": {
        "polygon_uuid": "43d09aa6-ffe5-4261-8875-3f261a81ff02",
        "daicho_shubetsu_cd": "FUD25"
      }
    },
    {
      "type": "Feature",
      "geometry": {
        "type": "Polygon",
        "coordinates": [
          [
            [
              132.689700709,
              35.375404344
            ],
            [
              132.689388798,
              35.375283613
            ],
            [
              132.68915568,
              35.375689926
            ],
            [
              132.68957591,
              35.375854008
            ],
            [
              132.689612132,
              35.375868139
            ],
            [
              132.68984266,
              35.375459289
            ],
            [
              132.689700709,
              35.375404344
            ]
          ]
        ]
      },
      "properties": {
        "polygon_uuid": "476e2744-30d5-4132-be68-3fb7f4889c53",
        "daicho_shubetsu_cd": "FUD25"
      }
    },
    {
      "type": "Feature",
      "geometry": {
        "type": "Polygon",
        "coordinates": [
          [
            [
              132.692521956,
              35.3759836
            ],
            [
              132.692412185,
              35.375940889
            ],
            [
              132.691930062,
              35.376776007
            ],
            [
              132.692110704,
              35.376845447
            ],
            [
              132.692591313,
              35.376010483
            ],
            [
              132.692521956,
              35.3759836
            ]
          ]
        ]
      },
      "properties": {
        "polygon_uuid": "12f86c46-114b-46c7-80ea-402b2e462ea1",
        "daicho_shubetsu_cd": "FUD25"
      }
    },
    {
      "type": "Feature",
      "geometry": {
        "type": "Polygon",
        "coordinates": [
          [
            [
              132.685103327,
              35.377214308
            ],
            [
              132.684794163,
              35.377219825
            ],
            [
              132.684803201,
              35.37758694
            ],
            [
              132.68482083,
              35.377727971
            ],
            [
              132.685053227,
              35.377710535
            ],
            [
              132.685108382,
              35.377703448
            ],
            [
              132.68511664,
              35.377686973
            ],
            [
              132.685110386,
              35.377493834
            ],
            [
              132.685103327,
              35.377214308
            ]
          ]
        ]
      },
      "properties": {
        "polygon_uuid": "3615c6d3-b43c-44a5-8326-4049ceebc329",
        "daicho_shubetsu_cd": "FUD25"
      }
    },
    {
      "type": "Feature",
      "geometry": {
        "type": "Polygon",
        "coordinates": [
          [
            [
              132.688390074,
              35.373548952
            ],
            [
              132.688164467,
              35.373506087
            ],
            [
              132.688038742,
              35.373479027
            ],
            [
              132.687995061,
              35.373468391
            ],
            [
              132.687973223,
              35.373463614
            ],
            [
              132.687969965,
              35.373470665
            ],
            [
              132.687978803,
              35.373611886
            ],
            [
              132.687986798,
              35.373622135
            ],
            [
              132.688061397,
              35.373610989
            ],
            [
              132.688257456,
              35.373580375
            ],
            [
              132.68838748,
              35.373556541
            ],
            [
              132.688390074,
              35.373548952
            ]
          ]
        ]
      },
      "properties": {
        "polygon_uuid": "647747b4-b20f-49ba-aa54-4082f9ae0ecb",
        "daicho_shubetsu_cd": "FUD25"
      }
    },
    {
      "type": "Feature",
      "geometry": {
        "type": "Polygon",
        "coordinates": [
          [
            [
              132.70069672,
              35.374360964
            ],
            [
              132.700737809,
              35.37439979
            ],
            [
              132.700917834,
              35.374295819
            ],
            [
              132.701337294,
              35.374015831
            ],
            [
              132.701293013,
              35.373991934
            ],
            [
              132.701233594,
              35.37397471
            ],
            [
              132.701187216,
              35.373956458
            ],
            [
              132.701114167,
              35.373922154
            ],
            [
              132.700921371,
              35.374105075
            ],
            [
              132.70069672,
              35.374360964
            ]
          ]
        ]
      },
      "properties": {
        "polygon_uuid": "c9a02486-bfc9-4751-8d15-40a1705d18d2",
        "daicho_shubetsu_cd": "FUD25"
      }
    },
    {
      "type": "Feature",
      "geometry": {
        "type": "Polygon",
        "coordinates": [
          [
            [
              132.698972304,
              35.375387042
            ],
            [
              132.698690184,
              35.375276857
            ],
            [
              132.698667843,
              35.375285422
            ],
            [
              132.698647271,
              35.375301034
            ],
            [
              132.698194152,
              35.376087581
            ],
            [
              132.698497702,
              35.376204653
            ],
            [
              132.698972304,
              35.375387042
            ]
          ]
        ]
      },
      "properties": {
        "polygon_uuid": "99ba13c9-a193-4754-8be1-40aa37570b5d",
        "daicho_shubetsu_cd": "FUD25"
      }
    },
    {
      "type": "Feature",
      "geometry": {
        "type": "Polygon",
        "coordinates": [
          [
            [
              132.697244709,
              35.37858883
            ],
            [
              132.697712192,
              35.378684638
            ],
            [
              132.697765369,
              35.378594226
            ],
            [
              132.697798796,
              35.378549537
            ],
            [
              132.697885222,
              35.378459181
            ],
            [
              132.697854598,
              35.378455863
            ],
            [
              132.697476635,
              35.378376457
            ],
            [
              132.69742987,
              35.378364276
            ],
            [
              132.697244709,
              35.37858883
            ]
          ]
        ]
      },
      "properties": {
        "polygon_uuid": "0b09ee26-4475-45a8-9999-40bb053b2323",
        "daicho_shubetsu_cd": "FUD25"
      }
    },
    {
      "type": "Feature",
      "geometry": {
        "type": "Polygon",
        "coordinates": [
          [
            [
              132.698596585,
              35.377794822
            ],
            [
              132.698818894,
              35.377823253
            ],
            [
              132.698873648,
              35.37783054
            ],
            [
              132.698904033,
              35.377700235
            ],
            [
              132.698633523,
              35.377667095
            ],
            [
              132.698628616,
              35.3776832
            ],
            [
              132.698624357,
              35.377698039
            ],
            [
              132.698596585,
              35.377794822
            ]
          ]
        ]
      },
      "properties": {
        "polygon_uuid": "feeec7c6-1823-480b-83e9-40e2ef021e3f",
        "daicho_shubetsu_cd": "FUD25"
      }
    },
    {
      "type": "Feature",
      "geometry": {
        "type": "Polygon",
        "coordinates": [
          [
            [
              132.701427511,
              35.380603875
            ],
            [
              132.701459623,
              35.380583713
            ],
            [
              132.70149224,
              35.380566511
            ],
            [
              132.701726234,
              35.380404643
            ],
            [
              132.701858003,
              35.380307804
            ],
            [
              132.701863809,
              35.380285847
            ],
            [
              132.701850307,
              35.380268848
            ],
            [
              132.701643574,
              35.380052884
            ],
            [
              132.701610949,
              35.380068868
            ],
            [
              132.701547252,
              35.380110576
            ],
            [
              132.701442423,
              35.380006256
            ],
            [
              132.70137776,
              35.380127166
            ],
            [
              132.701349526,
              35.380132165
            ],
            [
              132.701318253,
              35.380127429
            ],
            [
              132.701219582,
              35.380280169
            ],
            [
              132.701225734,
              35.380310602
            ],
            [
              132.701165253,
              35.38038885
            ],
            [
              132.701226465,
              35.380421476
            ],
            [
              132.701427511,
              35.380603875
            ]
          ]
        ]
      },
      "properties": {
        "polygon_uuid": "0f4cefb6-79d2-4d47-bd07-4113d08d120a",
        "daicho_shubetsu_cd": "FUD25"
      }
    },
    {
      "type": "Feature",
      "geometry": {
        "type": "Polygon",
        "coordinates": [
          [
            [
              132.69504218,
              35.377975966
            ],
            [
              132.695210149,
              35.378041214
            ],
            [
              132.695686952,
              35.377212472
            ],
            [
              132.6955218,
              35.377148299
            ],
            [
              132.69504218,
              35.377975966
            ]
          ]
        ]
      },
      "properties": {
        "polygon_uuid": "51240a00-73da-47d2-9324-4116c960af11",
        "daicho_shubetsu_cd": "FUD25"
      }
    },
    {
      "type": "Feature",
      "geometry": {
        "type": "Polygon",
        "coordinates": [
          [
            [
              132.683921063,
              35.375202077
            ],
            [
              132.683938764,
              35.375180082
            ],
            [
              132.684036845,
              35.375172356
            ],
            [
              132.684185492,
              35.375166847
            ],
            [
              132.684237506,
              35.375162971
            ],
            [
              132.684253713,
              35.375139765
            ],
            [
              132.684298886,
              35.374995876
            ],
            [
              132.684360564,
              35.374792457
            ],
            [
              132.68432864,
              35.374790016
            ],
            [
              132.684086164,
              35.374770352
            ],
            [
              132.684044542,
              35.374771749
            ],
            [
              132.68401697,
              35.374877811
            ],
            [
              132.683993399,
              35.374912009
            ],
            [
              132.683929575,
              35.374925981
            ],
            [
              132.683921063,
              35.375202077
            ]
          ]
        ]
      },
      "properties": {
        "polygon_uuid": "d7f77b44-9998-4753-a057-414004cb2c0b",
        "daicho_shubetsu_cd": "FUD25"
      }
    },
    {
      "type": "Feature",
      "geometry": {
        "type": "Polygon",
        "coordinates": [
          [
            [
              132.694998745,
              35.373228094
            ],
            [
              132.694989017,
              35.373224333
            ],
            [
              132.69471769,
              35.373688512
            ],
            [
              132.694932522,
              35.373772888
            ],
            [
              132.695199788,
              35.37330582
            ],
            [
              132.694998745,
              35.373228094
            ]
          ]
        ]
      },
      "properties": {
        "polygon_uuid": "7b5149ee-3aaa-482c-a16b-4143cc9edd15",
        "daicho_shubetsu_cd": "FUD25"
      }
    },
    {
      "type": "Feature",
      "geometry": {
        "type": "Polygon",
        "coordinates": [
          [
            [
              132.701350089,
              35.375375721
            ],
            [
              132.701063377,
              35.375211283
            ],
            [
              132.700890353,
              35.375442737
            ],
            [
              132.701391709,
              35.375671208
            ],
            [
              132.701511672,
              35.375514718
            ],
            [
              132.701521389,
              35.375484564
            ],
            [
              132.701519973,
              35.375470491
            ],
            [
              132.701350089,
              35.375375721
            ]
          ]
        ]
      },
      "properties": {
        "polygon_uuid": "bccbb9e8-704d-44a9-aecb-41ca9f4acd56",
        "daicho_shubetsu_cd": "FUD25"
      }
    },
    {
      "type": "Feature",
      "geometry": {
        "type": "Polygon",
        "coordinates": [
          [
            [
              132.684402719,
              35.372984934
            ],
            [
              132.684591772,
              35.373011004
            ],
            [
              132.684796496,
              35.373039236
            ],
            [
              132.684891356,
              35.372582727
            ],
            [
              132.684290904,
              35.372491658
            ],
            [
              132.683952318,
              35.372446004
            ],
            [
              132.683860429,
              35.372434567
            ],
            [
              132.683763146,
              35.372896254
            ],
            [
              132.683903378,
              35.372916072
            ],
            [
              132.684402719,
              35.372984934
            ]
          ]
        ]
      },
      "properties": {
        "polygon_uuid": "9dadb6e8-93f7-4260-bdbe-4214042cd70c",
        "daicho_shubetsu_cd": "FUD25"
      }
    },
    {
      "type": "Feature",
      "geometry": {
        "type": "Polygon",
        "coordinates": [
          [
            [
              132.700283316,
              35.372246306
            ],
            [
              132.700551176,
              35.372401802
            ],
            [
              132.700956013,
              35.371985391
            ],
            [
              132.700540149,
              35.371718611
            ],
            [
              132.700283316,
              35.372246306
            ]
          ]
        ]
      },
      "properties": {
        "polygon_uuid": "6eb3ecc7-ce7d-40fb-b871-429ef9e7ea21",
        "daicho_shubetsu_cd": "FUD25"
      }
    },
    {
      "type": "Feature",
      "geometry": {
        "type": "Polygon",
        "coordinates": [
          [
            [
              132.693005704,
              35.375093404
            ],
            [
              132.693099874,
              35.375129854
            ],
            [
              132.693239862,
              35.375184096
            ],
            [
              132.69371242,
              35.37436867
            ],
            [
              132.693478949,
              35.374279165
            ],
            [
              132.693005704,
              35.375093404
            ]
          ]
        ]
      },
      "properties": {
        "polygon_uuid": "a5cdcb9d-64aa-4f28-96c6-42bc762a123d",
        "daicho_shubetsu_cd": "FUD25"
      }
    },
    {
      "type": "Feature",
      "geometry": {
        "type": "Polygon",
        "coordinates": [
          [
            [
              132.701112026,
              35.379368804
            ],
            [
              132.700983902,
              35.379191029
            ],
            [
              132.70094415,
              35.379178931
            ],
            [
              132.700698616,
              35.379244998
            ],
            [
              132.70080673,
              35.379463295
            ],
            [
              132.700792667,
              35.379469856
            ],
            [
              132.700848082,
              35.379584414
            ],
            [
              132.70100907,
              35.379531716
            ],
            [
              132.700958068,
              35.379417861
            ],
            [
              132.701102352,
              35.379372457
            ],
            [
              132.701112026,
              35.379368804
            ]
          ]
        ]
      },
      "properties": {
        "polygon_uuid": "a01b0d14-99f2-48cd-9ce0-43152b4d78a1",
        "daicho_shubetsu_cd": "FUD25"
      }
    },
    {
      "type": "Feature",
      "geometry": {
        "type": "Polygon",
        "coordinates": [
          [
            [
              132.686199454,
              35.373178595
            ],
            [
              132.686303154,
              35.373178148
            ],
            [
              132.686311675,
              35.373202771
            ],
            [
              132.686348613,
              35.373224532
            ],
            [
              132.686549331,
              35.373225038
            ],
            [
              132.686609378,
              35.373198751
            ],
            [
              132.686645375,
              35.373073928
            ],
            [
              132.686661732,
              35.373016319
            ],
            [
              132.686668255,
              35.372990261
            ],
            [
              132.686658953,
              35.372978937
            ],
            [
              132.686623272,
              35.372979091
            ],
            [
              132.686338904,
              35.372975747
            ],
            [
              132.686297852,
              35.372960732
            ],
            [
              132.686263881,
              35.37289958
            ],
            [
              132.685995062,
              35.372933509
            ],
            [
              132.685894611,
              35.372989451
            ],
            [
              132.685896567,
              35.373030713
            ],
            [
              132.685914156,
              35.373244086
            ],
            [
              132.686164706,
              35.373231037
            ],
            [
              132.686199454,
              35.373178595
            ]
          ]
        ]
      },
      "properties": {
        "polygon_uuid": "20f010b1-6231-4aae-89d9-43582593aa86",
        "daicho_shubetsu_cd": "FUD25"
      }
    },
    {
      "type": "Feature",
      "geometry": {
        "type": "Polygon",
        "coordinates": [
          [
            [
              132.694593189,
              35.375693816
            ],
            [
              132.695053339,
              35.374886353
            ],
            [
              132.694990065,
              35.374862212
            ],
            [
              132.694949356,
              35.374861199
            ],
            [
              132.694894197,
              35.374873345
            ],
            [
              132.694443715,
              35.375565855
            ],
            [
              132.694446904,
              35.375609179
            ],
            [
              132.694470403,
              35.375645983
            ],
            [
              132.694593189,
              35.375693816
            ]
          ]
        ]
      },
      "properties": {
        "polygon_uuid": "626c4c23-6ca0-4b8d-8dce-436e6f5cee23",
        "daicho_shubetsu_cd": "FUD25"
      }
    },
    {
      "type": "Feature",
      "geometry": {
        "type": "Polygon",
        "coordinates": [
          [
            [
              132.699578449,
              35.377918556
            ],
            [
              132.69956123,
              35.377914299
            ],
            [
              132.699366777,
              35.377885708
            ],
            [
              132.699078243,
              35.377847268
            ],
            [
              132.699007704,
              35.377845413
            ],
            [
              132.698939695,
              35.378094813
            ],
            [
              132.698875225,
              35.378346003
            ],
            [
              132.699381348,
              35.378389163
            ],
            [
              132.699395587,
              35.378379089
            ],
            [
              132.699405311,
              35.37824908
            ],
            [
              132.699459184,
              35.37799541
            ],
            [
              132.699558019,
              35.378010137
            ],
            [
              132.699578449,
              35.377918556
            ]
          ]
        ]
      },
      "properties": {
        "polygon_uuid": "a2a1a292-0724-45b1-b27d-4416f8f1658c",
        "daicho_shubetsu_cd": "FUD25"
      }
    },
    {
      "type": "Feature",
      "geometry": {
        "type": "Polygon",
        "coordinates": [
          [
            [
              132.694016347,
              35.378648917
            ],
            [
              132.693728082,
              35.379148339
            ],
            [
              132.693845101,
              35.379193178
            ],
            [
              132.694135287,
              35.378694477
            ],
            [
              132.694097725,
              35.378680088
            ],
            [
              132.694016347,
              35.378648917
            ]
          ]
        ]
      },
      "properties": {
        "polygon_uuid": "044f99c7-d025-439d-aa98-4437bf53611c",
        "daicho_shubetsu_cd": "FUD25"
      }
    },
    {
      "type": "Feature",
      "geometry": {
        "type": "Polygon",
        "coordinates": [
          [
            [
              132.691633292,
              35.375637828
            ],
            [
              132.691665063,
              35.375650189
            ],
            [
              132.69214064,
              35.374837024
            ],
            [
              132.692073162,
              35.37481082
            ],
            [
              132.692035174,
              35.374796378
            ],
            [
              132.691565304,
              35.375611373
            ],
            [
              132.691633292,
              35.375637828
            ]
          ]
        ]
      },
      "properties": {
        "polygon_uuid": "696eeac1-399b-4183-8ccc-4460e1a70f3e",
        "daicho_shubetsu_cd": "FUD25"
      }
    },
    {
      "type": "Feature",
      "geometry": {
        "type": "Polygon",
        "coordinates": [
          [
            [
              132.687550842,
              35.373146308
            ],
            [
              132.687575304,
              35.373143765
            ],
            [
              132.687534523,
              35.372836465
            ],
            [
              132.687883328,
              35.372838277
            ],
            [
              132.687876605,
              35.372775907
            ],
            [
              132.687221748,
              35.372767059
            ],
            [
              132.687210057,
              35.372757583
            ],
            [
              132.687193148,
              35.372614765
            ],
            [
              132.68714588,
              35.3726201
            ],
            [
              132.687029716,
              35.372642035
            ],
            [
              132.686955257,
              35.372668552
            ],
            [
              132.686900757,
              35.372696951
            ],
            [
              132.68692067,
              35.372741519
            ],
            [
              132.68705198,
              35.372814185
            ],
            [
              132.687183266,
              35.372883279
            ],
            [
              132.687244681,
              35.372938385
            ],
            [
              132.687400166,
              35.37304006
            ],
            [
              132.687550842,
              35.373146308
            ]
          ]
        ]
      },
      "properties": {
        "polygon_uuid": "dcef0bb6-0e5b-4726-bb6d-44b37c162362",
        "daicho_shubetsu_cd": "FUD25"
      }
    },
    {
      "type": "Feature",
      "geometry": {
        "type": "Polygon",
        "coordinates": [
          [
            [
              132.693789064,
              35.377490444
            ],
            [
              132.694261845,
              35.376657009
            ],
            [
              132.694090007,
              35.376589937
            ],
            [
              132.693615443,
              35.377423477
            ],
            [
              132.693641517,
              35.377433454
            ],
            [
              132.693789064,
              35.377490444
            ]
          ]
        ]
      },
      "properties": {
        "polygon_uuid": "869fa4a8-9cb8-4e9c-beb7-44bca0ce38b8",
        "daicho_shubetsu_cd": "FUD25"
      }
    },
    {
      "type": "Feature",
      "geometry": {
        "type": "Polygon",
        "coordinates": [
          [
            [
              132.694244758,
              35.379816518
            ],
            [
              132.694307183,
              35.379825748
            ],
            [
              132.694326021,
              35.37982329
            ],
            [
              132.694334637,
              35.379810186
            ],
            [
              132.694347079,
              35.379716296
            ],
            [
              132.694346863,
              35.379683038
            ],
            [
              132.693745414,
              35.379527686
            ],
            [
              132.693687366,
              35.379690517
            ],
            [
              132.694244758,
              35.379816518
            ]
          ]
        ]
      },
      "properties": {
        "polygon_uuid": "7b051721-6143-45fa-95db-44ef3ba9bf1a",
        "daicho_shubetsu_cd": "FUD25"
      }
    },
    {
      "type": "Feature",
      "geometry": {
        "type": "Polygon",
        "coordinates": [
          [
            [
              132.70087872,
              35.374528078
            ],
            [
              132.700975378,
              35.37461654
            ],
            [
              132.701077268,
              35.37468895
            ],
            [
              132.701171168,
              35.374628789
            ],
            [
              132.701672293,
              35.374268098
            ],
            [
              132.701669562,
              35.37425548
            ],
            [
              132.701346578,
              35.374020841
            ],
            [
              132.701337294,
              35.374015831
            ],
            [
              132.700917834,
              35.374295819
            ],
            [
              132.700737809,
              35.37439979
            ],
            [
              132.70087872,
              35.374528078
            ]
          ]
        ]
      },
      "properties": {
        "polygon_uuid": "385b0f0e-8847-4a48-bc48-450688ca6ece",
        "daicho_shubetsu_cd": "FUD25"
      }
    },
    {
      "type": "Feature",
      "geometry": {
        "type": "Polygon",
        "coordinates": [
          [
            [
              132.693390233,
              35.375242361
            ],
            [
              132.69358025,
              35.375315986
            ],
            [
              132.694052962,
              35.374500203
            ],
            [
              132.693861053,
              35.374425939
            ],
            [
              132.693390233,
              35.375242361
            ]
          ]
        ]
      },
      "properties": {
        "polygon_uuid": "2d8e2cd3-032d-489f-9115-4553073b5284",
        "daicho_shubetsu_cd": "FUD25"
      }
    },
    {
      "type": "Feature",
      "geometry": {
        "type": "Polygon",
        "coordinates": [
          [
            [
              132.698035643,
              35.374971477
            ],
            [
              132.698281602,
              35.375067485
            ],
            [
              132.69875382,
              35.374237262
            ],
            [
              132.698518698,
              35.374147349
            ],
            [
              132.698035643,
              35.374971477
            ]
          ]
        ]
      },
      "properties": {
        "polygon_uuid": "99ed4b64-d435-4ed1-ba34-4585e576ba4b",
        "daicho_shubetsu_cd": "FUD25"
      }
    },
    {
      "type": "Feature",
      "geometry": {
        "type": "Polygon",
        "coordinates": [
          [
            [
              132.694016347,
              35.378648917
            ],
            [
              132.694097725,
              35.378680088
            ],
            [
              132.694580822,
              35.377843199
            ],
            [
              132.694428695,
              35.377783821
            ],
            [
              132.694297247,
              35.377733943
            ],
            [
              132.693814149,
              35.378569645
            ],
            [
              132.694016347,
              35.378648917
            ]
          ]
        ]
      },
      "properties": {
        "polygon_uuid": "e3aec6d4-71d9-4b51-bf1a-45fe004fb1f2",
        "daicho_shubetsu_cd": "FUD25"
      }
    },
    {
      "type": "Feature",
      "geometry": {
        "type": "Polygon",
        "coordinates": [
          [
            [
              132.696563444,
              35.373376036
            ],
            [
              132.696828983,
              35.372918571
            ],
            [
              132.696783503,
              35.372931355
            ],
            [
              132.696723208,
              35.372953621
            ],
            [
              132.696273594,
              35.373244366
            ],
            [
              132.696273713,
              35.373262701
            ],
            [
              132.696563444,
              35.373376036
            ]
          ]
        ]
      },
      "properties": {
        "polygon_uuid": "9b6a5f17-07ad-43a2-a74e-476b371c3978",
        "daicho_shubetsu_cd": "FUD25"
      }
    },
    {
      "type": "Feature",
      "geometry": {
        "type": "Polygon",
        "coordinates": [
          [
            [
              132.702283756,
              35.372772533
            ],
            [
              132.702420901,
              35.372864958
            ],
            [
              132.702427421,
              35.372869226
            ],
            [
              132.7027196,
              35.372562284
            ],
            [
              132.70260277,
              35.37248912
            ],
            [
              132.702558703,
              35.372536472
            ],
            [
              132.702485156,
              35.372491082
            ],
            [
              132.702433232,
              35.372549007
            ],
            [
              132.702398468,
              35.372552108
            ],
            [
              132.702309457,
              35.372514188
            ],
            [
              132.702275868,
              35.372513354
            ],
            [
              132.702248358,
              35.372525266
            ],
            [
              132.702175707,
              35.372603199
            ],
            [
              132.702346739,
              35.372710508
            ],
            [
              132.702283756,
              35.372772533
            ]
          ]
        ]
      },
      "properties": {
        "polygon_uuid": "538d1100-d257-4d21-85ad-48e28e14fc14",
        "daicho_shubetsu_cd": "FUD25"
      }
    },
    {
      "type": "Feature",
      "geometry": {
        "type": "Polygon",
        "coordinates": [
          [
            [
              132.692254907,
              35.377963345
            ],
            [
              132.692323929,
              35.377989682
            ],
            [
              132.692809197,
              35.377157095
            ],
            [
              132.692533527,
              35.377051262
            ],
            [
              132.692058275,
              35.377888313
            ],
            [
              132.692254907,
              35.377963345
            ]
          ]
        ]
      },
      "properties": {
        "polygon_uuid": "6b8f87aa-bfc4-426a-aa9e-494d6fa33e59",
        "daicho_shubetsu_cd": "FUD25"
      }
    },
    {
      "type": "Feature",
      "geometry": {
        "type": "Polygon",
        "coordinates": [
          [
            [
              132.702485156,
              35.372491082
            ],
            [
              132.702558703,
              35.372536472
            ],
            [
              132.70260277,
              35.37248912
            ],
            [
              132.7027196,
              35.372562284
            ],
            [
              132.702730561,
              35.37255115
            ],
            [
              132.702947081,
              35.372331216
            ],
            [
              132.702769285,
              35.372217422
            ],
            [
              132.702733303,
              35.372217581
            ],
            [
              132.702522422,
              35.372432685
            ],
            [
              132.702522532,
              35.372449386
            ],
            [
              132.702485156,
              35.372491082
            ]
          ]
        ]
      },
      "properties": {
        "polygon_uuid": "7be87dd0-953d-43b7-9c3f-49f43ae6cc75",
        "daicho_shubetsu_cd": "FUD25"
      }
    },
    {
      "type": "Feature",
      "geometry": {
        "type": "Polygon",
        "coordinates": [
          [
            [
              132.686709865,
              35.380284156
            ],
            [
              132.686710876,
              35.380266417
            ],
            [
              132.686797615,
              35.380264839
            ],
            [
              132.68680311,
              35.380204606
            ],
            [
              132.687083999,
              35.38021303
            ],
            [
              132.687285515,
              35.380225409
            ],
            [
              132.687275331,
              35.380471105
            ],
            [
              132.687302843,
              35.380456192
            ],
            [
              132.687315855,
              35.380421817
            ],
            [
              132.687324196,
              35.380363255
            ],
            [
              132.687374997,
              35.380006605
            ],
            [
              132.687310955,
              35.380011831
            ],
            [
              132.687145314,
              35.380026025
            ],
            [
              132.687122581,
              35.380152404
            ],
            [
              132.686796252,
              35.380165851
            ],
            [
              132.686797014,
              35.380056224
            ],
            [
              132.686614405,
              35.380072631
            ],
            [
              132.686611782,
              35.380122014
            ],
            [
              132.686657407,
              35.380129043
            ],
            [
              132.686645048,
              35.380265168
            ],
            [
              132.68666283,
              35.380286767
            ],
            [
              132.686709865,
              35.380284156
            ]
          ]
        ]
      },
      "properties": {
        "polygon_uuid": "ed270922-815f-4d15-bcc2-4aa14add7ab0",
        "daicho_shubetsu_cd": "FUD25"
      }
    },
    {
      "type": "Feature",
      "geometry": {
        "type": "Polygon",
        "coordinates": [
          [
            [
              132.697408892,
              35.376793011
            ],
            [
              132.697875338,
              35.375977354
            ],
            [
              132.697559663,
              35.375855106
            ],
            [
              132.697089438,
              35.376670733
            ],
            [
              132.697408892,
              35.376793011
            ]
          ]
        ]
      },
      "properties": {
        "polygon_uuid": "f27b3398-1ac9-452d-b354-4ab6b7b7bc70",
        "daicho_shubetsu_cd": "FUD25"
      }
    },
    {
      "type": "Feature",
      "geometry": {
        "type": "Polygon",
        "coordinates": [
          [
            [
              132.685103327,
              35.377214308
            ],
            [
              132.685101426,
              35.377139049
            ],
            [
              132.685097616,
              35.377066456
            ],
            [
              132.684721196,
              35.377057111
            ],
            [
              132.684624208,
              35.377061637
            ],
            [
              132.684621108,
              35.377100009
            ],
            [
              132.684606228,
              35.377127473
            ],
            [
              132.684592926,
              35.37713986
            ],
            [
              132.684594196,
              35.377216573
            ],
            [
              132.684665275,
              35.377218988
            ],
            [
              132.684702114,
              35.377225224
            ],
            [
              132.684776815,
              35.377223076
            ],
            [
              132.684794163,
              35.377219825
            ],
            [
              132.685103327,
              35.377214308
            ]
          ]
        ]
      },
      "properties": {
        "polygon_uuid": "038a9c2f-e93a-47ef-8e42-4ac89ffe1bc4",
        "daicho_shubetsu_cd": "FUD25"
      }
    },
    {
      "type": "Feature",
      "geometry": {
        "type": "Polygon",
        "coordinates": [
          [
            [
              132.68862512,
              35.374051446
            ],
            [
              132.688835921,
              35.374001013
            ],
            [
              132.688854648,
              35.373984696
            ],
            [
              132.688854528,
              35.373966024
            ],
            [
              132.688835822,
              35.373677903
            ],
            [
              132.688832723,
              35.373658431
            ],
            [
              132.688819806,
              35.373653616
            ],
            [
              132.688558752,
              35.373596292
            ],
            [
              132.688555847,
              35.373606859
            ],
            [
              132.688579857,
              35.373795101
            ],
            [
              132.688579998,
              35.37381702
            ],
            [
              132.688604928,
              35.373840456
            ],
            [
              132.688625004,
              35.374033586
            ],
            [
              132.68862512,
              35.374051446
            ]
          ]
        ]
      },
      "properties": {
        "polygon_uuid": "87e5ceb1-ecd5-4f92-968f-4b1e1ee3e313",
        "daicho_shubetsu_cd": "FUD25"
      }
    },
    {
      "type": "Feature",
      "geometry": {
        "type": "Polygon",
        "coordinates": [
          [
            [
              132.69812626,
              35.376074525
            ],
            [
              132.697875338,
              35.375977354
            ],
            [
              132.697408892,
              35.376793011
            ],
            [
              132.697620387,
              35.376873965
            ],
            [
              132.697650922,
              35.376875022
            ],
            [
              132.697682722,
              35.376847498
            ],
            [
              132.69812626,
              35.376074525
            ]
          ]
        ]
      },
      "properties": {
        "polygon_uuid": "1d9e7e4d-4f2f-4990-aa88-4bc567b137e5",
        "daicho_shubetsu_cd": "FUD25"
      }
    },
    {
      "type": "Feature",
      "geometry": {
        "type": "Polygon",
        "coordinates": [
          [
            [
              132.684306725,
              35.379379036
            ],
            [
              132.684743815,
              35.379358352
            ],
            [
              132.684740232,
              35.379332609
            ],
            [
              132.684731905,
              35.379251177
            ],
            [
              132.684729453,
              35.379216481
            ],
            [
              132.684718179,
              35.37919735
            ],
            [
              132.684686791,
              35.379171911
            ],
            [
              132.684644381,
              35.379166613
            ],
            [
              132.684337799,
              35.379180714
            ],
            [
              132.684277616,
              35.379186452
            ],
            [
              132.684280284,
              35.379254939
            ],
            [
              132.684268093,
              35.379266864
            ],
            [
              132.684194558,
              35.379277226
            ],
            [
              132.68422086,
              35.379379404
            ],
            [
              132.684306725,
              35.379379036
            ]
          ]
        ]
      },
      "properties": {
        "polygon_uuid": "7093bdfa-e994-4186-85fb-4c0bd108184c",
        "daicho_shubetsu_cd": "FUD25"
      }
    },
    {
      "type": "Feature",
      "geometry": {
        "type": "Polygon",
        "coordinates": [
          [
            [
              132.69750406,
              35.379096771
            ],
            [
              132.697575432,
              35.379127806
            ],
            [
              132.697662169,
              35.378947412
            ],
            [
              132.698047024,
              35.37908202
            ],
            [
              132.698053776,
              35.379086691
            ],
            [
              132.698218965,
              35.379110221
            ],
            [
              132.698314935,
              35.378767729
            ],
            [
              132.69834929,
              35.378645124
            ],
            [
              132.698195567,
              35.378608907
            ],
            [
              132.698121585,
              35.378827788
            ],
            [
              132.697721,
              35.378713394
            ],
            [
              132.69762014,
              35.378892329
            ],
            [
              132.69750406,
              35.379096771
            ]
          ]
        ]
      },
      "properties": {
        "polygon_uuid": "754d55dd-8356-4149-9840-4c3ee5f38659",
        "daicho_shubetsu_cd": "FUD25"
      }
    },
    {
      "type": "Feature",
      "geometry": {
        "type": "Polygon",
        "coordinates": [
          [
            [
              132.693678429,
              35.379453538
            ],
            [
              132.693439204,
              35.379391231
            ],
            [
              132.693519049,
              35.379180088
            ],
            [
              132.693462853,
              35.37916212
            ],
            [
              132.693468521,
              35.379141506
            ],
            [
              132.693412268,
              35.379114828
            ],
            [
              132.693369311,
              35.379218154
            ],
            [
              132.693296355,
              35.379199995
            ],
            [
              132.693282008,
              35.379232293
            ],
            [
              132.693169657,
              35.379500435
            ],
            [
              132.693143527,
              35.379496589
            ],
            [
              132.693116882,
              35.37956243
            ],
            [
              132.692960019,
              35.379527479
            ],
            [
              132.692946836,
              35.379568083
            ],
            [
              132.693313955,
              35.379661516
            ],
            [
              132.693336851,
              35.379613904
            ],
            [
              132.693349677,
              35.379611614
            ],
            [
              132.693403868,
              35.379469633
            ],
            [
              132.693413459,
              35.379457713
            ],
            [
              132.693651734,
              35.3795224
            ],
            [
              132.693678429,
              35.379453538
            ]
          ]
        ]
      },
      "properties": {
        "polygon_uuid": "1750c43d-b370-4bf0-8ff4-4d2ba2ed8807",
        "daicho_shubetsu_cd": "FUD25"
      }
    },
    {
      "type": "Feature",
      "geometry": {
        "type": "Polygon",
        "coordinates": [
          [
            [
              132.690851818,
              35.373767105
            ],
            [
              132.691410213,
              35.373985553
            ],
            [
              132.691419842,
              35.373900967
            ],
            [
              132.691438068,
              35.373572239
            ],
            [
              132.691247121,
              35.373495669
            ],
            [
              132.690972732,
              35.373555207
            ],
            [
              132.690851818,
              35.373767105
            ]
          ]
        ]
      },
      "properties": {
        "polygon_uuid": "c36aae3c-fc6d-4a01-a264-4d32939abb4b",
        "daicho_shubetsu_cd": "FUD25"
      }
    },
    {
      "type": "Feature",
      "geometry": {
        "type": "Polygon",
        "coordinates": [
          [
            [
              132.681580812,
              35.373398517
            ],
            [
              132.681610295,
              35.373246919
            ],
            [
              132.68157364,
              35.373244436
            ],
            [
              132.681304101,
              35.373240042
            ],
            [
              132.681295168,
              35.373253934
            ],
            [
              132.681265813,
              35.373388192
            ],
            [
              132.681345355,
              35.373394781
            ],
            [
              132.681482379,
              35.373396968
            ],
            [
              132.681580812,
              35.373398517
            ]
          ]
        ]
      },
      "properties": {
        "polygon_uuid": "7b981b38-e53c-4e4f-990d-4d4469013988",
        "daicho_shubetsu_cd": "FUD25"
      }
    },
    {
      "type": "Feature",
      "geometry": {
        "type": "Polygon",
        "coordinates": [
          [
            [
              132.688145802,
              35.377536259
            ],
            [
              132.688399403,
              35.377635275
            ],
            [
              132.688642894,
              35.37722396
            ],
            [
              132.688607158,
              35.377210012
            ],
            [
              132.688075193,
              35.377003601
            ],
            [
              132.687836431,
              35.377415466
            ],
            [
              132.688145802,
              35.377536259
            ]
          ]
        ]
      },
      "properties": {
        "polygon_uuid": "c0078c0c-66c2-444b-a9e2-4e01d7c9d17c",
        "daicho_shubetsu_cd": "FUD25"
      }
    },
    {
      "type": "Feature",
      "geometry": {
        "type": "Polygon",
        "coordinates": [
          [
            [
              132.693232698,
              35.376259081
            ],
            [
              132.693428033,
              35.376334791
            ],
            [
              132.693900013,
              35.375523546
            ],
            [
              132.6936401,
              35.375421828
            ],
            [
              132.693166808,
              35.376233543
            ],
            [
              132.693232698,
              35.376259081
            ]
          ]
        ]
      },
      "properties": {
        "polygon_uuid": "e5e531a0-2775-4af9-9a15-4e38541c3779",
        "daicho_shubetsu_cd": "FUD25"
      }
    },
    {
      "type": "Feature",
      "geometry": {
        "type": "Polygon",
        "coordinates": [
          [
            [
              132.680616073,
              35.372594463
            ],
            [
              132.680619596,
              35.372616615
            ],
            [
              132.680638877,
              35.372634082
            ],
            [
              132.680638042,
              35.372680266
            ],
            [
              132.680642869,
              35.372730121
            ],
            [
              132.680649892,
              35.372770729
            ],
            [
              132.680617718,
              35.372853991
            ],
            [
              132.68059487,
              35.372985242
            ],
            [
              132.680577198,
              35.373089927
            ],
            [
              132.680870406,
              35.373107116
            ],
            [
              132.680881542,
              35.373024292
            ],
            [
              132.680896679,
              35.372921706
            ],
            [
              132.680930528,
              35.372924795
            ],
            [
              132.680941324,
              35.372849013
            ],
            [
              132.68109703,
              35.372863128
            ],
            [
              132.681157724,
              35.372654132
            ],
            [
              132.681139259,
              35.372644984
            ],
            [
              132.681054593,
              35.372630567
            ],
            [
              132.680753313,
              35.372599522
            ],
            [
              132.680616073,
              35.372594463
            ]
          ]
        ]
      },
      "properties": {
        "polygon_uuid": "4e4c80e0-c7d0-4792-84c6-4e8c54908547",
        "daicho_shubetsu_cd": "FUD25"
      }
    },
    {
      "type": "Feature",
      "geometry": {
        "type": "Polygon",
        "coordinates": [
          [
            [
              132.696117706,
              35.380496715
            ],
            [
              132.696652373,
              35.380519022
            ],
            [
              132.697004782,
              35.3805151
            ],
            [
              132.697002589,
              35.380395443
            ],
            [
              132.696970421,
              35.3803964
            ],
            [
              132.696615424,
              35.380374202
            ],
            [
              132.696173129,
              35.380340224
            ],
            [
              132.696117706,
              35.380496715
            ]
          ]
        ]
      },
      "properties": {
        "polygon_uuid": "c90b2aae-1951-4656-aa35-4e9556279d16",
        "daicho_shubetsu_cd": "FUD25"
      }
    },
    {
      "type": "Feature",
      "geometry": {
        "type": "Polygon",
        "coordinates": [
          [
            [
              132.686549642,
              35.372707026
            ],
            [
              132.686475961,
              35.372701707
            ],
            [
              132.686388998,
              35.372703907
            ],
            [
              132.686352249,
              35.372711372
            ],
            [
              132.686315634,
              35.372739841
            ],
            [
              132.686287798,
              35.372746354
            ],
            [
              132.686248877,
              35.372762962
            ],
            [
              132.686240144,
              35.372792225
            ],
            [
              132.686263881,
              35.37289958
            ],
            [
              132.686297852,
              35.372960732
            ],
            [
              132.686338904,
              35.372975747
            ],
            [
              132.686623272,
              35.372979091
            ],
            [
              132.686658953,
              35.372978937
            ],
            [
              132.686675656,
              35.372975212
            ],
            [
              132.68670277,
              35.372856364
            ],
            [
              132.686717965,
              35.372791453
            ],
            [
              132.686704502,
              35.372778724
            ],
            [
              132.686549642,
              35.372707026
            ]
          ]
        ]
      },
      "properties": {
        "polygon_uuid": "2add02fd-9978-4f89-bf29-4e9f5ea90dff",
        "daicho_shubetsu_cd": "FUD25"
      }
    },
    {
      "type": "Feature",
      "geometry": {
        "type": "Polygon",
        "coordinates": [
          [
            [
              132.703351165,
              35.376309451
            ],
            [
              132.702534807,
              35.376040146
            ],
            [
              132.70251242,
              35.376054325
            ],
            [
              132.702385887,
              35.376316984
            ],
            [
              132.703203864,
              35.376616286
            ],
            [
              132.703351165,
              35.376309451
            ]
          ]
        ]
      },
      "properties": {
        "polygon_uuid": "cea226bf-ec68-4f64-a3ab-4f0890f7fae1",
        "daicho_shubetsu_cd": "FUD25"
      }
    },
    {
      "type": "Feature",
      "geometry": {
        "type": "Polygon",
        "coordinates": [
          [
            [
              132.697474513,
              35.377321001
            ],
            [
              132.697914685,
              35.377491702
            ],
            [
              132.698082805,
              35.37728409
            ],
            [
              132.698037043,
              35.377156103
            ],
            [
              132.698035951,
              35.377145238
            ],
            [
              132.697711436,
              35.377012875
            ],
            [
              132.697653271,
              35.377022533
            ],
            [
              132.697633971,
              35.377037669
            ],
            [
              132.697474513,
              35.377321001
            ]
          ]
        ]
      },
      "properties": {
        "polygon_uuid": "94fd7a1e-44c8-4165-884b-4f9d0f723d8b",
        "daicho_shubetsu_cd": "FUD25"
      }
    },
    {
      "type": "Feature",
      "geometry": {
        "type": "Polygon",
        "coordinates": [
          [
            [
              132.681983372,
              35.373798607
            ],
            [
              132.681991588,
              35.373787543
            ],
            [
              132.682020175,
              35.373761099
            ],
            [
              132.68207084,
              35.373748414
            ],
            [
              132.682086116,
              35.373756661
            ],
            [
              132.682103286,
              35.373796765
            ],
            [
              132.682100361,
              35.37386882
            ],
            [
              132.682067177,
              35.373970512
            ],
            [
              132.682033656,
              35.374019145
            ],
            [
              132.682035479,
              35.374039918
            ],
            [
              132.682071194,
              35.374070245
            ],
            [
              132.682198064,
              35.374071366
            ],
            [
              132.682237812,
              35.374061556
            ],
            [
              132.68243906,
              35.374055156
            ],
            [
              132.682455851,
              35.374035688
            ],
            [
              132.682665478,
              35.374016783
            ],
            [
              132.682792124,
              35.374004026
            ],
            [
              132.682792802,
              35.37393346
            ],
            [
              132.682803901,
              35.373905704
            ],
            [
              132.682799939,
              35.373881823
            ],
            [
              132.68279911,
              35.373751598
            ],
            [
              132.682759951,
              35.373711588
            ],
            [
              132.682570473,
              35.373706854
            ],
            [
              132.682573467,
              35.373645884
            ],
            [
              132.68233832,
              35.373641346
            ],
            [
              132.682307725,
              35.373661981
            ],
            [
              132.682209576,
              35.373658747
            ],
            [
              132.682200578,
              35.373646607
            ],
            [
              132.682191263,
              35.373584541
            ],
            [
              132.682073731,
              35.373572865
            ],
            [
              132.682017717,
              35.373559094
            ],
            [
              132.682009723,
              35.373580436
            ],
            [
              132.681983372,
              35.373798607
            ]
          ]
        ]
      },
      "properties": {
        "polygon_uuid": "deab97f1-ce3e-4564-9ec5-4ff0a34d70f3",
        "daicho_shubetsu_cd": "FUD25"
      }
    },
    {
      "type": "Feature",
      "geometry": {
        "type": "Polygon",
        "coordinates": [
          [
            [
              132.697265537,
              35.379426544
            ],
            [
              132.696929706,
              35.379374393
            ],
            [
              132.696907168,
              35.379539548
            ],
            [
              132.696877591,
              35.379729596
            ],
            [
              132.697073984,
              35.379654794
            ],
            [
              132.697107528,
              35.379627922
            ],
            [
              132.697259643,
              35.37943572
            ],
            [
              132.697265537,
              35.379426544
            ]
          ]
        ]
      },
      "properties": {
        "polygon_uuid": "fbf9663c-7c4c-4184-9cf0-502e15268615",
        "daicho_shubetsu_cd": "FUD25"
      }
    },
    {
      "type": "Feature",
      "geometry": {
        "type": "Polygon",
        "coordinates": [
          [
            [
              132.695174054,
              35.37386775
            ],
            [
              132.695342302,
              35.373578474
            ],
            [
              132.695445606,
              35.373400856
            ],
            [
              132.695280036,
              35.373336845
            ],
            [
              132.695199788,
              35.37330582
            ],
            [
              132.694932522,
              35.373772888
            ],
            [
              132.695174054,
              35.37386775
            ]
          ]
        ]
      },
      "properties": {
        "polygon_uuid": "b07216c4-85be-45be-a6dd-506d520d48da",
        "daicho_shubetsu_cd": "FUD25"
      }
    },
    {
      "type": "Feature",
      "geometry": {
        "type": "Polygon",
        "coordinates": [
          [
            [
              132.683792749,
              35.374502903
            ],
            [
              132.683461656,
              35.374502779
            ],
            [
              132.68345819,
              35.374918581
            ],
            [
              132.683719403,
              35.374934562
            ],
            [
              132.683744553,
              35.374934983
            ],
            [
              132.683777395,
              35.374935532
            ],
            [
              132.683787733,
              35.374924528
            ],
            [
              132.683792749,
              35.374502903
            ]
          ]
        ]
      },
      "properties": {
        "polygon_uuid": "5a5e0928-1309-4a8e-9a2a-50c12cddc1b8",
        "daicho_shubetsu_cd": "FUD25"
      }
    },
    {
      "type": "Feature",
      "geometry": {
        "type": "Polygon",
        "coordinates": [
          [
            [
              132.701274321,
              35.377010905
            ],
            [
              132.701353562,
              35.376715797
            ],
            [
              132.701325721,
              35.37670509
            ],
            [
              132.701148903,
              35.376661268
            ],
            [
              132.701058938,
              35.376970089
            ],
            [
              132.701274321,
              35.377010905
            ]
          ]
        ]
      },
      "properties": {
        "polygon_uuid": "83bd18eb-46a3-4424-b508-510f26f8a7e5",
        "daicho_shubetsu_cd": "FUD25"
      }
    },
    {
      "type": "Feature",
      "geometry": {
        "type": "Polygon",
        "coordinates": [
          [
            [
              132.694191836,
              35.374539711
            ],
            [
              132.694663585,
              35.373715909
            ],
            [
              132.694645679,
              35.373708976
            ],
            [
              132.694461776,
              35.37363765
            ],
            [
              132.693984708,
              35.374459079
            ],
            [
              132.694191836,
              35.374539711
            ]
          ]
        ]
      },
      "properties": {
        "polygon_uuid": "872296aa-ef91-403e-9d40-51641f20b23c",
        "daicho_shubetsu_cd": "FUD25"
      }
    },
    {
      "type": "Feature",
      "geometry": {
        "type": "Polygon",
        "coordinates": [
          [
            [
              132.696345761,
              35.376380455
            ],
            [
              132.69681714,
              35.375567208
            ],
            [
              132.696422931,
              35.375414114
            ],
            [
              132.695955622,
              35.376227591
            ],
            [
              132.696345761,
              35.376380455
            ]
          ]
        ]
      },
      "properties": {
        "polygon_uuid": "275a5201-dd24-4d5e-8c02-517afef5e6b0",
        "daicho_shubetsu_cd": "FUD25"
      }
    },
    {
      "type": "Feature",
      "geometry": {
        "type": "Polygon",
        "coordinates": [
          [
            [
              132.691225631,
              35.377563617
            ],
            [
              132.69143397,
              35.377644862
            ],
            [
              132.691916575,
              35.376814404
            ],
            [
              132.691646366,
              35.376710665
            ],
            [
              132.691169549,
              35.377541747
            ],
            [
              132.691225631,
              35.377563617
            ]
          ]
        ]
      },
      "properties": {
        "polygon_uuid": "a5b005bd-050e-4c3d-a146-518ef6f45de7",
        "daicho_shubetsu_cd": "FUD25"
      }
    },
    {
      "type": "Feature",
      "geometry": {
        "type": "Polygon",
        "coordinates": [
          [
            [
              132.696394876,
              35.379767348
            ],
            [
              132.696561303,
              35.379767509
            ],
            [
              132.696570506,
              35.379768903
            ],
            [
              132.696576283,
              35.379729266
            ],
            [
              132.696618847,
              35.379348305
            ],
            [
              132.696457066,
              35.379568073
            ],
            [
              132.69642935,
              35.379594976
            ],
            [
              132.696420418,
              35.379625423
            ],
            [
              132.696394876,
              35.379767348
            ]
          ]
        ]
      },
      "properties": {
        "polygon_uuid": "9e5bcb8e-806a-4259-b756-51c1fa983a69",
        "daicho_shubetsu_cd": "FUD25"
      }
    },
    {
      "type": "Feature",
      "geometry": {
        "type": "Polygon",
        "coordinates": [
          [
            [
              132.691415953,
              35.378249852
            ],
            [
              132.691675715,
              35.378350597
            ],
            [
              132.691965001,
              35.37785194
            ],
            [
              132.691884345,
              35.377820488
            ],
            [
              132.691706625,
              35.377751185
            ],
            [
              132.691415953,
              35.378249852
            ]
          ]
        ]
      },
      "properties": {
        "polygon_uuid": "5b5834b0-88aa-40d7-878b-51f3dd5dddbf",
        "daicho_shubetsu_cd": "FUD25"
      }
    },
    {
      "type": "Feature",
      "geometry": {
        "type": "Polygon",
        "coordinates": [
          [
            [
              132.694980396,
              35.375844655
            ],
            [
              132.695002339,
              35.375853203
            ],
            [
              132.695154693,
              35.375913117
            ],
            [
              132.695619919,
              35.375102524
            ],
            [
              132.695446273,
              35.375036272
            ],
            [
              132.694980396,
              35.375844655
            ]
          ]
        ]
      },
      "properties": {
        "polygon_uuid": "0b1c20b1-814d-4f16-84d7-520df3ab3e14",
        "daicho_shubetsu_cd": "FUD25"
      }
    },
    {
      "type": "Feature",
      "geometry": {
        "type": "Polygon",
        "coordinates": [
          [
            [
              132.681387031,
              35.372716147
            ],
            [
              132.681389279,
              35.372738844
            ],
            [
              132.681347819,
              35.372957917
            ],
            [
              132.681380196,
              35.372970024
            ],
            [
              132.681588924,
              35.372987606
            ],
            [
              132.681657018,
              35.373000293
            ],
            [
              132.681703036,
              35.372757379
            ],
            [
              132.681696153,
              35.372738843
            ],
            [
              132.68166677,
              35.372728808
            ],
            [
              132.681432084,
              35.372707642
            ],
            [
              132.68140616,
              35.3727096
            ],
            [
              132.681387031,
              35.372716147
            ]
          ]
        ]
      },
      "properties": {
        "polygon_uuid": "4d2c4f34-ac8d-4303-8d36-526a18d0cf3b",
        "daicho_shubetsu_cd": "FUD25"
      }
    },
    {
      "type": "Feature",
      "geometry": {
        "type": "Polygon",
        "coordinates": [
          [
            [
              132.687689679,
              35.380143863
            ],
            [
              132.687650165,
              35.380168965
            ],
            [
              132.687557367,
              35.380178958
            ],
            [
              132.687387473,
              35.380154688
            ],
            [
              132.687355,
              35.380373583
            ],
            [
              132.687431917,
              35.380399372
            ],
            [
              132.687508435,
              35.380408675
            ],
            [
              132.687549503,
              35.380392844
            ],
            [
              132.687595074,
              35.380391443
            ],
            [
              132.687658367,
              35.380402008
            ],
            [
              132.687537841,
              35.380637342
            ],
            [
              132.687451982,
              35.380775991
            ],
            [
              132.687539868,
              35.380775612
            ],
            [
              132.687741627,
              35.38075752
            ],
            [
              132.687786013,
              35.380588105
            ],
            [
              132.687823319,
              35.380444647
            ],
            [
              132.687833271,
              35.38039162
            ],
            [
              132.687859612,
              35.38037224
            ],
            [
              132.687911096,
              35.380375631
            ],
            [
              132.687975913,
              35.380394618
            ],
            [
              132.68799421,
              35.380400523
            ],
            [
              132.687999985,
              35.380300271
            ],
            [
              132.687983275,
              35.38029914
            ],
            [
              132.687966769,
              35.380247431
            ],
            [
              132.687981333,
              35.380225693
            ],
            [
              132.688044516,
              35.380219399
            ],
            [
              132.688070928,
              35.380210856
            ],
            [
              132.688107481,
              35.379950596
            ],
            [
              132.688098591,
              35.379939797
            ],
            [
              132.687878171,
              35.379960014
            ],
            [
              132.687867995,
              35.379978121
            ],
            [
              132.687856821,
              35.380069687
            ],
            [
              132.68788786,
              35.380094841
            ],
            [
              132.687907144,
              35.380121249
            ],
            [
              132.687905898,
              35.380156176
            ],
            [
              132.68789005,
              35.38020682
            ],
            [
              132.68784444,
              35.3802022
            ],
            [
              132.687815018,
              35.380199918
            ],
            [
              132.68779729,
              35.380186749
            ],
            [
              132.687782377,
              35.3801543
            ],
            [
              132.687758799,
              35.380145972
            ],
            [
              132.687689679,
              35.380143863
            ]
          ]
        ]
      },
      "properties": {
        "polygon_uuid": "0ee7698a-b4ae-424b-8a47-529f944f9873",
        "daicho_shubetsu_cd": "FUD25"
      }
    },
    {
      "type": "Feature",
      "geometry": {
        "type": "Polygon",
        "coordinates": [
          [
            [
              132.689052691,
              35.376759409
            ],
            [
              132.688925641,
              35.376710356
            ],
            [
              132.688654232,
              35.377178882
            ],
            [
              132.689021483,
              35.377321583
            ],
            [
              132.689320683,
              35.377437841
            ],
            [
              132.689591012,
              35.376965409
            ],
            [
              132.689293547,
              35.376851578
            ],
            [
              132.689052691,
              35.376759409
            ]
          ]
        ]
      },
      "properties": {
        "polygon_uuid": "8e4d1ed3-70f9-4d8c-81fc-530f666f9314",
        "daicho_shubetsu_cd": "FUD25"
      }
    },
    {
      "type": "Feature",
      "geometry": {
        "type": "Polygon",
        "coordinates": [
          [
            [
              132.697789614,
              35.380481456
            ],
            [
              132.697821547,
              35.380375533
            ],
            [
              132.697741906,
              35.380360776
            ],
            [
              132.69776317,
              35.380285851
            ],
            [
              132.697552667,
              35.380254706
            ],
            [
              132.69754589,
              35.380254042
            ],
            [
              132.697448175,
              35.380244474
            ],
            [
              132.697323425,
              35.380241459
            ],
            [
              132.697310976,
              35.380241419
            ],
            [
              132.697011595,
              35.380240453
            ],
            [
              132.696996027,
              35.380232299
            ],
            [
              132.697002384,
              35.380384217
            ],
            [
              132.697002589,
              35.380395443
            ],
            [
              132.697004782,
              35.3805151
            ],
            [
              132.697789614,
              35.380481456
            ]
          ]
        ]
      },
      "properties": {
        "polygon_uuid": "d245dcba-c5f2-4a17-b53d-532db199c60a",
        "daicho_shubetsu_cd": "FUD25"
      }
    },
    {
      "type": "Feature",
      "geometry": {
        "type": "Polygon",
        "coordinates": [
          [
            [
              132.698462086,
              35.378263521
            ],
            [
              132.698751586,
              35.378307666
            ],
            [
              132.698834371,
              35.377998293
            ],
            [
              132.698632079,
              35.37797552
            ],
            [
              132.698549549,
              35.377958731
            ],
            [
              132.698464672,
              35.378254509
            ],
            [
              132.698462086,
              35.378263521
            ]
          ]
        ]
      },
      "properties": {
        "polygon_uuid": "47e9c30a-80b3-4cd0-82f0-534d2e0a5e1a",
        "daicho_shubetsu_cd": "FUD25"
      }
    },
    {
      "type": "Feature",
      "geometry": {
        "type": "Polygon",
        "coordinates": [
          [
            [
              132.687918673,
              35.371667827
            ],
            [
              132.687902625,
              35.371537718
            ],
            [
              132.687879258,
              35.371521148
            ],
            [
              132.687703393,
              35.37152786
            ],
            [
              132.687530511,
              35.371546466
            ],
            [
              132.687136827,
              35.371592221
            ],
            [
              132.686894272,
              35.371627797
            ],
            [
              132.686876888,
              35.371637398
            ],
            [
              132.686874813,
              35.371767199
            ],
            [
              132.686906819,
              35.371770634
            ],
            [
              132.686914247,
              35.371795608
            ],
            [
              132.687048001,
              35.371796222
            ],
            [
              132.687426956,
              35.371795442
            ],
            [
              132.687431668,
              35.37185117
            ],
            [
              132.687657616,
              35.371819243
            ],
            [
              132.687652543,
              35.371708525
            ],
            [
              132.687918673,
              35.371667827
            ]
          ]
        ]
      },
      "properties": {
        "polygon_uuid": "0ac8f9eb-41ca-4118-b766-53777eb36fcc",
        "daicho_shubetsu_cd": "FUD25"
      }
    },
    {
      "type": "Feature",
      "geometry": {
        "type": "Polygon",
        "coordinates": [
          [
            [
              132.692521956,
              35.3759836
            ],
            [
              132.692591313,
              35.376010483
            ],
            [
              132.692766922,
              35.376078548
            ],
            [
              132.692808392,
              35.376094622
            ],
            [
              132.693278733,
              35.375280405
            ],
            [
              132.692882451,
              35.375125316
            ],
            [
              132.692412185,
              35.375940889
            ],
            [
              132.692521956,
              35.3759836
            ]
          ]
        ]
      },
      "properties": {
        "polygon_uuid": "be53264a-398e-480f-b6a1-547a98149454",
        "daicho_shubetsu_cd": "FUD25"
      }
    },
    {
      "type": "Feature",
      "geometry": {
        "type": "Polygon",
        "coordinates": [
          [
            [
              132.695373009,
              35.377090484
            ],
            [
              132.695497622,
              35.377138905
            ],
            [
              132.695969029,
              35.376327577
            ],
            [
              132.695627167,
              35.376194893
            ],
            [
              132.695496884,
              35.376421003
            ],
            [
              132.695282587,
              35.376789194
            ],
            [
              132.695160626,
              35.377007815
            ],
            [
              132.695242914,
              35.377039933
            ],
            [
              132.695373009,
              35.377090484
            ]
          ]
        ]
      },
      "properties": {
        "polygon_uuid": "d0ce18ed-c20c-4ba3-8599-557886be8e83",
        "daicho_shubetsu_cd": "FUD25"
      }
    },
    {
      "type": "Feature",
      "geometry": {
        "type": "Polygon",
        "coordinates": [
          [
            [
              132.685812177,
              35.378215785
            ],
            [
              132.685785123,
              35.378344678
            ],
            [
              132.685764433,
              35.378422399
            ],
            [
              132.68575003,
              35.378437074
            ],
            [
              132.685669712,
              35.378432852
            ],
            [
              132.685609122,
              35.378549104
            ],
            [
              132.685663917,
              35.37857298
            ],
            [
              132.685774368,
              35.378580725
            ],
            [
              132.685829922,
              35.378595808
            ],
            [
              132.68585665,
              35.378590214
            ],
            [
              132.685965477,
              35.378344521
            ],
            [
              132.685993343,
              35.378255353
            ],
            [
              132.685999498,
              35.378222961
            ],
            [
              132.685812177,
              35.378215785
            ]
          ]
        ]
      },
      "properties": {
        "polygon_uuid": "a887b2c6-6925-4fbb-9da0-557a139ce36b",
        "daicho_shubetsu_cd": "FUD25"
      }
    },
    {
      "type": "Feature",
      "geometry": {
        "type": "Polygon",
        "coordinates": [
          [
            [
              132.68915568,
              35.375689926
            ],
            [
              132.689388798,
              35.375283613
            ],
            [
              132.689348844,
              35.375268149
            ],
            [
              132.689007652,
              35.375136082
            ],
            [
              132.688923995,
              35.3751037
            ],
            [
              132.68869509,
              35.375511066
            ],
            [
              132.688836939,
              35.375565469
            ],
            [
              132.68915568,
              35.375689926
            ]
          ]
        ]
      },
      "properties": {
        "polygon_uuid": "3450437f-1323-4592-a472-55df9621b396",
        "daicho_shubetsu_cd": "FUD25"
      }
    },
    {
      "type": "Feature",
      "geometry": {
        "type": "Polygon",
        "coordinates": [
          [
            [
              132.699963075,
              35.375057115
            ],
            [
              132.699981712,
              35.375050475
            ],
            [
              132.700552374,
              35.374361253
            ],
            [
              132.699778128,
              35.374285715
            ],
            [
              132.699917866,
              35.374865823
            ],
            [
              132.699963075,
              35.375057115
            ]
          ]
        ]
      },
      "properties": {
        "polygon_uuid": "cd5943f4-3b37-48c2-b5a9-55ec21c32255",
        "daicho_shubetsu_cd": "FUD25"
      }
    },
    {
      "type": "Feature",
      "geometry": {
        "type": "Polygon",
        "coordinates": [
          [
            [
              132.687102525,
              35.37593111
            ],
            [
              132.687621359,
              35.376141373
            ],
            [
              132.687857115,
              35.375732789
            ],
            [
              132.68775177,
              35.375692254
            ],
            [
              132.687423645,
              35.375566
            ],
            [
              132.687331461,
              35.375530529
            ],
            [
              132.687102525,
              35.37593111
            ]
          ]
        ]
      },
      "properties": {
        "polygon_uuid": "029b6ec6-7966-4e60-9eb3-56f6ccb90545",
        "daicho_shubetsu_cd": "FUD25"
      }
    },
    {
      "type": "Feature",
      "geometry": {
        "type": "Polygon",
        "coordinates": [
          [
            [
              132.699285655,
              35.377037746
            ],
            [
              132.699230985,
              35.377170119
            ],
            [
              132.699190754,
              35.377286182
            ],
            [
              132.699447681,
              35.377344617
            ],
            [
              132.699438644,
              35.377378232
            ],
            [
              132.699419208,
              35.377438967
            ],
            [
              132.699464303,
              35.377459347
            ],
            [
              132.699644356,
              35.377491044
            ],
            [
              132.699670067,
              35.377497308
            ],
            [
              132.699683366,
              35.377437823
            ],
            [
              132.699694845,
              35.377393866
            ],
            [
              132.699545691,
              35.377368012
            ],
            [
              132.699524319,
              35.377335614
            ],
            [
              132.699568672,
              35.377041914
            ],
            [
              132.699417868,
              35.377033914
            ],
            [
              132.699354353,
              35.377027696
            ],
            [
              132.699297414,
              35.377016034
            ],
            [
              132.699285655,
              35.377037746
            ]
          ]
        ]
      },
      "properties": {
        "polygon_uuid": "3ca59d83-d649-4ef1-addc-57140c98761e",
        "daicho_shubetsu_cd": "FUD25"
      }
    },
    {
      "type": "Feature",
      "geometry": {
        "type": "Polygon",
        "coordinates": [
          [
            [
              132.692861436,
              35.375037562
            ],
            [
              132.693005704,
              35.375093404
            ],
            [
              132.693478949,
              35.374279165
            ],
            [
              132.693340226,
              35.374225983
            ],
            [
              132.693330292,
              35.374222081
            ],
            [
              132.692861436,
              35.375037562
            ]
          ]
        ]
      },
      "properties": {
        "polygon_uuid": "b85b45ed-5f69-42ce-9df4-5723695e7d8a",
        "daicho_shubetsu_cd": "FUD25"
      }
    },
    {
      "type": "Feature",
      "geometry": {
        "type": "Polygon",
        "coordinates": [
          [
            [
              132.691695086,
              35.377746686
            ],
            [
              132.692186199,
              35.376917918
            ],
            [
              132.691916575,
              35.376814404
            ],
            [
              132.69143397,
              35.377644862
            ],
            [
              132.691695086,
              35.377746686
            ]
          ]
        ]
      },
      "properties": {
        "polygon_uuid": "23e5b698-a135-4804-b082-574d0d1c0c9e",
        "daicho_shubetsu_cd": "FUD25"
      }
    },
    {
      "type": "Feature",
      "geometry": {
        "type": "Polygon",
        "coordinates": [
          [
            [
              132.686600539,
              35.377120049
            ],
            [
              132.686594213,
              35.377264937
            ],
            [
              132.686681208,
              35.37727977
            ],
            [
              132.686932755,
              35.377321308
            ],
            [
              132.686944786,
              35.377320755
            ],
            [
              132.686961915,
              35.377312563
            ],
            [
              132.686965132,
              35.377299018
            ],
            [
              132.686949236,
              35.37719615
            ],
            [
              132.686932524,
              35.377115784
            ],
            [
              132.686882319,
              35.377118391
            ],
            [
              132.686632539,
              35.377120278
            ],
            [
              132.686600539,
              35.377120049
            ]
          ]
        ]
      },
      "properties": {
        "polygon_uuid": "c1c537d9-c756-487c-b249-5771b10866f2",
        "daicho_shubetsu_cd": "FUD25"
      }
    },
    {
      "type": "Feature",
      "geometry": {
        "type": "Polygon",
        "coordinates": [
          [
            [
              132.691985316,
              35.373237892
            ],
            [
              132.691857872,
              35.373068159
            ],
            [
              132.691650247,
              35.372864717
            ],
            [
              132.691631107,
              35.37287266
            ],
            [
              132.691635379,
              35.37328526
            ],
            [
              132.691691479,
              35.373304664
            ],
            [
              132.691750668,
              35.373307027
            ],
            [
              132.691947087,
              35.373261636
            ],
            [
              132.691985316,
              35.373237892
            ]
          ]
        ]
      },
      "properties": {
        "polygon_uuid": "7c96826f-5489-43ed-bd43-58f2b4f92ec2",
        "daicho_shubetsu_cd": "FUD25"
      }
    },
    {
      "type": "Feature",
      "geometry": {
        "type": "Polygon",
        "coordinates": [
          [
            [
              132.695638822,
              35.378207873
            ],
            [
              132.695834514,
              35.378284025
            ],
            [
              132.695842977,
              35.378287318
            ],
            [
              132.696322823,
              35.377459547
            ],
            [
              132.696316971,
              35.377457273
            ],
            [
              132.696127676,
              35.377383721
            ],
            [
              132.69611281,
              35.377377945
            ],
            [
              132.695638822,
              35.378207873
            ]
          ]
        ]
      },
      "properties": {
        "polygon_uuid": "2afbc082-781c-4e4f-a523-5a99fd99d8ce",
        "daicho_shubetsu_cd": "FUD25"
      }
    },
    {
      "type": "Feature",
      "geometry": {
        "type": "Polygon",
        "coordinates": [
          [
            [
              132.699122757,
              35.374369637
            ],
            [
              132.699139401,
              35.374347561
            ],
            [
              132.699584089,
              35.373567866
            ],
            [
              132.69958398,
              35.373551365
            ],
            [
              132.699563708,
              35.373532203
            ],
            [
              132.699380674,
              35.373461608
            ],
            [
              132.698896473,
              35.374284116
            ],
            [
              132.699002097,
              35.374325319
            ],
            [
              132.699122757,
              35.374369637
            ]
          ]
        ]
      },
      "properties": {
        "polygon_uuid": "a94c3285-583b-4c57-9b95-5ab18dcb62d8",
        "daicho_shubetsu_cd": "FUD25"
      }
    },
    {
      "type": "Feature",
      "geometry": {
        "type": "Polygon",
        "coordinates": [
          [
            [
              132.684865661,
              35.375515584
            ],
            [
              132.684959313,
              35.375512746
            ],
            [
              132.684951404,
              35.375438497
            ],
            [
              132.685010813,
              35.3754285
            ],
            [
              132.685004516,
              35.375373729
            ],
            [
              132.685147102,
              35.375369281
            ],
            [
              132.685299746,
              35.375358026
            ],
            [
              132.685285937,
              35.375205689
            ],
            [
              132.685276315,
              35.375096133
            ],
            [
              132.685240663,
              35.375101035
            ],
            [
              132.684796194,
              35.375115119
            ],
            [
              132.684798521,
              35.375246626
            ],
            [
              132.684805552,
              35.375387705
            ],
            [
              132.684865138,
              35.37539593
            ],
            [
              132.684865582,
              35.375503284
            ],
            [
              132.684865661,
              35.375515584
            ]
          ]
        ]
      },
      "properties": {
        "polygon_uuid": "1516de00-8ef7-4a83-b5b6-5acd0025a856",
        "daicho_shubetsu_cd": "FUD25"
      }
    },
    {
      "type": "Feature",
      "geometry": {
        "type": "Polygon",
        "coordinates": [
          [
            [
              132.698212644,
              35.379132777
            ],
            [
              132.698515344,
              35.379179551
            ],
            [
              132.69849791,
              35.379340872
            ],
            [
              132.698508852,
              35.379350624
            ],
            [
              132.698515501,
              35.379369302
            ],
            [
              132.698599313,
              35.379377842
            ],
            [
              132.698676684,
              35.378817117
            ],
            [
              132.698314935,
              35.378767729
            ],
            [
              132.698218965,
              35.379110221
            ],
            [
              132.698212644,
              35.379132777
            ]
          ]
        ]
      },
      "properties": {
        "polygon_uuid": "974395e5-2469-4870-81e4-5af8da7d44ca",
        "daicho_shubetsu_cd": "FUD25"
      }
    },
    {
      "type": "Feature",
      "geometry": {
        "type": "Polygon",
        "coordinates": [
          [
            [
              132.694490856,
              35.376746396
            ],
            [
              132.694629732,
              35.376800601
            ],
            [
              132.695088726,
              35.375984263
            ],
            [
              132.695073288,
              35.375978225
            ],
            [
              132.694851936,
              35.375892438
            ],
            [
              132.694377867,
              35.376702294
            ],
            [
              132.694490856,
              35.376746396
            ]
          ]
        ]
      },
      "properties": {
        "polygon_uuid": "726b7eef-8a4a-49e2-808c-5b08fd096ed5",
        "daicho_shubetsu_cd": "FUD25"
      }
    },
    {
      "type": "Feature",
      "geometry": {
        "type": "Polygon",
        "coordinates": [
          [
            [
              132.697027186,
              35.3797153
            ],
            [
              132.696964925,
              35.379731014
            ],
            [
              132.696866561,
              35.379770643
            ],
            [
              132.696792743,
              35.379793535
            ],
            [
              132.696733328,
              35.379800923
            ],
            [
              132.69668734,
              35.379801125
            ],
            [
              132.696678148,
              35.379874058
            ],
            [
              132.696590142,
              35.379871276
            ],
            [
              132.696564338,
              35.380121652
            ],
            [
              132.696747507,
              35.380130319
            ],
            [
              132.69676053,
              35.380051867
            ],
            [
              132.696816608,
              35.380051621
            ],
            [
              132.696975405,
              35.380064602
            ],
            [
              132.697027186,
              35.3797153
            ]
          ]
        ]
      },
      "properties": {
        "polygon_uuid": "96c66cb0-87de-47ea-ad90-5bafe5b8b8b3",
        "daicho_shubetsu_cd": "FUD25"
      }
    },
    {
      "type": "Feature",
      "geometry": {
        "type": "Polygon",
        "coordinates": [
          [
            [
              132.693678429,
              35.379453538
            ],
            [
              132.693651734,
              35.3795224
            ],
            [
              132.693413459,
              35.379457713
            ],
            [
              132.693403868,
              35.379469633
            ],
            [
              132.693349677,
              35.379611614
            ],
            [
              132.693548285,
              35.379672514
            ],
            [
              132.693546435,
              35.379685191
            ],
            [
              132.693487535,
              35.379846435
            ],
            [
              132.693506991,
              35.379853704
            ],
            [
              132.69358542,
              35.379870783
            ],
            [
              132.693798252,
              35.37929385
            ],
            [
              132.693797979,
              35.379251882
            ],
            [
              132.69375536,
              35.37924019
            ],
            [
              132.693678429,
              35.379453538
            ]
          ]
        ]
      },
      "properties": {
        "polygon_uuid": "87c12eae-cbf9-48ab-90a8-5bddaa30bfbc",
        "daicho_shubetsu_cd": "FUD25"
      }
    },
    {
      "type": "Feature",
      "geometry": {
        "type": "Polygon",
        "coordinates": [
          [
            [
              132.681983372,
              35.373798607
            ],
            [
              132.682009723,
              35.373580436
            ],
            [
              132.682017717,
              35.373559094
            ],
            [
              132.682020811,
              35.373550833
            ],
            [
              132.682032343,
              35.373476034
            ],
            [
              132.681894609,
              35.373461596
            ],
            [
              132.681836502,
              35.373442359
            ],
            [
              132.681632571,
              35.37342341
            ],
            [
              132.68158363,
              35.373739407
            ],
            [
              132.681564001,
              35.373844783
            ],
            [
              132.681701018,
              35.373845585
            ],
            [
              132.681861706,
              35.3738449
            ],
            [
              132.681964753,
              35.373823679
            ],
            [
              132.681983372,
              35.373798607
            ]
          ]
        ]
      },
      "properties": {
        "polygon_uuid": "78de8261-3160-4db0-bc5c-5be581cf1fe4",
        "daicho_shubetsu_cd": "FUD25"
      }
    },
    {
      "type": "Feature",
      "geometry": {
        "type": "Polygon",
        "coordinates": [
          [
            [
              132.681426307,
              35.371575065
            ],
            [
              132.681288733,
              35.371574726
            ],
            [
              132.681283747,
              35.371584252
            ],
            [
              132.681282066,
              35.371609371
            ],
            [
              132.681287037,
              35.37204227
            ],
            [
              132.681454092,
              35.372043864
            ],
            [
              132.681561251,
              35.372048949
            ],
            [
              132.681815199,
              35.372084811
            ],
            [
              132.681839982,
              35.372081012
            ],
            [
              132.681858623,
              35.371997807
            ],
            [
              132.681875372,
              35.371911909
            ],
            [
              132.681823659,
              35.371911229
            ],
            [
              132.681604873,
              35.371907543
            ],
            [
              132.681606737,
              35.371753754
            ],
            [
              132.681602802,
              35.371666951
            ],
            [
              132.681602524,
              35.371623265
            ],
            [
              132.681553997,
              35.371617006
            ],
            [
              132.681508892,
              35.371617199
            ],
            [
              132.681490838,
              35.371615428
            ],
            [
              132.68146932,
              35.371600742
            ],
            [
              132.681469168,
              35.371576729
            ],
            [
              132.681426307,
              35.371575065
            ]
          ]
        ]
      },
      "properties": {
        "polygon_uuid": "994ef4d2-957b-4c90-8c83-5c322b4625c1",
        "daicho_shubetsu_cd": "FUD25"
      }
    },
    {
      "type": "Feature",
      "geometry": {
        "type": "Polygon",
        "coordinates": [
          [
            [
              132.693427301,
              35.380306899
            ],
            [
              132.693404016,
              35.380545784
            ],
            [
              132.693167515,
              35.380531374
            ],
            [
              132.693163326,
              35.380556336
            ],
            [
              132.693148067,
              35.380746603
            ],
            [
              132.693142584,
              35.380811393
            ],
            [
              132.693186101,
              35.380812391
            ],
            [
              132.693486758,
              35.380833158
            ],
            [
              132.693529936,
              35.380563591
            ],
            [
              132.693561938,
              35.380355111
            ],
            [
              132.693427301,
              35.380306899
            ]
          ]
        ]
      },
      "properties": {
        "polygon_uuid": "da4336f3-b170-4bee-9411-5cb77a192c03",
        "daicho_shubetsu_cd": "FUD25"
      }
    },
    {
      "type": "Feature",
      "geometry": {
        "type": "Polygon",
        "coordinates": [
          [
            [
              132.681224138,
              35.373168487
            ],
            [
              132.681286085,
              35.37318077
            ],
            [
              132.681323308,
              35.373182459
            ],
            [
              132.681354702,
              35.372976359
            ],
            [
              132.681347819,
              35.372957917
            ],
            [
              132.681389279,
              35.372738844
            ],
            [
              132.681387031,
              35.372716147
            ],
            [
              132.681309161,
              35.372706318
            ],
            [
              132.681287994,
              35.372747048
            ],
            [
              132.68123607,
              35.372738956
            ],
            [
              132.68122399,
              35.372789806
            ],
            [
              132.681227812,
              35.372859061
            ],
            [
              132.681239598,
              35.372939365
            ],
            [
              132.681251162,
              35.372984573
            ],
            [
              132.681224138,
              35.373168487
            ]
          ]
        ]
      },
      "properties": {
        "polygon_uuid": "dd5bdc44-8b86-456d-86dd-5db4793350b4",
        "daicho_shubetsu_cd": "FUD25"
      }
    },
    {
      "type": "Feature",
      "geometry": {
        "type": "Polygon",
        "coordinates": [
          [
            [
              132.68917033,
              35.373649838
            ],
            [
              132.689242776,
              35.373672263
            ],
            [
              132.689430691,
              35.373729797
            ],
            [
              132.68947712,
              35.373715307
            ],
            [
              132.689544148,
              35.373738832
            ],
            [
              132.689537326,
              35.373582872
            ],
            [
              132.689536767,
              35.373569718
            ],
            [
              132.68917033,
              35.373649838
            ]
          ]
        ]
      },
      "properties": {
        "polygon_uuid": "c33ba1ff-7ce2-4860-b219-5dc20aacba65",
        "daicho_shubetsu_cd": "FUD25"
      }
    },
    {
      "type": "Feature",
      "geometry": {
        "type": "Polygon",
        "coordinates": [
          [
            [
              132.699945431,
              35.375841486
            ],
            [
              132.700079071,
              35.375853892
            ],
            [
              132.700089532,
              35.375635071
            ],
            [
              132.699996424,
              35.375753534
            ],
            [
              132.699951922,
              35.375823046
            ],
            [
              132.699945431,
              35.375841486
            ]
          ]
        ]
      },
      "properties": {
        "polygon_uuid": "061d00ca-1e96-4839-bec2-5df65269c93b",
        "daicho_shubetsu_cd": "FUD25"
      }
    },
    {
      "type": "Feature",
      "geometry": {
        "type": "Polygon",
        "coordinates": [
          [
            [
              132.696437742,
              35.37435022
            ],
            [
              132.696538556,
              35.374389604
            ],
            [
              132.696547113,
              35.374392928
            ],
            [
              132.697019951,
              35.373566075
            ],
            [
              132.696915073,
              35.373524744
            ],
            [
              132.696437742,
              35.37435022
            ]
          ]
        ]
      },
      "properties": {
        "polygon_uuid": "c95a3947-5ec8-48c0-94b0-5e18f4318b54",
        "daicho_shubetsu_cd": "FUD25"
      }
    },
    {
      "type": "Feature",
      "geometry": {
        "type": "Polygon",
        "coordinates": [
          [
            [
              132.696476956,
              35.379242217
            ],
            [
              132.696888198,
              35.378740373
            ],
            [
              132.696711122,
              35.378672583
            ],
            [
              132.696693842,
              35.378684365
            ],
            [
              132.696405116,
              35.379185671
            ],
            [
              132.696409288,
              35.379199032
            ],
            [
              132.696427785,
              35.379217347
            ],
            [
              132.696476956,
              35.379242217
            ]
          ]
        ]
      },
      "properties": {
        "polygon_uuid": "52cf2d06-bda2-4bd1-a463-5e7c750a346d",
        "daicho_shubetsu_cd": "FUD25"
      }
    },
    {
      "type": "Feature",
      "geometry": {
        "type": "Polygon",
        "coordinates": [
          [
            [
              132.682355008,
              35.37343765
            ],
            [
              132.682234286,
              35.373428005
            ],
            [
              132.682189122,
              35.373418962
            ],
            [
              132.682042472,
              35.373410352
            ],
            [
              132.682032343,
              35.373476034
            ],
            [
              132.682020811,
              35.373550833
            ],
            [
              132.682017717,
              35.373559094
            ],
            [
              132.682073731,
              35.373572865
            ],
            [
              132.682191263,
              35.373584541
            ],
            [
              132.682200578,
              35.373646607
            ],
            [
              132.682209576,
              35.373658747
            ],
            [
              132.682307725,
              35.373661981
            ],
            [
              132.68233832,
              35.373641346
            ],
            [
              132.682355008,
              35.37343765
            ]
          ]
        ]
      },
      "properties": {
        "polygon_uuid": "0d138857-d328-488c-8a6c-5fa50b38d420",
        "daicho_shubetsu_cd": "FUD25"
      }
    },
    {
      "type": "Feature",
      "geometry": {
        "type": "Polygon",
        "coordinates": [
          [
            [
              132.695823884,
              35.379539936
            ],
            [
              132.696077863,
              35.379640182
            ],
            [
              132.696164833,
              35.379484594
            ],
            [
              132.695911832,
              35.379385928
            ],
            [
              132.695823884,
              35.379539936
            ]
          ]
        ]
      },
      "properties": {
        "polygon_uuid": "cb13f170-f0a6-4866-8ce7-5fca8f63c0c6",
        "daicho_shubetsu_cd": "FUD25"
      }
    },
    {
      "type": "Feature",
      "geometry": {
        "type": "Polygon",
        "coordinates": [
          [
            [
              132.682075779,
              35.37167904
            ],
            [
              132.682585786,
              35.371749101
            ],
            [
              132.68290228,
              35.371792579
            ],
            [
              132.682933911,
              35.371796924
            ],
            [
              132.683304847,
              35.371846968
            ],
            [
              132.68333106,
              35.371713394
            ],
            [
              132.683052293,
              35.371675794
            ],
            [
              132.683039825,
              35.371665688
            ],
            [
              132.683039596,
              35.371629668
            ],
            [
              132.683044504,
              35.371515119
            ],
            [
              132.683044471,
              35.371509903
            ],
            [
              132.683026592,
              35.371507517
            ],
            [
              132.682854373,
              35.371497169
            ],
            [
              132.682842574,
              35.371502127
            ],
            [
              132.682840666,
              35.371556629
            ],
            [
              132.682670333,
              35.371547196
            ],
            [
              132.682477466,
              35.37154063
            ],
            [
              132.682448095,
              35.371532444
            ],
            [
              132.682220236,
              35.371520486
            ],
            [
              132.682204538,
              35.371534406
            ],
            [
              132.682128295,
              35.371603079
            ],
            [
              132.682075779,
              35.37167904
            ]
          ]
        ]
      },
      "properties": {
        "polygon_uuid": "13f4fd1c-7687-433b-9516-6068e251c727",
        "daicho_shubetsu_cd": "FUD25"
      }
    },
    {
      "type": "Feature",
      "geometry": {
        "type": "Polygon",
        "coordinates": [
          [
            [
              132.695052116,
              35.379870821
            ],
            [
              132.694799715,
              35.379864235
            ],
            [
              132.69474429,
              35.380261467
            ],
            [
              132.694790887,
              35.380266319
            ],
            [
              132.694877865,
              35.380276265
            ],
            [
              132.694890756,
              35.380276209
            ],
            [
              132.69491006,
              35.380205032
            ],
            [
              132.69502838,
              35.380205526
            ],
            [
              132.695052116,
              35.379870821
            ]
          ]
        ]
      },
      "properties": {
        "polygon_uuid": "0c4e6398-e715-431b-8a26-606ab610c9a8",
        "daicho_shubetsu_cd": "FUD25"
      }
    },
    {
      "type": "Feature",
      "geometry": {
        "type": "Polygon",
        "coordinates": [
          [
            [
              132.687958628,
              35.379172732
            ],
            [
              132.688186799,
              35.379383703
            ],
            [
              132.688404732,
              35.37958519
            ],
            [
              132.688564165,
              35.379733346
            ],
            [
              132.688609473,
              35.379770064
            ],
            [
              132.688683829,
              35.379801893
            ],
            [
              132.688731901,
              35.379815974
            ],
            [
              132.688748572,
              35.379695636
            ],
            [
              132.688765298,
              35.379583633
            ],
            [
              132.688782116,
              35.379485918
            ],
            [
              132.688690313,
              35.379454164
            ],
            [
              132.688687267,
              35.379432744
            ],
            [
              132.688715938,
              35.37936951
            ],
            [
              132.688054148,
              35.379104448
            ],
            [
              132.687958628,
              35.379172732
            ]
          ]
        ]
      },
      "properties": {
        "polygon_uuid": "5a8b2f08-96ed-4470-bc14-6071a675de01",
        "daicho_shubetsu_cd": "FUD25"
      }
    },
    {
      "type": "Feature",
      "geometry": {
        "type": "Polygon",
        "coordinates": [
          [
            [
              132.695564493,
              35.372895796
            ],
            [
              132.695872983,
              35.372872025
            ],
            [
              132.695861442,
              35.372313652
            ],
            [
              132.695851922,
              35.372304998
            ],
            [
              132.695816569,
              35.372278954
            ],
            [
              132.695762007,
              35.372250375
            ],
            [
              132.695652969,
              35.372206316
            ],
            [
              132.695576437,
              35.372179791
            ],
            [
              132.695564493,
              35.372895796
            ]
          ]
        ]
      },
      "properties": {
        "polygon_uuid": "47401c23-5544-412d-80d0-60f757ae04c4",
        "daicho_shubetsu_cd": "FUD25"
      }
    },
    {
      "type": "Feature",
      "geometry": {
        "type": "Polygon",
        "coordinates": [
          [
            [
              132.693198909,
              35.37415317
            ],
            [
              132.693674065,
              35.373332134
            ],
            [
              132.693668152,
              35.373329842
            ],
            [
              132.69351908,
              35.373272022
            ],
            [
              132.693451946,
              35.373244893
            ],
            [
              132.692977087,
              35.374067835
            ],
            [
              132.693184005,
              35.374147368
            ],
            [
              132.693198909,
              35.37415317
            ]
          ]
        ]
      },
      "properties": {
        "polygon_uuid": "0fb87e2b-5160-4881-af77-613139e1671e",
        "daicho_shubetsu_cd": "FUD25"
      }
    },
    {
      "type": "Feature",
      "geometry": {
        "type": "Polygon",
        "coordinates": [
          [
            [
              132.687666428,
              35.378898236
            ],
            [
              132.687715412,
              35.378928264
            ],
            [
              132.687916554,
              35.379005987
            ],
            [
              132.688320489,
              35.379163198
            ],
            [
              132.68832242,
              35.379163949
            ],
            [
              132.688573885,
              35.378733864
            ],
            [
              132.688397561,
              35.378665004
            ],
            [
              132.688275933,
              35.378617503
            ],
            [
              132.687911359,
              35.378478732
            ],
            [
              132.687666428,
              35.378898236
            ]
          ]
        ]
      },
      "properties": {
        "polygon_uuid": "35031d30-879b-4bbd-ba97-613d3d0220ee",
        "daicho_shubetsu_cd": "FUD25"
      }
    },
    {
      "type": "Feature",
      "geometry": {
        "type": "Polygon",
        "coordinates": [
          [
            [
              132.684473093,
              35.372490018
            ],
            [
              132.68457054,
              35.372026612
            ],
            [
              132.684256521,
              35.371983407
            ],
            [
              132.684204948,
              35.371976312
            ],
            [
              132.683994738,
              35.371946884
            ],
            [
              132.683903438,
              35.37241017
            ],
            [
              132.68400683,
              35.372425394
            ],
            [
              132.684233681,
              35.372455826
            ],
            [
              132.684473093,
              35.372490018
            ]
          ]
        ]
      },
      "properties": {
        "polygon_uuid": "531a2765-84ee-4d01-a27e-617dcbc33853",
        "daicho_shubetsu_cd": "FUD25"
      }
    },
    {
      "type": "Feature",
      "geometry": {
        "type": "Polygon",
        "coordinates": [
          [
            [
              132.695254634,
              35.37206826
            ],
            [
              132.695136412,
              35.372027286
            ],
            [
              132.695093652,
              35.372010007
            ],
            [
              132.69501685,
              35.37200423
            ],
            [
              132.694904468,
              35.37200201
            ],
            [
              132.694893077,
              35.372232807
            ],
            [
              132.695252836,
              35.372246987
            ],
            [
              132.695254634,
              35.37206826
            ]
          ]
        ]
      },
      "properties": {
        "polygon_uuid": "c3524ba3-dd58-45c5-a72a-623ec605954f",
        "daicho_shubetsu_cd": "FUD25"
      }
    },
    {
      "type": "Feature",
      "geometry": {
        "type": "Polygon",
        "coordinates": [
          [
            [
              132.681079044,
              35.373405272
            ],
            [
              132.681106242,
              35.3734264
            ],
            [
              132.68113886,
              35.373590664
            ],
            [
              132.681132316,
              35.373625789
            ],
            [
              132.681140298,
              35.373639609
            ],
            [
              132.681370394,
              35.373647865
            ],
            [
              132.681514784,
              35.373655563
            ],
            [
              132.681541848,
              35.373655447
            ],
            [
              132.681580812,
              35.373398517
            ],
            [
              132.681482379,
              35.373396968
            ],
            [
              132.681345355,
              35.373394781
            ],
            [
              132.681265813,
              35.373388192
            ],
            [
              132.68109325,
              35.373383385
            ],
            [
              132.681079044,
              35.373405272
            ]
          ]
        ]
      },
      "properties": {
        "polygon_uuid": "0869c97b-1298-4e7b-aa8b-62572ec4c3e2",
        "daicho_shubetsu_cd": "FUD25"
      }
    },
    {
      "type": "Feature",
      "geometry": {
        "type": "Polygon",
        "coordinates": [
          [
            [
              132.702683894,
              35.375733055
            ],
            [
              132.702705754,
              35.375739456
            ],
            [
              132.702728392,
              35.375730251
            ],
            [
              132.702960906,
              35.375297083
            ],
            [
              132.702989567,
              35.375231973
            ],
            [
              132.702968173,
              35.375196328
            ],
            [
              132.702843332,
              35.37511457
            ],
            [
              132.702806529,
              35.375148309
            ],
            [
              132.702758704,
              35.375114946
            ],
            [
              132.70279284,
              35.375077971
            ],
            [
              132.702601966,
              35.374950145
            ],
            [
              132.702394216,
              35.375151859
            ],
            [
              132.702430875,
              35.37520646
            ],
            [
              132.702456324,
              35.375230866
            ],
            [
              132.702501476,
              35.375259908
            ],
            [
              132.702389774,
              35.375365459
            ],
            [
              132.702448525,
              35.375396824
            ],
            [
              132.702305726,
              35.375536178
            ],
            [
              132.702664881,
              35.375719696
            ],
            [
              132.702683894,
              35.375733055
            ]
          ]
        ]
      },
      "properties": {
        "polygon_uuid": "4ee15a73-0907-4836-8357-62652d2f140d",
        "daicho_shubetsu_cd": "FUD25"
      }
    },
    {
      "type": "Feature",
      "geometry": {
        "type": "Polygon",
        "coordinates": [
          [
            [
              132.692898818,
              35.372891669
            ],
            [
              132.692969484,
              35.37289389
            ],
            [
              132.692970511,
              35.372889746
            ],
            [
              132.692974701,
              35.372886278
            ],
            [
              132.692982289,
              35.372886415
            ],
            [
              132.693312007,
              35.372881064
            ],
            [
              132.693372419,
              35.372579524
            ],
            [
              132.693356291,
              35.372558635
            ],
            [
              132.693103663,
              35.372567595
            ],
            [
              132.693002895,
              35.372565414
            ],
            [
              132.692757485,
              35.372558642
            ],
            [
              132.692721813,
              35.372812045
            ],
            [
              132.692759134,
              35.372812756
            ],
            [
              132.692773034,
              35.372818808
            ],
            [
              132.692770348,
              35.372888221
            ],
            [
              132.692898818,
              35.372891669
            ]
          ]
        ]
      },
      "properties": {
        "polygon_uuid": "689f9e04-9b92-4aa9-a9b4-62a0c327943a",
        "daicho_shubetsu_cd": "FUD25"
      }
    },
    {
      "type": "Feature",
      "geometry": {
        "type": "Polygon",
        "coordinates": [
          [
            [
              132.693375125,
              35.378397524
            ],
            [
              132.693621476,
              35.378494107
            ],
            [
              132.694101091,
              35.377659512
            ],
            [
              132.693785608,
              35.3775398
            ],
            [
              132.693599998,
              35.377858441
            ],
            [
              132.693302333,
              35.378369446
            ],
            [
              132.693375125,
              35.378397524
            ]
          ]
        ]
      },
      "properties": {
        "polygon_uuid": "8f147ca5-61ed-4f54-a53c-62b277a60345",
        "daicho_shubetsu_cd": "FUD25"
      }
    },
    {
      "type": "Feature",
      "geometry": {
        "type": "Polygon",
        "coordinates": [
          [
            [
              132.697271554,
              35.379708692
            ],
            [
              132.697621866,
              35.379233179
            ],
            [
              132.697803983,
              35.379301907
            ],
            [
              132.697809065,
              35.379287071
            ],
            [
              132.697550564,
              35.379179523
            ],
            [
              132.697575432,
              35.379127806
            ],
            [
              132.69750406,
              35.379096771
            ],
            [
              132.697451957,
              35.379188534
            ],
            [
              132.697369429,
              35.379320743
            ],
            [
              132.697232104,
              35.37950112
            ],
            [
              132.697128515,
              35.37962867
            ],
            [
              132.69713666,
              35.379654469
            ],
            [
              132.697271554,
              35.379708692
            ]
          ]
        ]
      },
      "properties": {
        "polygon_uuid": "b1da443b-b716-45ca-b639-632aae481a53",
        "daicho_shubetsu_cd": "FUD25"
      }
    },
    {
      "type": "Feature",
      "geometry": {
        "type": "Polygon",
        "coordinates": [
          [
            [
              132.694408859,
              35.379409195
            ],
            [
              132.694698574,
              35.37891024
            ],
            [
              132.69452219,
              35.378842678
            ],
            [
              132.694280556,
              35.37875012
            ],
            [
              132.694222832,
              35.37872801
            ],
            [
              132.693937327,
              35.379228516
            ],
            [
              132.694408859,
              35.379409195
            ]
          ]
        ]
      },
      "properties": {
        "polygon_uuid": "8878fb71-5c80-4a86-9303-63425df5547c",
        "daicho_shubetsu_cd": "FUD25"
      }
    },
    {
      "type": "Feature",
      "geometry": {
        "type": "Polygon",
        "coordinates": [
          [
            [
              132.694037002,
              35.375492962
            ],
            [
              132.69450881,
              35.374672864
            ],
            [
              132.694387525,
              35.37462967
            ],
            [
              132.693918952,
              35.375447222
            ],
            [
              132.694037002,
              35.375492962
            ]
          ]
        ]
      },
      "properties": {
        "polygon_uuid": "c2c893a3-5590-44da-b7a0-6375390cb040",
        "daicho_shubetsu_cd": "FUD25"
      }
    },
    {
      "type": "Feature",
      "geometry": {
        "type": "Polygon",
        "coordinates": [
          [
            [
              132.685245639,
              35.37212274
            ],
            [
              132.685077308,
              35.372096336
            ],
            [
              132.685067718,
              35.372095017
            ],
            [
              132.685016261,
              35.372087937
            ],
            [
              132.685008366,
              35.37211179
            ],
            [
              132.684916528,
              35.372553404
            ],
            [
              132.685093517,
              35.372579691
            ],
            [
              132.685117209,
              35.372581437
            ],
            [
              132.685138586,
              35.372573956
            ],
            [
              132.685149762,
              35.372558206
            ],
            [
              132.685162066,
              35.372542453
            ],
            [
              132.685242904,
              35.372134793
            ],
            [
              132.685245639,
              35.37212274
            ]
          ]
        ]
      },
      "properties": {
        "polygon_uuid": "f7162cae-181f-45d5-98be-63978e8da04c",
        "daicho_shubetsu_cd": "FUD25"
      }
    },
    {
      "type": "Feature",
      "geometry": {
        "type": "Polygon",
        "coordinates": [
          [
            [
              132.687017778,
              35.37436583
            ],
            [
              132.687374858,
              35.374504054
            ],
            [
              132.687903256,
              35.374708592
            ],
            [
              132.688137278,
              35.374302279
            ],
            [
              132.688100339,
              35.374288587
            ],
            [
              132.688031865,
              35.374266259
            ],
            [
              132.687386767,
              35.374329769
            ],
            [
              132.687017778,
              35.37436583
            ]
          ]
        ]
      },
      "properties": {
        "polygon_uuid": "07f26510-be1c-4019-96f5-63bf9ee21563",
        "daicho_shubetsu_cd": "FUD25"
      }
    },
    {
      "type": "Feature",
      "geometry": {
        "type": "Polygon",
        "coordinates": [
          [
            [
              132.68889753,
              35.373565397
            ],
            [
              132.689130882,
              35.373637627
            ],
            [
              132.689123143,
              35.373607288
            ],
            [
              132.689101961,
              35.373478778
            ],
            [
              132.688908684,
              35.373491521
            ],
            [
              132.688889815,
              35.373496365
            ],
            [
              132.688873901,
              35.373508342
            ],
            [
              132.688875584,
              35.373544057
            ],
            [
              132.68889753,
              35.373565397
            ]
          ]
        ]
      },
      "properties": {
        "polygon_uuid": "1b8b6932-3789-4c04-aab0-63cbfc843c95",
        "daicho_shubetsu_cd": "FUD25"
      }
    },
    {
      "type": "Feature",
      "geometry": {
        "type": "Polygon",
        "coordinates": [
          [
            [
              132.691082367,
              35.372226356
            ],
            [
              132.691234992,
              35.372379389
            ],
            [
              132.691295885,
              35.372416384
            ],
            [
              132.691334785,
              35.372423202
            ],
            [
              132.691363201,
              35.372420749
            ],
            [
              132.691371619,
              35.372403636
            ],
            [
              132.691408643,
              35.372266857
            ],
            [
              132.691407308,
              35.372207093
            ],
            [
              132.691398513,
              35.37216599
            ],
            [
              132.691352863,
              35.372141349
            ],
            [
              132.691277906,
              35.372127703
            ],
            [
              132.691161224,
              35.372110356
            ],
            [
              132.691151948,
              35.372141445
            ],
            [
              132.691095052,
              35.372136258
            ],
            [
              132.691080371,
              35.37221084
            ],
            [
              132.691082367,
              35.372226356
            ]
          ]
        ]
      },
      "properties": {
        "polygon_uuid": "f7a94236-bfd8-4259-8925-64435f7cd851",
        "daicho_shubetsu_cd": "FUD25"
      }
    },
    {
      "type": "Feature",
      "geometry": {
        "type": "Polygon",
        "coordinates": [
          [
            [
              132.68719978,
              35.371887257
            ],
            [
              132.68723064,
              35.371887766
            ],
            [
              132.687364371,
              35.371884808
            ],
            [
              132.687428944,
              35.371879759
            ],
            [
              132.687431668,
              35.37185117
            ],
            [
              132.687426956,
              35.371795442
            ],
            [
              132.687048001,
              35.371796222
            ],
            [
              132.687049967,
              35.371875995
            ],
            [
              132.68719978,
              35.371887257
            ]
          ]
        ]
      },
      "properties": {
        "polygon_uuid": "237dd81e-aa0b-4b82-9567-64497b4e13ab",
        "daicho_shubetsu_cd": "FUD25"
      }
    },
    {
      "type": "Feature",
      "geometry": {
        "type": "Polygon",
        "coordinates": [
          [
            [
              132.693499134,
              35.379879636
            ],
            [
              132.693506991,
              35.379853704
            ],
            [
              132.693487535,
              35.379846435
            ],
            [
              132.693546435,
              35.379685191
            ],
            [
              132.693548285,
              35.379672514
            ],
            [
              132.693349677,
              35.379611614
            ],
            [
              132.693336851,
              35.379613904
            ],
            [
              132.693313955,
              35.379661516
            ],
            [
              132.692946836,
              35.379568083
            ],
            [
              132.692939165,
              35.379591711
            ],
            [
              132.692907844,
              35.379682121
            ],
            [
              132.693266192,
              35.379774396
            ],
            [
              132.69325672,
              35.379804529
            ],
            [
              132.693499134,
              35.379879636
            ]
          ]
        ]
      },
      "properties": {
        "polygon_uuid": "042d286f-2817-467f-9b58-6457dba86f21",
        "daicho_shubetsu_cd": "FUD25"
      }
    },
    {
      "type": "Feature",
      "geometry": {
        "type": "Polygon",
        "coordinates": [
          [
            [
              132.683239476,
              35.376339939
            ],
            [
              132.683252928,
              35.376350842
            ],
            [
              132.68326837,
              35.376440889
            ],
            [
              132.683247663,
              35.376458026
            ],
            [
              132.683176366,
              35.37646929
            ],
            [
              132.683112551,
              35.37648783
            ],
            [
              132.683112721,
              35.37651462
            ],
            [
              132.683127915,
              35.3765657
            ],
            [
              132.683186056,
              35.376563853
            ],
            [
              132.683215869,
              35.376575903
            ],
            [
              132.683230877,
              35.376597758
            ],
            [
              132.683244484,
              35.376633015
            ],
            [
              132.683347011,
              35.376622834
            ],
            [
              132.683362112,
              35.376659303
            ],
            [
              132.683368207,
              35.376682413
            ],
            [
              132.683380148,
              35.376689669
            ],
            [
              132.68347672,
              35.376678296
            ],
            [
              132.683573262,
              35.376662053
            ],
            [
              132.683603053,
              35.37667045
            ],
            [
              132.683593899,
              35.376633956
            ],
            [
              132.683595246,
              35.376612031
            ],
            [
              132.683627847,
              35.376594843
            ],
            [
              132.683632214,
              35.376580211
            ],
            [
              132.683627202,
              35.376493772
            ],
            [
              132.683623708,
              35.376412197
            ],
            [
              132.683615482,
              35.376288021
            ],
            [
              132.683587645,
              35.376292757
            ],
            [
              132.683254811,
              35.37632706
            ],
            [
              132.683239476,
              35.376339939
            ]
          ]
        ]
      },
      "properties": {
        "polygon_uuid": "c601edf5-6ab4-4884-9751-6463bd7caf77",
        "daicho_shubetsu_cd": "FUD25"
      }
    },
    {
      "type": "Feature",
      "geometry": {
        "type": "Polygon",
        "coordinates": [
          [
            [
              132.692588466,
              35.374931776
            ],
            [
              132.692646038,
              35.374954186
            ],
            [
              132.692861436,
              35.375037562
            ],
            [
              132.693330292,
              35.374222081
            ],
            [
              132.693068231,
              35.374119161
            ],
            [
              132.692588466,
              35.374931776
            ]
          ]
        ]
      },
      "properties": {
        "polygon_uuid": "21a2f2c9-306d-442c-944d-646a165b86bc",
        "daicho_shubetsu_cd": "FUD25"
      }
    },
    {
      "type": "Feature",
      "geometry": {
        "type": "Polygon",
        "coordinates": [
          [
            [
              132.698896473,
              35.374284116
            ],
            [
              132.699380674,
              35.373461608
            ],
            [
              132.698617423,
              35.373167219
            ],
            [
              132.698139124,
              35.37398867
            ],
            [
              132.698896473,
              35.374284116
            ]
          ]
        ]
      },
      "properties": {
        "polygon_uuid": "827dada5-2e59-4e46-86e7-64885a182571",
        "daicho_shubetsu_cd": "FUD25"
      }
    },
    {
      "type": "Feature",
      "geometry": {
        "type": "Polygon",
        "coordinates": [
          [
            [
              132.687909027,
              35.374710826
            ],
            [
              132.687917884,
              35.374714254
            ],
            [
              132.688110131,
              35.374788671
            ],
            [
              132.688350311,
              35.374381243
            ],
            [
              132.688137278,
              35.374302279
            ],
            [
              132.687903256,
              35.374708592
            ],
            [
              132.687909027,
              35.374710826
            ]
          ]
        ]
      },
      "properties": {
        "polygon_uuid": "bc0794a0-8cd8-4e87-9c9c-653e2867f861",
        "daicho_shubetsu_cd": "FUD25"
      }
    },
    {
      "type": "Feature",
      "geometry": {
        "type": "Polygon",
        "coordinates": [
          [
            [
              132.683304847,
              35.371846968
            ],
            [
              132.682933911,
              35.371796924
            ],
            [
              132.68290228,
              35.371792579
            ],
            [
              132.68280929,
              35.372258056
            ],
            [
              132.683028451,
              35.372287789
            ],
            [
              132.68318488,
              35.372309287
            ],
            [
              132.683209623,
              35.372299022
            ],
            [
              132.683217364,
              35.372274975
            ],
            [
              132.683304847,
              35.371846968
            ]
          ]
        ]
      },
      "properties": {
        "polygon_uuid": "52cc7231-0ad4-47d8-af79-6591c13ccb89",
        "daicho_shubetsu_cd": "FUD25"
      }
    },
    {
      "type": "Feature",
      "geometry": {
        "type": "Polygon",
        "coordinates": [
          [
            [
              132.687356648,
              35.378266574
            ],
            [
              132.687630995,
              35.378372013
            ],
            [
              132.687644523,
              35.378377162
            ],
            [
              132.687881132,
              35.377968778
            ],
            [
              132.687594059,
              35.377856868
            ],
            [
              132.687356648,
              35.378266574
            ]
          ]
        ]
      },
      "properties": {
        "polygon_uuid": "5ee2bcfb-dbdf-4d23-a417-66b32c8cb1e6",
        "daicho_shubetsu_cd": "FUD25"
      }
    },
    {
      "type": "Feature",
      "geometry": {
        "type": "Polygon",
        "coordinates": [
          [
            [
              132.683715204,
              35.373698067
            ],
            [
              132.683723657,
              35.373700657
            ],
            [
              132.6839254,
              35.373771836
            ],
            [
              132.684055188,
              35.373816988
            ],
            [
              132.684062307,
              35.373782923
            ],
            [
              132.68410598,
              35.373558298
            ],
            [
              132.684149126,
              35.373338554
            ],
            [
              132.684095116,
              35.373330546
            ],
            [
              132.683829329,
              35.373295663
            ],
            [
              132.683797227,
              35.373301342
            ],
            [
              132.68377243,
              35.3733915
            ],
            [
              132.683715204,
              35.373698067
            ]
          ]
        ]
      },
      "properties": {
        "polygon_uuid": "ca782c85-2393-4cd3-b595-66e2de8b921b",
        "daicho_shubetsu_cd": "FUD25"
      }
    },
    {
      "type": "Feature",
      "geometry": {
        "type": "Polygon",
        "coordinates": [
          [
            [
              132.687336541,
              35.377714268
            ],
            [
              132.687347717,
              35.377718422
            ],
            [
              132.687911775,
              35.377935684
            ],
            [
              132.688145802,
              35.377536259
            ],
            [
              132.687836431,
              35.377415466
            ],
            [
              132.687569216,
              35.377311131
            ],
            [
              132.687336541,
              35.377714268
            ]
          ]
        ]
      },
      "properties": {
        "polygon_uuid": "dc888cac-4d07-4b4c-a6c2-66f08f64b143",
        "daicho_shubetsu_cd": "FUD25"
      }
    },
    {
      "type": "Feature",
      "geometry": {
        "type": "Polygon",
        "coordinates": [
          [
            [
              132.70332669,
              35.374329308
            ],
            [
              132.703160892,
              35.374215348
            ],
            [
              132.703024789,
              35.374119408
            ],
            [
              132.702987692,
              35.374096516
            ],
            [
              132.702783162,
              35.374294837
            ],
            [
              132.70283288,
              35.374363782
            ],
            [
              132.702947891,
              35.374462699
            ],
            [
              132.703073505,
              35.374568772
            ],
            [
              132.703163555,
              35.374492718
            ],
            [
              132.70332669,
              35.374329308
            ]
          ]
        ]
      },
      "properties": {
        "polygon_uuid": "b980de79-e1d5-41f3-ac2d-672b2cdca05b",
        "daicho_shubetsu_cd": "FUD25"
      }
    },
    {
      "type": "Feature",
      "geometry": {
        "type": "Polygon",
        "coordinates": [
          [
            [
              132.683464515,
              35.37285405
            ],
            [
              132.683763146,
              35.372896254
            ],
            [
              132.683860429,
              35.372434567
            ],
            [
              132.683851878,
              35.372433504
            ],
            [
              132.683635868,
              35.372405611
            ],
            [
              132.683278118,
              35.37236096
            ],
            [
              132.683181136,
              35.372347607
            ],
            [
              132.68308483,
              35.37280039
            ],
            [
              132.683464515,
              35.37285405
            ]
          ]
        ]
      },
      "properties": {
        "polygon_uuid": "3146073c-77f6-46b7-a29c-67b3d1a08e83",
        "daicho_shubetsu_cd": "FUD25"
      }
    },
    {
      "type": "Feature",
      "geometry": {
        "type": "Polygon",
        "coordinates": [
          [
            [
              132.693166808,
              35.376233543
            ],
            [
              132.6936401,
              35.375421828
            ],
            [
              132.693278733,
              35.375280405
            ],
            [
              132.692808392,
              35.376094622
            ],
            [
              132.693166808,
              35.376233543
            ]
          ]
        ]
      },
      "properties": {
        "polygon_uuid": "68fbe13f-31a7-41be-8683-67c34acbf215",
        "daicho_shubetsu_cd": "FUD25"
      }
    },
    {
      "type": "Feature",
      "geometry": {
        "type": "Polygon",
        "coordinates": [
          [
            [
              132.699358506,
              35.377860836
            ],
            [
              132.699402869,
              35.377627483
            ],
            [
              132.699265292,
              35.377608622
            ],
            [
              132.699135566,
              35.377588616
            ],
            [
              132.699149615,
              35.37751274
            ],
            [
              132.699104597,
              35.377504275
            ],
            [
              132.699016634,
              35.3778025
            ],
            [
              132.699029915,
              35.377811106
            ],
            [
              132.69909879,
              35.377828131
            ],
            [
              132.699358506,
              35.377860836
            ]
          ]
        ]
      },
      "properties": {
        "polygon_uuid": "e9d4ea7f-2dba-4435-bb7f-67db3586cc4f",
        "daicho_shubetsu_cd": "FUD25"
      }
    },
    {
      "type": "Feature",
      "geometry": {
        "type": "Polygon",
        "coordinates": [
          [
            [
              132.686156375,
              35.376219441
            ],
            [
              132.686147778,
              35.376143178
            ],
            [
              132.685791145,
              35.376167955
            ],
            [
              132.685711832,
              35.376173466
            ],
            [
              132.685720272,
              35.37625299
            ],
            [
              132.686079084,
              35.376227249
            ],
            [
              132.686123502,
              35.376222031
            ],
            [
              132.686156375,
              35.376219441
            ]
          ]
        ]
      },
      "properties": {
        "polygon_uuid": "097b2416-9282-485a-b793-67e602be7c44",
        "daicho_shubetsu_cd": "FUD25"
      }
    },
    {
      "type": "Feature",
      "geometry": {
        "type": "Polygon",
        "coordinates": [
          [
            [
              132.682511417,
              35.374974923
            ],
            [
              132.682475796,
              35.374984817
            ],
            [
              132.682383639,
              35.374988863
            ],
            [
              132.682321225,
              35.374994001
            ],
            [
              132.68235505,
              35.375169213
            ],
            [
              132.682626929,
              35.375136391
            ],
            [
              132.682750216,
              35.375117598
            ],
            [
              132.682761979,
              35.375096846
            ],
            [
              132.68275878,
              35.375061545
            ],
            [
              132.68280182,
              35.375049183
            ],
            [
              132.682783683,
              35.375002986
            ],
            [
              132.682752205,
              35.374962935
            ],
            [
              132.682744694,
              35.37495079
            ],
            [
              132.682698595,
              35.374949769
            ],
            [
              132.682618403,
              35.374964724
            ],
            [
              132.682564871,
              35.374963734
            ],
            [
              132.682511417,
              35.374974923
            ]
          ]
        ]
      },
      "properties": {
        "polygon_uuid": "ac328b97-6a58-4202-a0b6-67f8827c5014",
        "daicho_shubetsu_cd": "FUD25"
      }
    },
    {
      "type": "Feature",
      "geometry": {
        "type": "Polygon",
        "coordinates": [
          [
            [
              132.691628698,
              35.371447659
            ],
            [
              132.691631704,
              35.371537126
            ],
            [
              132.69162757,
              35.371648497
            ],
            [
              132.691651396,
              35.371578798
            ],
            [
              132.691698521,
              35.371228613
            ],
            [
              132.69171067,
              35.371129007
            ],
            [
              132.691728151,
              35.371111902
            ],
            [
              132.691800073,
              35.37110504
            ],
            [
              132.691846588,
              35.371128011
            ],
            [
              132.691883759,
              35.370946275
            ],
            [
              132.691908167,
              35.370764093
            ],
            [
              132.691910596,
              35.370742524
            ],
            [
              132.691837703,
              35.370732899
            ],
            [
              132.691743079,
              35.370741264
            ],
            [
              132.691704443,
              35.370773247
            ],
            [
              132.691668236,
              35.37080522
            ],
            [
              132.691639285,
              35.370833183
            ],
            [
              132.691632426,
              35.370898832
            ],
            [
              132.691633077,
              35.371374068
            ],
            [
              132.691628698,
              35.371447659
            ]
          ]
        ]
      },
      "properties": {
        "polygon_uuid": "e7cb9d6f-de52-4457-bce9-6836d577d71c",
        "daicho_shubetsu_cd": "FUD25"
      }
    },
    {
      "type": "Feature",
      "geometry": {
        "type": "Polygon",
        "coordinates": [
          [
            [
              132.69834929,
              35.378645124
            ],
            [
              132.698314935,
              35.378767729
            ],
            [
              132.698676684,
              35.378817117
            ],
            [
              132.698678228,
              35.378805923
            ],
            [
              132.698750049,
              35.378313411
            ],
            [
              132.698751586,
              35.378307666
            ],
            [
              132.698462086,
              35.378263521
            ],
            [
              132.698410458,
              35.378438185
            ],
            [
              132.69834929,
              35.378645124
            ]
          ]
        ]
      },
      "properties": {
        "polygon_uuid": "778b2bde-2fa7-4648-96f0-68438a370aa6",
        "daicho_shubetsu_cd": "FUD25"
      }
    },
    {
      "type": "Feature",
      "geometry": {
        "type": "Polygon",
        "coordinates": [
          [
            [
              132.696399234,
              35.375386622
            ],
            [
              132.69686985,
              35.374571337
            ],
            [
              132.696582535,
              35.374460073
            ],
            [
              132.696111721,
              35.375275491
            ],
            [
              132.696399234,
              35.375386622
            ]
          ]
        ]
      },
      "properties": {
        "polygon_uuid": "1a1599c2-c7df-4025-a2b1-68af6b21a3d9",
        "daicho_shubetsu_cd": "FUD25"
      }
    },
    {
      "type": "Feature",
      "geometry": {
        "type": "Polygon",
        "coordinates": [
          [
            [
              132.69611281,
              35.377377945
            ],
            [
              132.696127676,
              35.377383721
            ],
            [
              132.696600893,
              35.376575376
            ],
            [
              132.696569827,
              35.376567047
            ],
            [
              132.696322212,
              35.376464654
            ],
            [
              132.69630044,
              35.376456203
            ],
            [
              132.695828967,
              35.377267654
            ],
            [
              132.695866444,
              35.377282216
            ],
            [
              132.69611281,
              35.377377945
            ]
          ]
        ]
      },
      "properties": {
        "polygon_uuid": "c2c0acb8-e7e9-49bc-9b33-692b86f6c9df",
        "daicho_shubetsu_cd": "FUD25"
      }
    },
    {
      "type": "Feature",
      "geometry": {
        "type": "Polygon",
        "coordinates": [
          [
            [
              132.689492252,
              35.376856788
            ],
            [
              132.689722554,
              35.376456438
            ],
            [
              132.689393387,
              35.376327463
            ],
            [
              132.689312932,
              35.376295939
            ],
            [
              132.689081767,
              35.376696027
            ],
            [
              132.689405283,
              35.376820735
            ],
            [
              132.689492252,
              35.376856788
            ]
          ]
        ]
      },
      "properties": {
        "polygon_uuid": "14a21256-03a2-4f6e-89b8-695e4f7944b5",
        "daicho_shubetsu_cd": "FUD25"
      }
    },
    {
      "type": "Feature",
      "geometry": {
        "type": "Polygon",
        "coordinates": [
          [
            [
              132.693743887,
              35.373043687
            ],
            [
              132.694115551,
              35.373011265
            ],
            [
              132.694128874,
              35.373010087
            ],
            [
              132.694156714,
              35.372854604
            ],
            [
              132.694190934,
              35.372706436
            ],
            [
              132.694199702,
              35.372579338
            ],
            [
              132.694226275,
              35.372484909
            ],
            [
              132.694240469,
              35.372462271
            ],
            [
              132.694251044,
              35.372402835
            ],
            [
              132.693963155,
              35.372363929
            ],
            [
              132.693900601,
              35.372356326
            ],
            [
              132.69381126,
              35.372607231
            ],
            [
              132.693776886,
              35.372731821
            ],
            [
              132.693743887,
              35.373043687
            ]
          ]
        ]
      },
      "properties": {
        "polygon_uuid": "16075451-fad8-415e-9b3b-6969ac6e9f63",
        "daicho_shubetsu_cd": "FUD25"
      }
    },
    {
      "type": "Feature",
      "geometry": {
        "type": "Polygon",
        "coordinates": [
          [
            [
              132.690347435,
              35.378386458
            ],
            [
              132.69040769,
              35.378409933
            ],
            [
              132.690843941,
              35.378579176
            ],
            [
              132.691078527,
              35.378174427
            ],
            [
              132.69059959,
              35.377989172
            ],
            [
              132.690009502,
              35.377758216
            ],
            [
              132.689778017,
              35.37816461
            ],
            [
              132.690347435,
              35.378386458
            ]
          ]
        ]
      },
      "properties": {
        "polygon_uuid": "803183a8-f79c-478a-bbd9-698d393e4e95",
        "daicho_shubetsu_cd": "FUD25"
      }
    },
    {
      "type": "Feature",
      "geometry": {
        "type": "Polygon",
        "coordinates": [
          [
            [
              132.687272121,
              35.373881689
            ],
            [
              132.687303284,
              35.373872421
            ],
            [
              132.687333332,
              35.373863158
            ],
            [
              132.68744701,
              35.373853536
            ],
            [
              132.687502805,
              35.373859688
            ],
            [
              132.687546287,
              35.373858588
            ],
            [
              132.687595285,
              35.37384833
            ],
            [
              132.687636426,
              35.373829886
            ],
            [
              132.687659648,
              35.373799647
            ],
            [
              132.687648561,
              35.373674989
            ],
            [
              132.687561756,
              35.373682298
            ],
            [
              132.687255525,
              35.373696147
            ],
            [
              132.687272121,
              35.373881689
            ]
          ]
        ]
      },
      "properties": {
        "polygon_uuid": "3687bef5-62e1-4334-b6cc-69c1c49ec759",
        "daicho_shubetsu_cd": "FUD25"
      }
    },
    {
      "type": "Feature",
      "geometry": {
        "type": "Polygon",
        "coordinates": [
          [
            [
              132.69271815,
              35.378145937
            ],
            [
              132.692925812,
              35.378225214
            ],
            [
              132.69340476,
              35.377396401
            ],
            [
              132.69337958,
              35.377386922
            ],
            [
              132.693277822,
              35.377350543
            ],
            [
              132.693241566,
              35.377350701
            ],
            [
              132.692723694,
              35.378136907
            ],
            [
              132.69271815,
              35.378145937
            ]
          ]
        ]
      },
      "properties": {
        "polygon_uuid": "267b2ed8-5e90-4614-9ffe-6a07bd1c8e2f",
        "daicho_shubetsu_cd": "FUD25"
      }
    },
    {
      "type": "Feature",
      "geometry": {
        "type": "Polygon",
        "coordinates": [
          [
            [
              132.692977087,
              35.374067835
            ],
            [
              132.693451946,
              35.373244893
            ],
            [
              132.693227501,
              35.373154198
            ],
            [
              132.692748063,
              35.373979805
            ],
            [
              132.692977087,
              35.374067835
            ]
          ]
        ]
      },
      "properties": {
        "polygon_uuid": "d62296ed-759c-4abf-8159-6aa4923921d0",
        "daicho_shubetsu_cd": "FUD25"
      }
    },
    {
      "type": "Feature",
      "geometry": {
        "type": "Polygon",
        "coordinates": [
          [
            [
              132.701854274,
              35.378417533
            ],
            [
              132.701849648,
              35.378180566
            ],
            [
              132.701126071,
              35.378222625
            ],
            [
              132.701139537,
              35.378286397
            ],
            [
              132.701159772,
              35.378346959
            ],
            [
              132.701210636,
              35.378439875
            ],
            [
              132.701854274,
              35.378417533
            ]
          ]
        ]
      },
      "properties": {
        "polygon_uuid": "456104b4-a201-4e4a-91f0-6ae57234b9c6",
        "daicho_shubetsu_cd": "FUD25"
      }
    },
    {
      "type": "Feature",
      "geometry": {
        "type": "Polygon",
        "coordinates": [
          [
            [
              132.690341343,
              35.372182757
            ],
            [
              132.690152983,
              35.372187163
            ],
            [
              132.690151799,
              35.372228845
            ],
            [
              132.690156933,
              35.372231036
            ],
            [
              132.690157652,
              35.372262378
            ],
            [
              132.690154421,
              35.372634881
            ],
            [
              132.690585644,
              35.372631908
            ],
            [
              132.690593814,
              35.372331698
            ],
            [
              132.690609167,
              35.372232799
            ],
            [
              132.690341659,
              35.372231577
            ],
            [
              132.690341343,
              35.372182757
            ]
          ]
        ]
      },
      "properties": {
        "polygon_uuid": "9e000cbe-7056-4119-ac71-6b6d8c2c78cd",
        "daicho_shubetsu_cd": "FUD25"
      }
    },
    {
      "type": "Feature",
      "geometry": {
        "type": "Polygon",
        "coordinates": [
          [
            [
              132.703816061,
              35.372517024
            ],
            [
              132.703742573,
              35.372474702
            ],
            [
              132.703707623,
              35.372457883
            ],
            [
              132.703581711,
              35.37259132
            ],
            [
              132.7034915,
              35.372553407
            ],
            [
              132.703559204,
              35.372452898
            ],
            [
              132.703468867,
              35.372395827
            ],
            [
              132.703627689,
              35.372172391
            ],
            [
              132.703385857,
              35.372040091
            ],
            [
              132.703359132,
              35.372025616
            ],
            [
              132.703195901,
              35.372201046
            ],
            [
              132.703053026,
              35.372371608
            ],
            [
              132.703098663,
              35.372400894
            ],
            [
              132.703290216,
              35.372527759
            ],
            [
              132.70342513,
              35.372614595
            ],
            [
              132.703529948,
              35.372684864
            ],
            [
              132.703593608,
              35.372789603
            ],
            [
              132.703755719,
              35.37258909
            ],
            [
              132.703816061,
              35.372517024
            ]
          ]
        ]
      },
      "properties": {
        "polygon_uuid": "1863765e-78c1-4b3e-81a2-6bc2e51aefa7",
        "daicho_shubetsu_cd": "FUD25"
      }
    },
    {
      "type": "Feature",
      "geometry": {
        "type": "Polygon",
        "coordinates": [
          [
            [
              132.690589835,
              35.373018427
            ],
            [
              132.690581928,
              35.372919628
            ],
            [
              132.690349393,
              35.372931353
            ],
            [
              132.690323309,
              35.372944565
            ],
            [
              132.690314687,
              35.372960082
            ],
            [
              132.690314394,
              35.37336494
            ],
            [
              132.690326056,
              35.373369653
            ],
            [
              132.690480157,
              35.373368985
            ],
            [
              132.69050041,
              35.373353417
            ],
            [
              132.690501333,
              35.373271251
            ],
            [
              132.690525916,
              35.373250902
            ],
            [
              132.690585475,
              35.373243499
            ],
            [
              132.690595551,
              35.373227975
            ],
            [
              132.690589835,
              35.373018427
            ]
          ]
        ]
      },
      "properties": {
        "polygon_uuid": "b56b77a5-d9af-4244-9e9b-6cb79573dc65",
        "daicho_shubetsu_cd": "FUD25"
      }
    },
    {
      "type": "Feature",
      "geometry": {
        "type": "Polygon",
        "coordinates": [
          [
            [
              132.68673294,
              35.379637516
            ],
            [
              132.686918624,
              35.379703347
            ],
            [
              132.687019949,
              35.379742205
            ],
            [
              132.687084483,
              35.379652909
            ],
            [
              132.687141682,
              35.379576235
            ],
            [
              132.687027727,
              35.379510583
            ],
            [
              132.68689045,
              35.379426882
            ],
            [
              132.686817025,
              35.379522404
            ],
            [
              132.68673294,
              35.379637516
            ]
          ]
        ]
      },
      "properties": {
        "polygon_uuid": "1d917297-7096-40e9-991b-6ccf6bcbb75a",
        "daicho_shubetsu_cd": "FUD25"
      }
    },
    {
      "type": "Feature",
      "geometry": {
        "type": "Polygon",
        "coordinates": [
          [
            [
              132.686213135,
              35.372021521
            ],
            [
              132.685896276,
              35.372032409
            ],
            [
              132.685865793,
              35.372039685
            ],
            [
              132.685873168,
              35.372056324
            ],
            [
              132.685923,
              35.37211922
            ],
            [
              132.68602115,
              35.372235493
            ],
            [
              132.68609868,
              35.372310177
            ],
            [
              132.686189279,
              35.372382423
            ],
            [
              132.686247384,
              35.372422204
            ],
            [
              132.686234999,
              35.372257197
            ],
            [
              132.686213135,
              35.372021521
            ]
          ]
        ]
      },
      "properties": {
        "polygon_uuid": "e9b5c5e6-cd05-4ce0-8fd4-6cd9aa138f45",
        "daicho_shubetsu_cd": "FUD25"
      }
    },
    {
      "type": "Feature",
      "geometry": {
        "type": "Polygon",
        "coordinates": [
          [
            [
              132.690625697,
              35.377329664
            ],
            [
              132.690668873,
              35.377346501
            ],
            [
              132.691144583,
              35.376514066
            ],
            [
              132.690799696,
              35.376378814
            ],
            [
              132.690317635,
              35.377206152
            ],
            [
              132.690625697,
              35.377329664
            ]
          ]
        ]
      },
      "properties": {
        "polygon_uuid": "f6aacb91-6902-41bd-b945-6ceec4f040eb",
        "daicho_shubetsu_cd": "FUD25"
      }
    },
    {
      "type": "Feature",
      "geometry": {
        "type": "Polygon",
        "coordinates": [
          [
            [
              132.692412185,
              35.375940889
            ],
            [
              132.692882451,
              35.375125316
            ],
            [
              132.69280778,
              35.375096093
            ],
            [
              132.692634742,
              35.375028897
            ],
            [
              132.692161862,
              35.375843491
            ],
            [
              132.692412185,
              35.375940889
            ]
          ]
        ]
      },
      "properties": {
        "polygon_uuid": "924b3ae0-d91a-4e42-b73f-6e30bbeb57a4",
        "daicho_shubetsu_cd": "FUD25"
      }
    },
    {
      "type": "Feature",
      "geometry": {
        "type": "Polygon",
        "coordinates": [
          [
            [
              132.697821547,
              35.380375533
            ],
            [
              132.697942224,
              35.379975254
            ],
            [
              132.697922116,
              35.37994774
            ],
            [
              132.697667932,
              35.379890656
            ],
            [
              132.69754589,
              35.380254042
            ],
            [
              132.697552667,
              35.380254706
            ],
            [
              132.69776317,
              35.380285851
            ],
            [
              132.697741906,
              35.380360776
            ],
            [
              132.697821547,
              35.380375533
            ]
          ]
        ]
      },
      "properties": {
        "polygon_uuid": "0b18a30b-caf5-4b74-a2dd-6e3f1dc575c4",
        "daicho_shubetsu_cd": "FUD25"
      }
    },
    {
      "type": "Feature",
      "geometry": {
        "type": "Polygon",
        "coordinates": [
          [
            [
              132.696441134,
              35.377505518
            ],
            [
              132.696906792,
              35.376698082
            ],
            [
              132.696600893,
              35.376575376
            ],
            [
              132.696127676,
              35.377383721
            ],
            [
              132.696316971,
              35.377457273
            ],
            [
              132.696322823,
              35.377459547
            ],
            [
              132.696441134,
              35.377505518
            ]
          ]
        ]
      },
      "properties": {
        "polygon_uuid": "e945ce43-0083-453b-8d89-6eb7a70b2135",
        "daicho_shubetsu_cd": "FUD25"
      }
    },
    {
      "type": "Feature",
      "geometry": {
        "type": "Polygon",
        "coordinates": [
          [
            [
              132.689572625,
              35.378084587
            ],
            [
              132.689759836,
              35.378157526
            ],
            [
              132.689778017,
              35.37816461
            ],
            [
              132.690009502,
              35.377758216
            ],
            [
              132.689908414,
              35.377718565
            ],
            [
              132.689856916,
              35.377702753
            ],
            [
              132.689817754,
              35.37770192
            ],
            [
              132.689787195,
              35.377707063
            ],
            [
              132.689576645,
              35.378074783
            ],
            [
              132.689572625,
              35.378084587
            ]
          ]
        ]
      },
      "properties": {
        "polygon_uuid": "9fdd8498-4bcb-4ddf-bc3e-6f3afdc65d71",
        "daicho_shubetsu_cd": "FUD25"
      }
    },
    {
      "type": "Feature",
      "geometry": {
        "type": "Polygon",
        "coordinates": [
          [
            [
              132.685536355,
              35.37979896
            ],
            [
              132.685546608,
              35.379832709
            ],
            [
              132.685695897,
              35.379810148
            ],
            [
              132.685798444,
              35.379802401
            ],
            [
              132.685874209,
              35.379790244
            ],
            [
              132.685915418,
              35.379783632
            ],
            [
              132.685958856,
              35.379775225
            ],
            [
              132.685982275,
              35.379775124
            ],
            [
              132.686021334,
              35.379779524
            ],
            [
              132.686051455,
              35.379781221
            ],
            [
              132.686169549,
              35.379763359
            ],
            [
              132.686308879,
              35.379752714
            ],
            [
              132.686330002,
              35.379742577
            ],
            [
              132.686333216,
              35.379724967
            ],
            [
              132.686023121,
              35.37965626
            ],
            [
              132.685823247,
              35.379640555
            ],
            [
              132.685682003,
              35.379637346
            ],
            [
              132.685614806,
              35.379639128
            ],
            [
              132.685547705,
              35.37971194
            ],
            [
              132.685536355,
              35.37979896
            ]
          ]
        ]
      },
      "properties": {
        "polygon_uuid": "054921a4-1a09-40c8-a678-70aeecffc1aa",
        "daicho_shubetsu_cd": "FUD25"
      }
    },
    {
      "type": "Feature",
      "geometry": {
        "type": "Polygon",
        "coordinates": [
          [
            [
              132.690945746,
              35.379529449
            ],
            [
              132.691154908,
              35.379515011
            ],
            [
              132.69117298,
              35.379541992
            ],
            [
              132.691653085,
              35.379486915
            ],
            [
              132.69165843,
              35.379462088
            ],
            [
              132.691650003,
              35.379436192
            ],
            [
              132.691612702,
              35.379416059
            ],
            [
              132.691444313,
              35.379349142
            ],
            [
              132.691418063,
              35.379334599
            ],
            [
              132.691120946,
              35.379226914
            ],
            [
              132.690945746,
              35.379529449
            ]
          ]
        ]
      },
      "properties": {
        "polygon_uuid": "fb747139-7e2d-41f8-84fd-714a5fbcaba2",
        "daicho_shubetsu_cd": "FUD25"
      }
    },
    {
      "type": "Feature",
      "geometry": {
        "type": "Polygon",
        "coordinates": [
          [
            [
              132.69021971,
              35.37716689
            ],
            [
              132.690317635,
              35.377206152
            ],
            [
              132.690799696,
              35.376378814
            ],
            [
              132.690777052,
              35.376369934
            ],
            [
              132.690692876,
              35.37633873
            ],
            [
              132.690648752,
              35.376327646
            ],
            [
              132.690621249,
              35.376332276
            ],
            [
              132.690603471,
              35.376350393
            ],
            [
              132.690148751,
              35.377135966
            ],
            [
              132.690164507,
              35.377145706
            ],
            [
              132.69021971,
              35.37716689
            ]
          ]
        ]
      },
      "properties": {
        "polygon_uuid": "5ff77924-8448-447c-bc5d-714e5250f823",
        "daicho_shubetsu_cd": "FUD25"
      }
    },
    {
      "type": "Feature",
      "geometry": {
        "type": "Polygon",
        "coordinates": [
          [
            [
              132.683874424,
              35.37442818
            ],
            [
              132.6841996,
              35.374420811
            ],
            [
              132.684190214,
              35.374275383
            ],
            [
              132.684188755,
              35.374265664
            ],
            [
              132.683890647,
              35.374257374
            ],
            [
              132.683874424,
              35.37442818
            ]
          ]
        ]
      },
      "properties": {
        "polygon_uuid": "4984f2ae-2aa3-474b-9e87-716c61a13cbf",
        "daicho_shubetsu_cd": "FUD25"
      }
    },
    {
      "type": "Feature",
      "geometry": {
        "type": "Polygon",
        "coordinates": [
          [
            [
              132.699313012,
              35.376974809
            ],
            [
              132.699332996,
              35.376997465
            ],
            [
              132.699408426,
              35.377005797
            ],
            [
              132.699549988,
              35.377016003
            ],
            [
              132.699626774,
              35.376828298
            ],
            [
              132.699616018,
              35.376801269
            ],
            [
              132.699439876,
              35.37676089
            ],
            [
              132.699416103,
              35.376765326
            ],
            [
              132.699313012,
              35.376974809
            ]
          ]
        ]
      },
      "properties": {
        "polygon_uuid": "402bdc97-3255-4cb7-b04f-71d595392e47",
        "daicho_shubetsu_cd": "FUD25"
      }
    },
    {
      "type": "Feature",
      "geometry": {
        "type": "Polygon",
        "coordinates": [
          [
            [
              132.686694048,
              35.372655317
            ],
            [
              132.686698792,
              35.372488591
            ],
            [
              132.686835455,
              35.372489193
            ],
            [
              132.686842947,
              35.372204702
            ],
            [
              132.686848314,
              35.372000928
            ],
            [
              132.686516864,
              35.372003545
            ],
            [
              132.686507736,
              35.372004084
            ],
            [
              132.686523771,
              35.372173793
            ],
            [
              132.686433668,
              35.372178943
            ],
            [
              132.686438441,
              35.372243224
            ],
            [
              132.686234999,
              35.372257197
            ],
            [
              132.686247384,
              35.372422204
            ],
            [
              132.686273972,
              35.372440406
            ],
            [
              132.686368826,
              35.372495964
            ],
            [
              132.686398774,
              35.372511831
            ],
            [
              132.686486985,
              35.372558566
            ],
            [
              132.686629913,
              35.372629397
            ],
            [
              132.686694048,
              35.372655317
            ]
          ]
        ]
      },
      "properties": {
        "polygon_uuid": "6c8b290a-dd98-4576-846b-71e817831216",
        "daicho_shubetsu_cd": "FUD25"
      }
    },
    {
      "type": "Feature",
      "geometry": {
        "type": "Polygon",
        "coordinates": [
          [
            [
              132.695280036,
              35.373336845
            ],
            [
              132.695514432,
              35.372939188
            ],
            [
              132.695144807,
              35.372968991
            ],
            [
              132.694998745,
              35.373228094
            ],
            [
              132.695199788,
              35.37330582
            ],
            [
              132.695280036,
              35.373336845
            ]
          ]
        ]
      },
      "properties": {
        "polygon_uuid": "a4c76f83-9d13-4ef8-b515-730e33427f42",
        "daicho_shubetsu_cd": "FUD25"
      }
    },
    {
      "type": "Feature",
      "geometry": {
        "type": "Polygon",
        "coordinates": [
          [
            [
              132.695995164,
              35.378346541
            ],
            [
              132.69615809,
              35.378409942
            ],
            [
              132.696638605,
              35.377582246
            ],
            [
              132.6964693,
              35.377516462
            ],
            [
              132.695995164,
              35.378346541
            ]
          ]
        ]
      },
      "properties": {
        "polygon_uuid": "95aacb54-6fd8-4bfb-b5b4-735449efd55b",
        "daicho_shubetsu_cd": "FUD25"
      }
    },
    {
      "type": "Feature",
      "geometry": {
        "type": "Polygon",
        "coordinates": [
          [
            [
              132.684857393,
              35.371717059
            ],
            [
              132.685092189,
              35.371755767
            ],
            [
              132.685258096,
              35.371778145
            ],
            [
              132.685264713,
              35.371755027
            ],
            [
              132.685272488,
              35.371736521
            ],
            [
              132.685264565,
              35.371731937
            ],
            [
              132.685268845,
              35.371695898
            ],
            [
              132.685281208,
              35.371689379
            ],
            [
              132.685336461,
              35.371689142
            ],
            [
              132.685388134,
              35.371482032
            ],
            [
              132.685372636,
              35.371350945
            ],
            [
              132.68507381,
              35.37135038
            ],
            [
              132.684853992,
              35.371361483
            ],
            [
              132.684845013,
              35.371367987
            ],
            [
              132.684830223,
              35.371700551
            ],
            [
              132.684840443,
              35.37171159
            ],
            [
              132.684857393,
              35.371717059
            ]
          ]
        ]
      },
      "properties": {
        "polygon_uuid": "67c52131-25d1-47a4-b46c-73bfe0ad000b",
        "daicho_shubetsu_cd": "FUD25"
      }
    },
    {
      "type": "Feature",
      "geometry": {
        "type": "Polygon",
        "coordinates": [
          [
            [
              132.689988441,
              35.379291293
            ],
            [
              132.690226688,
              35.378879776
            ],
            [
              132.689786616,
              35.378706578
            ],
            [
              132.689551528,
              35.379118484
            ],
            [
              132.689702666,
              35.379178262
            ],
            [
              132.689988441,
              35.379291293
            ]
          ]
        ]
      },
      "properties": {
        "polygon_uuid": "e2b3af77-1dbe-4410-8d3b-73d02aa30315",
        "daicho_shubetsu_cd": "FUD25"
      }
    },
    {
      "type": "Feature",
      "geometry": {
        "type": "Polygon",
        "coordinates": [
          [
            [
              132.697193825,
              35.377800951
            ],
            [
              132.697550668,
              35.377937735
            ],
            [
              132.697914685,
              35.377491702
            ],
            [
              132.697474513,
              35.377321001
            ],
            [
              132.697193825,
              35.377800951
            ]
          ]
        ]
      },
      "properties": {
        "polygon_uuid": "b4a36326-0f90-4825-8a47-73dca3467e26",
        "daicho_shubetsu_cd": "FUD25"
      }
    },
    {
      "type": "Feature",
      "geometry": {
        "type": "Polygon",
        "coordinates": [
          [
            [
              132.696547113,
              35.374392928
            ],
            [
              132.697186046,
              35.374641204
            ],
            [
              132.697662263,
              35.373819199
            ],
            [
              132.697019951,
              35.373566075
            ],
            [
              132.696547113,
              35.374392928
            ]
          ]
        ]
      },
      "properties": {
        "polygon_uuid": "7681b660-52ce-4015-bc83-74e6d2bc1137",
        "daicho_shubetsu_cd": "FUD25"
      }
    },
    {
      "type": "Feature",
      "geometry": {
        "type": "Polygon",
        "coordinates": [
          [
            [
              132.693811949,
              35.376481404
            ],
            [
              132.694030084,
              35.376566548
            ],
            [
              132.694500224,
              35.37575613
            ],
            [
              132.694453791,
              35.375738134
            ],
            [
              132.694412377,
              35.375727967
            ],
            [
              132.694365305,
              35.375730995
            ],
            [
              132.694328588,
              35.3757368
            ],
            [
              132.694302289,
              35.375754788
            ],
            [
              132.694281731,
              35.375772751
            ],
            [
              132.69408677,
              35.376065317
            ],
            [
              132.693837685,
              35.376442688
            ],
            [
              132.693811949,
              35.376481404
            ]
          ]
        ]
      },
      "properties": {
        "polygon_uuid": "4d1c3bf7-cb04-479d-9bce-755a13f2f39f",
        "daicho_shubetsu_cd": "FUD25"
      }
    },
    {
      "type": "Feature",
      "geometry": {
        "type": "Polygon",
        "coordinates": [
          [
            [
              132.700598938,
              35.380408771
            ],
            [
              132.700643697,
              35.380428068
            ],
            [
              132.700980366,
              35.380494811
            ],
            [
              132.700997008,
              35.380461434
            ],
            [
              132.700971151,
              35.380450989
            ],
            [
              132.700974068,
              35.380442041
            ],
            [
              132.700924097,
              35.380423695
            ],
            [
              132.700897088,
              35.380438977
            ],
            [
              132.700880554,
              35.380438508
            ],
            [
              132.700723923,
              35.38034985
            ],
            [
              132.70062449,
              35.380311841
            ],
            [
              132.700611398,
              35.380331935
            ],
            [
              132.700593334,
              35.380400247
            ],
            [
              132.700598938,
              35.380408771
            ]
          ]
        ]
      },
      "properties": {
        "polygon_uuid": "a92747af-ca0b-4a89-9d78-757658449a81",
        "daicho_shubetsu_cd": "FUD25"
      }
    },
    {
      "type": "Feature",
      "geometry": {
        "type": "Polygon",
        "coordinates": [
          [
            [
              132.68718622,
              35.374172994
            ],
            [
              132.687151158,
              35.373857231
            ],
            [
              132.687146981,
              35.3738058
            ],
            [
              132.687059148,
              35.373815982
            ],
            [
              132.686915392,
              35.373830301
            ],
            [
              132.686682279,
              35.373842608
            ],
            [
              132.686690916,
              35.373881266
            ],
            [
              132.686733914,
              35.374065343
            ],
            [
              132.686770597,
              35.374047376
            ],
            [
              132.686885936,
              35.374035919
            ],
            [
              132.68694453,
              35.374043887
            ],
            [
              132.686967947,
              35.374043785
            ],
            [
              132.686970314,
              35.374152004
            ],
            [
              132.687090671,
              35.374140526
            ],
            [
              132.687098109,
              35.374256941
            ],
            [
              132.687193377,
              35.374245571
            ],
            [
              132.68718622,
              35.374172994
            ]
          ]
        ]
      },
      "properties": {
        "polygon_uuid": "21819be9-5dfe-46d8-9460-761406a65bc6",
        "daicho_shubetsu_cd": "FUD25"
      }
    },
    {
      "type": "Feature",
      "geometry": {
        "type": "Polygon",
        "coordinates": [
          [
            [
              132.688557866,
              35.376499157
            ],
            [
              132.688589112,
              35.376511094
            ],
            [
              132.688959286,
              35.376648813
            ],
            [
              132.689081767,
              35.376696027
            ],
            [
              132.689312932,
              35.376295939
            ],
            [
              132.68907851,
              35.376204087
            ],
            [
              132.688888542,
              35.376129651
            ],
            [
              132.688793746,
              35.376093178
            ],
            [
              132.688557866,
              35.376499157
            ]
          ]
        ]
      },
      "properties": {
        "polygon_uuid": "b01f9ce4-746f-4558-a760-76359eb5f085",
        "daicho_shubetsu_cd": "FUD25"
      }
    },
    {
      "type": "Feature",
      "geometry": {
        "type": "Polygon",
        "coordinates": [
          [
            [
              132.683100547,
              35.373835371
            ],
            [
              132.683120314,
              35.373531162
            ],
            [
              132.683095771,
              35.373523142
            ],
            [
              132.682788901,
              35.373425392
            ],
            [
              132.682759951,
              35.373711588
            ],
            [
              132.68279911,
              35.373751598
            ],
            [
              132.682799939,
              35.373881823
            ],
            [
              132.682803901,
              35.373905704
            ],
            [
              132.682821832,
              35.373888079
            ],
            [
              132.682852237,
              35.373881484
            ],
            [
              132.683032636,
              35.373877019
            ],
            [
              132.683050869,
              35.373871399
            ],
            [
              132.683065416,
              35.373853788
            ],
            [
              132.683066403,
              35.373831617
            ],
            [
              132.683100547,
              35.373835371
            ]
          ]
        ]
      },
      "properties": {
        "polygon_uuid": "3c15da69-06a0-4a56-b749-7641965b4cff",
        "daicho_shubetsu_cd": "FUD25"
      }
    },
    {
      "type": "Feature",
      "geometry": {
        "type": "Polygon",
        "coordinates": [
          [
            [
              132.697058184,
              35.373568266
            ],
            [
              132.697470455,
              35.372855348
            ],
            [
              132.697441051,
              35.372856483
            ],
            [
              132.69724936,
              35.372870229
            ],
            [
              132.696884342,
              35.373500963
            ],
            [
              132.697058184,
              35.373568266
            ]
          ]
        ]
      },
      "properties": {
        "polygon_uuid": "69d24693-e484-4832-8484-76a4670934a4",
        "daicho_shubetsu_cd": "FUD25"
      }
    },
    {
      "type": "Feature",
      "geometry": {
        "type": "Polygon",
        "coordinates": [
          [
            [
              132.683039138,
              35.374892942
            ],
            [
              132.683086284,
              35.375096659
            ],
            [
              132.683168817,
              35.375443069
            ],
            [
              132.683298305,
              35.375428352
            ],
            [
              132.683316874,
              35.375117341
            ],
            [
              132.683229154,
              35.375117716
            ],
            [
              132.683241109,
              35.374905299
            ],
            [
              132.683039138,
              35.374892942
            ]
          ]
        ]
      },
      "properties": {
        "polygon_uuid": "8b437ddd-c61f-49bb-818e-7887e36d7669",
        "daicho_shubetsu_cd": "FUD25"
      }
    },
    {
      "type": "Feature",
      "geometry": {
        "type": "Polygon",
        "coordinates": [
          [
            [
              132.703054231,
              35.371860479
            ],
            [
              132.703359132,
              35.372025616
            ],
            [
              132.703385857,
              35.372040091
            ],
            [
              132.703627689,
              35.372172391
            ],
            [
              132.703649491,
              35.372184318
            ],
            [
              132.703792033,
              35.372268281
            ],
            [
              132.703947606,
              35.372359918
            ],
            [
              132.70398102,
              35.372320011
            ],
            [
              132.704110977,
              35.372155239
            ],
            [
              132.703891138,
              35.37203421
            ],
            [
              132.703481382,
              35.371831195
            ],
            [
              132.70319372,
              35.371685169
            ],
            [
              132.703054231,
              35.371860479
            ]
          ]
        ]
      },
      "properties": {
        "polygon_uuid": "8b889167-148b-469c-bc66-788e55987812",
        "daicho_shubetsu_cd": "FUD25"
      }
    },
    {
      "type": "Feature",
      "geometry": {
        "type": "Polygon",
        "coordinates": [
          [
            [
              132.688737459,
              35.377767266
            ],
            [
              132.68897804,
              35.377354758
            ],
            [
              132.688642894,
              35.37722396
            ],
            [
              132.688399403,
              35.377635275
            ],
            [
              132.688561775,
              35.377698672
            ],
            [
              132.688737459,
              35.377767266
            ]
          ]
        ]
      },
      "properties": {
        "polygon_uuid": "3a2959c0-e80c-4310-85af-78ac292e0996",
        "daicho_shubetsu_cd": "FUD25"
      }
    },
    {
      "type": "Feature",
      "geometry": {
        "type": "Polygon",
        "coordinates": [
          [
            [
              132.685300732,
              35.372217497
            ],
            [
              132.685481215,
              35.372226882
            ],
            [
              132.685510596,
              35.372060506
            ],
            [
              132.685519763,
              35.371907146
            ],
            [
              132.685519296,
              35.371834184
            ],
            [
              132.68538396,
              35.37183107
            ],
            [
              132.685365174,
              35.371891185
            ],
            [
              132.685331359,
              35.372069587
            ],
            [
              132.685300732,
              35.372217497
            ]
          ]
        ]
      },
      "properties": {
        "polygon_uuid": "2c278bfb-dc52-44bc-a9e6-78f3a1109eeb",
        "daicho_shubetsu_cd": "FUD25"
      }
    },
    {
      "type": "Feature",
      "geometry": {
        "type": "Polygon",
        "coordinates": [
          [
            [
              132.702936653,
              35.37320247
            ],
            [
              132.703245145,
              35.372874979
            ],
            [
              132.702990503,
              35.372717287
            ],
            [
              132.702675923,
              35.373031847
            ],
            [
              132.702936653,
              35.37320247
            ]
          ]
        ]
      },
      "properties": {
        "polygon_uuid": "52259ef4-1855-4690-94af-794e8a285ea9",
        "daicho_shubetsu_cd": "FUD25"
      }
    },
    {
      "type": "Feature",
      "geometry": {
        "type": "Polygon",
        "coordinates": [
          [
            [
              132.697759925,
              35.373840739
            ],
            [
              132.698227032,
              35.373016641
            ],
            [
              132.698096411,
              35.372966259
            ],
            [
              132.698062825,
              35.372965032
            ],
            [
              132.697978958,
              35.372956795
            ],
            [
              132.697779818,
              35.372970505
            ],
            [
              132.697359095,
              35.373684764
            ],
            [
              132.697492348,
              35.373736352
            ],
            [
              132.697759925,
              35.373840739
            ]
          ]
        ]
      },
      "properties": {
        "polygon_uuid": "491e6d24-1543-4572-85ea-79ae76df85f4",
        "daicho_shubetsu_cd": "FUD25"
      }
    },
    {
      "type": "Feature",
      "geometry": {
        "type": "Polygon",
        "coordinates": [
          [
            [
              132.699463035,
              35.378554621
            ],
            [
              132.699460075,
              35.378533319
            ],
            [
              132.699440931,
              35.378437373
            ],
            [
              132.699418626,
              35.378397037
            ],
            [
              132.699395587,
              35.378379089
            ],
            [
              132.699381348,
              35.378389163
            ],
            [
              132.698875225,
              35.378346003
            ],
            [
              132.698833967,
              35.378641495
            ],
            [
              132.698967104,
              35.378643796
            ],
            [
              132.698991817,
              35.378536755
            ],
            [
              132.699463035,
              35.378554621
            ]
          ]
        ]
      },
      "properties": {
        "polygon_uuid": "a1cae93c-59cc-453e-be13-79f349c73c9f",
        "daicho_shubetsu_cd": "FUD25"
      }
    },
    {
      "type": "Feature",
      "geometry": {
        "type": "Polygon",
        "coordinates": [
          [
            [
              132.695518782,
              35.37405391
            ],
            [
              132.69513328,
              35.374579242
            ],
            [
              132.69497328,
              35.374801787
            ],
            [
              132.694967574,
              35.37481848
            ],
            [
              132.694996817,
              35.374844545
            ],
            [
              132.695206233,
              35.374925493
            ],
            [
              132.695684486,
              35.374114472
            ],
            [
              132.695532448,
              35.374056
            ],
            [
              132.695518782,
              35.37405391
            ]
          ]
        ]
      },
      "properties": {
        "polygon_uuid": "c718b092-6dd2-4055-a247-7a46eac464a6",
        "daicho_shubetsu_cd": "FUD25"
      }
    },
    {
      "type": "Feature",
      "geometry": {
        "type": "Polygon",
        "coordinates": [
          [
            [
              132.681224351,
              35.371571278
            ],
            [
              132.68122405,
              35.371581468
            ],
            [
              132.681206113,
              35.371598169
            ],
            [
              132.681072496,
              35.371688328
            ],
            [
              132.680966853,
              35.371744195
            ],
            [
              132.680813896,
              35.371807651
            ],
            [
              132.680735277,
              35.371857491
            ],
            [
              132.680673481,
              35.371892852
            ],
            [
              132.680642207,
              35.371940089
            ],
            [
              132.680618826,
              35.371987292
            ],
            [
              132.680614696,
              35.371997466
            ],
            [
              132.68096514,
              35.37202849
            ],
            [
              132.681196418,
              35.372045978
            ],
            [
              132.68124651,
              35.372049319
            ],
            [
              132.681253359,
              35.372041949
            ],
            [
              132.681287037,
              35.37204227
            ],
            [
              132.681282066,
              35.371609371
            ],
            [
              132.681283747,
              35.371584252
            ],
            [
              132.681288733,
              35.371574726
            ],
            [
              132.681224351,
              35.371571278
            ]
          ]
        ]
      },
      "properties": {
        "polygon_uuid": "71304826-733f-4a75-ad8b-7a5fb7a95404",
        "daicho_shubetsu_cd": "FUD25"
      }
    },
    {
      "type": "Feature",
      "geometry": {
        "type": "Polygon",
        "coordinates": [
          [
            [
              132.692047411,
              35.374574121
            ],
            [
              132.692156135,
              35.374616837
            ],
            [
              132.692091216,
              35.374732018
            ],
            [
              132.692153298,
              35.374762387
            ],
            [
              132.692315348,
              35.374825465
            ],
            [
              132.692786548,
              35.374008535
            ],
            [
              132.692492183,
              35.373892925
            ],
            [
              132.692447979,
              35.373876031
            ],
            [
              132.692047411,
              35.374574121
            ]
          ]
        ]
      },
      "properties": {
        "polygon_uuid": "300b5e3d-f106-456f-a3d5-7a937eca0438",
        "daicho_shubetsu_cd": "FUD25"
      }
    },
    {
      "type": "Feature",
      "geometry": {
        "type": "Polygon",
        "coordinates": [
          [
            [
              132.692283563,
              35.376911894
            ],
            [
              132.692766922,
              35.376078548
            ],
            [
              132.692591313,
              35.376010483
            ],
            [
              132.692110704,
              35.376845447
            ],
            [
              132.692283563,
              35.376911894
            ]
          ]
        ]
      },
      "properties": {
        "polygon_uuid": "7ca59d13-15c7-4c62-b9ee-7afde28ef9c8",
        "daicho_shubetsu_cd": "FUD25"
      }
    },
    {
      "type": "Feature",
      "geometry": {
        "type": "Polygon",
        "coordinates": [
          [
            [
              132.691405822,
              35.375549319
            ],
            [
              132.691565304,
              35.375611373
            ],
            [
              132.692035174,
              35.374796378
            ],
            [
              132.691876939,
              35.374736218
            ],
            [
              132.691611449,
              35.37519443
            ],
            [
              132.691405822,
              35.375549319
            ]
          ]
        ]
      },
      "properties": {
        "polygon_uuid": "7c8ddfd6-e091-47ff-a923-7b8dbdf9a9d6",
        "daicho_shubetsu_cd": "FUD25"
      }
    },
    {
      "type": "Feature",
      "geometry": {
        "type": "Polygon",
        "coordinates": [
          [
            [
              132.694768442,
              35.379796885
            ],
            [
              132.69521416,
              35.379794145
            ],
            [
              132.695239252,
              35.379786908
            ],
            [
              132.694853481,
              35.379641308
            ],
            [
              132.694768442,
              35.379796885
            ]
          ]
        ]
      },
      "properties": {
        "polygon_uuid": "0c2933e1-524d-47b5-bf9e-7bcf0f1ded75",
        "daicho_shubetsu_cd": "FUD25"
      }
    },
    {
      "type": "Feature",
      "geometry": {
        "type": "Polygon",
        "coordinates": [
          [
            [
              132.689320683,
              35.377437841
            ],
            [
              132.689325713,
              35.377439796
            ],
            [
              132.689568014,
              35.377535934
            ],
            [
              132.689607302,
              35.377541122
            ],
            [
              132.689672726,
              35.377540839
            ],
            [
              132.689709661,
              35.377519245
            ],
            [
              132.689923126,
              35.377141447
            ],
            [
              132.689922907,
              35.377107511
            ],
            [
              132.689883457,
              35.377077318
            ],
            [
              132.689591012,
              35.376965409
            ],
            [
              132.689320683,
              35.377437841
            ]
          ]
        ]
      },
      "properties": {
        "polygon_uuid": "0ecf2e93-34f3-4298-a38c-7c06de7396bd",
        "daicho_shubetsu_cd": "FUD25"
      }
    },
    {
      "type": "Feature",
      "geometry": {
        "type": "Polygon",
        "coordinates": [
          [
            [
              132.701680194,
              35.375207842
            ],
            [
              132.701522039,
              35.375115035
            ],
            [
              132.701450602,
              35.375110477
            ],
            [
              132.701400136,
              35.375127758
            ],
            [
              132.701382478,
              35.375157079
            ],
            [
              132.701485856,
              35.375209414
            ],
            [
              132.701373881,
              35.375373991
            ],
            [
              132.701350089,
              35.375375721
            ],
            [
              132.701519973,
              35.375470491
            ],
            [
              132.701521389,
              35.375484564
            ],
            [
              132.701511672,
              35.375514718
            ],
            [
              132.701543537,
              35.375534072
            ],
            [
              132.70204294,
              35.375767096
            ],
            [
              132.70210261,
              35.375678866
            ],
            [
              132.701542804,
              35.375410584
            ],
            [
              132.701680194,
              35.375207842
            ]
          ]
        ]
      },
      "properties": {
        "polygon_uuid": "963588c7-f1c9-4285-ad2a-7ccbae4bd4cd",
        "daicho_shubetsu_cd": "FUD25"
      }
    },
    {
      "type": "Feature",
      "geometry": {
        "type": "Polygon",
        "coordinates": [
          [
            [
              132.697921104,
              35.374926826
            ],
            [
              132.698397643,
              35.374101056
            ],
            [
              132.697716847,
              35.37384071
            ],
            [
              132.697662263,
              35.373819199
            ],
            [
              132.697186046,
              35.374641204
            ],
            [
              132.697921104,
              35.374926826
            ]
          ]
        ]
      },
      "properties": {
        "polygon_uuid": "3a699bb7-cfdd-4e60-8585-7cda52fcc1fb",
        "daicho_shubetsu_cd": "FUD25"
      }
    },
    {
      "type": "Feature",
      "geometry": {
        "type": "Polygon",
        "coordinates": [
          [
            [
              132.699951524,
              35.377394401
            ],
            [
              132.700460574,
              35.377482816
            ],
            [
              132.700515082,
              35.37722729
            ],
            [
              132.700047725,
              35.37714271
            ],
            [
              132.700020098,
              35.377164493
            ],
            [
              132.699951524,
              35.377394401
            ]
          ]
        ]
      },
      "properties": {
        "polygon_uuid": "ef5e1252-2029-4243-a806-7ce1c066646b",
        "daicho_shubetsu_cd": "FUD25"
      }
    },
    {
      "type": "Feature",
      "geometry": {
        "type": "Polygon",
        "coordinates": [
          [
            [
              132.697921104,
              35.374926826
            ],
            [
              132.697954736,
              35.374939894
            ],
            [
              132.698035643,
              35.374971477
            ],
            [
              132.698518698,
              35.374147349
            ],
            [
              132.698397643,
              35.374101056
            ],
            [
              132.697921104,
              35.374926826
            ]
          ]
        ]
      },
      "properties": {
        "polygon_uuid": "d878d51a-8d3f-4b5a-88de-7d54f6894497",
        "daicho_shubetsu_cd": "FUD25"
      }
    },
    {
      "type": "Feature",
      "geometry": {
        "type": "Polygon",
        "coordinates": [
          [
            [
              132.696344173,
              35.380213227
            ],
            [
              132.696218471,
              35.380212195
            ],
            [
              132.696173129,
              35.380340224
            ],
            [
              132.696615424,
              35.380374202
            ],
            [
              132.696970421,
              35.3803964
            ],
            [
              132.697002589,
              35.380395443
            ],
            [
              132.697002384,
              35.380384217
            ],
            [
              132.696996027,
              35.380232299
            ],
            [
              132.696986855,
              35.380227495
            ],
            [
              132.696632911,
              35.380218358
            ],
            [
              132.696344173,
              35.380213227
            ]
          ]
        ]
      },
      "properties": {
        "polygon_uuid": "78b3da6f-51e7-4505-89ae-7e3be88aa42e",
        "daicho_shubetsu_cd": "FUD25"
      }
    },
    {
      "type": "Feature",
      "geometry": {
        "type": "Polygon",
        "coordinates": [
          [
            [
              132.69917713,
              35.378943235
            ],
            [
              132.699227456,
              35.378954566
            ],
            [
              132.69946616,
              35.378922466
            ],
            [
              132.699484136,
              35.3787065
            ],
            [
              132.699477892,
              35.378661557
            ],
            [
              132.699368583,
              35.378661292
            ],
            [
              132.699202788,
              35.378652573
            ],
            [
              132.69917713,
              35.378943235
            ]
          ]
        ]
      },
      "properties": {
        "polygon_uuid": "5757b951-82d5-494f-b831-7eb5cccf015f",
        "daicho_shubetsu_cd": "FUD25"
      }
    },
    {
      "type": "Feature",
      "geometry": {
        "type": "Polygon",
        "coordinates": [
          [
            [
              132.691876939,
              35.374736218
            ],
            [
              132.691609078,
              35.374634377
            ],
            [
              132.691580755,
              35.37463939
            ],
            [
              132.691561402,
              35.374646808
            ],
            [
              132.691500532,
              35.374695966
            ],
            [
              132.691488736,
              35.374718019
            ],
            [
              132.691431555,
              35.374875947
            ],
            [
              132.691416964,
              35.374927348
            ],
            [
              132.691349384,
              35.375092656
            ],
            [
              132.691345014,
              35.375102167
            ],
            [
              132.691611449,
              35.37519443
            ],
            [
              132.691876939,
              35.374736218
            ]
          ]
        ]
      },
      "properties": {
        "polygon_uuid": "5e7ccf0c-a8cc-4835-a175-7f6a493a362d",
        "daicho_shubetsu_cd": "FUD25"
      }
    },
    {
      "type": "Feature",
      "geometry": {
        "type": "Polygon",
        "coordinates": [
          [
            [
              132.701601429,
              35.373928325
            ],
            [
              132.701448971,
              35.374045599
            ],
            [
              132.701698798,
              35.374232937
            ],
            [
              132.701834912,
              35.374138022
            ],
            [
              132.701601429,
              35.373928325
            ]
          ]
        ]
      },
      "properties": {
        "polygon_uuid": "fa99ef2c-6247-46fa-89a1-7f8bd3b33f1c",
        "daicho_shubetsu_cd": "FUD25"
      }
    },
    {
      "type": "Feature",
      "geometry": {
        "type": "Polygon",
        "coordinates": [
          [
            [
              132.698583415,
              35.375240709
            ],
            [
              132.698412155,
              35.375172754
            ],
            [
              132.697946402,
              35.37598462
            ],
            [
              132.698135225,
              35.3760576
            ],
            [
              132.698150824,
              35.376045112
            ],
            [
              132.698587754,
              35.37528562
            ],
            [
              132.698593412,
              35.375261783
            ],
            [
              132.698583415,
              35.375240709
            ]
          ]
        ]
      },
      "properties": {
        "polygon_uuid": "143b6d21-b9d2-4c7a-812c-7faffa873568",
        "daicho_shubetsu_cd": "FUD25"
      }
    },
    {
      "type": "Feature",
      "geometry": {
        "type": "Polygon",
        "coordinates": [
          [
            [
              132.697650685,
              35.375870324
            ],
            [
              132.698122926,
              35.375058076
            ],
            [
              132.697904928,
              35.374972418
            ],
            [
              132.697432919,
              35.375786155
            ],
            [
              132.697650685,
              35.375870324
            ]
          ]
        ]
      },
      "properties": {
        "polygon_uuid": "19e0a509-875f-49b2-9595-807ae1f36cf1",
        "daicho_shubetsu_cd": "FUD25"
      }
    },
    {
      "type": "Feature",
      "geometry": {
        "type": "Polygon",
        "coordinates": [
          [
            [
              132.694775337,
              35.373141721
            ],
            [
              132.694989017,
              35.373224333
            ],
            [
              132.694998745,
              35.373228094
            ],
            [
              132.695144807,
              35.372968991
            ],
            [
              132.694856442,
              35.372992242
            ],
            [
              132.694775337,
              35.373141721
            ]
          ]
        ]
      },
      "properties": {
        "polygon_uuid": "91709a8e-af40-4435-b3ab-80b229f68850",
        "daicho_shubetsu_cd": "FUD25"
      }
    },
    {
      "type": "Feature",
      "geometry": {
        "type": "Polygon",
        "coordinates": [
          [
            [
              132.700094769,
              35.374170827
            ],
            [
              132.700310896,
              35.374209606
            ],
            [
              132.700339765,
              35.374213587
            ],
            [
              132.700392659,
              35.374062042
            ],
            [
              132.700428858,
              35.373975421
            ],
            [
              132.700479149,
              35.373867365
            ],
            [
              132.700476546,
              35.373832403
            ],
            [
              132.700158282,
              35.373728819
            ],
            [
              132.700117547,
              35.373847226
            ],
            [
              132.700182903,
              35.373865396
            ],
            [
              132.700187819,
              35.373891604
            ],
            [
              132.700189184,
              35.3739188
            ],
            [
              132.700094769,
              35.374170827
            ]
          ]
        ]
      },
      "properties": {
        "polygon_uuid": "6adaa6c0-d005-45af-9ffa-810150269c9e",
        "daicho_shubetsu_cd": "FUD25"
      }
    },
    {
      "type": "Feature",
      "geometry": {
        "type": "Polygon",
        "coordinates": [
          [
            [
              132.681107883,
              35.37315171
            ],
            [
              132.681109197,
              35.373230922
            ],
            [
              132.68109325,
              35.373383385
            ],
            [
              132.681265813,
              35.373388192
            ],
            [
              132.681295168,
              35.373253934
            ],
            [
              132.681304101,
              35.373240042
            ],
            [
              132.68157364,
              35.373244436
            ],
            [
              132.681610295,
              35.373246919
            ],
            [
              132.681657018,
              35.373000293
            ],
            [
              132.681588924,
              35.372987606
            ],
            [
              132.681380196,
              35.372970024
            ],
            [
              132.681347819,
              35.372957917
            ],
            [
              132.681354702,
              35.372976359
            ],
            [
              132.681323308,
              35.373182459
            ],
            [
              132.681286085,
              35.37318077
            ],
            [
              132.681224138,
              35.373168487
            ],
            [
              132.681107883,
              35.37315171
            ]
          ]
        ]
      },
      "properties": {
        "polygon_uuid": "ddfb9905-d47c-4bfc-ad2a-8140c376881c",
        "daicho_shubetsu_cd": "FUD25"
      }
    },
    {
      "type": "Feature",
      "geometry": {
        "type": "Polygon",
        "coordinates": [
          [
            [
              132.696313502,
              35.38010646
            ],
            [
              132.69648638,
              35.380117963
            ],
            [
              132.696530512,
              35.379917427
            ],
            [
              132.69632078,
              35.379908874
            ],
            [
              132.696259342,
              35.380104322
            ],
            [
              132.696313502,
              35.38010646
            ]
          ]
        ]
      },
      "properties": {
        "polygon_uuid": "b8524d7e-309c-44eb-89e0-8155ffa20862",
        "daicho_shubetsu_cd": "FUD25"
      }
    },
    {
      "type": "Feature",
      "geometry": {
        "type": "Polygon",
        "coordinates": [
          [
            [
              132.680527742,
              35.37342489
            ],
            [
              132.680527006,
              35.373486775
            ],
            [
              132.680537407,
              35.373526446
            ],
            [
              132.680545347,
              35.373533801
            ],
            [
              132.680666974,
              35.373508346
            ],
            [
              132.680743536,
              35.373489549
            ],
            [
              132.680848171,
              35.373452158
            ],
            [
              132.681018238,
              35.373419108
            ],
            [
              132.681079044,
              35.373405272
            ],
            [
              132.68109325,
              35.373383385
            ],
            [
              132.681109197,
              35.373230922
            ],
            [
              132.681107883,
              35.37315171
            ],
            [
              132.681088713,
              35.373151792
            ],
            [
              132.681036877,
              35.373157554
            ],
            [
              132.68089358,
              35.37314431
            ],
            [
              132.680877717,
              35.37313237
            ],
            [
              132.68086862,
              35.373120402
            ],
            [
              132.680870406,
              35.373107116
            ],
            [
              132.680795274,
              35.373102711
            ],
            [
              132.680774081,
              35.37337254
            ],
            [
              132.680540334,
              35.373362872
            ],
            [
              132.680527742,
              35.37342489
            ]
          ]
        ]
      },
      "properties": {
        "polygon_uuid": "b1fa9375-5a34-49f9-98d8-81a6ab115252",
        "daicho_shubetsu_cd": "FUD25"
      }
    },
    {
      "type": "Feature",
      "geometry": {
        "type": "Polygon",
        "coordinates": [
          [
            [
              132.694698574,
              35.37891024
            ],
            [
              132.694856331,
              35.378972094
            ],
            [
              132.695338712,
              35.378139014
            ],
            [
              132.695008997,
              35.378010323
            ],
            [
              132.69452219,
              35.378842678
            ],
            [
              132.694698574,
              35.37891024
            ]
          ]
        ]
      },
      "properties": {
        "polygon_uuid": "f6bfe884-36f1-4b4c-9809-81c8f9cf266a",
        "daicho_shubetsu_cd": "FUD25"
      }
    },
    {
      "type": "Feature",
      "geometry": {
        "type": "Polygon",
        "coordinates": [
          [
            [
              132.686413134,
              35.371386535
            ],
            [
              132.686413886,
              35.371393
            ],
            [
              132.686427357,
              35.371475955
            ],
            [
              132.686437375,
              35.371693157
            ],
            [
              132.686529927,
              35.371666266
            ],
            [
              132.686575108,
              35.371650175
            ],
            [
              132.68654012,
              35.371574378
            ],
            [
              132.686607916,
              35.371557461
            ],
            [
              132.686600122,
              35.37153787
            ],
            [
              132.686679542,
              35.371517904
            ],
            [
              132.686711812,
              35.371618244
            ],
            [
              132.686732527,
              35.371614488
            ],
            [
              132.686730487,
              35.371392087
            ],
            [
              132.686712188,
              35.371378036
            ],
            [
              132.686413134,
              35.371386535
            ]
          ]
        ]
      },
      "properties": {
        "polygon_uuid": "4930edc5-f779-46d9-9a89-81e9a4b27fec",
        "daicho_shubetsu_cd": "FUD25"
      }
    },
    {
      "type": "Feature",
      "geometry": {
        "type": "Polygon",
        "coordinates": [
          [
            [
              132.69948332,
              35.373445779
            ],
            [
              132.699920287,
              35.372691939
            ],
            [
              132.699542165,
              35.372568213
            ],
            [
              132.699228893,
              35.373121577
            ],
            [
              132.699123336,
              35.373308029
            ],
            [
              132.699363364,
              35.373401233
            ],
            [
              132.69948332,
              35.373445779
            ]
          ]
        ]
      },
      "properties": {
        "polygon_uuid": "4aba78cc-1291-4bff-81b6-81ea65623ecd",
        "daicho_shubetsu_cd": "FUD25"
      }
    },
    {
      "type": "Feature",
      "geometry": {
        "type": "Polygon",
        "coordinates": [
          [
            [
              132.692922556,
              35.378761561
            ],
            [
              132.693178133,
              35.37832154
            ],
            [
              132.692963482,
              35.378239595
            ],
            [
              132.692722052,
              35.378657983
            ],
            [
              132.69291336,
              35.378757065
            ],
            [
              132.692922556,
              35.378761561
            ]
          ]
        ]
      },
      "properties": {
        "polygon_uuid": "13756e8d-949f-45bd-be4e-825a52e27807",
        "daicho_shubetsu_cd": "FUD25"
      }
    },
    {
      "type": "Feature",
      "geometry": {
        "type": "Polygon",
        "coordinates": [
          [
            [
              132.68280929,
              35.372258056
            ],
            [
              132.68290228,
              35.371792579
            ],
            [
              132.682585786,
              35.371749101
            ],
            [
              132.682581147,
              35.371768799
            ],
            [
              132.682492409,
              35.372215532
            ],
            [
              132.682724852,
              35.3722466
            ],
            [
              132.68280929,
              35.372258056
            ]
          ]
        ]
      },
      "properties": {
        "polygon_uuid": "188c77dd-75e3-4d30-ab24-82a443b0095f",
        "daicho_shubetsu_cd": "FUD25"
      }
    },
    {
      "type": "Feature",
      "geometry": {
        "type": "Polygon",
        "coordinates": [
          [
            [
              132.692468263,
              35.373011941
            ],
            [
              132.692473447,
              35.372897451
            ],
            [
              132.692339536,
              35.372891117
            ],
            [
              132.692327404,
              35.372993342
            ],
            [
              132.692468263,
              35.373011941
            ]
          ]
        ]
      },
      "properties": {
        "polygon_uuid": "bd988694-7995-44b4-bec1-830af22de4d4",
        "daicho_shubetsu_cd": "FUD25"
      }
    },
    {
      "type": "Feature",
      "geometry": {
        "type": "Polygon",
        "coordinates": [
          [
            [
              132.692119161,
              35.375826877
            ],
            [
              132.692161862,
              35.375843491
            ],
            [
              132.692634742,
              35.375028897
            ],
            [
              132.692455597,
              35.374959331
            ],
            [
              132.69198701,
              35.375775457
            ],
            [
              132.692119161,
              35.375826877
            ]
          ]
        ]
      },
      "properties": {
        "polygon_uuid": "073ec51a-787c-455e-b966-832817f1305a",
        "daicho_shubetsu_cd": "FUD25"
      }
    },
    {
      "type": "Feature",
      "geometry": {
        "type": "Polygon",
        "coordinates": [
          [
            [
              132.687144375,
              35.372314977
            ],
            [
              132.687031065,
              35.372328563
            ],
            [
              132.687035785,
              35.372384509
            ],
            [
              132.686977658,
              35.372388331
            ],
            [
              132.686868429,
              35.372416667
            ],
            [
              132.686866993,
              35.372532772
            ],
            [
              132.686869806,
              35.37258911
            ],
            [
              132.686865661,
              35.372664952
            ],
            [
              132.686900757,
              35.372696951
            ],
            [
              132.686955257,
              35.372668552
            ],
            [
              132.687029716,
              35.372642035
            ],
            [
              132.68714588,
              35.3726201
            ],
            [
              132.687193148,
              35.372614765
            ],
            [
              132.687219301,
              35.372612272
            ],
            [
              132.68751623,
              35.372626287
            ],
            [
              132.687513469,
              35.372509761
            ],
            [
              132.687607368,
              35.372491892
            ],
            [
              132.687583929,
              35.37234278
            ],
            [
              132.687571772,
              35.37226067
            ],
            [
              132.687144375,
              35.372314977
            ]
          ]
        ]
      },
      "properties": {
        "polygon_uuid": "a248cde6-5092-4e53-81c1-8345523e69e5",
        "daicho_shubetsu_cd": "FUD25"
      }
    },
    {
      "type": "Feature",
      "geometry": {
        "type": "Polygon",
        "coordinates": [
          [
            [
              132.695020817,
              35.372940268
            ],
            [
              132.695024202,
              35.372641596
            ],
            [
              132.695130846,
              35.372645496
            ],
            [
              132.695118756,
              35.372917135
            ],
            [
              132.695129498,
              35.372929313
            ],
            [
              132.695246065,
              35.372920332
            ],
            [
              132.695564493,
              35.372895796
            ],
            [
              132.695576437,
              35.372179791
            ],
            [
              132.695254634,
              35.37206826
            ],
            [
              132.695252836,
              35.372246987
            ],
            [
              132.694893077,
              35.372232807
            ],
            [
              132.694863001,
              35.372228245
            ],
            [
              132.694738223,
              35.372222896
            ],
            [
              132.694731777,
              35.37226757
            ],
            [
              132.69471567,
              35.372495563
            ],
            [
              132.694723313,
              35.372511794
            ],
            [
              132.694716769,
              35.372612031
            ],
            [
              132.694696326,
              35.372801764
            ],
            [
              132.694695435,
              35.37291049
            ],
            [
              132.694719755,
              35.372911892
            ],
            [
              132.694717952,
              35.37296255
            ],
            [
              132.6949961,
              35.372942996
            ],
            [
              132.695020817,
              35.372940268
            ]
          ]
        ]
      },
      "properties": {
        "polygon_uuid": "df4b58ae-ad88-4365-bd37-8402ab2f7f43",
        "daicho_shubetsu_cd": "FUD25"
      }
    },
    {
      "type": "Feature",
      "geometry": {
        "type": "Polygon",
        "coordinates": [
          [
            [
              132.699932658,
              35.376613338
            ],
            [
              132.699992694,
              35.376492855
            ],
            [
              132.699629657,
              35.37638507
            ],
            [
              132.699530935,
              35.376550931
            ],
            [
              132.699567398,
              35.376564011
            ],
            [
              132.699664638,
              35.376599996
            ],
            [
              132.699798232,
              35.37663251
            ],
            [
              132.699885161,
              35.376629794
            ],
            [
              132.699922236,
              35.376637212
            ],
            [
              132.699932658,
              35.376613338
            ]
          ]
        ]
      },
      "properties": {
        "polygon_uuid": "1bed07b5-8f62-4aae-a583-84b4489398b7",
        "daicho_shubetsu_cd": "FUD25"
      }
    },
    {
      "type": "Feature",
      "geometry": {
        "type": "Polygon",
        "coordinates": [
          [
            [
              132.698087964,
              35.376271033
            ],
            [
              132.698758747,
              35.37653514
            ],
            [
              132.698881851,
              35.376392025
            ],
            [
              132.698878285,
              35.376373697
            ],
            [
              132.698857528,
              35.376361088
            ],
            [
              132.698840721,
              35.376354632
            ],
            [
              132.698714384,
              35.376306097
            ],
            [
              132.698489063,
              35.376219534
            ],
            [
              132.698185318,
              35.376102843
            ],
            [
              132.698087964,
              35.376271033
            ]
          ]
        ]
      },
      "properties": {
        "polygon_uuid": "915f68d8-634c-4757-a011-84d245529193",
        "daicho_shubetsu_cd": "FUD25"
      }
    },
    {
      "type": "Feature",
      "geometry": {
        "type": "Polygon",
        "coordinates": [
          [
            [
              132.681606737,
              35.371753754
            ],
            [
              132.681604873,
              35.371907543
            ],
            [
              132.681823659,
              35.371911229
            ],
            [
              132.681875372,
              35.371911909
            ],
            [
              132.681877188,
              35.371902595
            ],
            [
              132.681893449,
              35.371799635
            ],
            [
              132.681823513,
              35.371796239
            ],
            [
              132.681821082,
              35.371768541
            ],
            [
              132.681656451,
              35.371769244
            ],
            [
              132.681628249,
              35.371767516
            ],
            [
              132.681606737,
              35.371753754
            ]
          ]
        ]
      },
      "properties": {
        "polygon_uuid": "53b2589e-516e-48bc-bc47-84f8ff287c2d",
        "daicho_shubetsu_cd": "FUD25"
      }
    },
    {
      "type": "Feature",
      "geometry": {
        "type": "Polygon",
        "coordinates": [
          [
            [
              132.689007652,
              35.375136082
            ],
            [
              132.689348844,
              35.375268149
            ],
            [
              132.689585275,
              35.374857268
            ],
            [
              132.689243708,
              35.374724233
            ],
            [
              132.689007652,
              35.375136082
            ]
          ]
        ]
      },
      "properties": {
        "polygon_uuid": "4a263e43-fdd5-4300-ab41-85294931157c",
        "daicho_shubetsu_cd": "FUD25"
      }
    },
    {
      "type": "Feature",
      "geometry": {
        "type": "Polygon",
        "coordinates": [
          [
            [
              132.697721,
              35.378713394
            ],
            [
              132.698121585,
              35.378827788
            ],
            [
              132.698195567,
              35.378608907
            ],
            [
              132.697861738,
              35.378521612
            ],
            [
              132.697854882,
              35.378528602
            ],
            [
              132.697805901,
              35.378578705
            ],
            [
              132.69775562,
              35.378651976
            ],
            [
              132.697721,
              35.378713394
            ]
          ]
        ]
      },
      "properties": {
        "polygon_uuid": "334b67d1-29fd-4feb-9233-856c7fcf2d39",
        "daicho_shubetsu_cd": "FUD25"
      }
    },
    {
      "type": "Feature",
      "geometry": {
        "type": "Polygon",
        "coordinates": [
          [
            [
              132.685762112,
              35.372566411
            ],
            [
              132.685727652,
              35.372570626
            ],
            [
              132.685697242,
              35.372576299
            ],
            [
              132.685686108,
              35.372598513
            ],
            [
              132.685656058,
              35.372660524
            ],
            [
              132.685564078,
              35.372736655
            ],
            [
              132.68554505,
              35.372758903
            ],
            [
              132.6855376,
              35.372828207
            ],
            [
              132.685525344,
              35.372851349
            ],
            [
              132.685540047,
              35.372893938
            ],
            [
              132.685822952,
              35.372872404
            ],
            [
              132.68586165,
              35.372867595
            ],
            [
              132.685856144,
              35.372810764
            ],
            [
              132.685840929,
              35.37272401
            ],
            [
              132.685835066,
              35.372688938
            ],
            [
              132.685793762,
              35.372578282
            ],
            [
              132.685762112,
              35.372566411
            ]
          ]
        ]
      },
      "properties": {
        "polygon_uuid": "6896475f-61af-42b1-90c5-857c24adefbc",
        "daicho_shubetsu_cd": "FUD25"
      }
    },
    {
      "type": "Feature",
      "geometry": {
        "type": "Polygon",
        "coordinates": [
          [
            [
              132.703614797,
              35.374488552
            ],
            [
              132.703600283,
              35.374488616
            ],
            [
              132.70340087,
              35.374662418
            ],
            [
              132.703163555,
              35.374492718
            ],
            [
              132.703073505,
              35.374568772
            ],
            [
              132.703321,
              35.374748226
            ],
            [
              132.703306984,
              35.374756934
            ],
            [
              132.703105936,
              35.37492082
            ],
            [
              132.703108064,
              35.374943506
            ],
            [
              132.703705417,
              35.375184015
            ],
            [
              132.703880855,
              35.375253268
            ],
            [
              132.703911209,
              35.375202503
            ],
            [
              132.703928431,
              35.375113267
            ],
            [
              132.703920052,
              35.375043598
            ],
            [
              132.703894033,
              35.374999945
            ],
            [
              132.70384038,
              35.374967762
            ],
            [
              132.704021328,
              35.374795121
            ],
            [
              132.704058428,
              35.374757716
            ],
            [
              132.703614797,
              35.374488552
            ]
          ]
        ]
      },
      "properties": {
        "polygon_uuid": "25d07de3-1dad-4168-94f7-8653c5e08fe9",
        "daicho_shubetsu_cd": "FUD25"
      }
    },
    {
      "type": "Feature",
      "geometry": {
        "type": "Polygon",
        "coordinates": [
          [
            [
              132.697089438,
              35.376670733
            ],
            [
              132.697559663,
              35.375855106
            ],
            [
              132.697135254,
              35.375690748
            ],
            [
              132.69666751,
              35.376506523
            ],
            [
              132.69696692,
              35.376623835
            ],
            [
              132.697089438,
              35.376670733
            ]
          ]
        ]
      },
      "properties": {
        "polygon_uuid": "b8f82031-8633-4a77-b322-86df5f75fe57",
        "daicho_shubetsu_cd": "FUD25"
      }
    },
    {
      "type": "Feature",
      "geometry": {
        "type": "Polygon",
        "coordinates": [
          [
            [
              132.684267107,
              35.374421164
            ],
            [
              132.684534341,
              35.374417249
            ],
            [
              132.684620013,
              35.374412264
            ],
            [
              132.68463574,
              35.374402959
            ],
            [
              132.684640175,
              35.374390934
            ],
            [
              132.68463495,
              35.374279199
            ],
            [
              132.684642707,
              35.374257923
            ],
            [
              132.684693392,
              35.374248469
            ],
            [
              132.684727193,
              35.374243707
            ],
            [
              132.684740705,
              35.374092209
            ],
            [
              132.684695457,
              35.374070237
            ],
            [
              132.684396111,
              35.373974653
            ],
            [
              132.684201691,
              35.373902521
            ],
            [
              132.684197245,
              35.373912699
            ],
            [
              132.684252313,
              35.374413062
            ],
            [
              132.684267107,
              35.374421164
            ]
          ]
        ]
      },
      "properties": {
        "polygon_uuid": "74e5c4eb-e9ea-4c37-9dfa-875b24cda9f0",
        "daicho_shubetsu_cd": "FUD25"
      }
    },
    {
      "type": "Feature",
      "geometry": {
        "type": "Polygon",
        "coordinates": [
          [
            [
              132.69271815,
              35.378145937
            ],
            [
              132.692485461,
              35.37852493
            ],
            [
              132.692533552,
              35.378560355
            ],
            [
              132.692722052,
              35.378657983
            ],
            [
              132.692963482,
              35.378239595
            ],
            [
              132.692925812,
              35.378225214
            ],
            [
              132.69271815,
              35.378145937
            ]
          ]
        ]
      },
      "properties": {
        "polygon_uuid": "e3250880-6a80-4a61-83e8-87d839ee52df",
        "daicho_shubetsu_cd": "FUD25"
      }
    },
    {
      "type": "Feature",
      "geometry": {
        "type": "Polygon",
        "coordinates": [
          [
            [
              132.685812177,
              35.378215785
            ],
            [
              132.685999498,
              35.378222961
            ],
            [
              132.686024525,
              35.378126042
            ],
            [
              132.686035261,
              35.378033495
            ],
            [
              132.686048402,
              35.377920227
            ],
            [
              132.686065898,
              35.377769409
            ],
            [
              132.685959983,
              35.377788174
            ],
            [
              132.685800661,
              35.377810778
            ],
            [
              132.685730496,
              35.37782478
            ],
            [
              132.685689247,
              35.378174757
            ],
            [
              132.685686118,
              35.378208563
            ],
            [
              132.685812177,
              35.378215785
            ]
          ]
        ]
      },
      "properties": {
        "polygon_uuid": "0f11e95c-483c-4ebb-9b21-87fe0e134685",
        "daicho_shubetsu_cd": "FUD25"
      }
    },
    {
      "type": "Feature",
      "geometry": {
        "type": "Polygon",
        "coordinates": [
          [
            [
              132.685748591,
              35.376529859
            ],
            [
              132.685795002,
              35.376533458
            ],
            [
              132.685872324,
              35.376534344
            ],
            [
              132.686116051,
              35.376516248
            ],
            [
              132.686552765,
              35.376451047
            ],
            [
              132.686579465,
              35.376441189
            ],
            [
              132.686511894,
              35.376337971
            ],
            [
              132.686113767,
              35.376392047
            ],
            [
              132.686103648,
              35.376348107
            ],
            [
              132.685733948,
              35.37637633
            ],
            [
              132.685748591,
              35.376529859
            ]
          ]
        ]
      },
      "properties": {
        "polygon_uuid": "192bbf27-a5c2-45a2-b0e2-881bd2a08623",
        "daicho_shubetsu_cd": "FUD25"
      }
    },
    {
      "type": "Feature",
      "geometry": {
        "type": "Polygon",
        "coordinates": [
          [
            [
              132.69982449,
              35.378185585
            ],
            [
              132.699801689,
              35.378392471
            ],
            [
              132.699867624,
              35.378387921
            ],
            [
              132.699908851,
              35.37865594
            ],
            [
              132.699985441,
              35.378639356
            ],
            [
              132.700269329,
              35.378574203
            ],
            [
              132.700356463,
              35.378552157
            ],
            [
              132.700318339,
              35.378433302
            ],
            [
              132.700276059,
              35.378438904
            ],
            [
              132.700251582,
              35.378135758
            ],
            [
              132.699827952,
              35.378172161
            ],
            [
              132.69982449,
              35.378185585
            ]
          ]
        ]
      },
      "properties": {
        "polygon_uuid": "3b12a2c1-d9f8-4ada-87f8-885fc4064785",
        "daicho_shubetsu_cd": "FUD25"
      }
    },
    {
      "type": "Feature",
      "geometry": {
        "type": "Polygon",
        "coordinates": [
          [
            [
              132.68718622,
              35.374172994
            ],
            [
              132.687207885,
              35.374160571
            ],
            [
              132.687279843,
              35.37416574
            ],
            [
              132.687288083,
              35.374146525
            ],
            [
              132.687266683,
              35.373939751
            ],
            [
              132.687272121,
              35.373881689
            ],
            [
              132.687255525,
              35.373696147
            ],
            [
              132.687250362,
              35.373638431
            ],
            [
              132.687241202,
              35.373423247
            ],
            [
              132.687222928,
              35.373312357
            ],
            [
              132.687115098,
              35.373321042
            ],
            [
              132.687121642,
              35.373453859
            ],
            [
              132.687126638,
              35.373555258
            ],
            [
              132.687146981,
              35.3738058
            ],
            [
              132.687151158,
              35.373857231
            ],
            [
              132.68718622,
              35.374172994
            ]
          ]
        ]
      },
      "properties": {
        "polygon_uuid": "6a976fbe-6696-4b42-a234-887958fa4711",
        "daicho_shubetsu_cd": "FUD25"
      }
    },
    {
      "type": "Feature",
      "geometry": {
        "type": "Polygon",
        "coordinates": [
          [
            [
              132.699228893,
              35.373121577
            ],
            [
              132.699542165,
              35.372568213
            ],
            [
              132.69929423,
              35.372487085
            ],
            [
              132.699121801,
              35.372555362
            ],
            [
              132.698762334,
              35.373167849
            ],
            [
              132.699123336,
              35.373308029
            ],
            [
              132.699228893,
              35.373121577
            ]
          ]
        ]
      },
      "properties": {
        "polygon_uuid": "112f9e70-c24a-4050-8ec9-888948bc781d",
        "daicho_shubetsu_cd": "FUD25"
      }
    },
    {
      "type": "Feature",
      "geometry": {
        "type": "Polygon",
        "coordinates": [
          [
            [
              132.688381541,
              35.374200252
            ],
            [
              132.688339802,
              35.374265923
            ],
            [
              132.688316856,
              35.374314844
            ],
            [
              132.688316925,
              35.37432556
            ],
            [
              132.688804291,
              35.374511655
            ],
            [
              132.689039108,
              35.374110866
            ],
            [
              132.688939813,
              35.374072949
            ],
            [
              132.688506399,
              35.374173516
            ],
            [
              132.688381541,
              35.374200252
            ]
          ]
        ]
      },
      "properties": {
        "polygon_uuid": "457b3cc0-5c4c-411e-8b1c-88d46b877b7b",
        "daicho_shubetsu_cd": "FUD25"
      }
    },
    {
      "type": "Feature",
      "geometry": {
        "type": "Polygon",
        "coordinates": [
          [
            [
              132.698762334,
              35.373167849
            ],
            [
              132.699121801,
              35.372555362
            ],
            [
              132.699041375,
              35.372587208
            ],
            [
              132.698768435,
              35.372697044
            ],
            [
              132.69854491,
              35.372764034
            ],
            [
              132.698368837,
              35.372796437
            ],
            [
              132.698194326,
              35.372810955
            ],
            [
              132.698008037,
              35.372821401
            ],
            [
              132.698011755,
              35.372876389
            ],
            [
              132.698762334,
              35.373167849
            ]
          ]
        ]
      },
      "properties": {
        "polygon_uuid": "521f20da-e5f4-4f9d-bf8d-892f300f2690",
        "daicho_shubetsu_cd": "FUD25"
      }
    },
    {
      "type": "Feature",
      "geometry": {
        "type": "Polygon",
        "coordinates": [
          [
            [
              132.69196506,
              35.378462815
            ],
            [
              132.692254907,
              35.377963345
            ],
            [
              132.692058275,
              35.377888313
            ],
            [
              132.691965001,
              35.37785194
            ],
            [
              132.691675715,
              35.378350597
            ],
            [
              132.69196506,
              35.378462815
            ]
          ]
        ]
      },
      "properties": {
        "polygon_uuid": "a8e5518e-401e-4750-9673-89ced672e2c1",
        "daicho_shubetsu_cd": "FUD25"
      }
    },
    {
      "type": "Feature",
      "geometry": {
        "type": "Polygon",
        "coordinates": [
          [
            [
              132.688804291,
              35.374511655
            ],
            [
              132.68890281,
              35.374549273
            ],
            [
              132.689123548,
              35.374636923
            ],
            [
              132.68935207,
              35.374230373
            ],
            [
              132.689039108,
              35.374110866
            ],
            [
              132.688804291,
              35.374511655
            ]
          ]
        ]
      },
      "properties": {
        "polygon_uuid": "3bb18d73-c94d-45ee-9efc-89dad7286b9f",
        "daicho_shubetsu_cd": "FUD25"
      }
    },
    {
      "type": "Feature",
      "geometry": {
        "type": "Polygon",
        "coordinates": [
          [
            [
              132.693736087,
              35.374362292
            ],
            [
              132.694217298,
              35.373542829
            ],
            [
              132.694055479,
              35.373480068
            ],
            [
              132.693576931,
              35.374300333
            ],
            [
              132.693736087,
              35.374362292
            ]
          ]
        ]
      },
      "properties": {
        "polygon_uuid": "00045fb4-725e-4e6a-a9c2-8a24d41b6d6e",
        "daicho_shubetsu_cd": "FUD25"
      }
    },
    {
      "type": "Feature",
      "geometry": {
        "type": "Polygon",
        "coordinates": [
          [
            [
              132.686348103,
              35.376817986
            ],
            [
              132.686251955,
              35.3768184
            ],
            [
              132.686241015,
              35.376812764
            ],
            [
              132.686168652,
              35.376812264
            ],
            [
              132.686165351,
              35.37666842
            ],
            [
              132.686160302,
              35.376653829
            ],
            [
              132.686135453,
              35.376643382
            ],
            [
              132.686116611,
              35.376641839
            ],
            [
              132.685980857,
              35.376648917
            ],
            [
              132.685841133,
              35.376655201
            ],
            [
              132.68566185,
              35.376675455
            ],
            [
              132.685623271,
              35.376687799
            ],
            [
              132.685613395,
              35.376693524
            ],
            [
              132.685619084,
              35.376807968
            ],
            [
              132.685624368,
              35.376859091
            ],
            [
              132.685706669,
              35.376863609
            ],
            [
              132.685828572,
              35.376860649
            ],
            [
              132.685831707,
              35.376918568
            ],
            [
              132.68589178,
              35.376918069
            ],
            [
              132.686063233,
              35.376913273
            ],
            [
              132.68612967,
              35.376917047
            ],
            [
              132.686213078,
              35.376939419
            ],
            [
              132.686346732,
              35.37693803
            ],
            [
              132.686348103,
              35.376817986
            ]
          ]
        ]
      },
      "properties": {
        "polygon_uuid": "5b62b711-0284-4f56-85e5-8a279bca9bfd",
        "daicho_shubetsu_cd": "FUD25"
      }
    },
    {
      "type": "Feature",
      "geometry": {
        "type": "Polygon",
        "coordinates": [
          [
            [
              132.696279116,
              35.378457038
            ],
            [
              132.696760342,
              35.377629547
            ],
            [
              132.696638605,
              35.377582246
            ],
            [
              132.69615809,
              35.378409942
            ],
            [
              132.696279116,
              35.378457038
            ]
          ]
        ]
      },
      "properties": {
        "polygon_uuid": "8e6b4482-7496-4488-9501-8a3148c3a746",
        "daicho_shubetsu_cd": "FUD25"
      }
    },
    {
      "type": "Feature",
      "geometry": {
        "type": "Polygon",
        "coordinates": [
          [
            [
              132.688182083,
              35.375314315
            ],
            [
              132.68869509,
              35.375511066
            ],
            [
              132.688923995,
              35.3751037
            ],
            [
              132.688509141,
              35.37494312
            ],
            [
              132.688414638,
              35.374906539
            ],
            [
              132.688182083,
              35.375314315
            ]
          ]
        ]
      },
      "properties": {
        "polygon_uuid": "0856ce48-2506-46f8-9508-8a56b28fd4d4",
        "daicho_shubetsu_cd": "FUD25"
      }
    },
    {
      "type": "Feature",
      "geometry": {
        "type": "Polygon",
        "coordinates": [
          [
            [
              132.686652163,
              35.378000498
            ],
            [
              132.686707537,
              35.377824903
            ],
            [
              132.686720372,
              35.377739605
            ],
            [
              132.686509016,
              35.3777052
            ],
            [
              132.686485265,
              35.377711391
            ],
            [
              132.686451771,
              35.377821132
            ],
            [
              132.686652163,
              35.378000498
            ]
          ]
        ]
      },
      "properties": {
        "polygon_uuid": "e8348282-e6b6-48c3-a654-8ae108a17560",
        "daicho_shubetsu_cd": "FUD25"
      }
    },
    {
      "type": "Feature",
      "geometry": {
        "type": "Polygon",
        "coordinates": [
          [
            [
              132.702385887,
              35.376316984
            ],
            [
              132.702319551,
              35.376484067
            ],
            [
              132.702340786,
              35.376495886
            ],
            [
              132.703080145,
              35.376718963
            ],
            [
              132.703129115,
              35.376725244
            ],
            [
              132.703159421,
              35.376708863
            ],
            [
              132.703203864,
              35.376616286
            ],
            [
              132.702385887,
              35.376316984
            ]
          ]
        ]
      },
      "properties": {
        "polygon_uuid": "707dbb5b-e8ed-4b1f-99e9-8b65fa5619ea",
        "daicho_shubetsu_cd": "FUD25"
      }
    },
    {
      "type": "Feature",
      "geometry": {
        "type": "Polygon",
        "coordinates": [
          [
            [
              132.683744553,
              35.374934983
            ],
            [
              132.683719403,
              35.374934562
            ],
            [
              132.68345819,
              35.374918581
            ],
            [
              132.683241109,
              35.374905299
            ],
            [
              132.683229154,
              35.375117716
            ],
            [
              132.683316874,
              35.375117341
            ],
            [
              132.683298305,
              35.375428352
            ],
            [
              132.683723788,
              35.37537999
            ],
            [
              132.68372492,
              35.375357941
            ],
            [
              132.683744553,
              35.374934983
            ]
          ]
        ]
      },
      "properties": {
        "polygon_uuid": "1168f682-dea5-4bf8-85d7-8b7cced7b658",
        "daicho_shubetsu_cd": "FUD25"
      }
    },
    {
      "type": "Feature",
      "geometry": {
        "type": "Polygon",
        "coordinates": [
          [
            [
              132.694198163,
              35.375701927
            ],
            [
              132.69419344,
              35.375664055
            ],
            [
              132.694158924,
              35.375634871
            ],
            [
              132.694102,
              35.375602116
            ],
            [
              132.693900013,
              35.375523546
            ],
            [
              132.693428033,
              35.376334791
            ],
            [
              132.693440218,
              35.376339514
            ],
            [
              132.693724449,
              35.376449679
            ],
            [
              132.694096402,
              35.375892033
            ],
            [
              132.694188993,
              35.375748617
            ],
            [
              132.694195782,
              35.375721696
            ],
            [
              132.694198163,
              35.375701927
            ]
          ]
        ]
      },
      "properties": {
        "polygon_uuid": "c3b13bca-fee0-4429-a4d2-8bc43a39fbf9",
        "daicho_shubetsu_cd": "FUD25"
      }
    },
    {
      "type": "Feature",
      "geometry": {
        "type": "Polygon",
        "coordinates": [
          [
            [
              132.686336062,
              35.376045979
            ],
            [
              132.686053735,
              35.376072766
            ],
            [
              132.685903599,
              35.376078282
            ],
            [
              132.685894359,
              35.376028394
            ],
            [
              132.68588525,
              35.375999207
            ],
            [
              132.68577385,
              35.376016734
            ],
            [
              132.685778646,
              35.376069077
            ],
            [
              132.685781818,
              35.376112277
            ],
            [
              132.685762051,
              35.376121292
            ],
            [
              132.685764247,
              35.376154568
            ],
            [
              132.685791145,
              35.376167955
            ],
            [
              132.686147778,
              35.376143178
            ],
            [
              132.686156375,
              35.376219441
            ],
            [
              132.686188891,
              35.376216879
            ],
            [
              132.686269079,
              35.376201109
            ],
            [
              132.686347269,
              35.376182912
            ],
            [
              132.686392885,
              35.376185963
            ],
            [
              132.686415652,
              35.376180995
            ],
            [
              132.686416581,
              35.376171248
            ],
            [
              132.686336062,
              35.376045979
            ]
          ]
        ]
      },
      "properties": {
        "polygon_uuid": "b49f7c93-97c6-44f0-80fb-8bcfdd16701c",
        "daicho_shubetsu_cd": "FUD25"
      }
    },
    {
      "type": "Feature",
      "geometry": {
        "type": "Polygon",
        "coordinates": [
          [
            [
              132.699125194,
              35.376268629
            ],
            [
              132.699263021,
              35.376350138
            ],
            [
              132.699287019,
              35.376277873
            ],
            [
              132.699329386,
              35.376269669
            ],
            [
              132.69936149,
              35.37618935
            ],
            [
              132.699379392,
              35.37618259
            ],
            [
              132.699573901,
              35.37623652
            ],
            [
              132.699787608,
              35.375878678
            ],
            [
              132.699499294,
              35.375824577
            ],
            [
              132.699125194,
              35.376268629
            ]
          ]
        ]
      },
      "properties": {
        "polygon_uuid": "2a980c17-0222-4aed-9e76-8c76c90f6db2",
        "daicho_shubetsu_cd": "FUD25"
      }
    },
    {
      "type": "Feature",
      "geometry": {
        "type": "Polygon",
        "coordinates": [
          [
            [
              132.688168742,
              35.372974104
            ],
            [
              132.688301006,
              35.37296877
            ],
            [
              132.688304984,
              35.372909215
            ],
            [
              132.688326622,
              35.372882924
            ],
            [
              132.688326269,
              35.372828151
            ],
            [
              132.688464317,
              35.372818029
            ],
            [
              132.688477263,
              35.37279654
            ],
            [
              132.688477002,
              35.372756055
            ],
            [
              132.688465196,
              35.372728719
            ],
            [
              132.688308204,
              35.372731778
            ],
            [
              132.688110482,
              35.372731202
            ],
            [
              132.688129029,
              35.372902592
            ],
            [
              132.688165312,
              35.372892909
            ],
            [
              132.688168742,
              35.372974104
            ]
          ]
        ]
      },
      "properties": {
        "polygon_uuid": "2538bc02-8fbe-4583-8d11-8c79aa87b00e",
        "daicho_shubetsu_cd": "FUD25"
      }
    },
    {
      "type": "Feature",
      "geometry": {
        "type": "Polygon",
        "coordinates": [
          [
            [
              132.681785004,
              35.373169338
            ],
            [
              132.681876952,
              35.373181349
            ],
            [
              132.682027614,
              35.373200103
            ],
            [
              132.682320445,
              35.373232103
            ],
            [
              132.682426413,
              35.372708669
            ],
            [
              132.681892957,
              35.372635579
            ],
            [
              132.681785004,
              35.373169338
            ]
          ]
        ]
      },
      "properties": {
        "polygon_uuid": "08e7b026-16f4-4c02-96ee-8ca0f5785693",
        "daicho_shubetsu_cd": "FUD25"
      }
    },
    {
      "type": "Feature",
      "geometry": {
        "type": "Polygon",
        "coordinates": [
          [
            [
              132.695620125,
              35.375085475
            ],
            [
              132.696095297,
              35.374272463
            ],
            [
              132.695684486,
              35.374114472
            ],
            [
              132.695206233,
              35.374925493
            ],
            [
              132.695620125,
              35.375085475
            ]
          ]
        ]
      },
      "properties": {
        "polygon_uuid": "b22680cf-c6ed-4a60-b87a-8cd9b3d27f1a",
        "daicho_shubetsu_cd": "FUD25"
      }
    },
    {
      "type": "Feature",
      "geometry": {
        "type": "Polygon",
        "coordinates": [
          [
            [
              132.701139537,
              35.378286397
            ],
            [
              132.700556711,
              35.378339877
            ],
            [
              132.700569699,
              35.378394362
            ],
            [
              132.700589465,
              35.378390837
            ],
            [
              132.700693882,
              35.378382794
            ],
            [
              132.700775617,
              35.37854489
            ],
            [
              132.700653001,
              35.378600666
            ],
            [
              132.700699883,
              35.378691436
            ],
            [
              132.700831827,
              35.378646447
            ],
            [
              132.701231832,
              35.378542872
            ],
            [
              132.701284713,
              35.378540472
            ],
            [
              132.701210636,
              35.378439875
            ],
            [
              132.701159772,
              35.378346959
            ],
            [
              132.701139537,
              35.378286397
            ]
          ]
        ]
      },
      "properties": {
        "polygon_uuid": "5c52d249-184f-4a1f-9e80-8cf90bb35582",
        "daicho_shubetsu_cd": "FUD25"
      }
    },
    {
      "type": "Feature",
      "geometry": {
        "type": "Polygon",
        "coordinates": [
          [
            [
              132.688149374,
              35.379754809
            ],
            [
              132.687974793,
              35.379693577
            ],
            [
              132.687951299,
              35.379698495
            ],
            [
              132.687807377,
              35.379877334
            ],
            [
              132.687790012,
              35.37992076
            ],
            [
              132.6877979,
              35.379927951
            ],
            [
              132.688011448,
              35.379906157
            ],
            [
              132.688029066,
              35.379902066
            ],
            [
              132.688102967,
              35.379809427
            ],
            [
              132.688149374,
              35.379754809
            ]
          ]
        ]
      },
      "properties": {
        "polygon_uuid": "1ed25716-9102-421d-a5d0-8d283059988b",
        "daicho_shubetsu_cd": "FUD25"
      }
    },
    {
      "type": "Feature",
      "geometry": {
        "type": "Polygon",
        "coordinates": [
          [
            [
              132.688828016,
              35.373533293
            ],
            [
              132.688813253,
              35.373272582
            ],
            [
              132.688762332,
              35.373266848
            ],
            [
              132.688603962,
              35.373281821
            ],
            [
              132.688604221,
              35.373322068
            ],
            [
              132.68852437,
              35.373339083
            ],
            [
              132.688527654,
              35.373397416
            ],
            [
              132.688327274,
              35.373436028
            ],
            [
              132.68854855,
              35.373481869
            ],
            [
              132.68873635,
              35.373521544
            ],
            [
              132.688817877,
              35.373539053
            ],
            [
              132.688828016,
              35.373533293
            ]
          ]
        ]
      },
      "properties": {
        "polygon_uuid": "3b246fae-01aa-4860-ada2-8d70e09f5e86",
        "daicho_shubetsu_cd": "FUD25"
      }
    },
    {
      "type": "Feature",
      "geometry": {
        "type": "Polygon",
        "coordinates": [
          [
            [
              132.690516406,
              35.374674976
            ],
            [
              132.690777268,
              35.374774584
            ],
            [
              132.690807994,
              35.374786316
            ],
            [
              132.691017969,
              35.374424654
            ],
            [
              132.691005689,
              35.3744199
            ],
            [
              132.690731665,
              35.374311539
            ],
            [
              132.690468108,
              35.374209455
            ],
            [
              132.690256222,
              35.374575626
            ],
            [
              132.690516406,
              35.374674976
            ]
          ]
        ]
      },
      "properties": {
        "polygon_uuid": "f39474eb-840c-4c9a-9590-8ee9f7b3aad6",
        "daicho_shubetsu_cd": "FUD25"
      }
    },
    {
      "type": "Feature",
      "geometry": {
        "type": "Polygon",
        "coordinates": [
          [
            [
              132.696922658,
              35.378701757
            ],
            [
              132.697230827,
              35.378326849
            ],
            [
              132.696948671,
              35.37822057
            ],
            [
              132.69683741,
              35.378411008
            ],
            [
              132.696729437,
              35.378605478
            ],
            [
              132.696733663,
              35.3786272
            ],
            [
              132.696774648,
              35.378649597
            ],
            [
              132.696922658,
              35.378701757
            ]
          ]
        ]
      },
      "properties": {
        "polygon_uuid": "e360573d-c807-49fa-b63c-8f08d1296ce0",
        "daicho_shubetsu_cd": "FUD25"
      }
    },
    {
      "type": "Feature",
      "geometry": {
        "type": "Polygon",
        "coordinates": [
          [
            [
              132.691719012,
              35.379422884
            ],
            [
              132.691759915,
              35.379412551
            ],
            [
              132.691775726,
              35.37939745
            ],
            [
              132.692016028,
              35.379034731
            ],
            [
              132.691834979,
              35.378964353
            ],
            [
              132.69172099,
              35.378920043
            ],
            [
              132.691484686,
              35.379330697
            ],
            [
              132.691719012,
              35.379422884
            ]
          ]
        ]
      },
      "properties": {
        "polygon_uuid": "d778f429-ccac-46a1-b198-8f7e8e8b2593",
        "daicho_shubetsu_cd": "FUD25"
      }
    },
    {
      "type": "Feature",
      "geometry": {
        "type": "Polygon",
        "coordinates": [
          [
            [
              132.686376864,
              35.378106956
            ],
            [
              132.686035261,
              35.378033495
            ],
            [
              132.686024525,
              35.378126042
            ],
            [
              132.685999498,
              35.378222961
            ],
            [
              132.685993343,
              35.378255353
            ],
            [
              132.685965477,
              35.378344521
            ],
            [
              132.68585665,
              35.378590214
            ],
            [
              132.685829922,
              35.378595808
            ],
            [
              132.685774368,
              35.378580725
            ],
            [
              132.685787884,
              35.378601673
            ],
            [
              132.685764876,
              35.378665705
            ],
            [
              132.685798442,
              35.378682913
            ],
            [
              132.685830874,
              35.378697387
            ],
            [
              132.685851046,
              35.378712826
            ],
            [
              132.685842364,
              35.378750309
            ],
            [
              132.686112577,
              35.378850779
            ],
            [
              132.686285744,
              35.378465072
            ],
            [
              132.686321594,
              35.37831696
            ],
            [
              132.686448803,
              35.378195695
            ],
            [
              132.686465413,
              35.378177356
            ],
            [
              132.686376864,
              35.378106956
            ]
          ]
        ]
      },
      "properties": {
        "polygon_uuid": "e84804b9-9193-4e58-9a5e-8fa338fbd873",
        "daicho_shubetsu_cd": "FUD25"
      }
    },
    {
      "type": "Feature",
      "geometry": {
        "type": "Polygon",
        "coordinates": [
          [
            [
              132.6955218,
              35.377148299
            ],
            [
              132.695686952,
              35.377212472
            ],
            [
              132.695828967,
              35.377267654
            ],
            [
              132.69630044,
              35.376456203
            ],
            [
              132.695969029,
              35.376327577
            ],
            [
              132.695497622,
              35.377138905
            ],
            [
              132.6955218,
              35.377148299
            ]
          ]
        ]
      },
      "properties": {
        "polygon_uuid": "2e3a4680-b712-4d41-81f0-8fe6095f9f83",
        "daicho_shubetsu_cd": "FUD25"
      }
    },
    {
      "type": "Feature",
      "geometry": {
        "type": "Polygon",
        "coordinates": [
          [
            [
              132.682580781,
              35.375777187
            ],
            [
              132.682689209,
              35.375759676
            ],
            [
              132.68277387,
              35.375745919
            ],
            [
              132.682801996,
              35.375726315
            ],
            [
              132.682807772,
              35.375699499
            ],
            [
              132.682784517,
              35.375549814
            ],
            [
              132.682773815,
              35.375503586
            ],
            [
              132.682774333,
              35.375494109
            ],
            [
              132.682726214,
              35.375500136
            ],
            [
              132.68260734,
              35.375511603
            ],
            [
              132.682501335,
              35.375516866
            ],
            [
              132.682500462,
              35.37553885
            ],
            [
              132.68249788399999,
              35.375600966
            ],
            [
              132.682561368,
              35.375763875
            ],
            [
              132.682580781,
              35.375777187
            ]
          ]
        ]
      },
      "properties": {
        "polygon_uuid": "ed958d7e-46c8-4291-9ef2-90779b98ba3c",
        "daicho_shubetsu_cd": "FUD25"
      }
    },
    {
      "type": "Feature",
      "geometry": {
        "type": "Polygon",
        "coordinates": [
          [
            [
              132.684547416,
              35.373990477
            ],
            [
              132.68472049,
              35.37404967
            ],
            [
              132.684779904,
              35.374082665
            ],
            [
              132.684817178,
              35.374092203
            ],
            [
              132.684866132,
              35.374076753
            ],
            [
              132.684875582,
              35.373967265
            ],
            [
              132.684904797,
              35.373774566
            ],
            [
              132.684962235,
              35.373498622
            ],
            [
              132.684958719,
              35.373477856
            ],
            [
              132.684934861,
              35.373450249
            ],
            [
              132.684856984,
              35.3734395
            ],
            [
              132.684654737,
              35.373411268
            ],
            [
              132.684649894,
              35.37344144
            ],
            [
              132.68459957,
              35.373683642
            ],
            [
              132.684550478,
              35.373942464
            ],
            [
              132.684547416,
              35.373990477
            ]
          ]
        ]
      },
      "properties": {
        "polygon_uuid": "83f87ece-caf8-4232-9c9d-90e3bdf37399",
        "daicho_shubetsu_cd": "FUD25"
      }
    },
    {
      "type": "Feature",
      "geometry": {
        "type": "Polygon",
        "coordinates": [
          [
            [
              132.696773109,
              35.379159101
            ],
            [
              132.697370758,
              35.379263096
            ],
            [
              132.697444874,
              35.379151615
            ],
            [
              132.697543237,
              35.378979693
            ],
            [
              132.697006836,
              35.378877305
            ],
            [
              132.696773109,
              35.379159101
            ]
          ]
        ]
      },
      "properties": {
        "polygon_uuid": "bf61d146-d122-4c5f-9bc7-90ef3c0a5568",
        "daicho_shubetsu_cd": "FUD25"
      }
    },
    {
      "type": "Feature",
      "geometry": {
        "type": "Polygon",
        "coordinates": [
          [
            [
              132.698455675,
              35.380032359
            ],
            [
              132.69850239,
              35.379691848
            ],
            [
              132.698541174,
              35.379571162
            ],
            [
              132.698104124,
              35.37951928
            ],
            [
              132.697987685,
              35.379925793
            ],
            [
              132.698455675,
              35.380032359
            ]
          ]
        ]
      },
      "properties": {
        "polygon_uuid": "478d936a-4c8f-4593-ac6f-90fdd13afab1",
        "daicho_shubetsu_cd": "FUD25"
      }
    },
    {
      "type": "Feature",
      "geometry": {
        "type": "Polygon",
        "coordinates": [
          [
            [
              132.68318496,
              35.373208219
            ],
            [
              132.683223276,
              35.37320436
            ],
            [
              132.683321427,
              35.37321133
            ],
            [
              132.683384743,
              35.373219022
            ],
            [
              132.683389995,
              35.373219659
            ],
            [
              132.683464515,
              35.37285405
            ],
            [
              132.68308483,
              35.37280039
            ],
            [
              132.683050959,
              35.372795603
            ],
            [
              132.682791702,
              35.372758962
            ],
            [
              132.68267787,
              35.373327435
            ],
            [
              132.682696598,
              35.373333019
            ],
            [
              132.682931337,
              35.373404623
            ],
            [
              132.683072841,
              35.373447787
            ],
            [
              132.683096495,
              35.373443529
            ],
            [
              132.683107474,
              35.373435758
            ],
            [
              132.683127648,
              35.373416276
            ],
            [
              132.683161486,
              35.373240645
            ],
            [
              132.68318496,
              35.373208219
            ]
          ]
        ]
      },
      "properties": {
        "polygon_uuid": "b2fb14f4-5b81-4091-8b2f-920851ebd5a3",
        "daicho_shubetsu_cd": "FUD25"
      }
    },
    {
      "type": "Feature",
      "geometry": {
        "type": "Polygon",
        "coordinates": [
          [
            [
              132.701854274,
              35.378417533
            ],
            [
              132.701210636,
              35.378439875
            ],
            [
              132.701284713,
              35.378540472
            ],
            [
              132.701332675,
              35.378594412
            ],
            [
              132.70185764,
              35.378589922
            ],
            [
              132.701854274,
              35.378417533
            ]
          ]
        ]
      },
      "properties": {
        "polygon_uuid": "c0b9cf01-eadd-4637-82c8-92a1465bcab1",
        "daicho_shubetsu_cd": "FUD25"
      }
    },
    {
      "type": "Feature",
      "geometry": {
        "type": "Polygon",
        "coordinates": [
          [
            [
              132.689130882,
              35.373637627
            ],
            [
              132.68917033,
              35.373649838
            ],
            [
              132.689536767,
              35.373569718
            ],
            [
              132.689528759,
              35.373381671
            ],
            [
              132.689523884,
              35.373301912
            ],
            [
              132.689073264,
              35.373312196
            ],
            [
              132.689101961,
              35.373478778
            ],
            [
              132.689123143,
              35.373607288
            ],
            [
              132.689130882,
              35.373637627
            ]
          ]
        ]
      },
      "properties": {
        "polygon_uuid": "f11d38b2-3bce-4317-8b4c-93186a35ca61",
        "daicho_shubetsu_cd": "FUD25"
      }
    },
    {
      "type": "Feature",
      "geometry": {
        "type": "Polygon",
        "coordinates": [
          [
            [
              132.68359802,
              35.37590732
            ],
            [
              132.683263608,
              35.375927017
            ],
            [
              132.683250374,
              35.375950211
            ],
            [
              132.683253002,
              35.37612921
            ],
            [
              132.683607114,
              35.376098922
            ],
            [
              132.683608165,
              35.376073241
            ],
            [
              132.683601426,
              35.375949059
            ],
            [
              132.68359802,
              35.37590732
            ]
          ]
        ]
      },
      "properties": {
        "polygon_uuid": "60854425-e3b8-4596-a71b-933666323de5",
        "daicho_shubetsu_cd": "FUD25"
      }
    },
    {
      "type": "Feature",
      "geometry": {
        "type": "Polygon",
        "coordinates": [
          [
            [
              132.688277869,
              35.375894685
            ],
            [
              132.688512088,
              35.375484222
            ],
            [
              132.68798854,
              35.375281933
            ],
            [
              132.68775177,
              35.375692254
            ],
            [
              132.687857115,
              35.375732789
            ],
            [
              132.688169376,
              35.375852939
            ],
            [
              132.688277869,
              35.375894685
            ]
          ]
        ]
      },
      "properties": {
        "polygon_uuid": "6e98f82d-d5bd-425d-9855-93beb49a6168",
        "daicho_shubetsu_cd": "FUD25"
      }
    },
    {
      "type": "Feature",
      "geometry": {
        "type": "Polygon",
        "coordinates": [
          [
            [
              132.689080982,
              35.378931719
            ],
            [
              132.688931847,
              35.378873659
            ],
            [
              132.688831865,
              35.378834613
            ],
            [
              132.688573885,
              35.378733864
            ],
            [
              132.68832242,
              35.379163949
            ],
            [
              132.688692715,
              35.379308065
            ],
            [
              132.688854511,
              35.379371666
            ],
            [
              132.688909079,
              35.379378576
            ],
            [
              132.688941768,
              35.379374861
            ],
            [
              132.689013505,
              35.379338829
            ],
            [
              132.689078567,
              35.378943812
            ],
            [
              132.689080982,
              35.378931719
            ]
          ]
        ]
      },
      "properties": {
        "polygon_uuid": "2bdb290c-fdf9-47c7-a002-95913a277632",
        "daicho_shubetsu_cd": "FUD25"
      }
    },
    {
      "type": "Feature",
      "geometry": {
        "type": "Polygon",
        "coordinates": [
          [
            [
              132.699384721,
              35.38014607
            ],
            [
              132.699484866,
              35.380141567
            ],
            [
              132.699638498,
              35.380126268
            ],
            [
              132.699627827,
              35.380011783
            ],
            [
              132.699427794,
              35.380059778
            ],
            [
              132.699403053,
              35.380068009
            ],
            [
              132.699362454,
              35.380077936
            ],
            [
              132.69936865,
              35.380115274
            ],
            [
              132.699384721,
              35.38014607
            ]
          ]
        ]
      },
      "properties": {
        "polygon_uuid": "54bce74f-d683-40c4-9544-96a564e89b44",
        "daicho_shubetsu_cd": "FUD25"
      }
    },
    {
      "type": "Feature",
      "geometry": {
        "type": "Polygon",
        "coordinates": [
          [
            [
              132.687100691,
              35.377626607
            ],
            [
              132.687336541,
              35.377714268
            ],
            [
              132.687569216,
              35.377311131
            ],
            [
              132.68718843,
              35.377162453
            ],
            [
              132.687012216,
              35.377093648
            ],
            [
              132.687079529,
              35.377587383
            ],
            [
              132.687100691,
              35.377626607
            ]
          ]
        ]
      },
      "properties": {
        "polygon_uuid": "788411a1-2c79-4e9d-a3d8-96d0d0c17664",
        "daicho_shubetsu_cd": "FUD25"
      }
    },
    {
      "type": "Feature",
      "geometry": {
        "type": "Polygon",
        "coordinates": [
          [
            [
              132.690110889,
              35.378788627
            ],
            [
              132.690347435,
              35.378386458
            ],
            [
              132.689778017,
              35.37816461
            ],
            [
              132.689759836,
              35.378157526
            ],
            [
              132.689528409,
              35.378564571
            ],
            [
              132.690110889,
              35.378788627
            ]
          ]
        ]
      },
      "properties": {
        "polygon_uuid": "135d6ef6-2fb5-4ab7-a737-9718c911ff20",
        "daicho_shubetsu_cd": "FUD25"
      }
    },
    {
      "type": "Feature",
      "geometry": {
        "type": "Polygon",
        "coordinates": [
          [
            [
              132.683120314,
              35.373531162
            ],
            [
              132.683100547,
              35.373835371
            ],
            [
              132.68316345,
              35.373842286
            ],
            [
              132.683201789,
              35.373842122
            ],
            [
              132.683267081,
              35.373824294
            ],
            [
              132.683306466,
              35.373811196
            ],
            [
              132.683356123,
              35.373817449
            ],
            [
              132.683438535,
              35.373831874
            ],
            [
              132.68347675,
              35.373835186
            ],
            [
              132.683532656,
              35.373665916
            ],
            [
              132.683120314,
              35.373531162
            ]
          ]
        ]
      },
      "properties": {
        "polygon_uuid": "2b0a2348-f747-4cde-911d-988ce937fa01",
        "daicho_shubetsu_cd": "FUD25"
      }
    },
    {
      "type": "Feature",
      "geometry": {
        "type": "Polygon",
        "coordinates": [
          [
            [
              132.687860365,
              35.372642529
            ],
            [
              132.68785416,
              35.372591984
            ],
            [
              132.687841147,
              35.372455042
            ],
            [
              132.687607368,
              35.372491892
            ],
            [
              132.687513469,
              35.372509761
            ],
            [
              132.68751623,
              35.372626287
            ],
            [
              132.687860365,
              35.372642529
            ]
          ]
        ]
      },
      "properties": {
        "polygon_uuid": "903896f8-a3aa-4ec1-8e78-99518a16db77",
        "daicho_shubetsu_cd": "FUD25"
      }
    },
    {
      "type": "Feature",
      "geometry": {
        "type": "Polygon",
        "coordinates": [
          [
            [
              132.697850549,
              35.377859446
            ],
            [
              132.698063101,
              35.37790587
            ],
            [
              132.698248418,
              35.377945255
            ],
            [
              132.698304306,
              35.37784256
            ],
            [
              132.698345053,
              35.377753296
            ],
            [
              132.698396955,
              35.377616846
            ],
            [
              132.698358159,
              35.377617717
            ],
            [
              132.698206748,
              35.377584532
            ],
            [
              132.698103359,
              35.377553247
            ],
            [
              132.697945316,
              35.37774572
            ],
            [
              132.697850549,
              35.377859446
            ]
          ]
        ]
      },
      "properties": {
        "polygon_uuid": "1e520716-5dfc-425a-93b9-9988f47e402d",
        "daicho_shubetsu_cd": "FUD25"
      }
    },
    {
      "type": "Feature",
      "geometry": {
        "type": "Polygon",
        "coordinates": [
          [
            [
              132.701764782,
              35.380132918
            ],
            [
              132.70189879,
              35.380266622
            ],
            [
              132.701906759,
              35.380271858
            ],
            [
              132.702141858,
              35.380093919
            ],
            [
              132.702266398,
              35.379995676
            ],
            [
              132.702326007,
              35.3799525
            ],
            [
              132.702203203,
              35.379812552
            ],
            [
              132.702019717,
              35.379927098
            ],
            [
              132.702025243,
              35.379935368
            ],
            [
              132.70200426,
              35.379950628
            ],
            [
              132.701764782,
              35.380132918
            ]
          ]
        ]
      },
      "properties": {
        "polygon_uuid": "d0972cd5-d2e9-4edc-9d5f-99b2fc72298c",
        "daicho_shubetsu_cd": "FUD25"
      }
    },
    {
      "type": "Feature",
      "geometry": {
        "type": "Polygon",
        "coordinates": [
          [
            [
              132.699021697,
              35.380269734
            ],
            [
              132.698988115,
              35.380391138
            ],
            [
              132.698997959,
              35.380391795
            ],
            [
              132.699363718,
              35.380416209
            ],
            [
              132.699363786,
              35.3803244
            ],
            [
              132.699351735,
              35.380301709
            ],
            [
              132.699325885,
              35.380292075
            ],
            [
              132.699021697,
              35.380269734
            ]
          ]
        ]
      },
      "properties": {
        "polygon_uuid": "083fe20a-4c21-4c6d-a63c-9a3f64f009c3",
        "daicho_shubetsu_cd": "FUD25"
      }
    },
    {
      "type": "Feature",
      "geometry": {
        "type": "Polygon",
        "coordinates": [
          [
            [
              132.685762112,
              35.372566411
            ],
            [
              132.685761988,
              35.372547015
            ],
            [
              132.685779941,
              35.372533084
            ],
            [
              132.685773646,
              35.37243059
            ],
            [
              132.685772988,
              35.372327794
            ],
            [
              132.685766157,
              35.372317665
            ],
            [
              132.685616161,
              35.372314614
            ],
            [
              132.685527085,
              35.372315921
            ],
            [
              132.685457114,
              35.372306985
            ],
            [
              132.68546336,
              35.37232863
            ],
            [
              132.685437414,
              35.372503304
            ],
            [
              132.68542421,
              35.372571222
            ],
            [
              132.685347912,
              35.372807071
            ],
            [
              132.685352635,
              35.372823459
            ],
            [
              132.685525344,
              35.372851349
            ],
            [
              132.6855376,
              35.372828207
            ],
            [
              132.68554505,
              35.372758903
            ],
            [
              132.685564078,
              35.372736655
            ],
            [
              132.685656058,
              35.372660524
            ],
            [
              132.685686108,
              35.372598513
            ],
            [
              132.685697242,
              35.372576299
            ],
            [
              132.685727652,
              35.372570626
            ],
            [
              132.685762112,
              35.372566411
            ]
          ]
        ]
      },
      "properties": {
        "polygon_uuid": "8716881c-48ec-455c-8458-9c1c82e9fd5c",
        "daicho_shubetsu_cd": "FUD25"
      }
    },
    {
      "type": "Feature",
      "geometry": {
        "type": "Polygon",
        "coordinates": [
          [
            [
              132.686213135,
              35.372021521
            ],
            [
              132.686234999,
              35.372257197
            ],
            [
              132.686438441,
              35.372243224
            ],
            [
              132.686433668,
              35.372178943
            ],
            [
              132.686523771,
              35.372173793
            ],
            [
              132.686507736,
              35.372004084
            ],
            [
              132.686213135,
              35.372021521
            ]
          ]
        ]
      },
      "properties": {
        "polygon_uuid": "e5208c86-93b7-4c7f-837d-9c5ab99aad2b",
        "daicho_shubetsu_cd": "FUD25"
      }
    },
    {
      "type": "Feature",
      "geometry": {
        "type": "Polygon",
        "coordinates": [
          [
            [
              132.688831865,
              35.378834613
            ],
            [
              132.689050518,
              35.378474841
            ],
            [
              132.689075308,
              35.378438351
            ],
            [
              132.688631007,
              35.378263051
            ],
            [
              132.688397561,
              35.378665004
            ],
            [
              132.688573885,
              35.378733864
            ],
            [
              132.688831865,
              35.378834613
            ]
          ]
        ]
      },
      "properties": {
        "polygon_uuid": "c931a816-2147-41a7-9094-9d038a7ac355",
        "daicho_shubetsu_cd": "FUD25"
      }
    },
    {
      "type": "Feature",
      "geometry": {
        "type": "Polygon",
        "coordinates": [
          [
            [
              132.683332292,
              35.371852982
            ],
            [
              132.683622894,
              35.371894625
            ],
            [
              132.683682351,
              35.37164284
            ],
            [
              132.683534143,
              35.371640658
            ],
            [
              132.683378528,
              35.371640399
            ],
            [
              132.683369671,
              35.371666299
            ],
            [
              132.683333614,
              35.371847481
            ],
            [
              132.683332292,
              35.371852982
            ]
          ]
        ]
      },
      "properties": {
        "polygon_uuid": "b901d108-b8ba-4395-be58-9d565fb4cef7",
        "daicho_shubetsu_cd": "FUD25"
      }
    },
    {
      "type": "Feature",
      "geometry": {
        "type": "Polygon",
        "coordinates": [
          [
            [
              132.694261845,
              35.376657009
            ],
            [
              132.694377867,
              35.376702294
            ],
            [
              132.694851936,
              35.375892438
            ],
            [
              132.694500224,
              35.37575613
            ],
            [
              132.694030084,
              35.376566548
            ],
            [
              132.694090007,
              35.376589937
            ],
            [
              132.694261845,
              35.376657009
            ]
          ]
        ]
      },
      "properties": {
        "polygon_uuid": "2f059047-e7a8-425c-b79f-9dbae266a2f2",
        "daicho_shubetsu_cd": "FUD25"
      }
    },
    {
      "type": "Feature",
      "geometry": {
        "type": "Polygon",
        "coordinates": [
          [
            [
              132.687942364,
              35.371682395
            ],
            [
              132.688143434,
              35.371676011
            ],
            [
              132.688169934,
              35.371878325
            ],
            [
              132.688185773,
              35.371929856
            ],
            [
              132.688280752,
              35.371929446
            ],
            [
              132.688303259,
              35.372017808
            ],
            [
              132.688369142,
              35.371809155
            ],
            [
              132.688443081,
              35.371551633
            ],
            [
              132.688412376,
              35.371524378
            ],
            [
              132.688114334,
              35.371522092
            ],
            [
              132.687938431,
              35.371522851
            ],
            [
              132.687924039,
              35.371545537
            ],
            [
              132.687942364,
              35.371682395
            ]
          ]
        ]
      },
      "properties": {
        "polygon_uuid": "1cf8bbb6-19ef-4123-9359-9ed05d94ad63",
        "daicho_shubetsu_cd": "FUD25"
      }
    },
    {
      "type": "Feature",
      "geometry": {
        "type": "Polygon",
        "coordinates": [
          [
            [
              132.683000427,
              35.374910343
            ],
            [
              132.682944324,
              35.37466135
            ],
            [
              132.682909859,
              35.374541345
            ],
            [
              132.682872707,
              35.37450698
            ],
            [
              132.6826125,
              35.374504438
            ],
            [
              132.682609804,
              35.374548288
            ],
            [
              132.682620879,
              35.374652968
            ],
            [
              132.682635097,
              35.374784425
            ],
            [
              132.682569741,
              35.374794446
            ],
            [
              132.682572993,
              35.374838272
            ],
            [
              132.682553843,
              35.374866361
            ],
            [
              132.682533339,
              35.374915159
            ],
            [
              132.682529088,
              35.374948057
            ],
            [
              132.682511417,
              35.374974923
            ],
            [
              132.682564871,
              35.374963734
            ],
            [
              132.682618403,
              35.374964724
            ],
            [
              132.682698595,
              35.374949769
            ],
            [
              132.682744694,
              35.37495079
            ],
            [
              132.682792208,
              35.374940844
            ],
            [
              132.68296304,
              35.374916977
            ],
            [
              132.683000427,
              35.374910343
            ]
          ]
        ]
      },
      "properties": {
        "polygon_uuid": "2766d4cb-8e0b-44e8-b735-9f23d950bc57",
        "daicho_shubetsu_cd": "FUD25"
      }
    },
    {
      "type": "Feature",
      "geometry": {
        "type": "Polygon",
        "coordinates": [
          [
            [
              132.698212644,
              35.379132777
            ],
            [
              132.698218965,
              35.379110221
            ],
            [
              132.698053776,
              35.379086691
            ],
            [
              132.698047024,
              35.37908202
            ],
            [
              132.698004608,
              35.379248795
            ],
            [
              132.697843346,
              35.379206744
            ],
            [
              132.697809065,
              35.379287071
            ],
            [
              132.697803983,
              35.379301907
            ],
            [
              132.697844316,
              35.379317128
            ],
            [
              132.697846554,
              35.379326621
            ],
            [
              132.69779062,
              35.379422485
            ],
            [
              132.697803624,
              35.379431133
            ],
            [
              132.69785227,
              35.379440421
            ],
            [
              132.69783224,
              35.379482261
            ],
            [
              132.697765376,
              35.379680918
            ],
            [
              132.697832947,
              35.379700813
            ],
            [
              132.697820993,
              35.37975788
            ],
            [
              132.697890011,
              35.379777176
            ],
            [
              132.69785406,
              35.379894646
            ],
            [
              132.697977587,
              35.379923494
            ],
            [
              132.697987685,
              35.379925793
            ],
            [
              132.698104124,
              35.37951928
            ],
            [
              132.698131751,
              35.379403507
            ],
            [
              132.698212644,
              35.379132777
            ]
          ]
        ]
      },
      "properties": {
        "polygon_uuid": "2f50d9a6-bf3c-4319-9185-9f8996b9c4a4",
        "daicho_shubetsu_cd": "FUD25"
      }
    },
    {
      "type": "Feature",
      "geometry": {
        "type": "Polygon",
        "coordinates": [
          [
            [
              132.698323668,
              35.377053466
            ],
            [
              132.698528862,
              35.376802392
            ],
            [
              132.697916651,
              35.376566997
            ],
            [
              132.697732481,
              35.37688517
            ],
            [
              132.697744809,
              35.376926036
            ],
            [
              132.698197255,
              35.37708632
            ],
            [
              132.698323668,
              35.377053466
            ]
          ]
        ]
      },
      "properties": {
        "polygon_uuid": "11e1a04b-7929-4fce-ade7-9fbf26f77786",
        "daicho_shubetsu_cd": "FUD25"
      }
    },
    {
      "type": "Feature",
      "geometry": {
        "type": "Polygon",
        "coordinates": [
          [
            [
              132.690617964,
              35.372871842
            ],
            [
              132.690891151,
              35.372851605
            ],
            [
              132.691135332,
              35.37284221
            ],
            [
              132.69136215,
              35.372845988
            ],
            [
              132.691442132,
              35.372849213
            ],
            [
              132.691441939,
              35.372819446
            ],
            [
              132.691435121,
              35.372664677
            ],
            [
              132.691414568,
              35.372633806
            ],
            [
              132.691066437,
              35.372305478
            ],
            [
              132.691009417,
              35.372255714
            ],
            [
              132.690975911,
              35.372245142
            ],
            [
              132.690941091,
              35.372256011
            ],
            [
              132.690931461,
              35.372340595
            ],
            [
              132.690893709,
              35.372347904
            ],
            [
              132.690842835,
              35.372349315
            ],
            [
              132.690796307,
              35.372348327
            ],
            [
              132.690788177,
              35.37244005
            ],
            [
              132.690763524,
              35.372449683
            ],
            [
              132.690749064,
              35.372461653
            ],
            [
              132.690739457,
              35.372549811
            ],
            [
              132.690660969,
              35.372552533
            ],
            [
              132.690614525,
              35.372564642
            ],
            [
              132.690613633,
              35.372651571
            ],
            [
              132.690617964,
              35.372871842
            ]
          ]
        ]
      },
      "properties": {
        "polygon_uuid": "8b16b8d1-db90-4cd6-8d39-9fbfead2725d",
        "daicho_shubetsu_cd": "FUD25"
      }
    },
    {
      "type": "Feature",
      "geometry": {
        "type": "Polygon",
        "coordinates": [
          [
            [
              132.690034025,
              35.375533359
            ],
            [
              132.690273074,
              35.375119612
            ],
            [
              132.690150943,
              35.375070383
            ],
            [
              132.689941803,
              35.374993112
            ],
            [
              132.689700709,
              35.375404344
            ],
            [
              132.68984266,
              35.375459289
            ],
            [
              132.690034025,
              35.375533359
            ]
          ]
        ]
      },
      "properties": {
        "polygon_uuid": "338b426a-9615-49fc-9630-9feab901ddba",
        "daicho_shubetsu_cd": "FUD25"
      }
    },
    {
      "type": "Feature",
      "geometry": {
        "type": "Polygon",
        "coordinates": [
          [
            [
              132.690335206,
              35.376193228
            ],
            [
              132.690189461,
              35.376137895
            ],
            [
              132.690177819,
              35.376133279
            ],
            [
              132.689629659,
              35.375915991
            ],
            [
              132.689419848,
              35.375832821
            ],
            [
              132.689318205,
              35.375794405
            ],
            [
              132.68907851,
              35.376204087
            ],
            [
              132.689312932,
              35.376295939
            ],
            [
              132.689393387,
              35.376327463
            ],
            [
              132.689722554,
              35.376456438
            ],
            [
              132.689938097,
              35.376540892
            ],
            [
              132.690206969,
              35.376646239
            ],
            [
              132.690410013,
              35.376295309
            ],
            [
              132.690422943,
              35.376271439
            ],
            [
              132.690415536,
              35.376250037
            ],
            [
              132.690381898,
              35.376219223
            ],
            [
              132.690335206,
              35.376193228
            ]
          ],
          [
            [
              132.689934022,
              35.376169133
            ],
            [
              132.68987977,
              35.376152001
            ],
            [
              132.689886909,
              35.376133441
            ],
            [
              132.689855464,
              35.376114744
            ],
            [
              132.689882625,
              35.376056347
            ],
            [
              132.689999695,
              35.376099177
            ],
            [
              132.689966859,
              35.376159139
            ],
            [
              132.689942588,
              35.376150573
            ],
            [
              132.689934022,
              35.376169133
            ]
          ]
        ]
      },
      "properties": {
        "polygon_uuid": "9ff8240f-045b-4e78-a7c5-a00316951734",
        "daicho_shubetsu_cd": "FUD25"
      }
    },
    {
      "type": "Feature",
      "geometry": {
        "type": "Polygon",
        "coordinates": [
          [
            [
              132.68516429,
              35.372918109
            ],
            [
              132.685182392,
              35.372927267
            ],
            [
              132.685482552,
              35.372959229
            ],
            [
              132.685554815,
              35.372973697
            ],
            [
              132.685604442,
              35.372975331
            ],
            [
              132.68576006,
              35.372975586
            ],
            [
              132.685866051,
              35.372974206
            ],
            [
              132.685870634,
              35.372960327
            ],
            [
              132.68586165,
              35.372867595
            ],
            [
              132.685822952,
              35.372872404
            ],
            [
              132.685540047,
              35.372893938
            ],
            [
              132.685525344,
              35.372851349
            ],
            [
              132.685352635,
              35.372823459
            ],
            [
              132.685347912,
              35.372807071
            ],
            [
              132.68542421,
              35.372571222
            ],
            [
              132.685408961,
              35.372567132
            ],
            [
              132.685229908,
              35.37256217
            ],
            [
              132.685220015,
              35.372613718
            ],
            [
              132.685162084,
              35.372900564
            ],
            [
              132.68516429,
              35.372918109
            ]
          ]
        ]
      },
      "properties": {
        "polygon_uuid": "85b1835b-5124-4850-849f-a0513d7c330b",
        "daicho_shubetsu_cd": "FUD25"
      }
    },
    {
      "type": "Feature",
      "geometry": {
        "type": "Polygon",
        "coordinates": [
          [
            [
              132.69502838,
              35.380205526
            ],
            [
              132.69491006,
              35.380205032
            ],
            [
              132.694890756,
              35.380276209
            ],
            [
              132.694877865,
              35.380276265
            ],
            [
              132.694841033,
              35.380427409
            ],
            [
              132.694687966,
              35.380414704
            ],
            [
              132.694650377,
              35.380431534
            ],
            [
              132.694626089,
              35.380463314
            ],
            [
              132.694636721,
              35.3804642
            ],
            [
              132.69462346,
              35.380539573
            ],
            [
              132.694943542,
              35.380572645
            ],
            [
              132.694944375,
              35.380569308
            ],
            [
              132.69502838,
              35.380205526
            ]
          ]
        ]
      },
      "properties": {
        "polygon_uuid": "6e925b52-1cf5-4029-9c33-a06b093cfc92",
        "daicho_shubetsu_cd": "FUD25"
      }
    },
    {
      "type": "Feature",
      "geometry": {
        "type": "Polygon",
        "coordinates": [
          [
            [
              132.699909277,
              35.375468798
            ],
            [
              132.699917988,
              35.375304843
            ],
            [
              132.699909299,
              35.375306663
            ],
            [
              132.699696734,
              35.375566839
            ],
            [
              132.699727271,
              35.375579176
            ],
            [
              132.699797011,
              35.375598467
            ],
            [
              132.699818746,
              35.375595699
            ],
            [
              132.699840277,
              35.375561751
            ],
            [
              132.69986527,
              35.375558077
            ],
            [
              132.699914326,
              35.375574788
            ],
            [
              132.69991912,
              35.375476772
            ],
            [
              132.699909277,
              35.375468798
            ]
          ]
        ]
      },
      "properties": {
        "polygon_uuid": "10191086-0b6f-4a9a-b44e-a08c3dc0707a",
        "daicho_shubetsu_cd": "FUD25"
      }
    },
    {
      "type": "Feature",
      "geometry": {
        "type": "Polygon",
        "coordinates": [
          [
            [
              132.691415953,
              35.378249852
            ],
            [
              132.691706625,
              35.377751185
            ],
            [
              132.691702578,
              35.377749607
            ],
            [
              132.691695086,
              35.377746686
            ],
            [
              132.69143397,
              35.377644862
            ],
            [
              132.691225631,
              35.377563617
            ],
            [
              132.691169549,
              35.377541747
            ],
            [
              132.690995473,
              35.377473864
            ],
            [
              132.690802525,
              35.377398621
            ],
            [
              132.690797687,
              35.377396734
            ],
            [
              132.690668873,
              35.377346501
            ],
            [
              132.690625697,
              35.377329664
            ],
            [
              132.690334664,
              35.377831349
            ],
            [
              132.69050398,
              35.377896881
            ],
            [
              132.690936411,
              35.37806425
            ],
            [
              132.691415953,
              35.378249852
            ]
          ]
        ]
      },
      "properties": {
        "polygon_uuid": "8abf523c-7361-4fa3-9285-a0e9c76b59e2",
        "daicho_shubetsu_cd": "FUD25"
      }
    },
    {
      "type": "Feature",
      "geometry": {
        "type": "Polygon",
        "coordinates": [
          [
            [
              132.685276315,
              35.375096133
            ],
            [
              132.685262038,
              35.374956151
            ],
            [
              132.685236701,
              35.374946519
            ],
            [
              132.685126742,
              35.374956732
            ],
            [
              132.684854715,
              35.374966423
            ],
            [
              132.684796716,
              35.374964236
            ],
            [
              132.684792722,
              35.375006667
            ],
            [
              132.684801964,
              35.375056962
            ],
            [
              132.684796194,
              35.375115119
            ],
            [
              132.685240663,
              35.375101035
            ],
            [
              132.685276315,
              35.375096133
            ]
          ]
        ]
      },
      "properties": {
        "polygon_uuid": "7b8397d0-1e22-4e1f-9796-a10e6b49c438",
        "daicho_shubetsu_cd": "FUD25"
      }
    },
    {
      "type": "Feature",
      "geometry": {
        "type": "Polygon",
        "coordinates": [
          [
            [
              132.700676885,
              35.375726951
            ],
            [
              132.700633591,
              35.375779129
            ],
            [
              132.700625785,
              35.375798659
            ],
            [
              132.700878698,
              35.37585061
            ],
            [
              132.700852973,
              35.375960111
            ],
            [
              132.701149494,
              35.376007537
            ],
            [
              132.701197778,
              35.375909849
            ],
            [
              132.701204103,
              35.375866499
            ],
            [
              132.701192152,
              35.375858971
            ],
            [
              132.701141847,
              35.375850529
            ],
            [
              132.701128559,
              35.37584084
            ],
            [
              132.701123199,
              35.375830033
            ],
            [
              132.700698049,
              35.375727941
            ],
            [
              132.700676885,
              35.375726951
            ]
          ]
        ]
      },
      "properties": {
        "polygon_uuid": "a2ce3d89-af75-4477-bbb0-a14fdb9dbb1e",
        "daicho_shubetsu_cd": "FUD25"
      }
    },
    {
      "type": "Feature",
      "geometry": {
        "type": "Polygon",
        "coordinates": [
          [
            [
              132.697447021,
              35.379820358
            ],
            [
              132.697278405,
              35.379762896
            ],
            [
              132.697160652,
              35.379720652
            ],
            [
              132.697108379,
              35.37971138
            ],
            [
              132.697063412,
              35.379710389
            ],
            [
              132.697027186,
              35.3797153
            ],
            [
              132.696975405,
              35.380064602
            ],
            [
              132.696955837,
              35.380196595
            ],
            [
              132.697094203,
              35.380211825
            ],
            [
              132.697315908,
              35.380226153
            ],
            [
              132.697447021,
              35.379820358
            ]
          ]
        ]
      },
      "properties": {
        "polygon_uuid": "63d95b18-a97f-4afe-80f1-a199c79d793c",
        "daicho_shubetsu_cd": "FUD25"
      }
    },
    {
      "type": "Feature",
      "geometry": {
        "type": "Polygon",
        "coordinates": [
          [
            [
              132.687569216,
              35.377311131
            ],
            [
              132.687836431,
              35.377415466
            ],
            [
              132.688075193,
              35.377003601
            ],
            [
              132.68742523,
              35.376751399
            ],
            [
              132.68718843,
              35.377162453
            ],
            [
              132.687569216,
              35.377311131
            ]
          ]
        ]
      },
      "properties": {
        "polygon_uuid": "3b22fb82-d872-4122-97ae-a1c319476fc8",
        "daicho_shubetsu_cd": "FUD25"
      }
    },
    {
      "type": "Feature",
      "geometry": {
        "type": "Polygon",
        "coordinates": [
          [
            [
              132.687395502,
              35.373170919
            ],
            [
              132.687339004,
              35.373179069
            ],
            [
              132.687116674,
              35.373199207
            ],
            [
              132.687105308,
              35.373200014
            ],
            [
              132.687115098,
              35.373321042
            ],
            [
              132.687222928,
              35.373312357
            ],
            [
              132.687241202,
              35.373423247
            ],
            [
              132.687439259,
              35.373399789
            ],
            [
              132.687649874,
              35.373378331
            ],
            [
              132.687718238,
              35.373368547
            ],
            [
              132.687624256,
              35.373319632
            ],
            [
              132.687530221,
              35.373262499
            ],
            [
              132.687395502,
              35.373170919
            ]
          ]
        ]
      },
      "properties": {
        "polygon_uuid": "5b64aa0c-ae79-4a76-87c8-a29db0029ffb",
        "daicho_shubetsu_cd": "FUD25"
      }
    },
    {
      "type": "Feature",
      "geometry": {
        "type": "Polygon",
        "coordinates": [
          [
            [
              132.690277614,
              35.375086149
            ],
            [
              132.690471099,
              35.375160487
            ],
            [
              132.690540495,
              35.375187893
            ],
            [
              132.690777268,
              35.374774584
            ],
            [
              132.690516406,
              35.374674976
            ],
            [
              132.690277614,
              35.375086149
            ]
          ]
        ]
      },
      "properties": {
        "polygon_uuid": "09cd616a-3850-4910-a9f0-a3e8b13cf77d",
        "daicho_shubetsu_cd": "FUD25"
      }
    },
    {
      "type": "Feature",
      "geometry": {
        "type": "Polygon",
        "coordinates": [
          [
            [
              132.683464515,
              35.37285405
            ],
            [
              132.683389995,
              35.373219659
            ],
            [
              132.683416901,
              35.373222928
            ],
            [
              132.683510571,
              35.373234535
            ],
            [
              132.683650403,
              35.373234861
            ],
            [
              132.683764359,
              35.373244532
            ],
            [
              132.684061184,
              35.373283901
            ],
            [
              132.684334318,
              35.373321523
            ],
            [
              132.684402719,
              35.372984934
            ],
            [
              132.683903378,
              35.372916072
            ],
            [
              132.683763146,
              35.372896254
            ],
            [
              132.683464515,
              35.37285405
            ]
          ]
        ]
      },
      "properties": {
        "polygon_uuid": "f3e77a72-2a23-4fea-b35f-a3ec1686e7ed",
        "daicho_shubetsu_cd": "FUD25"
      }
    },
    {
      "type": "Feature",
      "geometry": {
        "type": "Polygon",
        "coordinates": [
          [
            [
              132.692508801,
              35.379297762
            ],
            [
              132.692453271,
              35.379680475
            ],
            [
              132.692551968,
              35.379691924
            ],
            [
              132.692567845,
              35.379679977
            ],
            [
              132.692599096,
              35.379578878
            ],
            [
              132.692638253,
              35.379578707
            ],
            [
              132.692939165,
              35.379591711
            ],
            [
              132.692946836,
              35.379568083
            ],
            [
              132.692960019,
              35.379527479
            ],
            [
              132.693035055,
              35.379309927
            ],
            [
              132.69308727,
              35.379310491
            ],
            [
              132.693125143,
              35.379198414
            ],
            [
              132.692533281,
              35.379178424
            ],
            [
              132.692519521,
              35.379245502
            ],
            [
              132.692508801,
              35.379297762
            ]
          ]
        ]
      },
      "properties": {
        "polygon_uuid": "41215909-e61f-4813-802f-a429482dfddb",
        "daicho_shubetsu_cd": "FUD25"
      }
    },
    {
      "type": "Feature",
      "geometry": {
        "type": "Polygon",
        "coordinates": [
          [
            [
              132.702427421,
              35.372869226
            ],
            [
              132.702675923,
              35.373031847
            ],
            [
              132.702990503,
              35.372717287
            ],
            [
              132.702730561,
              35.37255115
            ],
            [
              132.7027196,
              35.372562284
            ],
            [
              132.702427421,
              35.372869226
            ]
          ]
        ]
      },
      "properties": {
        "polygon_uuid": "2dd9bcd3-3d32-4e8e-8241-a48dd4275c1e",
        "daicho_shubetsu_cd": "FUD25"
      }
    },
    {
      "type": "Feature",
      "geometry": {
        "type": "Polygon",
        "coordinates": [
          [
            [
              132.689648384,
              35.372937126
            ],
            [
              132.689933903,
              35.372923613
            ],
            [
              132.689939809,
              35.372720355
            ],
            [
              132.689918703,
              35.372603752
            ],
            [
              132.689646281,
              35.372610987
            ],
            [
              132.689641016,
              35.372921797
            ],
            [
              132.689648384,
              35.372937126
            ]
          ]
        ]
      },
      "properties": {
        "polygon_uuid": "b2117d5f-bfbc-473a-ac12-a4e0d441a644",
        "daicho_shubetsu_cd": "FUD25"
      }
    },
    {
      "type": "Feature",
      "geometry": {
        "type": "Polygon",
        "coordinates": [
          [
            [
              132.686242505,
              35.375597181
            ],
            [
              132.686488821,
              35.375692573
            ],
            [
              132.686692448,
              35.375771662
            ],
            [
              132.686920288,
              35.375372315
            ],
            [
              132.68686411,
              35.375350698
            ],
            [
              132.686859696,
              35.375348979
            ],
            [
              132.686855015,
              35.375347154
            ],
            [
              132.686308451,
              35.375134169
            ],
            [
              132.686307376,
              35.375193355
            ],
            [
              132.686280311,
              35.375280396
            ],
            [
              132.686243313,
              35.375405585
            ],
            [
              132.686227862,
              35.375490195
            ],
            [
              132.686216804,
              35.375579549
            ],
            [
              132.686242505,
              35.375597181
            ]
          ]
        ]
      },
      "properties": {
        "polygon_uuid": "e74df31c-6615-4759-836e-a5a8b9b56a0a",
        "daicho_shubetsu_cd": "FUD25"
      }
    },
    {
      "type": "Feature",
      "geometry": {
        "type": "Polygon",
        "coordinates": [
          [
            [
              132.687911359,
              35.378478732
            ],
            [
              132.688275933,
              35.378617503
            ],
            [
              132.688397561,
              35.378665004
            ],
            [
              132.688631007,
              35.378263051
            ],
            [
              132.68821823,
              35.378100187
            ],
            [
              132.687881132,
              35.377968778
            ],
            [
              132.687644523,
              35.378377162
            ],
            [
              132.687911359,
              35.378478732
            ]
          ]
        ]
      },
      "properties": {
        "polygon_uuid": "fb2791cd-ee21-4fc9-b65c-a5dffe7bdf82",
        "daicho_shubetsu_cd": "FUD25"
      }
    },
    {
      "type": "Feature",
      "geometry": {
        "type": "Polygon",
        "coordinates": [
          [
            [
              132.689513047,
              35.379103264
            ],
            [
              132.689398711,
              35.379281701
            ],
            [
              132.689454976,
              35.379304559
            ],
            [
              132.689349478,
              35.379480389
            ],
            [
              132.689487258,
              35.379551322
            ],
            [
              132.689702666,
              35.379178262
            ],
            [
              132.689551528,
              35.379118484
            ],
            [
              132.689513047,
              35.379103264
            ]
          ]
        ]
      },
      "properties": {
        "polygon_uuid": "9b923607-df0e-4d48-919e-a749c5c76c0d",
        "daicho_shubetsu_cd": "FUD25"
      }
    },
    {
      "type": "Feature",
      "geometry": {
        "type": "Polygon",
        "coordinates": [
          [
            [
              132.696948671,
              35.37822057
            ],
            [
              132.697230827,
              35.378326849
            ],
            [
              132.697550668,
              35.377937735
            ],
            [
              132.697193825,
              35.377800951
            ],
            [
              132.696948671,
              35.37822057
            ]
          ]
        ]
      },
      "properties": {
        "polygon_uuid": "eb14088c-217b-4d21-b674-a79c5c17439c",
        "daicho_shubetsu_cd": "FUD25"
      }
    },
    {
      "type": "Feature",
      "geometry": {
        "type": "Polygon",
        "coordinates": [
          [
            [
              132.688793746,
              35.376093178
            ],
            [
              132.688888542,
              35.376129651
            ],
            [
              132.68907851,
              35.376204087
            ],
            [
              132.689318205,
              35.375794405
            ],
            [
              132.688989106,
              35.37567002
            ],
            [
              132.688752764,
              35.376077409
            ],
            [
              132.688793746,
              35.376093178
            ]
          ]
        ]
      },
      "properties": {
        "polygon_uuid": "8824dd4c-5268-4585-81d0-a7ab6f74ac3b",
        "daicho_shubetsu_cd": "FUD25"
      }
    },
    {
      "type": "Feature",
      "geometry": {
        "type": "Polygon",
        "coordinates": [
          [
            [
              132.695445606,
              35.373400856
            ],
            [
              132.695342302,
              35.373578474
            ],
            [
              132.695453789,
              35.373628936
            ],
            [
              132.695622885,
              35.373699092
            ],
            [
              132.6957695,
              35.373526102
            ],
            [
              132.695589252,
              35.373458899
            ],
            [
              132.695445606,
              35.373400856
            ]
          ]
        ]
      },
      "properties": {
        "polygon_uuid": "d5a026e6-e988-4a14-8edb-a7ee07b5ed6d",
        "daicho_shubetsu_cd": "FUD25"
      }
    },
    {
      "type": "Feature",
      "geometry": {
        "type": "Polygon",
        "coordinates": [
          [
            [
              132.69632078,
              35.379908874
            ],
            [
              132.696530512,
              35.379917427
            ],
            [
              132.69648638,
              35.380117963
            ],
            [
              132.696564338,
              35.380121652
            ],
            [
              132.696590142,
              35.379871276
            ],
            [
              132.696678148,
              35.379874058
            ],
            [
              132.69668734,
              35.379801125
            ],
            [
              132.696675316,
              35.379801178
            ],
            [
              132.696478069,
              35.379800855
            ],
            [
              132.69636061,
              35.379803745
            ],
            [
              132.696351948,
              35.379809722
            ],
            [
              132.69632078,
              35.379908874
            ]
          ]
        ]
      },
      "properties": {
        "polygon_uuid": "135951b4-c804-4471-bb5e-a856d8a54796",
        "daicho_shubetsu_cd": "FUD25"
      }
    },
    {
      "type": "Feature",
      "geometry": {
        "type": "Polygon",
        "coordinates": [
          [
            [
              132.703753392,
              35.372878672
            ],
            [
              132.703918141,
              35.372761522
            ],
            [
              132.703964105,
              35.372721773
            ],
            [
              132.703755719,
              35.37258909
            ],
            [
              132.703593608,
              35.372789603
            ],
            [
              132.703596645,
              35.372794599
            ],
            [
              132.703753392,
              35.372878672
            ]
          ]
        ]
      },
      "properties": {
        "polygon_uuid": "efc95743-bff8-453f-9518-a8b00b778a2d",
        "daicho_shubetsu_cd": "FUD25"
      }
    },
    {
      "type": "Feature",
      "geometry": {
        "type": "Polygon",
        "coordinates": [
          [
            [
              132.682375243,
              35.373304993
            ],
            [
              132.682355008,
              35.37343765
            ],
            [
              132.68233832,
              35.373641346
            ],
            [
              132.682573467,
              35.373645884
            ],
            [
              132.682570473,
              35.373706854
            ],
            [
              132.682759951,
              35.373711588
            ],
            [
              132.682788901,
              35.373425392
            ],
            [
              132.68262797,
              35.37337413
            ],
            [
              132.682385661,
              35.373307279
            ],
            [
              132.682375243,
              35.373304993
            ]
          ]
        ]
      },
      "properties": {
        "polygon_uuid": "23610b6d-69f2-4200-8a33-a8c1a6b721b3",
        "daicho_shubetsu_cd": "FUD25"
      }
    },
    {
      "type": "Feature",
      "geometry": {
        "type": "Polygon",
        "coordinates": [
          [
            [
              132.699864465,
              35.378030533
            ],
            [
              132.699827952,
              35.378172161
            ],
            [
              132.700251582,
              35.378135758
            ],
            [
              132.700276059,
              35.378438904
            ],
            [
              132.700318339,
              35.378433302
            ],
            [
              132.700356463,
              35.378552157
            ],
            [
              132.700516112,
              35.378497299
            ],
            [
              132.700458701,
              35.378414159
            ],
            [
              132.700569699,
              35.378394362
            ],
            [
              132.700556711,
              35.378339877
            ],
            [
              132.700549629,
              35.378268427
            ],
            [
              132.700508678,
              35.378275107
            ],
            [
              132.700499074,
              35.378021716
            ],
            [
              132.700486114,
              35.37781405
            ],
            [
              132.700214932,
              35.377800085
            ],
            [
              132.700240161,
              35.378016583
            ],
            [
              132.699864465,
              35.378030533
            ]
          ]
        ]
      },
      "properties": {
        "polygon_uuid": "d32353e7-7099-40a5-b2e9-a9932fbc3780",
        "daicho_shubetsu_cd": "FUD25"
      }
    },
    {
      "type": "Feature",
      "geometry": {
        "type": "Polygon",
        "coordinates": [
          [
            [
              132.688582441,
              35.376011874
            ],
            [
              132.688752764,
              35.376077409
            ],
            [
              132.688989106,
              35.37567002
            ],
            [
              132.688943272,
              35.375652696
            ],
            [
              132.68853662,
              35.375493701
            ],
            [
              132.688512088,
              35.375484222
            ],
            [
              132.688277869,
              35.375894685
            ],
            [
              132.688582441,
              35.376011874
            ]
          ]
        ]
      },
      "properties": {
        "polygon_uuid": "b44fec71-a6df-4fbc-9850-a9cc59f0f605",
        "daicho_shubetsu_cd": "FUD25"
      }
    },
    {
      "type": "Feature",
      "geometry": {
        "type": "Polygon",
        "coordinates": [
          [
            [
              132.696702622,
              35.379770015
            ],
            [
              132.696751648,
              35.379765783
            ],
            [
              132.696877591,
              35.379729596
            ],
            [
              132.696907168,
              35.379539548
            ],
            [
              132.696929706,
              35.379374393
            ],
            [
              132.696764149,
              35.379348683
            ],
            [
              132.696702622,
              35.379770015
            ]
          ]
        ]
      },
      "properties": {
        "polygon_uuid": "87a0a2dd-5a9b-407f-87e7-a9e8ae3d8361",
        "daicho_shubetsu_cd": "FUD25"
      }
    },
    {
      "type": "Feature",
      "geometry": {
        "type": "Polygon",
        "coordinates": [
          [
            [
              132.681938141,
              35.372129888
            ],
            [
              132.682022835,
              35.372148922
            ],
            [
              132.682323068,
              35.372192899
            ],
            [
              132.682492409,
              35.372215532
            ],
            [
              132.682581147,
              35.371768799
            ],
            [
              132.682585786,
              35.371749101
            ],
            [
              132.682075779,
              35.37167904
            ],
            [
              132.681973043,
              35.371837416
            ],
            [
              132.681956636,
              35.371917193
            ],
            [
              132.681923605,
              35.372042945
            ],
            [
              132.681910555,
              35.372118737
            ],
            [
              132.681938141,
              35.372129888
            ]
          ]
        ]
      },
      "properties": {
        "polygon_uuid": "271d342d-8a9c-4cdc-b7e4-a9f6dc9068b3",
        "daicho_shubetsu_cd": "FUD25"
      }
    },
    {
      "type": "Feature",
      "geometry": {
        "type": "Polygon",
        "coordinates": [
          [
            [
              132.684334318,
              35.373321523
            ],
            [
              132.684526923,
              35.373348784
            ],
            [
              132.684591772,
              35.373011004
            ],
            [
              132.684402719,
              35.372984934
            ],
            [
              132.684334318,
              35.373321523
            ]
          ]
        ]
      },
      "properties": {
        "polygon_uuid": "294a12a5-4a72-4d39-9be2-aa1344fda9f1",
        "daicho_shubetsu_cd": "FUD25"
      }
    },
    {
      "type": "Feature",
      "geometry": {
        "type": "Polygon",
        "coordinates": [
          [
            [
              132.699314596,
              35.375520728
            ],
            [
              132.698848564,
              35.37634083
            ],
            [
              132.698867744,
              35.3763427
            ],
            [
              132.699495097,
              35.375591224
            ],
            [
              132.699314596,
              35.375520728
            ]
          ]
        ]
      },
      "properties": {
        "polygon_uuid": "54789945-8876-4c33-a678-aa2f6bf138c9",
        "daicho_shubetsu_cd": "FUD25"
      }
    },
    {
      "type": "Feature",
      "geometry": {
        "type": "Polygon",
        "coordinates": [
          [
            [
              132.691558427,
              35.379824871
            ],
            [
              132.69180446,
              35.379868432
            ],
            [
              132.691871567,
              35.379680204
            ],
            [
              132.69189325,
              35.379644211
            ],
            [
              132.691935703,
              35.379630301
            ],
            [
              132.691979539,
              35.37963085
            ],
            [
              132.691989202,
              35.379530504
            ],
            [
              132.69201168,
              35.379418489
            ],
            [
              132.692038732,
              35.379415204
            ],
            [
              132.692135425,
              35.379415839
            ],
            [
              132.692084847,
              35.379170791
            ],
            [
              132.692071832,
              35.379151843
            ],
            [
              132.692047243,
              35.379137168
            ],
            [
              132.691924622,
              35.379312968
            ],
            [
              132.691816146,
              35.379483428
            ],
            [
              132.691724224,
              35.37962214
            ],
            [
              132.691665415,
              35.379698415
            ],
            [
              132.691600199,
              35.37978063
            ],
            [
              132.691558427,
              35.379824871
            ]
          ]
        ]
      },
      "properties": {
        "polygon_uuid": "56f50b84-c6de-4efb-83c7-aa78aa9244a4",
        "daicho_shubetsu_cd": "FUD25"
      }
    },
    {
      "type": "Feature",
      "geometry": {
        "type": "Polygon",
        "coordinates": [
          [
            [
              132.699761064,
              35.373523514
            ],
            [
              132.6997827,
              35.373494542
            ],
            [
              132.699995841,
              35.37271666
            ],
            [
              132.699920287,
              35.372691939
            ],
            [
              132.69948332,
              35.373445779
            ],
            [
              132.69971175,
              35.373530608
            ],
            [
              132.699740291,
              35.373530482
            ],
            [
              132.699761064,
              35.373523514
            ]
          ]
        ]
      },
      "properties": {
        "polygon_uuid": "4148506d-d3f5-4678-956f-aacec66ec245",
        "daicho_shubetsu_cd": "FUD25"
      }
    },
    {
      "type": "Feature",
      "geometry": {
        "type": "Polygon",
        "coordinates": [
          [
            [
              132.687918673,
              35.371667827
            ],
            [
              132.687652543,
              35.371708525
            ],
            [
              132.687657616,
              35.371819243
            ],
            [
              132.687682303,
              35.37181485
            ],
            [
              132.687685407,
              35.371833809
            ],
            [
              132.687935666,
              35.371805604
            ],
            [
              132.687918673,
              35.371667827
            ]
          ]
        ]
      },
      "properties": {
        "polygon_uuid": "76ac51c4-f976-40d5-9416-ac5452daf609",
        "daicho_shubetsu_cd": "FUD25"
      }
    },
    {
      "type": "Feature",
      "geometry": {
        "type": "Polygon",
        "coordinates": [
          [
            [
              132.701922738,
              35.374519249
            ],
            [
              132.702351669,
              35.374761021
            ],
            [
              132.702385476,
              35.374760871
            ],
            [
              132.702526587,
              35.374627333
            ],
            [
              132.702472299,
              35.374597668
            ],
            [
              132.70242904,
              35.374600076
            ],
            [
              132.702218587,
              35.374472526
            ],
            [
              132.702154752,
              35.374430721
            ],
            [
              132.702099221,
              35.374417675
            ],
            [
              132.702042425,
              35.374417927
            ],
            [
              132.701922738,
              35.374519249
            ]
          ]
        ]
      },
      "properties": {
        "polygon_uuid": "0e6729cc-d12d-442b-a8a6-acb0ac0da2d0",
        "daicho_shubetsu_cd": "FUD25"
      }
    },
    {
      "type": "Feature",
      "geometry": {
        "type": "Polygon",
        "coordinates": [
          [
            [
              132.696643298,
              35.378598753
            ],
            [
              132.696668572,
              35.378599583
            ],
            [
              132.696692527,
              35.378574079
            ],
            [
              132.697134254,
              35.377797465
            ],
            [
              132.697144934,
              35.377778981
            ],
            [
              132.69697497,
              35.377712942
            ],
            [
              132.696491245,
              35.378539585
            ],
            [
              132.696643298,
              35.378598753
            ]
          ]
        ]
      },
      "properties": {
        "polygon_uuid": "d456e954-f07a-490e-9464-ace3ea3b2638",
        "daicho_shubetsu_cd": "FUD25"
      }
    },
    {
      "type": "Feature",
      "geometry": {
        "type": "Polygon",
        "coordinates": [
          [
            [
              132.689875317,
              35.37955103
            ],
            [
              132.690019091,
              35.379303416
            ],
            [
              132.689988441,
              35.379291293
            ],
            [
              132.689702666,
              35.379178262
            ],
            [
              132.689487258,
              35.379551322
            ],
            [
              132.689875317,
              35.37955103
            ]
          ]
        ]
      },
      "properties": {
        "polygon_uuid": "fabd1c9b-1819-435a-b115-ad2beebc7445",
        "daicho_shubetsu_cd": "FUD25"
      }
    },
    {
      "type": "Feature",
      "geometry": {
        "type": "Polygon",
        "coordinates": [
          [
            [
              132.684264957,
              35.376197594
            ],
            [
              132.684240487,
              35.376617554
            ],
            [
              132.684308927,
              35.376624568
            ],
            [
              132.68433084,
              35.376563587
            ],
            [
              132.684351562,
              35.376548885
            ],
            [
              132.684365963,
              35.376475757
            ],
            [
              132.684391216,
              35.376471996
            ],
            [
              132.684493766,
              35.376465468
            ],
            [
              132.684541289,
              35.37645674
            ],
            [
              132.684557582,
              35.376446928
            ],
            [
              132.684555364,
              35.376332468
            ],
            [
              132.684586377,
              35.376299457
            ],
            [
              132.684608367,
              35.376250652
            ],
            [
              132.68461194100001,
              35.376186463
            ],
            [
              132.684576524,
              35.376196489
            ],
            [
              132.684528946,
              35.376196693
            ],
            [
              132.684507125,
              35.37619435
            ],
            [
              132.68449412,
              35.376175735
            ],
            [
              132.684474259,
              35.376170136
            ],
            [
              132.684408928,
              35.376184218
            ],
            [
              132.684312865,
              35.376197619
            ],
            [
              132.684264957,
              35.376197594
            ]
          ]
        ]
      },
      "properties": {
        "polygon_uuid": "3bbfed53-594e-4d28-b1b6-ad5e02ceed85",
        "daicho_shubetsu_cd": "FUD25"
      }
    },
    {
      "type": "Feature",
      "geometry": {
        "type": "Polygon",
        "coordinates": [
          [
            [
              132.681750688,
              35.372527119
            ],
            [
              132.681702077,
              35.37250793
            ],
            [
              132.681466188,
              35.372474763
            ],
            [
              132.681427802,
              35.372467537
            ],
            [
              132.681300187,
              35.372437601
            ],
            [
              132.681284342,
              35.372428432
            ],
            [
              132.680952447,
              35.372370734
            ],
            [
              132.680816969,
              35.37234545
            ],
            [
              132.680732322,
              35.372333803
            ],
            [
              132.680718348,
              35.372374719
            ],
            [
              132.680712917,
              35.372395475
            ],
            [
              132.680661058,
              35.372397542
            ],
            [
              132.680616073,
              35.372594463
            ],
            [
              132.680753313,
              35.372599522
            ],
            [
              132.681054593,
              35.372630567
            ],
            [
              132.681139259,
              35.372644984
            ],
            [
              132.681157724,
              35.372654132
            ],
            [
              132.681214123,
              35.372656663
            ],
            [
              132.681431912,
              35.372680673
            ],
            [
              132.681684682,
              35.372708228
            ],
            [
              132.68171286,
              35.372706261
            ],
            [
              132.681750688,
              35.372527119
            ]
          ]
        ]
      },
      "properties": {
        "polygon_uuid": "cd88a2a8-128b-41a2-8335-ad5fc2825df3",
        "daicho_shubetsu_cd": "FUD25"
      }
    },
    {
      "type": "Feature",
      "geometry": {
        "type": "Polygon",
        "coordinates": [
          [
            [
              132.696271853,
              35.373271256
            ],
            [
              132.696068902,
              35.37342994
            ],
            [
              132.695822465,
              35.37367854
            ],
            [
              132.695602582,
              35.373944557
            ],
            [
              132.695570155,
              35.37399214
            ],
            [
              132.69557278,
              35.37400863
            ],
            [
              132.695618251,
              35.374030089
            ],
            [
              132.6959292,
              35.374151561
            ],
            [
              132.696405835,
              35.373324057
            ],
            [
              132.696271853,
              35.373271256
            ]
          ]
        ]
      },
      "properties": {
        "polygon_uuid": "78072711-0715-4653-b90a-ade7ceefe298",
        "daicho_shubetsu_cd": "FUD25"
      }
    },
    {
      "type": "Feature",
      "geometry": {
        "type": "Polygon",
        "coordinates": [
          [
            [
              132.69533042,
              35.375982224
            ],
            [
              132.695795774,
              35.37517055
            ],
            [
              132.695659537,
              35.37511764
            ],
            [
              132.695619919,
              35.375102524
            ],
            [
              132.695154693,
              35.375913117
            ],
            [
              132.69533042,
              35.375982224
            ]
          ]
        ]
      },
      "properties": {
        "polygon_uuid": "56eea6d7-3da4-4ed1-bf7f-af24e75a53f8",
        "daicho_shubetsu_cd": "FUD25"
      }
    },
    {
      "type": "Feature",
      "geometry": {
        "type": "Polygon",
        "coordinates": [
          [
            [
              132.688816014,
              35.371747333
            ],
            [
              132.68884437,
              35.371909799
            ],
            [
              132.688937379,
              35.371904635
            ],
            [
              132.68897611,
              35.371901537
            ],
            [
              132.688950837,
              35.371739704
            ],
            [
              132.68929455,
              35.37168503
            ],
            [
              132.689309849,
              35.371803246
            ],
            [
              132.689315082,
              35.371811858
            ],
            [
              132.689563544,
              35.37179054
            ],
            [
              132.689637624,
              35.371780694
            ],
            [
              132.689639541,
              35.371627078
            ],
            [
              132.689418041,
              35.371545874
            ],
            [
              132.689278127,
              35.371491705
            ],
            [
              132.689199441,
              35.371463467
            ],
            [
              132.68909787,
              35.371493675
            ],
            [
              132.688968662,
              35.371521621
            ],
            [
              132.688900398,
              35.371531442
            ],
            [
              132.688781198,
              35.371533147
            ],
            [
              132.688788774,
              35.371580745
            ],
            [
              132.688816014,
              35.371747333
            ]
          ]
        ]
      },
      "properties": {
        "polygon_uuid": "7a589724-78f6-4636-8f64-af34300d8ee1",
        "daicho_shubetsu_cd": "FUD25"
      }
    },
    {
      "type": "Feature",
      "geometry": {
        "type": "Polygon",
        "coordinates": [
          [
            [
              132.68456504,
              35.377749617
            ],
            [
              132.684799137,
              35.377736284
            ],
            [
              132.68482083,
              35.377727971
            ],
            [
              132.684803201,
              35.37758694
            ],
            [
              132.684794163,
              35.377219825
            ],
            [
              132.684776815,
              35.377223076
            ],
            [
              132.684702114,
              35.377225224
            ],
            [
              132.684665275,
              35.377218988
            ],
            [
              132.684594196,
              35.377216573
            ],
            [
              132.684595649,
              35.377304245
            ],
            [
              132.684572345,
              35.377322154
            ],
            [
              132.684549085,
              35.377346914
            ],
            [
              132.684551301,
              35.377431843
            ],
            [
              132.68458824,
              35.377453604
            ],
            [
              132.684599116,
              35.377585075
            ],
            [
              132.684555618,
              35.377583891
            ],
            [
              132.684517304,
              35.377608714
            ],
            [
              132.684492415,
              35.377640331
            ],
            [
              132.684492468,
              35.377648551
            ],
            [
              132.684509273,
              35.377660808
            ],
            [
              132.684547868,
              35.377679822
            ],
            [
              132.684559768,
              35.37770991
            ],
            [
              132.68456504,
              35.377749617
            ]
          ]
        ]
      },
      "properties": {
        "polygon_uuid": "d1cff404-8531-49a9-b2a5-af5877f769d5",
        "daicho_shubetsu_cd": "FUD25"
      }
    },
    {
      "type": "Feature",
      "geometry": {
        "type": "Polygon",
        "coordinates": [
          [
            [
              132.690797687,
              35.377396734
            ],
            [
              132.690802525,
              35.377398621
            ],
            [
              132.691277416,
              35.376566157
            ],
            [
              132.691144583,
              35.376514066
            ],
            [
              132.690668873,
              35.377346501
            ],
            [
              132.690797687,
              35.377396734
            ]
          ]
        ]
      },
      "properties": {
        "polygon_uuid": "6f5430b1-0372-49d3-bf6e-af79636f91f0",
        "daicho_shubetsu_cd": "FUD25"
      }
    },
    {
      "type": "Feature",
      "geometry": {
        "type": "Polygon",
        "coordinates": [
          [
            [
              132.683708432,
              35.374057163
            ],
            [
              132.683671924,
              35.374432768
            ],
            [
              132.683874424,
              35.37442818
            ],
            [
              132.683890647,
              35.374257374
            ],
            [
              132.684188755,
              35.374265664
            ],
            [
              132.684169014,
              35.37413416
            ],
            [
              132.684162071,
              35.374106482
            ],
            [
              132.683908255,
              35.374092329
            ],
            [
              132.683913313,
              35.374051497
            ],
            [
              132.683829906,
              35.374053605
            ],
            [
              132.683739683,
              35.374052145
            ],
            [
              132.683708432,
              35.374057163
            ]
          ]
        ]
      },
      "properties": {
        "polygon_uuid": "f5fc2605-8bde-4093-86b7-b03061dc7704",
        "daicho_shubetsu_cd": "FUD25"
      }
    },
    {
      "type": "Feature",
      "geometry": {
        "type": "Polygon",
        "coordinates": [
          [
            [
              132.685695802,
              35.379614426
            ],
            [
              132.6858518,
              35.379620568
            ],
            [
              132.68603026,
              35.379640555
            ],
            [
              132.686336608,
              35.379706379
            ],
            [
              132.686359467,
              35.379581142
            ],
            [
              132.686318905,
              35.379577315
            ],
            [
              132.686076643,
              35.379535431
            ],
            [
              132.685842235,
              35.379500819
            ],
            [
              132.685654645,
              35.379463266
            ],
            [
              132.685645864,
              35.379485223
            ],
            [
              132.685632927,
              35.37955469
            ],
            [
              132.685709942,
              35.379565319
            ],
            [
              132.685695802,
              35.379614426
            ]
          ]
        ]
      },
      "properties": {
        "polygon_uuid": "28c8b181-e86f-41d2-a091-b0865fad8d14",
        "daicho_shubetsu_cd": "FUD25"
      }
    },
    {
      "type": "Feature",
      "geometry": {
        "type": "Polygon",
        "coordinates": [
          [
            [
              132.692444055,
              35.38057194
            ],
            [
              132.692623888,
              35.380570563
            ],
            [
              132.692940055,
              35.380562225
            ],
            [
              132.692951993,
              35.380455168
            ],
            [
              132.692627271,
              35.380479151
            ],
            [
              132.692597204,
              35.380481357
            ],
            [
              132.69242673,
              35.380492786
            ],
            [
              132.692444055,
              35.38057194
            ]
          ]
        ]
      },
      "properties": {
        "polygon_uuid": "5d59cf31-0b7c-429a-8dc6-b1ac09a21b41",
        "daicho_shubetsu_cd": "FUD25"
      }
    },
    {
      "type": "Feature",
      "geometry": {
        "type": "Polygon",
        "coordinates": [
          [
            [
              132.689857029,
              35.371251278
            ],
            [
              132.689836706,
              35.37119566
            ],
            [
              132.689803125,
              35.371115737
            ],
            [
              132.689763355,
              35.370967546
            ],
            [
              132.68975754,
              35.370949285
            ],
            [
              132.689647741,
              35.370963145
            ],
            [
              132.689514089,
              35.37096961
            ],
            [
              132.689497631,
              35.370869596
            ],
            [
              132.689256391,
              35.370911852
            ],
            [
              132.689266671,
              35.371168498
            ],
            [
              132.689276961,
              35.371203778
            ],
            [
              132.689284027,
              35.371451719
            ],
            [
              132.689412799,
              35.371499696
            ],
            [
              132.689519619,
              35.371539495
            ],
            [
              132.689691611,
              35.37160783
            ],
            [
              132.689699538,
              35.371350868
            ],
            [
              132.68970464,
              35.371250368
            ],
            [
              132.689857029,
              35.371251278
            ]
          ]
        ]
      },
      "properties": {
        "polygon_uuid": "3c92389d-5433-46f7-8f48-b26c29f8e5b3",
        "daicho_shubetsu_cd": "FUD25"
      }
    },
    {
      "type": "Feature",
      "geometry": {
        "type": "Polygon",
        "coordinates": [
          [
            [
              132.686611294,
              35.377656049
            ],
            [
              132.68673927,
              35.377672547
            ],
            [
              132.686752285,
              35.377615257
            ],
            [
              132.686803218,
              35.377350729
            ],
            [
              132.686564589,
              35.377312047
            ],
            [
              132.686561419,
              35.377298244
            ],
            [
              132.686526782,
              35.377461573
            ],
            [
              132.686650314,
              35.377480525
            ],
            [
              132.686611294,
              35.377656049
            ]
          ]
        ]
      },
      "properties": {
        "polygon_uuid": "1e9fa78c-72f1-43f9-ba16-b28aa74dfb38",
        "daicho_shubetsu_cd": "FUD25"
      }
    },
    {
      "type": "Feature",
      "geometry": {
        "type": "Polygon",
        "coordinates": [
          [
            [
              132.693167515,
              35.380531374
            ],
            [
              132.693195823,
              35.380224009
            ],
            [
              132.692994985,
              35.380152091
            ],
            [
              132.692951993,
              35.380455168
            ],
            [
              132.692940055,
              35.380562225
            ],
            [
              132.693163326,
              35.380556336
            ],
            [
              132.693167515,
              35.380531374
            ]
          ]
        ]
      },
      "properties": {
        "polygon_uuid": "0486f806-aac3-487a-aac2-b3b49f00efdc",
        "daicho_shubetsu_cd": "FUD25"
      }
    },
    {
      "type": "Feature",
      "geometry": {
        "type": "Polygon",
        "coordinates": [
          [
            [
              132.684149126,
              35.373338554
            ],
            [
              132.68410598,
              35.373558298
            ],
            [
              132.684062307,
              35.373782923
            ],
            [
              132.684055188,
              35.373816988
            ],
            [
              132.684232243,
              35.373878585
            ],
            [
              132.684520455,
              35.373981256
            ],
            [
              132.684547416,
              35.373990477
            ],
            [
              132.684550478,
              35.373942464
            ],
            [
              132.68459957,
              35.373683642
            ],
            [
              132.684649894,
              35.37344144
            ],
            [
              132.684654737,
              35.373411268
            ],
            [
              132.684394794,
              35.373374981
            ],
            [
              132.684149126,
              35.373338554
            ]
          ]
        ]
      },
      "properties": {
        "polygon_uuid": "57cd90c6-3dd1-4b5d-96ea-b3da16d3f36e",
        "daicho_shubetsu_cd": "FUD25"
      }
    },
    {
      "type": "Feature",
      "geometry": {
        "type": "Polygon",
        "coordinates": [
          [
            [
              132.696344173,
              35.380213227
            ],
            [
              132.696632911,
              35.380218358
            ],
            [
              132.696986855,
              35.380227495
            ],
            [
              132.696996027,
              35.380232299
            ],
            [
              132.697011595,
              35.380240453
            ],
            [
              132.697310976,
              35.380241419
            ],
            [
              132.697315908,
              35.380226153
            ],
            [
              132.697094203,
              35.380211825
            ],
            [
              132.696955837,
              35.380196595
            ],
            [
              132.696975405,
              35.380064602
            ],
            [
              132.696816608,
              35.380051621
            ],
            [
              132.69676053,
              35.380051867
            ],
            [
              132.696747507,
              35.380130319
            ],
            [
              132.696564338,
              35.380121652
            ],
            [
              132.69648638,
              35.380117963
            ],
            [
              132.696313502,
              35.38010646
            ],
            [
              132.696299294,
              35.380151659
            ],
            [
              132.696349674,
              35.380167276
            ],
            [
              132.696344173,
              35.380213227
            ]
          ]
        ]
      },
      "properties": {
        "polygon_uuid": "12aeae85-c5cd-43cf-b478-b3fba8268650",
        "daicho_shubetsu_cd": "FUD25"
      }
    },
    {
      "type": "Feature",
      "geometry": {
        "type": "Polygon",
        "coordinates": [
          [
            [
              132.689700709,
              35.375404344
            ],
            [
              132.689941803,
              35.374993112
            ],
            [
              132.689790982,
              35.374937387
            ],
            [
              132.689585275,
              35.374857268
            ],
            [
              132.689348844,
              35.375268149
            ],
            [
              132.689388798,
              35.375283613
            ],
            [
              132.689700709,
              35.375404344
            ]
          ]
        ]
      },
      "properties": {
        "polygon_uuid": "3ab0ac65-33d2-4475-88d0-b421a2d128e7",
        "daicho_shubetsu_cd": "FUD25"
      }
    },
    {
      "type": "Feature",
      "geometry": {
        "type": "Polygon",
        "coordinates": [
          [
            [
              132.687898471,
              35.372769507
            ],
            [
              132.688110482,
              35.372731202
            ],
            [
              132.688308204,
              35.372731778
            ],
            [
              132.688289213,
              35.372717571
            ],
            [
              132.688259821,
              35.372442633
            ],
            [
              132.688235312,
              35.372248646
            ],
            [
              132.688186113,
              35.372284343
            ],
            [
              132.688168134,
              35.372291803
            ],
            [
              132.688154214,
              35.372297578
            ],
            [
              132.688049658,
              35.372315891
            ],
            [
              132.688019486,
              35.372319296
            ],
            [
              132.687852939,
              35.372338091
            ],
            [
              132.687850702,
              35.372349376
            ],
            [
              132.687898471,
              35.372769507
            ]
          ]
        ]
      },
      "properties": {
        "polygon_uuid": "6f64c830-61c3-4b59-a406-b4c08586e9b6",
        "daicho_shubetsu_cd": "FUD25"
      }
    },
    {
      "type": "Feature",
      "geometry": {
        "type": "Polygon",
        "coordinates": [
          [
            [
              132.681892957,
              35.372635579
            ],
            [
              132.682426413,
              35.372708669
            ],
            [
              132.682448629,
              35.372711713
            ],
            [
              132.682550141,
              35.372259702
            ],
            [
              132.681981259,
              35.372173463
            ],
            [
              132.681960944,
              35.372173252
            ],
            [
              132.68186567,
              35.372631841
            ],
            [
              132.681892957,
              35.372635579
            ]
          ]
        ]
      },
      "properties": {
        "polygon_uuid": "b8f8b534-d94d-459d-8888-b5088cd5bd95",
        "daicho_shubetsu_cd": "FUD25"
      }
    },
    {
      "type": "Feature",
      "geometry": {
        "type": "Polygon",
        "coordinates": [
          [
            [
              132.689615701,
              35.372383195
            ],
            [
              132.689584556,
              35.372384517
            ],
            [
              132.689350646,
              35.372408153
            ],
            [
              132.689068814,
              35.372440331
            ],
            [
              132.689073529,
              35.372495085
            ],
            [
              132.689085834,
              35.372599819
            ],
            [
              132.689102868,
              35.372726885
            ],
            [
              132.689214282,
              35.372718502
            ],
            [
              132.689410525,
              35.372715272
            ],
            [
              132.689464323,
              35.37271623
            ],
            [
              132.689465252,
              35.372860307
            ],
            [
              132.68949582,
              35.372866129
            ],
            [
              132.689506203,
              35.372898234
            ],
            [
              132.689525103,
              35.372898153
            ],
            [
              132.689558524,
              35.372895626
            ],
            [
              132.689563986,
              35.372840828
            ],
            [
              132.689610522,
              35.372843008
            ],
            [
              132.689614699,
              35.372814411
            ],
            [
              132.689614077,
              35.372717963
            ],
            [
              132.689615701,
              35.372383195
            ]
          ]
        ]
      },
      "properties": {
        "polygon_uuid": "294159bf-5a61-4cea-84a8-b5ddbed3761c",
        "daicho_shubetsu_cd": "FUD25"
      }
    },
    {
      "type": "Feature",
      "geometry": {
        "type": "Polygon",
        "coordinates": [
          [
            [
              132.695955622,
              35.376227591
            ],
            [
              132.696422931,
              35.375414114
            ],
            [
              132.696082102,
              35.375281749
            ],
            [
              132.695614922,
              35.376094096
            ],
            [
              132.695955622,
              35.376227591
            ]
          ]
        ]
      },
      "properties": {
        "polygon_uuid": "af7cef69-00b9-40c2-8bc2-b639063a7534",
        "daicho_shubetsu_cd": "FUD25"
      }
    },
    {
      "type": "Feature",
      "geometry": {
        "type": "Polygon",
        "coordinates": [
          [
            [
              132.687501675,
              35.379496595
            ],
            [
              132.687582179,
              35.379516318
            ],
            [
              132.687604307,
              35.37948914
            ],
            [
              132.687622661,
              35.37949798
            ],
            [
              132.687725541,
              35.379372659
            ],
            [
              132.687735127,
              35.379372975
            ],
            [
              132.687855822,
              35.379443813
            ],
            [
              132.68786192,
              35.37944343
            ],
            [
              132.687984667,
              35.379298655
            ],
            [
              132.687994387,
              35.379285768
            ],
            [
              132.687879339,
              35.37917853
            ],
            [
              132.687865534,
              35.379165746
            ],
            [
              132.687836294,
              35.379191561
            ],
            [
              132.687789059,
              35.379162864
            ],
            [
              132.68777861,
              35.37916398
            ],
            [
              132.687609987,
              35.379363263
            ],
            [
              132.687510098,
              35.379479294
            ],
            [
              132.687501015,
              35.379489502
            ],
            [
              132.687501675,
              35.379496595
            ]
          ]
        ]
      },
      "properties": {
        "polygon_uuid": "f7b750ca-505f-4137-8eb8-b66be606f80e",
        "daicho_shubetsu_cd": "FUD25"
      }
    },
    {
      "type": "Feature",
      "geometry": {
        "type": "Polygon",
        "coordinates": [
          [
            [
              132.697550564,
              35.379179523
            ],
            [
              132.697809065,
              35.379287071
            ],
            [
              132.697843346,
              35.379206744
            ],
            [
              132.698004608,
              35.379248795
            ],
            [
              132.698047024,
              35.37908202
            ],
            [
              132.697662169,
              35.378947412
            ],
            [
              132.697575432,
              35.379127806
            ],
            [
              132.697550564,
              35.379179523
            ]
          ]
        ]
      },
      "properties": {
        "polygon_uuid": "fd22cba5-fe7c-40bf-9c44-b6e59820f63f",
        "daicho_shubetsu_cd": "FUD25"
      }
    },
    {
      "type": "Feature",
      "geometry": {
        "type": "Polygon",
        "coordinates": [
          [
            [
              132.700556551,
              35.374556893
            ],
            [
              132.700712404,
              35.374668705
            ],
            [
              132.70087872,
              35.374528078
            ],
            [
              132.700737809,
              35.37439979
            ],
            [
              132.70069672,
              35.374360964
            ],
            [
              132.700596444,
              35.374477269
            ],
            [
              132.700556551,
              35.374556893
            ]
          ]
        ]
      },
      "properties": {
        "polygon_uuid": "2439e868-ba35-499c-a268-b770f1cae264",
        "daicho_shubetsu_cd": "FUD25"
      }
    },
    {
      "type": "Feature",
      "geometry": {
        "type": "Polygon",
        "coordinates": [
          [
            [
              132.6877877,
              35.376842168
            ],
            [
              132.688654232,
              35.377178882
            ],
            [
              132.688925641,
              35.376710356
            ],
            [
              132.688056292,
              35.376374708
            ],
            [
              132.6877877,
              35.376842168
            ]
          ]
        ]
      },
      "properties": {
        "polygon_uuid": "8fe5a852-19a9-4012-8cdd-b7e954784bec",
        "daicho_shubetsu_cd": "FUD25"
      }
    },
    {
      "type": "Feature",
      "geometry": {
        "type": "Polygon",
        "coordinates": [
          [
            [
              132.698926113,
              35.376706181
            ],
            [
              132.699059108,
              35.376749971
            ],
            [
              132.699025339,
              35.37683219
            ],
            [
              132.699206158,
              35.376883564
            ],
            [
              132.699343239,
              35.376639757
            ],
            [
              132.699362554,
              35.376599583
            ],
            [
              132.699182789,
              35.376554943
            ],
            [
              132.698978619,
              35.376520697
            ],
            [
              132.698926113,
              35.376706181
            ]
          ]
        ]
      },
      "properties": {
        "polygon_uuid": "9bf2ea93-298c-4551-8af3-b822a00d5d51",
        "daicho_shubetsu_cd": "FUD25"
      }
    },
    {
      "type": "Feature",
      "geometry": {
        "type": "Polygon",
        "coordinates": [
          [
            [
              132.701898376,
              35.37803202
            ],
            [
              132.701539752,
              35.378030304
            ],
            [
              132.701165496,
              35.378027627
            ],
            [
              132.701122803,
              35.378031602
            ],
            [
              132.701126071,
              35.378222625
            ],
            [
              132.701849648,
              35.378180566
            ],
            [
              132.701898376,
              35.37803202
            ]
          ]
        ]
      },
      "properties": {
        "polygon_uuid": "ca8b6409-fc19-498b-bc01-b838e73a0064",
        "daicho_shubetsu_cd": "FUD25"
      }
    },
    {
      "type": "Feature",
      "geometry": {
        "type": "Polygon",
        "coordinates": [
          [
            [
              132.694980396,
              35.375844655
            ],
            [
              132.695446273,
              35.375036272
            ],
            [
              132.695053339,
              35.374886353
            ],
            [
              132.694593189,
              35.375693816
            ],
            [
              132.694980396,
              35.375844655
            ]
          ]
        ]
      },
      "properties": {
        "polygon_uuid": "9ec6f900-d095-4c31-88b0-b8a7a346c728",
        "daicho_shubetsu_cd": "FUD25"
      }
    },
    {
      "type": "Feature",
      "geometry": {
        "type": "Polygon",
        "coordinates": [
          [
            [
              132.698139124,
              35.37398867
            ],
            [
              132.698617423,
              35.373167219
            ],
            [
              132.698227032,
              35.373016641
            ],
            [
              132.697759925,
              35.373840739
            ],
            [
              132.698139124,
              35.37398867
            ]
          ]
        ]
      },
      "properties": {
        "polygon_uuid": "cf401031-609e-430c-a7f9-b8d73decd974",
        "daicho_shubetsu_cd": "FUD25"
      }
    },
    {
      "type": "Feature",
      "geometry": {
        "type": "Polygon",
        "coordinates": [
          [
            [
              132.697144934,
              35.377778981
            ],
            [
              132.697465432,
              35.377224341
            ],
            [
              132.697360603,
              35.37717739
            ],
            [
              132.69736056,
              35.377170805
            ],
            [
              132.69750138,
              35.376925602
            ],
            [
              132.697492117,
              35.376914354
            ],
            [
              132.697338984,
              35.376857643
            ],
            [
              132.696857747,
              35.377667395
            ],
            [
              132.69697497,
              35.377712942
            ],
            [
              132.697144934,
              35.377778981
            ]
          ]
        ]
      },
      "properties": {
        "polygon_uuid": "c42690ef-6e37-4cfc-8a76-b92f70575e0f",
        "daicho_shubetsu_cd": "FUD25"
      }
    },
    {
      "type": "Feature",
      "geometry": {
        "type": "Polygon",
        "coordinates": [
          [
            [
              132.698972304,
              35.375387042
            ],
            [
              132.698497702,
              35.376204653
            ],
            [
              132.698722295,
              35.376292275
            ],
            [
              132.699191396,
              35.375472611
            ],
            [
              132.698972304,
              35.375387042
            ]
          ]
        ]
      },
      "properties": {
        "polygon_uuid": "0ee1f2f8-b0c8-4139-8659-b98a573830fa",
        "daicho_shubetsu_cd": "FUD25"
      }
    },
    {
      "type": "Feature",
      "geometry": {
        "type": "Polygon",
        "coordinates": [
          [
            [
              132.701178394,
              35.377795762
            ],
            [
              132.701033565,
              35.377791529
            ],
            [
              132.700989789,
              35.377770604
            ],
            [
              132.700501712,
              35.377753267
            ],
            [
              132.700486114,
              35.37781405
            ],
            [
              132.700499074,
              35.378021716
            ],
            [
              132.700592661,
              35.378023741
            ],
            [
              132.7007161,
              35.378026083
            ],
            [
              132.700720112,
              35.378099713
            ],
            [
              132.700881749,
              35.378098005
            ],
            [
              132.700885308,
              35.378236618
            ],
            [
              132.701126071,
              35.378222625
            ],
            [
              132.701122803,
              35.378031602
            ],
            [
              132.701165496,
              35.378027627
            ],
            [
              132.701178394,
              35.377795762
            ]
          ]
        ]
      },
      "properties": {
        "polygon_uuid": "44c9ebde-cceb-4ccb-9d5c-b9ae13b98b6f",
        "daicho_shubetsu_cd": "FUD25"
      }
    },
    {
      "type": "Feature",
      "geometry": {
        "type": "Polygon",
        "coordinates": [
          [
            [
              132.687860365,
              35.372642529
            ],
            [
              132.68751623,
              35.372626287
            ],
            [
              132.687219301,
              35.372612272
            ],
            [
              132.687193148,
              35.372614765
            ],
            [
              132.687210057,
              35.372757583
            ],
            [
              132.687221748,
              35.372767059
            ],
            [
              132.687876605,
              35.372775907
            ],
            [
              132.687875637,
              35.372766933
            ],
            [
              132.687860365,
              35.372642529
            ]
          ]
        ]
      },
      "properties": {
        "polygon_uuid": "8d40747e-ee33-4022-b185-ba4d6ad9482b",
        "daicho_shubetsu_cd": "FUD25"
      }
    },
    {
      "type": "Feature",
      "geometry": {
        "type": "Polygon",
        "coordinates": [
          [
            [
              132.695685035,
              35.380479687
            ],
            [
              132.695914644,
              35.380484096
            ],
            [
              132.696087225,
              35.380496828
            ],
            [
              132.696089589,
              35.380491689
            ],
            [
              132.696200843,
              35.380204941
            ],
            [
              132.69628758,
              35.379939681
            ],
            [
              132.696323137,
              35.379832386
            ],
            [
              132.696323044,
              35.379818133
            ],
            [
              132.696228698,
              35.379806668
            ],
            [
              132.695696376,
              35.380465855
            ],
            [
              132.695685035,
              35.380479687
            ]
          ]
        ]
      },
      "properties": {
        "polygon_uuid": "329fdc53-8e8b-4378-b94e-bb31a05aa903",
        "daicho_shubetsu_cd": "FUD25"
      }
    },
    {
      "type": "Feature",
      "geometry": {
        "type": "Polygon",
        "coordinates": [
          [
            [
              132.690883627,
              35.372042708
            ],
            [
              132.691148347,
              35.372090463
            ],
            [
              132.691306273,
              35.372110735
            ],
            [
              132.691355338,
              35.372114015
            ],
            [
              132.691387232,
              35.372099904
            ],
            [
              132.691412964,
              35.372081874
            ],
            [
              132.691439656,
              35.372032856
            ],
            [
              132.691430009,
              35.371640509
            ],
            [
              132.691426835,
              35.371150328
            ],
            [
              132.69139313,
              35.371153542
            ],
            [
              132.69118574,
              35.371177729
            ],
            [
              132.690929685,
              35.37121117
            ],
            [
              132.690889928,
              35.371218329
            ],
            [
              132.690886567,
              35.371358066
            ],
            [
              132.69096618,
              35.371358885
            ],
            [
              132.690958923,
              35.371555692
            ],
            [
              132.690658967,
              35.371554665
            ],
            [
              132.690660577,
              35.371583767
            ],
            [
              132.690910818,
              35.371590832
            ],
            [
              132.690876726,
              35.3720346
            ],
            [
              132.690883627,
              35.372042708
            ]
          ]
        ]
      },
      "properties": {
        "polygon_uuid": "af4e002b-5f24-4b2d-9811-bb564170efb6",
        "daicho_shubetsu_cd": "FUD25"
      }
    },
    {
      "type": "Feature",
      "geometry": {
        "type": "Polygon",
        "coordinates": [
          [
            [
              132.694651594,
              35.377824243
            ],
            [
              132.695132732,
              35.376996928
            ],
            [
              132.694923498,
              35.376915262
            ],
            [
              132.694448457,
              35.377745333
            ],
            [
              132.694651594,
              35.377824243
            ]
          ]
        ]
      },
      "properties": {
        "polygon_uuid": "eb20f5c0-9a07-41c3-bc57-bbd2e80d266b",
        "daicho_shubetsu_cd": "FUD25"
      }
    },
    {
      "type": "Feature",
      "geometry": {
        "type": "Polygon",
        "coordinates": [
          [
            [
              132.69163209,
              35.376661464
            ],
            [
              132.692119161,
              35.375826877
            ],
            [
              132.69198701,
              35.375775457
            ],
            [
              132.691844896,
              35.375720161
            ],
            [
              132.69135956,
              35.376556699
            ],
            [
              132.69163209,
              35.376661464
            ]
          ]
        ]
      },
      "properties": {
        "polygon_uuid": "e83d0be9-cda0-4cf7-aebc-bbd96cd29be2",
        "daicho_shubetsu_cd": "FUD25"
      }
    },
    {
      "type": "Feature",
      "geometry": {
        "type": "Polygon",
        "coordinates": [
          [
            [
              132.700598474,
              35.378103138
            ],
            [
              132.700592661,
              35.378023741
            ],
            [
              132.700499074,
              35.378021716
            ],
            [
              132.700508678,
              35.378275107
            ],
            [
              132.700549629,
              35.378268427
            ],
            [
              132.700556711,
              35.378339877
            ],
            [
              132.701139537,
              35.378286397
            ],
            [
              132.701126071,
              35.378222625
            ],
            [
              132.700885308,
              35.378236618
            ],
            [
              132.700881749,
              35.378098005
            ],
            [
              132.700720112,
              35.378099713
            ],
            [
              132.700598474,
              35.378103138
            ]
          ]
        ]
      },
      "properties": {
        "polygon_uuid": "6b48197b-767f-4fe2-aaa8-bbf4887a93af",
        "daicho_shubetsu_cd": "FUD25"
      }
    },
    {
      "type": "Feature",
      "geometry": {
        "type": "Polygon",
        "coordinates": [
          [
            [
              132.69069293,
              35.379018687
            ],
            [
              132.69092847,
              35.378611969
            ],
            [
              132.690843941,
              35.378579176
            ],
            [
              132.69040769,
              35.378409933
            ],
            [
              132.690347435,
              35.378386458
            ],
            [
              132.690110889,
              35.378788627
            ],
            [
              132.690119703,
              35.378792018
            ],
            [
              132.69069293,
              35.379018687
            ]
          ]
        ]
      },
      "properties": {
        "polygon_uuid": "b4d01521-b26d-4d18-8801-bd16ea97544c",
        "daicho_shubetsu_cd": "FUD25"
      }
    },
    {
      "type": "Feature",
      "geometry": {
        "type": "Polygon",
        "coordinates": [
          [
            [
              132.690945746,
              35.379529449
            ],
            [
              132.691120946,
              35.379226914
            ],
            [
              132.691107582,
              35.37922207
            ],
            [
              132.690762938,
              35.379088965
            ],
            [
              132.690526923,
              35.379492147
            ],
            [
              132.690720818,
              35.379564206
            ],
            [
              132.690932089,
              35.379546421
            ],
            [
              132.690945746,
              35.379529449
            ]
          ]
        ]
      },
      "properties": {
        "polygon_uuid": "d50223b5-99e0-40a2-bd11-bd3dbc529c95",
        "daicho_shubetsu_cd": "FUD25"
      }
    },
    {
      "type": "Feature",
      "geometry": {
        "type": "Polygon",
        "coordinates": [
          [
            [
              132.699867216,
              35.373657242
            ],
            [
              132.700091754,
              35.373712597
            ],
            [
              132.700158282,
              35.373728819
            ],
            [
              132.700476546,
              35.373832403
            ],
            [
              132.700520355,
              35.373766553
            ],
            [
              132.700522692,
              35.373716269
            ],
            [
              132.70055417,
              35.373633069
            ],
            [
              132.700262553,
              35.37352288
            ],
            [
              132.70031248,
              35.373404626
            ],
            [
              132.700295745,
              35.373394096
            ],
            [
              132.700250522,
              35.37337098
            ],
            [
              132.699992246,
              35.373256257
            ],
            [
              132.699923112,
              35.373499617
            ],
            [
              132.699867216,
              35.373657242
            ]
          ]
        ]
      },
      "properties": {
        "polygon_uuid": "c132eec8-8084-4426-9998-bd6473030761",
        "daicho_shubetsu_cd": "FUD25"
      }
    },
    {
      "type": "Feature",
      "geometry": {
        "type": "Polygon",
        "coordinates": [
          [
            [
              132.694256529,
              35.372472681
            ],
            [
              132.694240469,
              35.372462271
            ],
            [
              132.694226275,
              35.372484909
            ],
            [
              132.694199702,
              35.372579338
            ],
            [
              132.694190934,
              35.372706436
            ],
            [
              132.694156714,
              35.372854604
            ],
            [
              132.694128874,
              35.373010087
            ],
            [
              132.694364896,
              35.372989218
            ],
            [
              132.694376436,
              35.372796612
            ],
            [
              132.694384304,
              35.372776929
            ],
            [
              132.694413048,
              35.372770254
            ],
            [
              132.694630502,
              35.372762754
            ],
            [
              132.694672098,
              35.372765192
            ],
            [
              132.694696326,
              35.372801764
            ],
            [
              132.694716769,
              35.372612031
            ],
            [
              132.694723313,
              35.372511794
            ],
            [
              132.69471567,
              35.372495563
            ],
            [
              132.694256529,
              35.372472681
            ]
          ]
        ]
      },
      "properties": {
        "polygon_uuid": "c85db95e-32d7-45e2-bcd6-bd6dd69169a7",
        "daicho_shubetsu_cd": "FUD25"
      }
    },
    {
      "type": "Feature",
      "geometry": {
        "type": "Polygon",
        "coordinates": [
          [
            [
              132.693912132,
              35.373372716
            ],
            [
              132.694096392,
              35.373050209
            ],
            [
              132.693842158,
              35.373072456
            ],
            [
              132.6934514,
              35.373109608
            ],
            [
              132.693408234,
              35.373126908
            ],
            [
              132.693409917,
              35.373156236
            ],
            [
              132.693427999,
              35.373183049
            ],
            [
              132.693495329,
              35.373209646
            ],
            [
              132.693912132,
              35.373372716
            ]
          ]
        ]
      },
      "properties": {
        "polygon_uuid": "3d0aa2be-4a09-4ef5-bfcc-bd8e49037c83",
        "daicho_shubetsu_cd": "FUD25"
      }
    },
    {
      "type": "Feature",
      "geometry": {
        "type": "Polygon",
        "coordinates": [
          [
            [
              132.693318033,
              35.373092028
            ],
            [
              132.693688785,
              35.373048494
            ],
            [
              132.693743887,
              35.373043687
            ],
            [
              132.693776886,
              35.372731821
            ],
            [
              132.69381126,
              35.372607231
            ],
            [
              132.693900601,
              35.372356326
            ],
            [
              132.693859121,
              35.372351285
            ],
            [
              132.693627738,
              35.372318714
            ],
            [
              132.693591166,
              35.372433271
            ],
            [
              132.693488696,
              35.372415379
            ],
            [
              132.693469534,
              35.372419829
            ],
            [
              132.693444179,
              35.372455744
            ],
            [
              132.693418949,
              35.372510869
            ],
            [
              132.693352769,
              35.372827281
            ],
            [
              132.693301097,
              35.373079356
            ],
            [
              132.693305407,
              35.373086324
            ],
            [
              132.693318033,
              35.373092028
            ]
          ]
        ]
      },
      "properties": {
        "polygon_uuid": "25ccc850-9341-49eb-8030-be3b36224aac",
        "daicho_shubetsu_cd": "FUD25"
      }
    },
    {
      "type": "Feature",
      "geometry": {
        "type": "Polygon",
        "coordinates": [
          [
            [
              132.693722353,
              35.372127709
            ],
            [
              132.693913705,
              35.372137532
            ],
            [
              132.694028942,
              35.372151438
            ],
            [
              132.693963155,
              35.372363929
            ],
            [
              132.694251044,
              35.372402835
            ],
            [
              132.694280583,
              35.372236793
            ],
            [
              132.694304665,
              35.372103032
            ],
            [
              132.694316659,
              35.371988684
            ],
            [
              132.694163773,
              35.371983506
            ],
            [
              132.693989279,
              35.371972915
            ],
            [
              132.693875139,
              35.371963807
            ],
            [
              132.693861307,
              35.371968234
            ],
            [
              132.693729021,
              35.372119887
            ],
            [
              132.693722353,
              35.372127709
            ]
          ]
        ]
      },
      "properties": {
        "polygon_uuid": "576b267e-d76e-4f42-ae70-bedb23e15f30",
        "daicho_shubetsu_cd": "FUD25"
      }
    },
    {
      "type": "Feature",
      "geometry": {
        "type": "Polygon",
        "coordinates": [
          [
            [
              132.701484398,
              35.376720751
            ],
            [
              132.701641954,
              35.37638573
            ],
            [
              132.701698176,
              35.376295831
            ],
            [
              132.701148532,
              35.376093047
            ],
            [
              132.701104896,
              35.37609324
            ],
            [
              132.701041145,
              35.376085561
            ],
            [
              132.701004142,
              35.376088974
            ],
            [
              132.700919526,
              35.376291877
            ],
            [
              132.700828511,
              35.376527301
            ],
            [
              132.700833915,
              35.376544606
            ],
            [
              132.70085257,
              35.376566184
            ],
            [
              132.701484398,
              35.376720751
            ]
          ]
        ]
      },
      "properties": {
        "polygon_uuid": "5a9d7acb-9b98-44b6-8059-bee0c49221b9",
        "daicho_shubetsu_cd": "FUD25"
      }
    },
    {
      "type": "Feature",
      "geometry": {
        "type": "Polygon",
        "coordinates": [
          [
            [
              132.698614976,
              35.380211196
            ],
            [
              132.698722911,
              35.380219096
            ],
            [
              132.698738034,
              35.380075541
            ],
            [
              132.698798429,
              35.380079284
            ],
            [
              132.698854911,
              35.379735613
            ],
            [
              132.698898834,
              35.379737739
            ],
            [
              132.69889963,
              35.379657589
            ],
            [
              132.698703338,
              35.379640541
            ],
            [
              132.698703077,
              35.379735128
            ],
            [
              132.698700579,
              35.379757522
            ],
            [
              132.698684706,
              35.379891168
            ],
            [
              132.698630274,
              35.380060362
            ],
            [
              132.698607397,
              35.380201548
            ],
            [
              132.698614976,
              35.380211196
            ]
          ]
        ]
      },
      "properties": {
        "polygon_uuid": "22a4a9af-4302-4190-b368-bf4c62a9a4de",
        "daicho_shubetsu_cd": "FUD25"
      }
    },
    {
      "type": "Feature",
      "geometry": {
        "type": "Polygon",
        "coordinates": [
          [
            [
              132.693778808,
              35.377537219
            ],
            [
              132.693590879,
              35.377466469
            ],
            [
              132.69340316,
              35.377784244
            ],
            [
              132.693599998,
              35.377858441
            ],
            [
              132.693785608,
              35.3775398
            ],
            [
              132.693778808,
              35.377537219
            ]
          ]
        ]
      },
      "properties": {
        "polygon_uuid": "4d7f835f-82a8-4684-bab1-bffea43ea564",
        "daicho_shubetsu_cd": "FUD25"
      }
    },
    {
      "type": "Feature",
      "geometry": {
        "type": "Polygon",
        "coordinates": [
          [
            [
              132.686072679,
              35.377469689
            ],
            [
              132.686363639,
              35.377478366
            ],
            [
              132.686380535,
              35.377378177
            ],
            [
              132.686496546,
              35.377383766
            ],
            [
              132.686516107,
              35.377312255
            ],
            [
              132.686010485,
              35.377221776
            ],
            [
              132.685995331,
              35.377361566
            ],
            [
              132.685782513,
              35.377330819
            ],
            [
              132.685763784,
              35.377424667
            ],
            [
              132.685761856,
              35.377514043
            ],
            [
              132.68589512,
              35.377503543
            ],
            [
              132.685894972,
              35.37748038
            ],
            [
              132.68598794,
              35.377486599
            ],
            [
              132.685983944,
              35.377440769
            ],
            [
              132.686072679,
              35.377469689
            ]
          ]
        ]
      },
      "properties": {
        "polygon_uuid": "cc9cd0a5-2067-4b4e-b8a9-c0698a350086",
        "daicho_shubetsu_cd": "FUD25"
      }
    },
    {
      "type": "Feature",
      "geometry": {
        "type": "Polygon",
        "coordinates": [
          [
            [
              132.695463306,
              35.379210074
            ],
            [
              132.695944643,
              35.378375843
            ],
            [
              132.695685215,
              35.378274443
            ],
            [
              132.695200356,
              35.379106978
            ],
            [
              132.695463306,
              35.379210074
            ]
          ]
        ]
      },
      "properties": {
        "polygon_uuid": "4b8f837f-399b-4dcb-a451-c11da9333b44",
        "daicho_shubetsu_cd": "FUD25"
      }
    },
    {
      "type": "Feature",
      "geometry": {
        "type": "Polygon",
        "coordinates": [
          [
            [
              132.695975337,
              35.375222775
            ],
            [
              132.696447842,
              35.374408044
            ],
            [
              132.696095297,
              35.374272463
            ],
            [
              132.695620125,
              35.375085475
            ],
            [
              132.695975337,
              35.375222775
            ]
          ]
        ]
      },
      "properties": {
        "polygon_uuid": "22c2d86e-19e5-46bd-8c59-c16115e22572",
        "daicho_shubetsu_cd": "FUD25"
      }
    },
    {
      "type": "Feature",
      "geometry": {
        "type": "Polygon",
        "coordinates": [
          [
            [
              132.693937327,
              35.379228516
            ],
            [
              132.694222832,
              35.37872801
            ],
            [
              132.694135287,
              35.378694477
            ],
            [
              132.693845101,
              35.379193178
            ],
            [
              132.693937327,
              35.379228516
            ]
          ]
        ]
      },
      "properties": {
        "polygon_uuid": "8b3d2dcc-b105-4daf-906f-c17e0c4dfed9",
        "daicho_shubetsu_cd": "FUD25"
      }
    },
    {
      "type": "Feature",
      "geometry": {
        "type": "Polygon",
        "coordinates": [
          [
            [
              132.697160614,
              35.375680907
            ],
            [
              132.697635801,
              35.374867949
            ],
            [
              132.697221431,
              35.374707487
            ],
            [
              132.696743778,
              35.375519793
            ],
            [
              132.697160614,
              35.375680907
            ]
          ]
        ]
      },
      "properties": {
        "polygon_uuid": "ec478230-1077-4510-b4bc-c1faa3038a76",
        "daicho_shubetsu_cd": "FUD25"
      }
    },
    {
      "type": "Feature",
      "geometry": {
        "type": "Polygon",
        "coordinates": [
          [
            [
              132.692601654,
              35.378095658
            ],
            [
              132.693146356,
              35.377287572
            ],
            [
              132.693026024,
              35.377241005
            ],
            [
              132.692544141,
              35.378073712
            ],
            [
              132.692601654,
              35.378095658
            ]
          ]
        ]
      },
      "properties": {
        "polygon_uuid": "30192ab3-5c23-494e-9fa7-c2d696ba8f96",
        "daicho_shubetsu_cd": "FUD25"
      }
    },
    {
      "type": "Feature",
      "geometry": {
        "type": "Polygon",
        "coordinates": [
          [
            [
              132.699435447,
              35.380034566
            ],
            [
              132.699641405,
              35.379982755
            ],
            [
              132.699619798,
              35.379914618
            ],
            [
              132.699666032,
              35.379906833
            ],
            [
              132.699652388,
              35.379842993
            ],
            [
              132.699661494,
              35.379820209
            ],
            [
              132.69965909,
              35.379655596
            ],
            [
              132.699743789,
              35.379652111
            ],
            [
              132.699745051,
              35.379441995
            ],
            [
              132.699277124,
              35.379473662
            ],
            [
              132.699255165,
              35.379486033
            ],
            [
              132.699244671,
              35.379499076
            ],
            [
              132.699246701,
              35.379673798
            ],
            [
              132.699337062,
              35.380008421
            ],
            [
              132.6993513,
              35.380028576
            ],
            [
              132.699372515,
              35.380037146
            ],
            [
              132.699435447,
              35.380034566
            ]
          ]
        ]
      },
      "properties": {
        "polygon_uuid": "de8ca552-595e-47c1-be1a-c2dfb7e68d8a",
        "daicho_shubetsu_cd": "FUD25"
      }
    },
    {
      "type": "Feature",
      "geometry": {
        "type": "Polygon",
        "coordinates": [
          [
            [
              132.695761565,
              35.372226693
            ],
            [
              132.695774634,
              35.372039766
            ],
            [
              132.695798018,
              35.371627503
            ],
            [
              132.695120675,
              35.371607812
            ],
            [
              132.695121795,
              35.371991667
            ],
            [
              132.695160606,
              35.37200735
            ],
            [
              132.695416872,
              35.372085493
            ],
            [
              132.695761565,
              35.372226693
            ]
          ]
        ]
      },
      "properties": {
        "polygon_uuid": "fb071879-6eff-4b5a-9d62-c36218d29925",
        "daicho_shubetsu_cd": "FUD25"
      }
    },
    {
      "type": "Feature",
      "geometry": {
        "type": "Polygon",
        "coordinates": [
          [
            [
              132.686814142,
              35.371599692
            ],
            [
              132.686826046,
              35.371162464
            ],
            [
              132.686406993,
              35.371161907
            ],
            [
              132.686400254,
              35.371157226
            ],
            [
              132.686388645,
              35.370990858
            ],
            [
              132.686381897,
              35.370984608
            ],
            [
              132.686313854,
              35.370985673
            ],
            [
              132.686311329,
              35.371204455
            ],
            [
              132.686313564,
              35.371216809
            ],
            [
              132.686393348,
              35.371216465
            ],
            [
              132.686413134,
              35.371386535
            ],
            [
              132.686712188,
              35.371378036
            ],
            [
              132.686730487,
              35.371392087
            ],
            [
              132.686732527,
              35.371614488
            ],
            [
              132.686814142,
              35.371599692
            ]
          ]
        ]
      },
      "properties": {
        "polygon_uuid": "87d79263-7d5b-4f46-8287-c4bf35ebf133",
        "daicho_shubetsu_cd": "FUD25"
      }
    },
    {
      "type": "Feature",
      "geometry": {
        "type": "Polygon",
        "coordinates": [
          [
            [
              132.702937489,
              35.37713331
            ],
            [
              132.702071497,
              35.376958448
            ],
            [
              132.701964618,
              35.377193942
            ],
            [
              132.701999041,
              35.377200288
            ],
            [
              132.701975647,
              35.377262125
            ],
            [
              132.701977846,
              35.377274559
            ],
            [
              132.702823122,
              35.377418282
            ],
            [
              132.702937489,
              35.37713331
            ]
          ]
        ]
      },
      "properties": {
        "polygon_uuid": "6e3a21b0-dbaf-4dae-ac08-c5279500a6a2",
        "daicho_shubetsu_cd": "FUD25"
      }
    },
    {
      "type": "Feature",
      "geometry": {
        "type": "Polygon",
        "coordinates": [
          [
            [
              132.683716443,
              35.375523222
            ],
            [
              132.683723788,
              35.37537999
            ],
            [
              132.683298305,
              35.375428352
            ],
            [
              132.683168817,
              35.375443069
            ],
            [
              132.683196277,
              35.375558327
            ],
            [
              132.683206941,
              35.375598467
            ],
            [
              132.683452066,
              35.375566974
            ],
            [
              132.683670563,
              35.375556298
            ],
            [
              132.683716443,
              35.375523222
            ]
          ]
        ]
      },
      "properties": {
        "polygon_uuid": "2b7c58e4-448a-40eb-b00a-c5814c3a410e",
        "daicho_shubetsu_cd": "FUD25"
      }
    },
    {
      "type": "Feature",
      "geometry": {
        "type": "Polygon",
        "coordinates": [
          [
            [
              132.693627738,
              35.372318714
            ],
            [
              132.693859121,
              35.372351285
            ],
            [
              132.693900601,
              35.372356326
            ],
            [
              132.693963155,
              35.372363929
            ],
            [
              132.694028942,
              35.372151438
            ],
            [
              132.693913705,
              35.372137532
            ],
            [
              132.693722353,
              35.372127709
            ],
            [
              132.693573258,
              35.372302622
            ],
            [
              132.693579723,
              35.372313073
            ],
            [
              132.693627738,
              35.372318714
            ]
          ]
        ]
      },
      "properties": {
        "polygon_uuid": "63a439b6-faa0-4267-b952-c5b398f94265",
        "daicho_shubetsu_cd": "FUD25"
      }
    },
    {
      "type": "Feature",
      "geometry": {
        "type": "Polygon",
        "coordinates": [
          [
            [
              132.696379125,
              35.37854572
            ],
            [
              132.696157095,
              35.378937262
            ],
            [
              132.69642758,
              35.379035162
            ],
            [
              132.696566605,
              35.37878576
            ],
            [
              132.696638289,
              35.37865835
            ],
            [
              132.696616403,
              35.378638254
            ],
            [
              132.696564018,
              35.378611877
            ],
            [
              132.696412841,
              35.378559088
            ],
            [
              132.696379125,
              35.37854572
            ]
          ]
        ]
      },
      "properties": {
        "polygon_uuid": "19b5771e-b3ad-4dde-8e41-c6f7d2483ef4",
        "daicho_shubetsu_cd": "FUD25"
      }
    },
    {
      "type": "Feature",
      "geometry": {
        "type": "Polygon",
        "coordinates": [
          [
            [
              132.692482738,
              35.373877821
            ],
            [
              132.692883308,
              35.37319205
            ],
            [
              132.692537512,
              35.37324529
            ],
            [
              132.692229212,
              35.37377997
            ],
            [
              132.692401039,
              35.373846418
            ],
            [
              132.692482738,
              35.373877821
            ]
          ]
        ]
      },
      "properties": {
        "polygon_uuid": "77bb1bd8-3384-4827-8685-c6ff7cc2bac4",
        "daicho_shubetsu_cd": "FUD25"
      }
    },
    {
      "type": "Feature",
      "geometry": {
        "type": "Polygon",
        "coordinates": [
          [
            [
              132.699985441,
              35.378639356
            ],
            [
              132.700028926,
              35.378816783
            ],
            [
              132.700120048,
              35.37879797
            ],
            [
              132.700137596,
              35.378852044
            ],
            [
              132.700336938,
              35.37880026
            ],
            [
              132.700269329,
              35.378574203
            ],
            [
              132.699985441,
              35.378639356
            ]
          ]
        ]
      },
      "properties": {
        "polygon_uuid": "7b254dc1-5e45-4ff9-a399-c8443b50a262",
        "daicho_shubetsu_cd": "FUD25"
      }
    },
    {
      "type": "Feature",
      "geometry": {
        "type": "Polygon",
        "coordinates": [
          [
            [
              132.699536692,
              35.375545899
            ],
            [
              132.699854553,
              35.37515222
            ],
            [
              132.699872872,
              35.375056186
            ],
            [
              132.699874243,
              35.37500256
            ],
            [
              132.699796563,
              35.374641741
            ],
            [
              132.699709685,
              35.374605507
            ],
            [
              132.699244857,
              35.375443119
            ],
            [
              132.69934848,
              35.375481961
            ],
            [
              132.699536692,
              35.375545899
            ]
          ]
        ]
      },
      "properties": {
        "polygon_uuid": "eb670304-9c2e-44f0-af9a-c86736d5fc51",
        "daicho_shubetsu_cd": "FUD25"
      }
    },
    {
      "type": "Feature",
      "geometry": {
        "type": "Polygon",
        "coordinates": [
          [
            [
              132.691169549,
              35.377541747
            ],
            [
              132.691646366,
              35.376710665
            ],
            [
              132.69162473,
              35.376702358
            ],
            [
              132.691472629,
              35.376642711
            ],
            [
              132.690995473,
              35.377473864
            ],
            [
              132.691169549,
              35.377541747
            ]
          ]
        ]
      },
      "properties": {
        "polygon_uuid": "c25ad2e0-02c3-4826-9612-c867e2e8e477",
        "daicho_shubetsu_cd": "FUD25"
      }
    },
    {
      "type": "Feature",
      "geometry": {
        "type": "Polygon",
        "coordinates": [
          [
            [
              132.687947937,
              35.380741287
            ],
            [
              132.687996166,
              35.380737519
            ],
            [
              132.688355516,
              35.380714293
            ],
            [
              132.688460488,
              35.38070616
            ],
            [
              132.688492209,
              35.380328114
            ],
            [
              132.68848628,
              35.380322256
            ],
            [
              132.688375992,
              35.380320324
            ],
            [
              132.688167148,
              35.380311592
            ],
            [
              132.687999985,
              35.380300271
            ],
            [
              132.68799421,
              35.380400523
            ],
            [
              132.687989378,
              35.38048442
            ],
            [
              132.687970222,
              35.380573543
            ],
            [
              132.687947937,
              35.380741287
            ]
          ]
        ]
      },
      "properties": {
        "polygon_uuid": "d4e238ca-091e-4fa0-bfea-c870f2ae53c9",
        "daicho_shubetsu_cd": "FUD25"
      }
    },
    {
      "type": "Feature",
      "geometry": {
        "type": "Polygon",
        "coordinates": [
          [
            [
              132.685016261,
              35.372087937
            ],
            [
              132.685067718,
              35.372095017
            ],
            [
              132.685130119,
              35.371794659
            ],
            [
              132.684953763,
              35.371769887
            ],
            [
              132.68482508,
              35.371749195
            ],
            [
              132.684807158,
              35.371744316
            ],
            [
              132.684802472,
              35.371760718
            ],
            [
              132.684744457,
              35.372050541
            ],
            [
              132.685016261,
              35.372087937
            ]
          ]
        ]
      },
      "properties": {
        "polygon_uuid": "5501ab74-e40c-4155-b9dc-c880af14790c",
        "daicho_shubetsu_cd": "FUD25"
      }
    },
    {
      "type": "Feature",
      "geometry": {
        "type": "Polygon",
        "coordinates": [
          [
            [
              132.683698311,
              35.376748624
            ],
            [
              132.683866869,
              35.376756021
            ],
            [
              132.683875157,
              35.376656942
            ],
            [
              132.683869699,
              35.376578217
            ],
            [
              132.683859652,
              35.376557152
            ],
            [
              132.683718911,
              35.376559378
            ],
            [
              132.683687276,
              35.376572503
            ],
            [
              132.683695275,
              35.376738895
            ],
            [
              132.683698311,
              35.376748624
            ]
          ]
        ]
      },
      "properties": {
        "polygon_uuid": "3691567e-4496-41cc-b500-c8b2a2c60a01",
        "daicho_shubetsu_cd": "FUD25"
      }
    },
    {
      "type": "Feature",
      "geometry": {
        "type": "Polygon",
        "coordinates": [
          [
            [
              132.693178133,
              35.37832154
            ],
            [
              132.693302333,
              35.378369446
            ],
            [
              132.693599998,
              35.377858441
            ],
            [
              132.69340316,
              35.377784244
            ],
            [
              132.693590879,
              35.377466469
            ],
            [
              132.69340476,
              35.377396401
            ],
            [
              132.692925812,
              35.378225214
            ],
            [
              132.692963482,
              35.378239595
            ],
            [
              132.693178133,
              35.37832154
            ]
          ]
        ]
      },
      "properties": {
        "polygon_uuid": "75ead253-8dea-4f24-8e20-c90bc37a33a2",
        "daicho_shubetsu_cd": "FUD25"
      }
    },
    {
      "type": "Feature",
      "geometry": {
        "type": "Polygon",
        "coordinates": [
          [
            [
              132.70216471,
              35.372901325
            ],
            [
              132.702091238,
              35.372849089
            ],
            [
              132.701951941,
              35.372772699
            ],
            [
              132.701874831,
              35.372847604
            ],
            [
              132.70183734,
              35.372886841
            ],
            [
              132.701759846,
              35.372984287
            ],
            [
              132.701701211,
              35.373081649
            ],
            [
              132.701876823,
              35.373181704
            ],
            [
              132.702030315,
              35.373266495
            ],
            [
              132.702099375,
              35.373317507
            ],
            [
              132.702502698,
              35.373635499
            ],
            [
              132.702744406,
              35.373456117
            ],
            [
              132.70263951,
              35.373374059
            ],
            [
              132.702598148,
              35.373377189
            ],
            [
              132.702355923,
              35.373205848
            ],
            [
              132.702122827,
              35.373054507
            ],
            [
              132.702070506,
              35.373032635
            ],
            [
              132.70207032,
              35.373004636
            ],
            [
              132.70216471,
              35.372901325
            ]
          ]
        ]
      },
      "properties": {
        "polygon_uuid": "04cca44f-4d66-41c9-972e-c911931a417f",
        "daicho_shubetsu_cd": "FUD25"
      }
    },
    {
      "type": "Feature",
      "geometry": {
        "type": "Polygon",
        "coordinates": [
          [
            [
              132.697271554,
              35.379708692
            ],
            [
              132.69728135,
              35.37971263
            ],
            [
              132.697503099,
              35.379800147
            ],
            [
              132.697592628,
              35.379828973
            ],
            [
              132.697720484,
              35.379863451
            ],
            [
              132.69785406,
              35.379894646
            ],
            [
              132.697890011,
              35.379777176
            ],
            [
              132.697820993,
              35.37975788
            ],
            [
              132.697832947,
              35.379700813
            ],
            [
              132.697765376,
              35.379680918
            ],
            [
              132.69783224,
              35.379482261
            ],
            [
              132.69785227,
              35.379440421
            ],
            [
              132.697803624,
              35.379431133
            ],
            [
              132.69779062,
              35.379422485
            ],
            [
              132.697846554,
              35.379326621
            ],
            [
              132.697844316,
              35.379317128
            ],
            [
              132.697803983,
              35.379301907
            ],
            [
              132.697621866,
              35.379233179
            ],
            [
              132.697271554,
              35.379708692
            ]
          ]
        ]
      },
      "properties": {
        "polygon_uuid": "fc82d259-d42e-4a00-b4c0-c941b1cbed80",
        "daicho_shubetsu_cd": "FUD25"
      }
    },
    {
      "type": "Feature",
      "geometry": {
        "type": "Polygon",
        "coordinates": [
          [
            [
              132.703001148,
              35.374534943
            ],
            [
              132.702870953,
              35.374431759
            ],
            [
              132.702811223,
              35.374378528
            ],
            [
              132.70264217,
              35.374554356
            ],
            [
              132.702412115,
              35.374783949
            ],
            [
              132.702414191,
              35.37479853
            ],
            [
              132.702811597,
              35.375033445
            ],
            [
              132.703028149,
              35.375156173
            ],
            [
              132.703266287,
              35.37525076
            ],
            [
              132.703694947,
              35.375422311
            ],
            [
              132.703740608,
              35.375443183
            ],
            [
              132.703772222,
              35.375434937
            ],
            [
              132.703880855,
              35.375253268
            ],
            [
              132.703705417,
              35.375184015
            ],
            [
              132.703108064,
              35.374943506
            ],
            [
              132.703105936,
              35.37492082
            ],
            [
              132.703306984,
              35.374756934
            ],
            [
              132.703220397,
              35.37469968
            ],
            [
              132.703001148,
              35.374534943
            ]
          ]
        ]
      },
      "properties": {
        "polygon_uuid": "d7dfbd7b-55f4-4a55-8323-c9c7b00b3c5e",
        "daicho_shubetsu_cd": "FUD25"
      }
    },
    {
      "type": "Feature",
      "geometry": {
        "type": "Polygon",
        "coordinates": [
          [
            [
              132.701381921,
              35.379729036
            ],
            [
              132.701568412,
              35.37993399
            ],
            [
              132.701633646,
              35.379999766
            ],
            [
              132.701649494,
              35.379996447
            ],
            [
              132.701703099,
              35.379966783
            ],
            [
              132.701709766,
              35.37996372
            ],
            [
              132.701799768,
              35.380064406
            ],
            [
              132.702223938,
              35.379799608
            ],
            [
              132.702161554,
              35.379698078
            ],
            [
              132.702115869,
              35.379722108
            ],
            [
              132.702059028,
              35.37965882
            ],
            [
              132.702102888,
              35.379625412
            ],
            [
              132.702040752,
              35.379561428
            ],
            [
              132.701831759,
              35.379687264
            ],
            [
              132.701697127,
              35.379458905
            ],
            [
              132.701518609,
              35.379526844
            ],
            [
              132.701552504,
              35.379586623
            ],
            [
              132.701419008,
              35.379663749
            ],
            [
              132.70144212,
              35.379692528
            ],
            [
              132.701381921,
              35.379729036
            ]
          ]
        ]
      },
      "properties": {
        "polygon_uuid": "d67011e3-1dd2-49f8-a2ab-ca7e07952683",
        "daicho_shubetsu_cd": "FUD25"
      }
    },
    {
      "type": "Feature",
      "geometry": {
        "type": "Polygon",
        "coordinates": [
          [
            [
              132.691244747,
              35.375297238
            ],
            [
              132.691498353,
              35.375389622
            ],
            [
              132.691611449,
              35.37519443
            ],
            [
              132.691345014,
              35.375102167
            ],
            [
              132.691330251,
              35.375134298
            ],
            [
              132.691284574,
              35.375224948
            ],
            [
              132.691244747,
              35.375297238
            ]
          ]
        ]
      },
      "properties": {
        "polygon_uuid": "3f4cd767-5e07-4e0d-968b-cb2f31b58741",
        "daicho_shubetsu_cd": "FUD25"
      }
    },
    {
      "type": "Feature",
      "geometry": {
        "type": "Polygon",
        "coordinates": [
          [
            [
              132.69536387,
              35.373992777
            ],
            [
              132.695104933,
              35.373887318
            ],
            [
              132.694614226,
              35.374724389
            ],
            [
              132.694664747,
              35.374743024
            ],
            [
              132.694678644,
              35.374738074
            ],
            [
              132.694763383,
              35.374611397
            ],
            [
              132.694790229,
              35.374608835
            ],
            [
              132.694825056,
              35.374609498
            ],
            [
              132.694881642,
              35.374620862
            ],
            [
              132.694915918,
              35.374613378
            ],
            [
              132.694935215,
              35.374597404
            ],
            [
              132.695373116,
              35.37400755
            ],
            [
              132.69536387,
              35.373992777
            ]
          ]
        ]
      },
      "properties": {
        "polygon_uuid": "be8d033d-c77d-4d2f-8036-cb6ad8aa6675",
        "daicho_shubetsu_cd": "FUD25"
      }
    },
    {
      "type": "Feature",
      "geometry": {
        "type": "Polygon",
        "coordinates": [
          [
            [
              132.695200356,
              35.379106978
            ],
            [
              132.695685215,
              35.378274443
            ],
            [
              132.695351405,
              35.378143967
            ],
            [
              132.695338712,
              35.378139014
            ],
            [
              132.694856331,
              35.378972094
            ],
            [
              132.695200356,
              35.379106978
            ]
          ]
        ]
      },
      "properties": {
        "polygon_uuid": "ea54c467-4cd3-4709-bc3c-cc4251996901",
        "daicho_shubetsu_cd": "FUD25"
      }
    },
    {
      "type": "Feature",
      "geometry": {
        "type": "Polygon",
        "coordinates": [
          [
            [
              132.687852939,
              35.372338091
            ],
            [
              132.688019486,
              35.372319296
            ],
            [
              132.688009954,
              35.372245808
            ],
            [
              132.688043337,
              35.372237328
            ],
            [
              132.688152339,
              35.372232095
            ],
            [
              132.688168134,
              35.372291803
            ],
            [
              132.688186113,
              35.372284343
            ],
            [
              132.688235312,
              35.372248646
            ],
            [
              132.688232198,
              35.372216509
            ],
            [
              132.688296478,
              35.372039285
            ],
            [
              132.688303259,
              35.372017808
            ],
            [
              132.688280752,
              35.371929446
            ],
            [
              132.688185773,
              35.371929856
            ],
            [
              132.688169934,
              35.371878325
            ],
            [
              132.688143434,
              35.371676011
            ],
            [
              132.687942364,
              35.371682395
            ],
            [
              132.687966903,
              35.371881145
            ],
            [
              132.687982129,
              35.371988248
            ],
            [
              132.687976475,
              35.372013278
            ],
            [
              132.687857742,
              35.372313861
            ],
            [
              132.687852939,
              35.372338091
            ]
          ]
        ]
      },
      "properties": {
        "polygon_uuid": "19d94a3e-fd51-417e-942b-ccb4a441ac3a",
        "daicho_shubetsu_cd": "FUD25"
      }
    },
    {
      "type": "Feature",
      "geometry": {
        "type": "Polygon",
        "coordinates": [
          [
            [
              132.701484398,
              35.376720751
            ],
            [
              132.702065822,
              35.376862984
            ],
            [
              132.702094206,
              35.376846874
            ],
            [
              132.70220943,
              35.376573436
            ],
            [
              132.702218917,
              35.376561517
            ],
            [
              132.701641954,
              35.37638573
            ],
            [
              132.701484398,
              35.376720751
            ]
          ]
        ]
      },
      "properties": {
        "polygon_uuid": "56b8c32d-d29b-4a09-9f80-ccf3f42db4ce",
        "daicho_shubetsu_cd": "FUD25"
      }
    },
    {
      "type": "Feature",
      "geometry": {
        "type": "Polygon",
        "coordinates": [
          [
            [
              132.70328151,
              35.374012353
            ],
            [
              132.703292159,
              35.374027908
            ],
            [
              132.703353372,
              35.374061579
            ],
            [
              132.703504928,
              35.374158892
            ],
            [
              132.703542655,
              35.374188183
            ],
            [
              132.703777451,
              35.374343012
            ],
            [
              132.704006803,
              35.374107475
            ],
            [
              132.704022542,
              35.374102608
            ],
            [
              132.704034628,
              35.374067971
            ],
            [
              132.703787203,
              35.373899038
            ],
            [
              132.703692765,
              35.373984474
            ],
            [
              132.703551374,
              35.373887117
            ],
            [
              132.703469184,
              35.373962412
            ],
            [
              132.703387915,
              35.373910899
            ],
            [
              132.703358112,
              35.373926882
            ],
            [
              132.70328151,
              35.374012353
            ]
          ]
        ]
      },
      "properties": {
        "polygon_uuid": "99914f0d-6e4b-4788-9ade-cd8f206fd3e1",
        "daicho_shubetsu_cd": "FUD25"
      }
    },
    {
      "type": "Feature",
      "geometry": {
        "type": "Polygon",
        "coordinates": [
          [
            [
              132.683039138,
              35.374892942
            ],
            [
              132.683241109,
              35.374905299
            ],
            [
              132.68345819,
              35.374918581
            ],
            [
              132.683461656,
              35.374502779
            ],
            [
              132.68340023,
              35.374502755
            ],
            [
              132.683165772,
              35.37450449
            ],
            [
              132.683166153,
              35.374564158
            ],
            [
              132.682981809,
              35.374567382
            ],
            [
              132.682965501,
              35.374574758
            ],
            [
              132.683039138,
              35.374892942
            ]
          ]
        ]
      },
      "properties": {
        "polygon_uuid": "4c2dd759-46b2-4f59-b3d9-cdbc0d072504",
        "daicho_shubetsu_cd": "FUD25"
      }
    },
    {
      "type": "Feature",
      "geometry": {
        "type": "Polygon",
        "coordinates": [
          [
            [
              132.698281602,
              35.375067485
            ],
            [
              132.69860843,
              35.375195059
            ],
            [
              132.698631094,
              35.375194959
            ],
            [
              132.698649901,
              35.3751825
            ],
            [
              132.699110497,
              35.374373657
            ],
            [
              132.69875382,
              35.374237262
            ],
            [
              132.698281602,
              35.375067485
            ]
          ]
        ]
      },
      "properties": {
        "polygon_uuid": "857b74f2-813f-43c0-be5c-ce688e8871d1",
        "daicho_shubetsu_cd": "FUD25"
      }
    },
    {
      "type": "Feature",
      "geometry": {
        "type": "Polygon",
        "coordinates": [
          [
            [
              132.699951524,
              35.377394401
            ],
            [
              132.699825852,
              35.377387375
            ],
            [
              132.699734696,
              35.377400773
            ],
            [
              132.699694845,
              35.377393866
            ],
            [
              132.699683366,
              35.377437823
            ],
            [
              132.699670067,
              35.377497308
            ],
            [
              132.699657674,
              35.37755274
            ],
            [
              132.700353141,
              35.377637127
            ],
            [
              132.700354987,
              35.377615727
            ],
            [
              132.700399911,
              35.377610114
            ],
            [
              132.700412721,
              35.37754724
            ],
            [
              132.700447095,
              35.377546005
            ],
            [
              132.700460574,
              35.377482816
            ],
            [
              132.699951524,
              35.377394401
            ]
          ]
        ]
      },
      "properties": {
        "polygon_uuid": "30c7f93f-7f1e-4456-81bf-ce78cc5837e5",
        "daicho_shubetsu_cd": "FUD25"
      }
    },
    {
      "type": "Feature",
      "geometry": {
        "type": "Polygon",
        "coordinates": [
          [
            [
              132.681722898,
              35.373161225
            ],
            [
              132.681785004,
              35.373169338
            ],
            [
              132.681892957,
              35.372635579
            ],
            [
              132.68186567,
              35.372631841
            ],
            [
              132.681960944,
              35.372173252
            ],
            [
              132.681918107,
              35.372172808
            ],
            [
              132.681901239,
              35.372180269
            ],
            [
              132.68181026,
              35.372624249
            ],
            [
              132.681809366,
              35.372628613
            ],
            [
              132.681705472,
              35.373137504
            ],
            [
              132.681712332,
              35.373152253
            ],
            [
              132.681722898,
              35.373161225
            ]
          ]
        ]
      },
      "properties": {
        "polygon_uuid": "c8f0cefe-9441-47c2-bf21-ceb06c618580",
        "daicho_shubetsu_cd": "FUD25"
      }
    },
    {
      "type": "Feature",
      "geometry": {
        "type": "Polygon",
        "coordinates": [
          [
            [
              132.700597598,
              35.374306634
            ],
            [
              132.700606572,
              35.374295795
            ],
            [
              132.700855252,
              35.373964638
            ],
            [
              132.700835428,
              35.373943248
            ],
            [
              132.700806984,
              35.373920202
            ],
            [
              132.700758333,
              35.373897245
            ],
            [
              132.700701598,
              35.373874324
            ],
            [
              132.700643675,
              35.373851255
            ],
            [
              132.700552667,
              35.373810126
            ],
            [
              132.700520355,
              35.373766553
            ],
            [
              132.700476546,
              35.373832403
            ],
            [
              132.700479149,
              35.373867365
            ],
            [
              132.700428858,
              35.373975421
            ],
            [
              132.700392659,
              35.374062042
            ],
            [
              132.700339765,
              35.374213587
            ],
            [
              132.700420117,
              35.374224668
            ],
            [
              132.700543808,
              35.374275609
            ],
            [
              132.700597598,
              35.374306634
            ]
          ]
        ]
      },
      "properties": {
        "polygon_uuid": "ac5a40c7-be0a-47ee-afee-ceb784e33708",
        "daicho_shubetsu_cd": "FUD25"
      }
    },
    {
      "type": "Feature",
      "geometry": {
        "type": "Polygon",
        "coordinates": [
          [
            [
              132.702683894,
              35.375733055
            ],
            [
              132.702664881,
              35.375719696
            ],
            [
              132.702305726,
              35.375536178
            ],
            [
              132.702225698,
              35.375495286
            ],
            [
              132.70210261,
              35.375678866
            ],
            [
              132.70204294,
              35.375767096
            ],
            [
              132.701732667,
              35.376240678
            ],
            [
              132.702300613,
              35.376435308
            ],
            [
              132.702327173,
              35.376381215
            ],
            [
              132.702479717,
              35.376052376
            ],
            [
              132.702683894,
              35.375733055
            ]
          ]
        ]
      },
      "properties": {
        "polygon_uuid": "3f47ae7a-c0d7-4fa1-90ee-cf07f0e5dee8",
        "daicho_shubetsu_cd": "FUD25"
      }
    },
    {
      "type": "Feature",
      "geometry": {
        "type": "Polygon",
        "coordinates": [
          [
            [
              132.691484686,
              35.379330697
            ],
            [
              132.69172099,
              35.378920043
            ],
            [
              132.691308149,
              35.378759559
            ],
            [
              132.691071401,
              35.379167836
            ],
            [
              132.691484686,
              35.379330697
            ]
          ]
        ]
      },
      "properties": {
        "polygon_uuid": "785721e7-fdc1-4112-93aa-cf471e2e78ce",
        "daicho_shubetsu_cd": "FUD25"
      }
    },
    {
      "type": "Feature",
      "geometry": {
        "type": "Polygon",
        "coordinates": [
          [
            [
              132.697916651,
              35.376566997
            ],
            [
              132.698528862,
              35.376802392
            ],
            [
              132.698758747,
              35.37653514
            ],
            [
              132.698087964,
              35.376271033
            ],
            [
              132.697916651,
              35.376566997
            ]
          ]
        ]
      },
      "properties": {
        "polygon_uuid": "e9a6e0a4-67dc-48d9-a9bf-cf4d35e06feb",
        "daicho_shubetsu_cd": "FUD25"
      }
    },
    {
      "type": "Feature",
      "geometry": {
        "type": "Polygon",
        "coordinates": [
          [
            [
              132.701231409,
              35.375999174
            ],
            [
              132.701225332,
              35.376008229
            ],
            [
              132.701184107,
              35.376073395
            ],
            [
              132.701148532,
              35.376093047
            ],
            [
              132.701698176,
              35.376295831
            ],
            [
              132.701641954,
              35.37638573
            ],
            [
              132.702218917,
              35.376561517
            ],
            [
              132.702270414,
              35.376496811
            ],
            [
              132.702300613,
              35.376435308
            ],
            [
              132.701732667,
              35.376240678
            ],
            [
              132.701231409,
              35.375999174
            ]
          ]
        ]
      },
      "properties": {
        "polygon_uuid": "78409e41-45a7-4ce9-8199-cf8e890f7482",
        "daicho_shubetsu_cd": "FUD25"
      }
    },
    {
      "type": "Feature",
      "geometry": {
        "type": "Polygon",
        "coordinates": [
          [
            [
              132.684279354,
              35.376058957
            ],
            [
              132.684465055,
              35.376060246
            ],
            [
              132.684464173,
              35.37617231
            ],
            [
              132.684474259,
              35.376170136
            ],
            [
              132.68449412,
              35.376175735
            ],
            [
              132.684507125,
              35.37619435
            ],
            [
              132.684528946,
              35.376196693
            ],
            [
              132.684576524,
              35.376196489
            ],
            [
              132.68461194100001,
              35.376186463
            ],
            [
              132.684612369,
              35.376178788
            ],
            [
              132.684607582,
              35.376127662
            ],
            [
              132.684619943,
              35.375968084
            ],
            [
              132.684503868,
              35.375977552
            ],
            [
              132.684288407,
              35.375971775
            ],
            [
              132.684279354,
              35.376058957
            ]
          ]
        ]
      },
      "properties": {
        "polygon_uuid": "2002f7dc-be2a-4334-9c86-d0864ed927e2",
        "daicho_shubetsu_cd": "FUD25"
      }
    },
    {
      "type": "Feature",
      "geometry": {
        "type": "Polygon",
        "coordinates": [
          [
            [
              132.685245639,
              35.37212274
            ],
            [
              132.685302127,
              35.371873802
            ],
            [
              132.685307071,
              35.37183582
            ],
            [
              132.685304727,
              35.371821976
            ],
            [
              132.685266401,
              35.371813802
            ],
            [
              132.685130119,
              35.371794659
            ],
            [
              132.685067718,
              35.372095017
            ],
            [
              132.685077308,
              35.372096336
            ],
            [
              132.685245639,
              35.37212274
            ]
          ]
        ]
      },
      "properties": {
        "polygon_uuid": "65fd94ae-8cb2-44ef-b7a4-d0c695c0dde5",
        "daicho_shubetsu_cd": "FUD25"
      }
    },
    {
      "type": "Feature",
      "geometry": {
        "type": "Polygon",
        "coordinates": [
          [
            [
              132.697806218,
              35.380524235
            ],
            [
              132.697851123,
              35.380534108
            ],
            [
              132.69836428,
              35.380583674
            ],
            [
              132.698398788,
              35.380464424
            ],
            [
              132.697839209,
              35.380414344
            ],
            [
              132.697806218,
              35.380524235
            ]
          ]
        ]
      },
      "properties": {
        "polygon_uuid": "c385cd46-6b37-4742-8485-d0f2b35d13c9",
        "daicho_shubetsu_cd": "FUD25"
      }
    },
    {
      "type": "Feature",
      "geometry": {
        "type": "Polygon",
        "coordinates": [
          [
            [
              132.688182083,
              35.375314315
            ],
            [
              132.688414638,
              35.374906539
            ],
            [
              132.688110131,
              35.374788671
            ],
            [
              132.687917884,
              35.374714254
            ],
            [
              132.687679378,
              35.375121512
            ],
            [
              132.688182083,
              35.375314315
            ]
          ]
        ]
      },
      "properties": {
        "polygon_uuid": "912ab5cd-1c79-46fb-8aa9-d1ad834b1788",
        "daicho_shubetsu_cd": "FUD25"
      }
    },
    {
      "type": "Feature",
      "geometry": {
        "type": "Polygon",
        "coordinates": [
          [
            [
              132.701453255,
              35.373479988
            ],
            [
              132.701325003,
              35.373643865
            ],
            [
              132.701353555,
              35.373684228
            ],
            [
              132.701489454,
              35.373829517
            ],
            [
              132.701567294,
              35.37390138
            ],
            [
              132.701601429,
              35.373928325
            ],
            [
              132.702025757,
              35.373612561
            ],
            [
              132.701895479,
              35.373501142
            ],
            [
              132.701734146,
              35.373372435
            ],
            [
              132.70162857,
              35.373459848
            ],
            [
              132.701590509,
              35.373455105
            ],
            [
              132.701539955,
              35.373430331
            ],
            [
              132.70153237,
              35.373435962
            ],
            [
              132.70147484,
              35.373484306
            ],
            [
              132.701453255,
              35.373479988
            ]
          ]
        ]
      },
      "properties": {
        "polygon_uuid": "7882f06b-bb7b-4fa2-876c-d1bfd15640eb",
        "daicho_shubetsu_cd": "FUD25"
      }
    },
    {
      "type": "Feature",
      "geometry": {
        "type": "Polygon",
        "coordinates": [
          [
            [
              132.698722911,
              35.380219096
            ],
            [
              132.699326787,
              35.380263295
            ],
            [
              132.699354421,
              35.380242596
            ],
            [
              132.699347311,
              35.380166814
            ],
            [
              132.699248271,
              35.379786019
            ],
            [
              132.698929399,
              35.379760348
            ],
            [
              132.698929284,
              35.37974302
            ],
            [
              132.698898834,
              35.379737739
            ],
            [
              132.698854911,
              35.379735613
            ],
            [
              132.698798429,
              35.380079284
            ],
            [
              132.698738034,
              35.380075541
            ],
            [
              132.698722911,
              35.380219096
            ]
          ]
        ]
      },
      "properties": {
        "polygon_uuid": "4c140cf9-5d7f-413f-8c5d-d24a2f667ed3",
        "daicho_shubetsu_cd": "FUD25"
      }
    },
    {
      "type": "Feature",
      "geometry": {
        "type": "Polygon",
        "coordinates": [
          [
            [
              132.69742987,
              35.378364276
            ],
            [
              132.697476635,
              35.378376457
            ],
            [
              132.697854598,
              35.378455863
            ],
            [
              132.697885222,
              35.378459181
            ],
            [
              132.697951149,
              35.378394215
            ],
            [
              132.698023458,
              35.378307485
            ],
            [
              132.698060118,
              35.378258327
            ],
            [
              132.698066737,
              35.378248496
            ],
            [
              132.697656862,
              35.378159187
            ],
            [
              132.697612074,
              35.378145625
            ],
            [
              132.69742987,
              35.378364276
            ]
          ]
        ]
      },
      "properties": {
        "polygon_uuid": "f8a02022-c6f9-4818-8dda-d3da0d0386b3",
        "daicho_shubetsu_cd": "FUD25"
      }
    },
    {
      "type": "Feature",
      "geometry": {
        "type": "Polygon",
        "coordinates": [
          [
            [
              132.702117947,
              35.376907043
            ],
            [
              132.702156509,
              35.376939362
            ],
            [
              132.70222941,
              35.376965033
            ],
            [
              132.702514128,
              35.377026587
            ],
            [
              132.7028862,
              35.377099667
            ],
            [
              132.702916628,
              35.377101698
            ],
            [
              132.702948285,
              35.377089644
            ],
            [
              132.703132499,
              35.376750916
            ],
            [
              132.702844979,
              35.376665548
            ],
            [
              132.702321633,
              35.376512994
            ],
            [
              132.702299261,
              35.376529339
            ],
            [
              132.702121814,
              35.376891863
            ],
            [
              132.702117947,
              35.376907043
            ]
          ]
        ]
      },
      "properties": {
        "polygon_uuid": "b1605ad7-a0da-40b3-ad4e-d4d28592cda7",
        "daicho_shubetsu_cd": "FUD25"
      }
    },
    {
      "type": "Feature",
      "geometry": {
        "type": "Polygon",
        "coordinates": [
          [
            [
              132.690707069,
              35.375793865
            ],
            [
              132.690380852,
              35.375667601
            ],
            [
              132.690179779,
              35.375589774
            ],
            [
              132.689941295,
              35.375996553
            ],
            [
              132.690339663,
              35.376151962
            ],
            [
              132.690416831,
              35.376169489
            ],
            [
              132.690466276,
              35.376171656
            ],
            [
              132.690503999,
              35.376159585
            ],
            [
              132.690707069,
              35.375793865
            ]
          ]
        ]
      },
      "properties": {
        "polygon_uuid": "f7905e84-6163-4b9b-8a15-d5c98be23265",
        "daicho_shubetsu_cd": "FUD25"
      }
    },
    {
      "type": "Feature",
      "geometry": {
        "type": "Polygon",
        "coordinates": [
          [
            [
              132.701325003,
              35.373643865
            ],
            [
              132.701119005,
              35.373867672
            ],
            [
              132.701227304,
              35.373946641
            ],
            [
              132.701302835,
              35.373959549
            ],
            [
              132.701489454,
              35.373829517
            ],
            [
              132.701353555,
              35.373684228
            ],
            [
              132.701325003,
              35.373643865
            ]
          ]
        ]
      },
      "properties": {
        "polygon_uuid": "39fb70d4-6327-4ebf-b168-d60d34005ec4",
        "daicho_shubetsu_cd": "FUD25"
      }
    },
    {
      "type": "Feature",
      "geometry": {
        "type": "Polygon",
        "coordinates": [
          [
            [
              132.686797014,
              35.380056224
            ],
            [
              132.686796252,
              35.380165851
            ],
            [
              132.687122581,
              35.380152404
            ],
            [
              132.687145314,
              35.380026025
            ],
            [
              132.686881853,
              35.380048601
            ],
            [
              132.686797014,
              35.380056224
            ]
          ]
        ]
      },
      "properties": {
        "polygon_uuid": "af3921b3-c46a-413f-9721-d6680d563e10",
        "daicho_shubetsu_cd": "FUD25"
      }
    },
    {
      "type": "Feature",
      "geometry": {
        "type": "Polygon",
        "coordinates": [
          [
            [
              132.687102525,
              35.37593111
            ],
            [
              132.687331461,
              35.375530529
            ],
            [
              132.686920288,
              35.375372315
            ],
            [
              132.686692448,
              35.375771662
            ],
            [
              132.687092226,
              35.375926936
            ],
            [
              132.687102525,
              35.37593111
            ]
          ]
        ]
      },
      "properties": {
        "polygon_uuid": "6fbfd050-5b64-4fe3-8bf6-d672c660b124",
        "daicho_shubetsu_cd": "FUD25"
      }
    },
    {
      "type": "Feature",
      "geometry": {
        "type": "Polygon",
        "coordinates": [
          [
            [
              132.685385626,
              35.375502077
            ],
            [
              132.685418268,
              35.375491383
            ],
            [
              132.685495508,
              35.375479685
            ],
            [
              132.685547957,
              35.375466471
            ],
            [
              132.685622156,
              35.375444232
            ],
            [
              132.685661752,
              35.375435944
            ],
            [
              132.685669597,
              35.37526786
            ],
            [
              132.685647712,
              35.375255777
            ],
            [
              132.685618999,
              35.375260771
            ],
            [
              132.685548792,
              35.375287051
            ],
            [
              132.685435988,
              35.375317574
            ],
            [
              132.685401379,
              35.375330712
            ],
            [
              132.685389578,
              35.375345375
            ],
            [
              132.685381588,
              35.375490728
            ],
            [
              132.685385626,
              35.375502077
            ]
          ]
        ]
      },
      "properties": {
        "polygon_uuid": "1d6ce1b1-81cb-4b49-8b60-d75a13e49eca",
        "daicho_shubetsu_cd": "FUD25"
      }
    },
    {
      "type": "Feature",
      "geometry": {
        "type": "Polygon",
        "coordinates": [
          [
            [
              132.699709685,
              35.374605507
            ],
            [
              132.699796563,
              35.374641741
            ],
            [
              132.699794271,
              35.374631097
            ],
            [
              132.69966502,
              35.374101106
            ],
            [
              132.699659336,
              35.374022817
            ],
            [
              132.699679397,
              35.373929599
            ],
            [
              132.699755038,
              35.373642818
            ],
            [
              132.699751509,
              35.373630134
            ],
            [
              132.699739338,
              35.373613255
            ],
            [
              132.69967542,
              35.373586727
            ],
            [
              132.699642743,
              35.373595338
            ],
            [
              132.699191319,
              35.374374825
            ],
            [
              132.699177292,
              35.374398903
            ],
            [
              132.699709685,
              35.374605507
            ]
          ]
        ]
      },
      "properties": {
        "polygon_uuid": "b51d4673-f01b-4856-86b9-d83e61100d04",
        "daicho_shubetsu_cd": "FUD25"
      }
    },
    {
      "type": "Feature",
      "geometry": {
        "type": "Polygon",
        "coordinates": [
          [
            [
              132.699191396,
              35.375472611
            ],
            [
              132.698722295,
              35.376292275
            ],
            [
              132.698848564,
              35.37634083
            ],
            [
              132.699314596,
              35.375520728
            ],
            [
              132.699191396,
              35.375472611
            ]
          ]
        ]
      },
      "properties": {
        "polygon_uuid": "79799e71-88bd-4d8e-854e-d8644192f1f7",
        "daicho_shubetsu_cd": "FUD25"
      }
    },
    {
      "type": "Feature",
      "geometry": {
        "type": "Polygon",
        "coordinates": [
          [
            [
              132.687144375,
              35.372314977
            ],
            [
              132.687571772,
              35.37226067
            ],
            [
              132.687583929,
              35.37234278
            ],
            [
              132.687679817,
              35.372332841
            ],
            [
              132.687716107,
              35.372324348
            ],
            [
              132.687709863,
              35.372257693
            ],
            [
              132.687753423,
              35.372249169
            ],
            [
              132.68774031,
              35.372169091
            ],
            [
              132.687685407,
              35.371833809
            ],
            [
              132.687682303,
              35.37181485
            ],
            [
              132.687657616,
              35.371819243
            ],
            [
              132.687431668,
              35.37185117
            ],
            [
              132.687428944,
              35.371879759
            ],
            [
              132.687364371,
              35.371884808
            ],
            [
              132.687340054,
              35.372173076
            ],
            [
              132.687200162,
              35.372173037
            ],
            [
              132.687133312,
              35.372176897
            ],
            [
              132.687150014,
              35.372287566
            ],
            [
              132.687144375,
              35.372314977
            ]
          ]
        ]
      },
      "properties": {
        "polygon_uuid": "9a6d5105-5dd8-415b-aa63-d88513604bd6",
        "daicho_shubetsu_cd": "FUD25"
      }
    },
    {
      "type": "Feature",
      "geometry": {
        "type": "Polygon",
        "coordinates": [
          [
            [
              132.700094769,
              35.374170827
            ],
            [
              132.699868011,
              35.374138798
            ],
            [
              132.699739832,
              35.374126734
            ],
            [
              132.699778128,
              35.374285715
            ],
            [
              132.700552374,
              35.374361253
            ],
            [
              132.700597598,
              35.374306634
            ],
            [
              132.700543808,
              35.374275609
            ],
            [
              132.700420117,
              35.374224668
            ],
            [
              132.700339765,
              35.374213587
            ],
            [
              132.700310896,
              35.374209606
            ],
            [
              132.700094769,
              35.374170827
            ]
          ]
        ]
      },
      "properties": {
        "polygon_uuid": "fca52115-369d-4081-9e11-d8cae1613c69",
        "daicho_shubetsu_cd": "FUD25"
      }
    },
    {
      "type": "Feature",
      "geometry": {
        "type": "Polygon",
        "coordinates": [
          [
            [
              132.692588466,
              35.374931776
            ],
            [
              132.693068231,
              35.374119161
            ],
            [
              132.69291119,
              35.374057486
            ],
            [
              132.692444969,
              35.37487592
            ],
            [
              132.692588466,
              35.374931776
            ]
          ]
        ]
      },
      "properties": {
        "polygon_uuid": "0f910e38-8f76-4526-9ace-d9a6be84a3dd",
        "daicho_shubetsu_cd": "FUD25"
      }
    },
    {
      "type": "Feature",
      "geometry": {
        "type": "Polygon",
        "coordinates": [
          [
            [
              132.699657674,
              35.37755274
            ],
            [
              132.699639204,
              35.377559319
            ],
            [
              132.699617365,
              35.37765689
            ],
            [
              132.699402869,
              35.377627483
            ],
            [
              132.699358506,
              35.377860836
            ],
            [
              132.699605686,
              35.377891962
            ],
            [
              132.699841244,
              35.377917999
            ],
            [
              132.699823479,
              35.378031798
            ],
            [
              132.699864465,
              35.378030533
            ],
            [
              132.700240161,
              35.378016583
            ],
            [
              132.700214932,
              35.377800085
            ],
            [
              132.700486114,
              35.37781405
            ],
            [
              132.700501712,
              35.377753267
            ],
            [
              132.70049464,
              35.377737494
            ],
            [
              132.700358358,
              35.377726183
            ],
            [
              132.700346387,
              35.377715405
            ],
            [
              132.700353141,
              35.377637127
            ],
            [
              132.699657674,
              35.37755274
            ]
          ]
        ]
      },
      "properties": {
        "polygon_uuid": "d4059fa4-16c5-49b9-a762-d9ccdf833d9b",
        "daicho_shubetsu_cd": "FUD25"
      }
    },
    {
      "type": "Feature",
      "geometry": {
        "type": "Polygon",
        "coordinates": [
          [
            [
              132.69190818,
              35.373367282
            ],
            [
              132.691699645,
              35.373405969
            ],
            [
              132.691656047,
              35.37342588
            ],
            [
              132.691646235,
              35.373446287
            ],
            [
              132.691654393,
              35.373720158
            ],
            [
              132.691706444,
              35.373737062
            ],
            [
              132.69190818,
              35.373367282
            ]
          ]
        ]
      },
      "properties": {
        "polygon_uuid": "303d478b-d0cb-442a-87de-da0182d54c6d",
        "daicho_shubetsu_cd": "FUD25"
      }
    },
    {
      "type": "Feature",
      "geometry": {
        "type": "Polygon",
        "coordinates": [
          [
            [
              132.682791702,
              35.372758962
            ],
            [
              132.683050959,
              35.372795603
            ],
            [
              132.68308483,
              35.37280039
            ],
            [
              132.683181136,
              35.372347607
            ],
            [
              132.683167512,
              35.372345731
            ],
            [
              132.682871799,
              35.372303586
            ],
            [
              132.682550141,
              35.372259702
            ],
            [
              132.682448629,
              35.372711713
            ],
            [
              132.682735101,
              35.372750962
            ],
            [
              132.682791702,
              35.372758962
            ]
          ]
        ]
      },
      "properties": {
        "polygon_uuid": "0c9fb989-354a-48bb-bfbb-da7d139cd28b",
        "daicho_shubetsu_cd": "FUD25"
      }
    },
    {
      "type": "Feature",
      "geometry": {
        "type": "Polygon",
        "coordinates": [
          [
            [
              132.704189433,
              35.374596117
            ],
            [
              132.704474255,
              35.374302333
            ],
            [
              132.704195525,
              35.374188297
            ],
            [
              132.704022542,
              35.374102608
            ],
            [
              132.704006803,
              35.374107475
            ],
            [
              132.703777451,
              35.374343012
            ],
            [
              132.703614797,
              35.374488552
            ],
            [
              132.704058428,
              35.374757716
            ],
            [
              132.704111769,
              35.374703938
            ],
            [
              132.704166745,
              35.374637229
            ],
            [
              132.704189433,
              35.374596117
            ]
          ]
        ]
      },
      "properties": {
        "polygon_uuid": "238c5a12-4c70-421e-b355-da8a479baef7",
        "daicho_shubetsu_cd": "FUD25"
      }
    },
    {
      "type": "Feature",
      "geometry": {
        "type": "Polygon",
        "coordinates": [
          [
            [
              132.686682542,
              35.376422388
            ],
            [
              132.686722288,
              35.376437417
            ],
            [
              132.686730226,
              35.376440418
            ],
            [
              132.686998028,
              35.375966108
            ],
            [
              132.686987998,
              35.375962235
            ],
            [
              132.686297151,
              35.375695145
            ],
            [
              132.686255682,
              35.375689965
            ],
            [
              132.686247085,
              35.375709649
            ],
            [
              132.686253788,
              35.375734626
            ],
            [
              132.686278108,
              35.375786319
            ],
            [
              132.6863113,
              35.375861194
            ],
            [
              132.686615314,
              35.37633857
            ],
            [
              132.686650607,
              35.376400933
            ],
            [
              132.686682542,
              35.376422388
            ]
          ]
        ]
      },
      "properties": {
        "polygon_uuid": "4a30e9dc-6124-4a5c-b9d9-db3540136b64",
        "daicho_shubetsu_cd": "FUD25"
      }
    },
    {
      "type": "Feature",
      "geometry": {
        "type": "Polygon",
        "coordinates": [
          [
            [
              132.681659784,
              35.373212624
            ],
            [
              132.681643749,
              35.373351234
            ],
            [
              132.681632571,
              35.37342341
            ],
            [
              132.681836502,
              35.373442359
            ],
            [
              132.681894609,
              35.373461596
            ],
            [
              132.682032343,
              35.373476034
            ],
            [
              132.682042472,
              35.373410352
            ],
            [
              132.682189122,
              35.373418962
            ],
            [
              132.682234286,
              35.373428005
            ],
            [
              132.682355008,
              35.37343765
            ],
            [
              132.682375243,
              35.373304993
            ],
            [
              132.682342297,
              35.373297765
            ],
            [
              132.681932633,
              35.373246867
            ],
            [
              132.681692211,
              35.373210485
            ],
            [
              132.681659784,
              35.373212624
            ]
          ]
        ]
      },
      "properties": {
        "polygon_uuid": "664d872b-6f03-4465-9c70-dbfab0cfe8da",
        "daicho_shubetsu_cd": "FUD25"
      }
    },
    {
      "type": "Feature",
      "geometry": {
        "type": "Polygon",
        "coordinates": [
          [
            [
              132.701793229,
              35.377565639
            ],
            [
              132.701715489,
              35.377808584
            ],
            [
              132.701962323,
              35.377837078
            ],
            [
              132.702016869,
              35.377670794
            ],
            [
              132.702255293,
              35.377730388
            ],
            [
              132.7026631,
              35.377807642
            ],
            [
              132.702820575,
              35.377424628
            ],
            [
              132.702823122,
              35.377418282
            ],
            [
              132.701977846,
              35.377274559
            ],
            [
              132.701975647,
              35.377262125
            ],
            [
              132.701931967,
              35.37725582
            ],
            [
              132.701878881,
              35.377427177
            ],
            [
              132.701833617,
              35.377429461
            ],
            [
              132.701793229,
              35.377565639
            ]
          ]
        ]
      },
      "properties": {
        "polygon_uuid": "baf74958-aa20-4972-a11a-dc1ddc498d29",
        "daicho_shubetsu_cd": "FUD25"
      }
    },
    {
      "type": "Feature",
      "geometry": {
        "type": "Polygon",
        "coordinates": [
          [
            [
              132.699244857,
              35.375443119
            ],
            [
              132.699709685,
              35.374605507
            ],
            [
              132.699177292,
              35.374398903
            ],
            [
              132.698692154,
              35.375231707
            ],
            [
              132.698745722,
              35.375256024
            ],
            [
              132.699244857,
              35.375443119
            ]
          ]
        ]
      },
      "properties": {
        "polygon_uuid": "a83f3459-e4fa-41a6-ab39-dc325c7743da",
        "daicho_shubetsu_cd": "FUD25"
      }
    },
    {
      "type": "Feature",
      "geometry": {
        "type": "Polygon",
        "coordinates": [
          [
            [
              132.69504218,
              35.377975966
            ],
            [
              132.6955218,
              35.377148299
            ],
            [
              132.695497622,
              35.377138905
            ],
            [
              132.695373009,
              35.377090484
            ],
            [
              132.694898938,
              35.377920324
            ],
            [
              132.69504218,
              35.377975966
            ]
          ]
        ]
      },
      "properties": {
        "polygon_uuid": "0cc2b957-8230-47f3-b60e-dc5305fdb6f6",
        "daicho_shubetsu_cd": "FUD25"
      }
    },
    {
      "type": "Feature",
      "geometry": {
        "type": "Polygon",
        "coordinates": [
          [
            [
              132.697359095,
              35.373684764
            ],
            [
              132.697779818,
              35.372970505
            ],
            [
              132.697780512,
              35.372962557
            ],
            [
              132.697706646,
              35.372963492
            ],
            [
              132.69774467,
              35.37284476
            ],
            [
              132.697623421,
              35.372849442
            ],
            [
              132.697181065,
              35.37361584
            ],
            [
              132.697359095,
              35.373684764
            ]
          ]
        ]
      },
      "properties": {
        "polygon_uuid": "66ec947f-fb80-4c82-8281-dceb58e1ee53",
        "daicho_shubetsu_cd": "FUD25"
      }
    },
    {
      "type": "Feature",
      "geometry": {
        "type": "Polygon",
        "coordinates": [
          [
            [
              132.684526923,
              35.373348784
            ],
            [
              132.684771345,
              35.373383379
            ],
            [
              132.684804682,
              35.373387723
            ],
            [
              132.684874961,
              35.373051137
            ],
            [
              132.684819278,
              35.373042377
            ],
            [
              132.684796496,
              35.373039236
            ],
            [
              132.684591772,
              35.373011004
            ],
            [
              132.684526923,
              35.373348784
            ]
          ]
        ]
      },
      "properties": {
        "polygon_uuid": "03bde68a-36f1-4c64-9d0a-dd031e1a81aa",
        "daicho_shubetsu_cd": "FUD25"
      }
    },
    {
      "type": "Feature",
      "geometry": {
        "type": "Polygon",
        "coordinates": [
          [
            [
              132.697310976,
              35.380241419
            ],
            [
              132.697323425,
              35.380241459
            ],
            [
              132.697448175,
              35.380244474
            ],
            [
              132.69754589,
              35.380254042
            ],
            [
              132.697667932,
              35.379890656
            ],
            [
              132.697447021,
              35.379820358
            ],
            [
              132.697315908,
              35.380226153
            ],
            [
              132.697310976,
              35.380241419
            ]
          ]
        ]
      },
      "properties": {
        "polygon_uuid": "4c3b103d-232e-4517-a9eb-ddde6738889b",
        "daicho_shubetsu_cd": "FUD25"
      }
    },
    {
      "type": "Feature",
      "geometry": {
        "type": "Polygon",
        "coordinates": [
          [
            [
              132.698978619,
              35.376520697
            ],
            [
              132.699182789,
              35.376554943
            ],
            [
              132.699263021,
              35.376350138
            ],
            [
              132.699125194,
              35.376268629
            ],
            [
              132.698995951,
              35.376427082
            ],
            [
              132.698978619,
              35.376520697
            ]
          ]
        ]
      },
      "properties": {
        "polygon_uuid": "dcdf3f76-51a4-4460-b024-debecf0e627b",
        "daicho_shubetsu_cd": "FUD25"
      }
    },
    {
      "type": "Feature",
      "geometry": {
        "type": "Polygon",
        "coordinates": [
          [
            [
              132.68675593,
              35.372804187
            ],
            [
              132.686724907,
              35.372922138
            ],
            [
              132.686671012,
              35.373125126
            ],
            [
              132.686646089,
              35.373216174
            ],
            [
              132.686911033,
              35.373213792
            ],
            [
              132.687105308,
              35.373200014
            ],
            [
              132.687116674,
              35.373199207
            ],
            [
              132.687339004,
              35.373179069
            ],
            [
              132.687395502,
              35.373170919
            ],
            [
              132.687379023,
              35.373159718
            ],
            [
              132.68726983,
              35.37308621
            ],
            [
              132.687164018,
              35.373018166
            ],
            [
              132.687061577,
              35.372954219
            ],
            [
              132.686957499,
              35.372895759
            ],
            [
              132.686831668,
              35.372836021
            ],
            [
              132.68675593,
              35.372804187
            ]
          ]
        ]
      },
      "properties": {
        "polygon_uuid": "d5ca7d69-c6d1-490c-bdd2-dec4b84b1235",
        "daicho_shubetsu_cd": "FUD25"
      }
    },
    {
      "type": "Feature",
      "geometry": {
        "type": "Polygon",
        "coordinates": [
          [
            [
              132.686308451,
              35.375134169
            ],
            [
              132.686855015,
              35.375347154
            ],
            [
              132.686859696,
              35.375348979
            ],
            [
              132.687098088,
              35.374937869
            ],
            [
              132.68672785,
              35.374788237
            ],
            [
              132.686443654,
              35.37467991
            ],
            [
              132.686413101,
              35.374676469
            ],
            [
              132.686400085,
              35.374687242
            ],
            [
              132.686393336,
              35.374768242
            ],
            [
              132.686335012,
              35.37496854
            ],
            [
              132.686311083,
              35.375091291
            ],
            [
              132.686308451,
              35.375134169
            ]
          ]
        ]
      },
      "properties": {
        "polygon_uuid": "d800ea69-b1a7-41d4-aa34-dede86df5d0c",
        "daicho_shubetsu_cd": "FUD25"
      }
    },
    {
      "type": "Feature",
      "geometry": {
        "type": "Polygon",
        "coordinates": [
          [
            [
              132.687685407,
              35.371833809
            ],
            [
              132.68774031,
              35.372169091
            ],
            [
              132.687898382,
              35.372153197
            ],
            [
              132.687959374,
              35.371997819
            ],
            [
              132.687935666,
              35.371805604
            ],
            [
              132.687685407,
              35.371833809
            ]
          ]
        ]
      },
      "properties": {
        "polygon_uuid": "0465b946-59d0-4ae1-ae59-df632e3223cd",
        "daicho_shubetsu_cd": "FUD25"
      }
    },
    {
      "type": "Feature",
      "geometry": {
        "type": "Polygon",
        "coordinates": [
          [
            [
              132.695392405,
              35.37811201
            ],
            [
              132.695866444,
              35.377282216
            ],
            [
              132.695828967,
              35.377267654
            ],
            [
              132.695686952,
              35.377212472
            ],
            [
              132.695210149,
              35.378041214
            ],
            [
              132.695392405,
              35.37811201
            ]
          ]
        ]
      },
      "properties": {
        "polygon_uuid": "79842447-aa2f-4dcd-8ed1-dfb315ac1349",
        "daicho_shubetsu_cd": "FUD25"
      }
    },
    {
      "type": "Feature",
      "geometry": {
        "type": "Polygon",
        "coordinates": [
          [
            [
              132.686752285,
              35.377615257
            ],
            [
              132.686988854,
              35.377639811
            ],
            [
              132.68700517,
              35.377633652
            ],
            [
              132.687011039,
              35.37762145
            ],
            [
              132.686967782,
              35.377368343
            ],
            [
              132.686948367,
              35.377355031
            ],
            [
              132.686803218,
              35.377350729
            ],
            [
              132.686752285,
              35.377615257
            ]
          ]
        ]
      },
      "properties": {
        "polygon_uuid": "dd5ed196-777f-4367-9f65-dff281b806ea",
        "daicho_shubetsu_cd": "FUD25"
      }
    },
    {
      "type": "Feature",
      "geometry": {
        "type": "Polygon",
        "coordinates": [
          [
            [
              132.695614922,
              35.376094096
            ],
            [
              132.696082102,
              35.375281749
            ],
            [
              132.695795774,
              35.37517055
            ],
            [
              132.69533042,
              35.375982224
            ],
            [
              132.695607162,
              35.376091055
            ],
            [
              132.695614922,
              35.376094096
            ]
          ]
        ]
      },
      "properties": {
        "polygon_uuid": "b4be94e0-0c1e-46c6-8635-e02eb7f31d88",
        "daicho_shubetsu_cd": "FUD25"
      }
    },
    {
      "type": "Feature",
      "geometry": {
        "type": "Polygon",
        "coordinates": [
          [
            [
              132.682198064,
              35.374071366
            ],
            [
              132.682183519,
              35.374178106
            ],
            [
              132.68216716,
              35.374265457
            ],
            [
              132.682164165,
              35.374326428
            ],
            [
              132.682176137,
              35.374347158
            ],
            [
              132.682169662,
              35.374392904
            ],
            [
              132.682423506,
              35.374411217
            ],
            [
              132.682706079,
              35.37442525
            ],
            [
              132.682693153,
              35.374399756
            ],
            [
              132.682694133,
              35.374376661
            ],
            [
              132.682703089,
              35.374366463
            ],
            [
              132.68270407,
              35.374343369
            ],
            [
              132.682735638,
              35.37434231
            ],
            [
              132.682753646,
              35.374336692
            ],
            [
              132.682767077,
              35.374320933
            ],
            [
              132.68277793,
              35.374254386
            ],
            [
              132.682792124,
              35.374004026
            ],
            [
              132.682665478,
              35.374016783
            ],
            [
              132.682455851,
              35.374035688
            ],
            [
              132.68243906,
              35.374055156
            ],
            [
              132.682237812,
              35.374061556
            ],
            [
              132.682198064,
              35.374071366
            ]
          ]
        ]
      },
      "properties": {
        "polygon_uuid": "1c4dcd33-93b1-4007-aa9d-e0ba24029073",
        "daicho_shubetsu_cd": "FUD25"
      }
    },
    {
      "type": "Feature",
      "geometry": {
        "type": "Polygon",
        "coordinates": [
          [
            [
              132.696633504,
              35.379328394
            ],
            [
              132.696618847,
              35.379348305
            ],
            [
              132.696576283,
              35.379729266
            ],
            [
              132.696570506,
              35.379768903
            ],
            [
              132.696584168,
              35.379770972
            ],
            [
              132.696675548,
              35.379772353
            ],
            [
              132.696702622,
              35.379770015
            ],
            [
              132.696764149,
              35.379348683
            ],
            [
              132.696633504,
              35.379328394
            ]
          ]
        ]
      },
      "properties": {
        "polygon_uuid": "0e28491e-ebe5-4c31-9d3d-e0fd4230d98a",
        "daicho_shubetsu_cd": "FUD25"
      }
    },
    {
      "type": "Feature",
      "geometry": {
        "type": "Polygon",
        "coordinates": [
          [
            [
              132.692271519,
              35.378649082
            ],
            [
              132.692256705,
              35.378629102
            ],
            [
              132.692227883,
              35.378617692
            ],
            [
              132.692073904,
              35.378556736
            ],
            [
              132.691834979,
              35.378964353
            ],
            [
              132.692016028,
              35.379034731
            ],
            [
              132.692271519,
              35.378649082
            ]
          ]
        ]
      },
      "properties": {
        "polygon_uuid": "63cde695-b40e-44d7-9f3f-e148c00674ad",
        "daicho_shubetsu_cd": "FUD25"
      }
    },
    {
      "type": "Feature",
      "geometry": {
        "type": "Polygon",
        "coordinates": [
          [
            [
              132.696633504,
              35.379328394
            ],
            [
              132.696764149,
              35.379348683
            ],
            [
              132.696929706,
              35.379374393
            ],
            [
              132.697265537,
              35.379426544
            ],
            [
              132.697364089,
              35.379273126
            ],
            [
              132.697370758,
              35.379263096
            ],
            [
              132.696773109,
              35.379159101
            ],
            [
              132.696639897,
              35.379319709
            ],
            [
              132.696633504,
              35.379328394
            ]
          ]
        ]
      },
      "properties": {
        "polygon_uuid": "42086b41-7003-45fd-a6ef-e161b9ba5ffd",
        "daicho_shubetsu_cd": "FUD25"
      }
    },
    {
      "type": "Feature",
      "geometry": {
        "type": "Polygon",
        "coordinates": [
          [
            [
              132.692960019,
              35.379527479
            ],
            [
              132.693116882,
              35.37956243
            ],
            [
              132.693143527,
              35.379496589
            ],
            [
              132.693169657,
              35.379500435
            ],
            [
              132.693282008,
              35.379232293
            ],
            [
              132.693125143,
              35.379198414
            ],
            [
              132.69308727,
              35.379310491
            ],
            [
              132.693035055,
              35.379309927
            ],
            [
              132.692960019,
              35.379527479
            ]
          ]
        ]
      },
      "properties": {
        "polygon_uuid": "c123fbbf-7679-47c3-8b13-e1dd677442e2",
        "daicho_shubetsu_cd": "FUD25"
      }
    },
    {
      "type": "Feature",
      "geometry": {
        "type": "Polygon",
        "coordinates": [
          [
            [
              132.691844896,
              35.375720161
            ],
            [
              132.69198701,
              35.375775457
            ],
            [
              132.692455597,
              35.374959331
            ],
            [
              132.69214064,
              35.374837024
            ],
            [
              132.691665063,
              35.375650189
            ],
            [
              132.691844896,
              35.375720161
            ]
          ]
        ]
      },
      "properties": {
        "polygon_uuid": "879c8b1a-ae34-4138-8833-e2a1ae378758",
        "daicho_shubetsu_cd": "FUD25"
      }
    },
    {
      "type": "Feature",
      "geometry": {
        "type": "Polygon",
        "coordinates": [
          [
            [
              132.690116012,
              35.374522087
            ],
            [
              132.690256222,
              35.374575626
            ],
            [
              132.690468108,
              35.374209455
            ],
            [
              132.690342516,
              35.37416081
            ],
            [
              132.68998839,
              35.37403017
            ],
            [
              132.689865169,
              35.373988303
            ],
            [
              132.689655785,
              35.374346349
            ],
            [
              132.690116012,
              35.374522087
            ]
          ]
        ]
      },
      "properties": {
        "polygon_uuid": "c7bc5478-6e9a-4527-9a88-e33b40bbcc3d",
        "daicho_shubetsu_cd": "FUD25"
      }
    },
    {
      "type": "Feature",
      "geometry": {
        "type": "Polygon",
        "coordinates": [
          [
            [
              132.694222832,
              35.37872801
            ],
            [
              132.694280556,
              35.37875012
            ],
            [
              132.694775863,
              35.377919327
            ],
            [
              132.694580822,
              35.377843199
            ],
            [
              132.694097725,
              35.378680088
            ],
            [
              132.694135287,
              35.378694477
            ],
            [
              132.694222832,
              35.37872801
            ]
          ]
        ]
      },
      "properties": {
        "polygon_uuid": "03a91b56-eddd-4547-af86-e36051f6fd34",
        "daicho_shubetsu_cd": "FUD25"
      }
    },
    {
      "type": "Feature",
      "geometry": {
        "type": "Polygon",
        "coordinates": [
          [
            [
              132.69452219,
              35.378842678
            ],
            [
              132.695008997,
              35.378010323
            ],
            [
              132.694775863,
              35.377919327
            ],
            [
              132.694280556,
              35.37875012
            ],
            [
              132.69452219,
              35.378842678
            ]
          ]
        ]
      },
      "properties": {
        "polygon_uuid": "ca75adaf-af6a-4169-b4c3-e42dd414096e",
        "daicho_shubetsu_cd": "FUD25"
      }
    },
    {
      "type": "Feature",
      "geometry": {
        "type": "Polygon",
        "coordinates": [
          [
            [
              132.685229908,
              35.37256217
            ],
            [
              132.685408961,
              35.372567132
            ],
            [
              132.68542421,
              35.372571222
            ],
            [
              132.685437414,
              35.372503304
            ],
            [
              132.68546336,
              35.37232863
            ],
            [
              132.685457114,
              35.372306985
            ],
            [
              132.685284511,
              35.372295718
            ],
            [
              132.685277852,
              35.372312372
            ],
            [
              132.685229908,
              35.37256217
            ]
          ]
        ]
      },
      "properties": {
        "polygon_uuid": "c91f9f5b-f3ed-40c7-9e97-e4346576d9d1",
        "daicho_shubetsu_cd": "FUD25"
      }
    },
    {
      "type": "Feature",
      "geometry": {
        "type": "Polygon",
        "coordinates": [
          [
            [
              132.685860916,
              35.380205274
            ],
            [
              132.685562844,
              35.380208419
            ],
            [
              132.68555386,
              35.380372853
            ],
            [
              132.685667624,
              35.380375105
            ],
            [
              132.685653622,
              35.380539562
            ],
            [
              132.685831031,
              35.380548506
            ],
            [
              132.685860916,
              35.380205274
            ]
          ]
        ]
      },
      "properties": {
        "polygon_uuid": "079d41b7-b132-440d-b46a-e57336cee9af",
        "daicho_shubetsu_cd": "FUD25"
      }
    },
    {
      "type": "Feature",
      "geometry": {
        "type": "Polygon",
        "coordinates": [
          [
            [
              132.701715794,
              35.375228732
            ],
            [
              132.701680194,
              35.375207842
            ],
            [
              132.701542804,
              35.375410584
            ],
            [
              132.70210261,
              35.375678866
            ],
            [
              132.702225698,
              35.375495286
            ],
            [
              132.702305726,
              35.375536178
            ],
            [
              132.702448525,
              35.375396824
            ],
            [
              132.702389774,
              35.375365459
            ],
            [
              132.70225963,
              35.375281558
            ],
            [
              132.702154297,
              35.375221643
            ],
            [
              132.702000798,
              35.375134329
            ],
            [
              132.701875026,
              35.375054788
            ],
            [
              132.701801116,
              35.375133047
            ],
            [
              132.701715794,
              35.375228732
            ]
          ]
        ]
      },
      "properties": {
        "polygon_uuid": "2d3f28f8-c2e6-4a8f-a542-e62e0ab41969",
        "daicho_shubetsu_cd": "FUD25"
      }
    },
    {
      "type": "Feature",
      "geometry": {
        "type": "Polygon",
        "coordinates": [
          [
            [
              132.695904336,
              35.379382989
            ],
            [
              132.696157095,
              35.378937262
            ],
            [
              132.696379125,
              35.37854572
            ],
            [
              132.6962558,
              35.378496824
            ],
            [
              132.695769061,
              35.379329952
            ],
            [
              132.695904336,
              35.379382989
            ]
          ]
        ]
      },
      "properties": {
        "polygon_uuid": "37182d39-7e12-4c03-9fca-e6abaa284985",
        "daicho_shubetsu_cd": "FUD25"
      }
    },
    {
      "type": "Feature",
      "geometry": {
        "type": "Polygon",
        "coordinates": [
          [
            [
              132.689788359,
              35.379849745
            ],
            [
              132.68984027,
              35.380080394
            ],
            [
              132.689918096,
              35.380065041
            ],
            [
              132.689915725,
              35.38005285
            ],
            [
              132.690262646,
              35.380006299
            ],
            [
              132.690315364,
              35.380007008
            ],
            [
              132.69028434,
              35.379825504
            ],
            [
              132.690256381,
              35.379672162
            ],
            [
              132.690251585,
              35.379672645
            ],
            [
              132.690181347,
              35.379679831
            ],
            [
              132.68976759,
              35.379727924
            ],
            [
              132.689788359,
              35.379849745
            ]
          ]
        ]
      },
      "properties": {
        "polygon_uuid": "5c9a571a-a62c-4082-80f5-e6af302bf99a",
        "daicho_shubetsu_cd": "FUD25"
      }
    },
    {
      "type": "Feature",
      "geometry": {
        "type": "Polygon",
        "coordinates": [
          [
            [
              132.69666751,
              35.376506523
            ],
            [
              132.697135254,
              35.375690748
            ],
            [
              132.69681714,
              35.375567208
            ],
            [
              132.696345761,
              35.376380455
            ],
            [
              132.69666751,
              35.376506523
            ]
          ]
        ]
      },
      "properties": {
        "polygon_uuid": "b3d3c99e-1044-4e4f-a518-e6f1d5400d0d",
        "daicho_shubetsu_cd": "FUD25"
      }
    },
    {
      "type": "Feature",
      "geometry": {
        "type": "Polygon",
        "coordinates": [
          [
            [
              132.696701088,
              35.373429879
            ],
            [
              132.697017415,
              35.372886859
            ],
            [
              132.696998121,
              35.372888242
            ],
            [
              132.696879583,
              35.372904347
            ],
            [
              132.696828983,
              35.372918571
            ],
            [
              132.696563444,
              35.373376036
            ],
            [
              132.696701088,
              35.373429879
            ]
          ]
        ]
      },
      "properties": {
        "polygon_uuid": "8c5b2ac4-3180-440e-b7c4-e71f368282b1",
        "daicho_shubetsu_cd": "FUD25"
      }
    },
    {
      "type": "Feature",
      "geometry": {
        "type": "Polygon",
        "coordinates": [
          [
            [
              132.692286364,
              35.378581948
            ],
            [
              132.692591677,
              35.378110459
            ],
            [
              132.692601654,
              35.378095658
            ],
            [
              132.692544141,
              35.378073712
            ],
            [
              132.692323929,
              35.377989682
            ],
            [
              132.692254907,
              35.377963345
            ],
            [
              132.69196506,
              35.378462815
            ],
            [
              132.692270352,
              35.378581216
            ],
            [
              132.692286364,
              35.378581948
            ]
          ]
        ]
      },
      "properties": {
        "polygon_uuid": "d6d43f87-369e-4d8a-affd-e779aafd5604",
        "daicho_shubetsu_cd": "FUD25"
      }
    },
    {
      "type": "Feature",
      "geometry": {
        "type": "Polygon",
        "coordinates": [
          [
            [
              132.688414638,
              35.374906539
            ],
            [
              132.688509141,
              35.37494312
            ],
            [
              132.688745387,
              35.374530142
            ],
            [
              132.688614773,
              35.374479269
            ],
            [
              132.688350311,
              35.374381243
            ],
            [
              132.688110131,
              35.374788671
            ],
            [
              132.688414638,
              35.374906539
            ]
          ]
        ]
      },
      "properties": {
        "polygon_uuid": "972e6c0f-3353-458f-a795-e7ae6e2fa0d1",
        "daicho_shubetsu_cd": "FUD25"
      }
    },
    {
      "type": "Feature",
      "geometry": {
        "type": "Polygon",
        "coordinates": [
          [
            [
              132.689986968,
              35.3722374
            ],
            [
              132.689655564,
              35.37224717
            ],
            [
              132.689652749,
              35.372261471
            ],
            [
              132.68964919,
              35.372385921
            ],
            [
              132.689646281,
              35.372610987
            ],
            [
              132.689918703,
              35.372603752
            ],
            [
              132.689939809,
              35.372720355
            ],
            [
              132.689933903,
              35.372923613
            ],
            [
              132.690146891,
              35.372913534
            ],
            [
              132.690152738,
              35.372693219
            ],
            [
              132.690154421,
              35.372634881
            ],
            [
              132.690157652,
              35.372262378
            ],
            [
              132.690156933,
              35.372231036
            ],
            [
              132.690151799,
              35.372228845
            ],
            [
              132.689986968,
              35.3722374
            ]
          ]
        ]
      },
      "properties": {
        "polygon_uuid": "30ed2727-2f81-4000-9bdb-e8b073cb772a",
        "daicho_shubetsu_cd": "FUD25"
      }
    },
    {
      "type": "Feature",
      "geometry": {
        "type": "Polygon",
        "coordinates": [
          [
            [
              132.691071401,
              35.379167836
            ],
            [
              132.691308149,
              35.378759559
            ],
            [
              132.691215882,
              35.378723692
            ],
            [
              132.690933978,
              35.378614106
            ],
            [
              132.69092847,
              35.378611969
            ],
            [
              132.69069293,
              35.379018687
            ],
            [
              132.690696318,
              35.379020027
            ],
            [
              132.691071401,
              35.379167836
            ]
          ]
        ]
      },
      "properties": {
        "polygon_uuid": "85b6afbb-5b40-4a5a-b92b-e97069a68f74",
        "daicho_shubetsu_cd": "FUD25"
      }
    },
    {
      "type": "Feature",
      "geometry": {
        "type": "Polygon",
        "coordinates": [
          [
            [
              132.689408449,
              35.378029242
            ],
            [
              132.689148572,
              35.377927778
            ],
            [
              132.688922815,
              35.377839635
            ],
            [
              132.688690791,
              35.378241699
            ],
            [
              132.689094615,
              35.378400329
            ],
            [
              132.689142639,
              35.378407265
            ],
            [
              132.689197137,
              35.378403458
            ],
            [
              132.689247191,
              35.378387166
            ],
            [
              132.689408449,
              35.378029242
            ]
          ]
        ]
      },
      "properties": {
        "polygon_uuid": "4646dc0a-faed-4bae-9a14-e976802b3845",
        "daicho_shubetsu_cd": "FUD25"
      }
    },
    {
      "type": "Feature",
      "geometry": {
        "type": "Polygon",
        "coordinates": [
          [
            [
              132.691832,
              35.374609686
            ],
            [
              132.691841715,
              35.374613314
            ],
            [
              132.691970454,
              35.374673871
            ],
            [
              132.691989393,
              35.374679493
            ],
            [
              132.692047411,
              35.374574121
            ],
            [
              132.692447979,
              35.373876031
            ],
            [
              132.692288837,
              35.373815208
            ],
            [
              132.691832,
              35.374609686
            ]
          ]
        ]
      },
      "properties": {
        "polygon_uuid": "b8de7d23-45b5-4961-9f1a-ea3e6128ef08",
        "daicho_shubetsu_cd": "FUD25"
      }
    },
    {
      "type": "Feature",
      "geometry": {
        "type": "Polygon",
        "coordinates": [
          [
            [
              132.686388998,
              35.372703907
            ],
            [
              132.686475961,
              35.372701707
            ],
            [
              132.686549642,
              35.372707026
            ],
            [
              132.68650319,
              35.37268552
            ],
            [
              132.686334296,
              35.372604961
            ],
            [
              132.686170902,
              35.372512505
            ],
            [
              132.686085792,
              35.372455789
            ],
            [
              132.686062782,
              35.372436823
            ],
            [
              132.686016007,
              35.372443389
            ],
            [
              132.685914596,
              35.372452958
            ],
            [
              132.685798023,
              35.372462624
            ],
            [
              132.685803015,
              35.372526416
            ],
            [
              132.685831417,
              35.372608492
            ],
            [
              132.685864356,
              35.372702422
            ],
            [
              132.685874895,
              35.372780922
            ],
            [
              132.685890119,
              35.372894656
            ],
            [
              132.685894611,
              35.372989451
            ],
            [
              132.685995062,
              35.372933509
            ],
            [
              132.686263881,
              35.37289958
            ],
            [
              132.686240144,
              35.372792225
            ],
            [
              132.686248877,
              35.372762962
            ],
            [
              132.686287798,
              35.372746354
            ],
            [
              132.686315634,
              35.372739841
            ],
            [
              132.686352249,
              35.372711372
            ],
            [
              132.686388998,
              35.372703907
            ]
          ]
        ]
      },
      "properties": {
        "polygon_uuid": "612054cf-03fb-4b7d-aa9a-ea7914623213",
        "daicho_shubetsu_cd": "FUD25"
      }
    },
    {
      "type": "Feature",
      "geometry": {
        "type": "Polygon",
        "coordinates": [
          [
            [
              132.68925646,
              35.379001775
            ],
            [
              132.689551528,
              35.379118484
            ],
            [
              132.689786616,
              35.378706578
            ],
            [
              132.689516814,
              35.378600391
            ],
            [
              132.689464401,
              35.378584834
            ],
            [
              132.689409336,
              35.378585072
            ],
            [
              132.689372247,
              35.378597635
            ],
            [
              132.689301971,
              35.378800886
            ],
            [
              132.689277598,
              35.37886413
            ],
            [
              132.68925646,
              35.379001775
            ]
          ]
        ]
      },
      "properties": {
        "polygon_uuid": "616b1ef7-6039-4730-8600-eaed53d74d63",
        "daicho_shubetsu_cd": "FUD25"
      }
    },
    {
      "type": "Feature",
      "geometry": {
        "type": "Polygon",
        "coordinates": [
          [
            [
              132.698502352,
              35.380545887
            ],
            [
              132.698891299,
              35.380567987
            ],
            [
              132.698945615,
              35.380571175
            ],
            [
              132.698997959,
              35.380391795
            ],
            [
              132.698988115,
              35.380391138
            ],
            [
              132.699021697,
              35.380269734
            ],
            [
              132.69859555,
              35.380238434
            ],
            [
              132.698502352,
              35.380545887
            ]
          ]
        ]
      },
      "properties": {
        "polygon_uuid": "6d7e9b90-2148-4182-8713-eb39e2d5ae13",
        "daicho_shubetsu_cd": "FUD25"
      }
    },
    {
      "type": "Feature",
      "geometry": {
        "type": "Polygon",
        "coordinates": [
          [
            [
              132.689961527,
              35.373734559
            ],
            [
              132.690288106,
              35.373652173
            ],
            [
              132.690291599,
              35.373517602
            ],
            [
              132.690288445,
              35.373254459
            ],
            [
              132.689906212,
              35.37327338
            ],
            [
              132.689955642,
              35.373723868
            ],
            [
              132.689961527,
              35.373734559
            ]
          ]
        ]
      },
      "properties": {
        "polygon_uuid": "16087d49-514e-423a-9871-ebde5d1f3124",
        "daicho_shubetsu_cd": "FUD25"
      }
    },
    {
      "type": "Feature",
      "geometry": {
        "type": "Polygon",
        "coordinates": [
          [
            [
              132.694256529,
              35.372472681
            ],
            [
              132.69471567,
              35.372495563
            ],
            [
              132.694731777,
              35.37226757
            ],
            [
              132.694280583,
              35.372236793
            ],
            [
              132.694251044,
              35.372402835
            ],
            [
              132.694240469,
              35.372462271
            ],
            [
              132.694256529,
              35.372472681
            ]
          ]
        ]
      },
      "properties": {
        "polygon_uuid": "ed2cff9e-f043-46d0-81f8-ec6d277e7432",
        "daicho_shubetsu_cd": "FUD25"
      }
    },
    {
      "type": "Feature",
      "geometry": {
        "type": "Polygon",
        "coordinates": [
          [
            [
              132.698717773,
              35.3795148
            ],
            [
              132.699216539,
              35.37954726
            ],
            [
              132.699221373,
              35.379477925
            ],
            [
              132.699219175,
              35.37934472
            ],
            [
              132.699214651,
              35.379058815
            ],
            [
              132.69920238,
              35.379002551
            ],
            [
              132.699169143,
              35.378975622
            ],
            [
              132.699138692,
              35.378970341
            ],
            [
              132.698983911,
              35.378961275
            ],
            [
              132.698974072,
              35.379073955
            ],
            [
              132.698783607,
              35.379068296
            ],
            [
              132.698760039,
              35.379305587
            ],
            [
              132.698744178,
              35.37930674
            ],
            [
              132.698717773,
              35.3795148
            ]
          ]
        ]
      },
      "properties": {
        "polygon_uuid": "00906d84-a57c-485c-a6f8-ec8a3e7ce56d",
        "daicho_shubetsu_cd": "FUD25"
      }
    },
    {
      "type": "Feature",
      "geometry": {
        "type": "Polygon",
        "coordinates": [
          [
            [
              132.699880741,
              35.380498732
            ],
            [
              132.699969971,
              35.380493463
            ],
            [
              132.700129171,
              35.380495198
            ],
            [
              132.700227294,
              35.380485017
            ],
            [
              132.700199585,
              35.380343802
            ],
            [
              132.700077707,
              35.380361398
            ],
            [
              132.700056799,
              35.380349306
            ],
            [
              132.700043935,
              35.380203152
            ],
            [
              132.700003511,
              35.380164341
            ],
            [
              132.699992744,
              35.380110777
            ],
            [
              132.6997445,
              35.380142334
            ],
            [
              132.699767011,
              35.380398104
            ],
            [
              132.699850306,
              35.3803953
            ],
            [
              132.699862497,
              35.380439109
            ],
            [
              132.699880493,
              35.380460961
            ],
            [
              132.699880741,
              35.380498732
            ]
          ]
        ]
      },
      "properties": {
        "polygon_uuid": "ed9d4ce9-1007-4135-934d-ed1e660c2e09",
        "daicho_shubetsu_cd": "FUD25"
      }
    },
    {
      "type": "Feature",
      "geometry": {
        "type": "Polygon",
        "coordinates": [
          [
            [
              132.692315348,
              35.374825465
            ],
            [
              132.692444969,
              35.37487592
            ],
            [
              132.69291119,
              35.374057486
            ],
            [
              132.692786548,
              35.374008535
            ],
            [
              132.692315348,
              35.374825465
            ]
          ]
        ]
      },
      "properties": {
        "polygon_uuid": "70e5dfb9-c2ac-4624-98c5-ed51665989bc",
        "daicho_shubetsu_cd": "FUD25"
      }
    },
    {
      "type": "Feature",
      "geometry": {
        "type": "Polygon",
        "coordinates": [
          [
            [
              132.690019091,
              35.379303416
            ],
            [
              132.690278026,
              35.379399648
            ],
            [
              132.690519222,
              35.378994839
            ],
            [
              132.69050999,
              35.378991274
            ],
            [
              132.690226688,
              35.378879776
            ],
            [
              132.689988441,
              35.379291293
            ],
            [
              132.690019091,
              35.379303416
            ]
          ]
        ]
      },
      "properties": {
        "polygon_uuid": "6bd9eb5c-1db4-48ae-a76e-ed72573ad83c",
        "daicho_shubetsu_cd": "FUD25"
      }
    },
    {
      "type": "Feature",
      "geometry": {
        "type": "Polygon",
        "coordinates": [
          [
            [
              132.692544141,
              35.378073712
            ],
            [
              132.693026024,
              35.377241005
            ],
            [
              132.692809197,
              35.377157095
            ],
            [
              132.692323929,
              35.377989682
            ],
            [
              132.692544141,
              35.378073712
            ]
          ]
        ]
      },
      "properties": {
        "polygon_uuid": "e55c5361-60b8-401d-8399-edfb99444e55",
        "daicho_shubetsu_cd": "FUD25"
      }
    },
    {
      "type": "Feature",
      "geometry": {
        "type": "Polygon",
        "coordinates": [
          [
            [
              132.689408449,
              35.378029242
            ],
            [
              132.689624131,
              35.377656793
            ],
            [
              132.689610839,
              35.3776247
            ],
            [
              132.689575733,
              35.37759163
            ],
            [
              132.689507932,
              35.377561559
            ],
            [
              132.689387994,
              35.377514751
            ],
            [
              132.689148572,
              35.377927778
            ],
            [
              132.689408449,
              35.378029242
            ]
          ]
        ]
      },
      "properties": {
        "polygon_uuid": "18493157-d292-4faa-9e80-ee12b24df4ac",
        "daicho_shubetsu_cd": "FUD25"
      }
    },
    {
      "type": "Feature",
      "geometry": {
        "type": "Polygon",
        "coordinates": [
          [
            [
              132.69409943,
              35.373445994
            ],
            [
              132.694301768,
              35.373525155
            ],
            [
              132.694380665,
              35.373556143
            ],
            [
              132.694648859,
              35.373092323
            ],
            [
              132.694459644,
              35.373018423
            ],
            [
              132.694340027,
              35.37302889
            ],
            [
              132.69409943,
              35.373445994
            ]
          ]
        ]
      },
      "properties": {
        "polygon_uuid": "bfb9bdd7-ed47-4bda-985b-ee8a7e55c287",
        "daicho_shubetsu_cd": "FUD25"
      }
    },
    {
      "type": "Feature",
      "geometry": {
        "type": "Polygon",
        "coordinates": [
          [
            [
              132.69135956,
              35.376556699
            ],
            [
              132.691844896,
              35.375720161
            ],
            [
              132.691665063,
              35.375650189
            ],
            [
              132.691633292,
              35.375637828
            ],
            [
              132.691146106,
              35.376474644
            ],
            [
              132.69135956,
              35.376556699
            ]
          ]
        ]
      },
      "properties": {
        "polygon_uuid": "b9107b8b-9277-4ae9-b510-eed3afefb57a",
        "daicho_shubetsu_cd": "FUD25"
      }
    },
    {
      "type": "Feature",
      "geometry": {
        "type": "Polygon",
        "coordinates": [
          [
            [
              132.702146024,
              35.374696979
            ],
            [
              132.702002101,
              35.374829207
            ],
            [
              132.701962421,
              35.374827758
            ],
            [
              132.70193075,
              35.374837646
            ],
            [
              132.701879577,
              35.374897981
            ],
            [
              132.701849825,
              35.374898113
            ],
            [
              132.701792102,
              35.374969547
            ],
            [
              132.702178652,
              35.375199538
            ],
            [
              132.702499248,
              35.374884545
            ],
            [
              132.70216091,
              35.374700624
            ],
            [
              132.702146024,
              35.374696979
            ]
          ]
        ]
      },
      "properties": {
        "polygon_uuid": "6f1c7791-0a5b-40b1-8daf-eedac4edd7a7",
        "daicho_shubetsu_cd": "FUD25"
      }
    },
    {
      "type": "Feature",
      "geometry": {
        "type": "Polygon",
        "coordinates": [
          [
            [
              132.696743778,
              35.375519793
            ],
            [
              132.697221431,
              35.374707487
            ],
            [
              132.69686985,
              35.374571337
            ],
            [
              132.696399234,
              35.375386622
            ],
            [
              132.696743778,
              35.375519793
            ]
          ]
        ]
      },
      "properties": {
        "polygon_uuid": "3fb9a6e2-c93b-4e70-a31d-eef8ce696a21",
        "daicho_shubetsu_cd": "FUD25"
      }
    },
    {
      "type": "Feature",
      "geometry": {
        "type": "Polygon",
        "coordinates": [
          [
            [
              132.695638822,
              35.378207873
            ],
            [
              132.69611281,
              35.377377945
            ],
            [
              132.695866444,
              35.377282216
            ],
            [
              132.695392405,
              35.37811201
            ],
            [
              132.695434184,
              35.378128239
            ],
            [
              132.695638822,
              35.378207873
            ]
          ]
        ]
      },
      "properties": {
        "polygon_uuid": "38ebb466-d2bf-474e-b8cb-ef2ec150a555",
        "daicho_shubetsu_cd": "FUD25"
      }
    },
    {
      "type": "Feature",
      "geometry": {
        "type": "Polygon",
        "coordinates": [
          [
            [
              132.689007652,
              35.375136082
            ],
            [
              132.689243708,
              35.374724233
            ],
            [
              132.688745387,
              35.374530142
            ],
            [
              132.688509141,
              35.37494312
            ],
            [
              132.688923995,
              35.3751037
            ],
            [
              132.689007652,
              35.375136082
            ]
          ]
        ]
      },
      "properties": {
        "polygon_uuid": "46b07234-5eb9-464e-b243-ef48aeafd830",
        "daicho_shubetsu_cd": "FUD25"
      }
    },
    {
      "type": "Feature",
      "geometry": {
        "type": "Polygon",
        "coordinates": [
          [
            [
              132.700269026,
              35.371637081
            ],
            [
              132.700257331,
              35.371594409
            ],
            [
              132.700226778,
              35.371560149
            ],
            [
              132.700128535,
              35.371520456
            ],
            [
              132.699970735,
              35.371470516
            ],
            [
              132.699850456,
              35.371450028
            ],
            [
              132.699756484,
              35.371443666
            ],
            [
              132.699604754,
              35.371430004
            ],
            [
              132.699583872,
              35.371447293
            ],
            [
              132.699562466,
              35.371739741
            ],
            [
              132.699554492,
              35.37212385
            ],
            [
              132.69955702,
              35.372153456
            ],
            [
              132.699579195,
              35.372155269
            ],
            [
              132.699672176,
              35.372104222
            ],
            [
              132.699928116,
              35.371945271
            ],
            [
              132.700119567,
              35.371791084
            ],
            [
              132.700234345,
              35.371684527
            ],
            [
              132.700269026,
              35.371637081
            ]
          ]
        ]
      },
      "properties": {
        "polygon_uuid": "eea7c777-d14d-4348-a083-efb8a7a055a7",
        "daicho_shubetsu_cd": "FUD25"
      }
    },
    {
      "type": "Feature",
      "geometry": {
        "type": "Polygon",
        "coordinates": [
          [
            [
              132.683167748,
              35.373528472
            ],
            [
              132.683384695,
              35.373596815
            ],
            [
              132.683715204,
              35.373698067
            ],
            [
              132.68377243,
              35.3733915
            ],
            [
              132.683679674,
              35.373434846
            ],
            [
              132.683558049,
              35.373460303
            ],
            [
              132.683476763,
              35.373445411
            ],
            [
              132.683422512,
              35.373426247
            ],
            [
              132.683417262,
              35.373398561
            ],
            [
              132.68344383,
              35.373320865
            ],
            [
              132.683462162,
              35.373277837
            ],
            [
              132.683301683,
              35.373255999
            ],
            [
              132.683226445,
              35.373246469
            ],
            [
              132.683206986,
              35.373260098
            ],
            [
              132.683158822,
              35.373488129
            ],
            [
              132.683159746,
              35.373515218
            ],
            [
              132.683167748,
              35.373528472
            ]
          ]
        ]
      },
      "properties": {
        "polygon_uuid": "78eba8f9-d9f1-4da6-b71a-f03fb5aa64c2",
        "daicho_shubetsu_cd": "FUD25"
      }
    },
    {
      "type": "Feature",
      "geometry": {
        "type": "Polygon",
        "coordinates": [
          [
            [
              132.705059398,
              35.373679186
            ],
            [
              132.704793231,
              35.373518611
            ],
            [
              132.704658994,
              35.373434159
            ],
            [
              132.704545366,
              35.373548533
            ],
            [
              132.704238937,
              35.373328065
            ],
            [
              132.704007988,
              35.373558359
            ],
            [
              132.703957923,
              35.373520695
            ],
            [
              132.703741045,
              35.37372664
            ],
            [
              132.703794695,
              35.373768174
            ],
            [
              132.703736944,
              35.373823805
            ],
            [
              132.703944344,
              35.373977347
            ],
            [
              132.704057549,
              35.374056505
            ],
            [
              132.704104005,
              35.374086413
            ],
            [
              132.704200748,
              35.374008265
            ],
            [
              132.704317389,
              35.373890198
            ],
            [
              132.704593427,
              35.374020119
            ],
            [
              132.704725268,
              35.373868953
            ],
            [
              132.704832426,
              35.37393065
            ],
            [
              132.705059398,
              35.373679186
            ]
          ]
        ]
      },
      "properties": {
        "polygon_uuid": "9e5a99b4-98d0-48a0-b52b-f051d7a7ea1c",
        "daicho_shubetsu_cd": "FUD25"
      }
    },
    {
      "type": "Feature",
      "geometry": {
        "type": "Polygon",
        "coordinates": [
          [
            [
              132.687331461,
              35.375530529
            ],
            [
              132.687423645,
              35.375566
            ],
            [
              132.68766326,
              35.375156248
            ],
            [
              132.687098088,
              35.374937869
            ],
            [
              132.686859696,
              35.375348979
            ],
            [
              132.68686411,
              35.375350698
            ],
            [
              132.686920288,
              35.375372315
            ],
            [
              132.687331461,
              35.375530529
            ]
          ]
        ]
      },
      "properties": {
        "polygon_uuid": "62e41e21-136f-4eec-ae22-f102e1a74c7e",
        "daicho_shubetsu_cd": "FUD25"
      }
    },
    {
      "type": "Feature",
      "geometry": {
        "type": "Polygon",
        "coordinates": [
          [
            [
              132.690554001,
              35.373651535
            ],
            [
              132.690765988,
              35.373733527
            ],
            [
              132.690851818,
              35.373767105
            ],
            [
              132.690972732,
              35.373555207
            ],
            [
              132.690554001,
              35.373651535
            ]
          ]
        ]
      },
      "properties": {
        "polygon_uuid": "a6e6213a-9813-41e6-ae51-f1063421ae04",
        "daicho_shubetsu_cd": "FUD25"
      }
    },
    {
      "type": "Feature",
      "geometry": {
        "type": "Polygon",
        "coordinates": [
          [
            [
              132.686730226,
              35.376440418
            ],
            [
              132.687324469,
              35.376665121
            ],
            [
              132.687593354,
              35.376195967
            ],
            [
              132.686998028,
              35.375966108
            ],
            [
              132.686730226,
              35.376440418
            ]
          ]
        ]
      },
      "properties": {
        "polygon_uuid": "249fcd78-14e8-4434-93cc-f3142d8a8d8c",
        "daicho_shubetsu_cd": "FUD25"
      }
    },
    {
      "type": "Feature",
      "geometry": {
        "type": "Polygon",
        "coordinates": [
          [
            [
              132.685832448,
              35.374640561
            ],
            [
              132.686301317,
              35.374645041
            ],
            [
              132.686318126,
              35.374638474
            ],
            [
              132.686323995,
              35.374626271
            ],
            [
              132.686312964,
              35.374451774
            ],
            [
              132.686279061,
              35.374420258
            ],
            [
              132.686257245,
              35.374418728
            ],
            [
              132.685881724,
              35.37444145
            ],
            [
              132.685835185,
              35.374448956
            ],
            [
              132.685825362,
              35.374462799
            ],
            [
              132.685831352,
              35.374624329
            ],
            [
              132.685832448,
              35.374640561
            ]
          ]
        ]
      },
      "properties": {
        "polygon_uuid": "5f042b4e-da14-4d2f-aa5e-f35100b991fc",
        "daicho_shubetsu_cd": "FUD25"
      }
    },
    {
      "type": "Feature",
      "geometry": {
        "type": "Polygon",
        "coordinates": [
          [
            [
              132.691930062,
              35.376776007
            ],
            [
              132.692412185,
              35.375940889
            ],
            [
              132.692161862,
              35.375843491
            ],
            [
              132.692119161,
              35.375826877
            ],
            [
              132.69163209,
              35.376661464
            ],
            [
              132.691930062,
              35.376776007
            ]
          ]
        ]
      },
      "properties": {
        "polygon_uuid": "edbbda8c-3431-4254-8112-f379a5f79f41",
        "daicho_shubetsu_cd": "FUD25"
      }
    },
    {
      "type": "Feature",
      "geometry": {
        "type": "Polygon",
        "coordinates": [
          [
            [
              132.696111721,
              35.375275491
            ],
            [
              132.696582535,
              35.374460073
            ],
            [
              132.696496983,
              35.374426943
            ],
            [
              132.696447842,
              35.374408044
            ],
            [
              132.695975337,
              35.375222775
            ],
            [
              132.696111721,
              35.375275491
            ]
          ]
        ]
      },
      "properties": {
        "polygon_uuid": "3f85fb80-2d1b-4e55-9dec-f3b15f86648f",
        "daicho_shubetsu_cd": "FUD25"
      }
    },
    {
      "type": "Feature",
      "geometry": {
        "type": "Polygon",
        "coordinates": [
          [
            [
              132.688327274,
              35.373436028
            ],
            [
              132.688527654,
              35.373397416
            ],
            [
              132.68852437,
              35.373339083
            ],
            [
              132.688604221,
              35.373322068
            ],
            [
              132.688603962,
              35.373281821
            ],
            [
              132.688596249,
              35.37321279
            ],
            [
              132.688388441,
              35.373226786
            ],
            [
              132.688379236,
              35.373151808
            ],
            [
              132.688185999,
              35.373170504
            ],
            [
              132.688168742,
              35.372974104
            ],
            [
              132.688165312,
              35.372892909
            ],
            [
              132.688129029,
              35.372902592
            ],
            [
              132.688110482,
              35.372731202
            ],
            [
              132.687898471,
              35.372769507
            ],
            [
              132.687963291,
              35.373354247
            ],
            [
              132.688066694,
              35.373382378
            ],
            [
              132.688207918,
              35.373413919
            ],
            [
              132.688327274,
              35.373436028
            ]
          ]
        ]
      },
      "properties": {
        "polygon_uuid": "085a8dbf-3657-4918-8b6d-f3e78f285433",
        "daicho_shubetsu_cd": "FUD25"
      }
    },
    {
      "type": "Feature",
      "geometry": {
        "type": "Polygon",
        "coordinates": [
          [
            [
              132.688816014,
              35.371747333
            ],
            [
              132.68847589,
              35.371757138
            ],
            [
              132.688435185,
              35.371757314
            ],
            [
              132.688317036,
              35.372148391
            ],
            [
              132.68831422,
              35.372162693
            ],
            [
              132.688320127,
              35.372176957
            ],
            [
              132.688346448,
              35.372200658
            ],
            [
              132.688596527,
              35.372204341
            ],
            [
              132.689041221,
              35.37217233
            ],
            [
              132.689008951,
              35.371902167
            ],
            [
              132.68897611,
              35.371901537
            ],
            [
              132.688937379,
              35.371904635
            ],
            [
              132.68884437,
              35.371909799
            ],
            [
              132.688816014,
              35.371747333
            ]
          ]
        ]
      },
      "properties": {
        "polygon_uuid": "f2471029-38f8-4864-ab65-f4ce836a2d21",
        "daicho_shubetsu_cd": "FUD25"
      }
    },
    {
      "type": "Feature",
      "geometry": {
        "type": "Polygon",
        "coordinates": [
          [
            [
              132.692959203,
              35.37717161
            ],
            [
              132.693440218,
              35.376339514
            ],
            [
              132.693428033,
              35.376334791
            ],
            [
              132.693232698,
              35.376259081
            ],
            [
              132.692750098,
              35.377091232
            ],
            [
              132.692959203,
              35.37717161
            ]
          ]
        ]
      },
      "properties": {
        "polygon_uuid": "94b377fa-a175-4e88-9e9f-f50e03c26635",
        "daicho_shubetsu_cd": "FUD25"
      }
    },
    {
      "type": "Feature",
      "geometry": {
        "type": "Polygon",
        "coordinates": [
          [
            [
              132.686448803,
              35.378195695
            ],
            [
              132.686321594,
              35.37831696
            ],
            [
              132.686285744,
              35.378465072
            ],
            [
              132.686414269,
              35.378548931
            ],
            [
              132.686508524,
              35.378465779
            ],
            [
              132.686573476,
              35.378508426
            ],
            [
              132.686627772,
              35.378454306
            ],
            [
              132.68665656,
              35.378422216
            ],
            [
              132.686685343,
              35.378389212
            ],
            [
              132.686681904,
              35.378374615
            ],
            [
              132.686448803,
              35.378195695
            ]
          ]
        ]
      },
      "properties": {
        "polygon_uuid": "067bf7d1-cf9c-41cf-9f43-f7e55234e372",
        "daicho_shubetsu_cd": "FUD25"
      }
    },
    {
      "type": "Feature",
      "geometry": {
        "type": "Polygon",
        "coordinates": [
          [
            [
              132.692364838,
              35.380210005
            ],
            [
              132.692563256,
              35.380199806
            ],
            [
              132.692561949,
              35.380188955
            ],
            [
              132.692638822,
              35.380189807
            ],
            [
              132.692665314,
              35.380025775
            ],
            [
              132.692306197,
              35.379889553
            ],
            [
              132.692296098,
              35.379897912
            ],
            [
              132.692364838,
              35.380210005
            ]
          ]
        ]
      },
      "properties": {
        "polygon_uuid": "fb6c04b7-85b6-4bf2-be7b-f8256377ed7e",
        "daicho_shubetsu_cd": "FUD25"
      }
    },
    {
      "type": "Feature",
      "geometry": {
        "type": "Polygon",
        "coordinates": [
          [
            [
              132.682501335,
              35.375516866
            ],
            [
              132.68260734,
              35.375511603
            ],
            [
              132.682726214,
              35.375500136
            ],
            [
              132.682774333,
              35.375494109
            ],
            [
              132.682776478,
              35.375454864
            ],
            [
              132.682779234,
              35.375420755
            ],
            [
              132.682775842,
              35.375355011
            ],
            [
              132.682761802,
              35.375251562
            ],
            [
              132.682706535,
              35.375211612
            ],
            [
              132.682627511,
              35.375176634
            ],
            [
              132.682570966,
              35.375169569
            ],
            [
              132.682456593,
              35.375187106
            ],
            [
              132.682477741,
              35.375239379
            ],
            [
              132.682469022,
              35.375271079
            ],
            [
              132.682463415,
              35.375324684
            ],
            [
              132.682478771,
              35.375401336
            ],
            [
              132.682503025,
              35.375474298
            ],
            [
              132.682501335,
              35.375516866
            ]
          ]
        ]
      },
      "properties": {
        "polygon_uuid": "36d874c2-b642-4fdf-8731-f825dda92778",
        "daicho_shubetsu_cd": "FUD25"
      }
    },
    {
      "type": "Feature",
      "geometry": {
        "type": "Polygon",
        "coordinates": [
          [
            [
              132.69162757,
              35.371648497
            ],
            [
              132.691723218,
              35.371591837
            ],
            [
              132.69176445,
              35.371537952
            ],
            [
              132.691783259,
              35.371478924
            ],
            [
              132.691843456,
              35.371143329
            ],
            [
              132.691846588,
              35.371128011
            ],
            [
              132.691800073,
              35.37110504
            ],
            [
              132.691728151,
              35.371111902
            ],
            [
              132.69171067,
              35.371129007
            ],
            [
              132.691698521,
              35.371228613
            ],
            [
              132.691651396,
              35.371578798
            ],
            [
              132.69162757,
              35.371648497
            ]
          ]
        ]
      },
      "properties": {
        "polygon_uuid": "987922a3-8105-4570-a74c-f83206e71441",
        "daicho_shubetsu_cd": "FUD25"
      }
    },
    {
      "type": "Feature",
      "geometry": {
        "type": "Polygon",
        "coordinates": [
          [
            [
              132.691165291,
              35.374922746
            ],
            [
              132.691283206,
              35.374618743
            ],
            [
              132.691281598,
              35.374594934
            ],
            [
              132.691230183,
              35.374512995
            ],
            [
              132.691215568,
              35.374501151
            ],
            [
              132.691017969,
              35.374424654
            ],
            [
              132.690807994,
              35.374786316
            ],
            [
              132.691165291,
              35.374922746
            ]
          ]
        ]
      },
      "properties": {
        "polygon_uuid": "52c74916-6682-4c81-af7e-f87eed50907b",
        "daicho_shubetsu_cd": "FUD25"
      }
    },
    {
      "type": "Feature",
      "geometry": {
        "type": "Polygon",
        "coordinates": [
          [
            [
              132.687937479,
              35.37334061
            ],
            [
              132.68791248,
              35.373108699
            ],
            [
              132.687575304,
              35.373143765
            ],
            [
              132.687550842,
              35.373146308
            ],
            [
              132.687568846,
              35.373159004
            ],
            [
              132.687702418,
              35.373244162
            ],
            [
              132.68783148,
              35.37330612
            ],
            [
              132.687905817,
              35.373336164
            ],
            [
              132.687937479,
              35.37334061
            ]
          ]
        ]
      },
      "properties": {
        "polygon_uuid": "861205a9-2406-4a66-9766-f890b750b509",
        "daicho_shubetsu_cd": "FUD25"
      }
    },
    {
      "type": "Feature",
      "geometry": {
        "type": "Polygon",
        "coordinates": [
          [
            [
              132.694037002,
              35.375492962
            ],
            [
              132.694151784,
              35.375537435
            ],
            [
              132.694227545,
              35.375559921
            ],
            [
              132.694266368,
              35.375563011
            ],
            [
              132.694303132,
              35.375555516
            ],
            [
              132.69433681,
              35.375532553
            ],
            [
              132.694367382,
              35.37549086
            ],
            [
              132.69470273,
              35.374979848
            ],
            [
              132.694481805,
              35.374898782
            ],
            [
              132.694576169,
              35.374722355
            ],
            [
              132.694514673,
              35.374674952
            ],
            [
              132.69450881,
              35.374672864
            ],
            [
              132.694037002,
              35.375492962
            ]
          ]
        ]
      },
      "properties": {
        "polygon_uuid": "ad85982a-6826-454d-9f08-f8ed535462e8",
        "daicho_shubetsu_cd": "FUD25"
      }
    },
    {
      "type": "Feature",
      "geometry": {
        "type": "Polygon",
        "coordinates": [
          [
            [
              132.698529008,
              35.377269671
            ],
            [
              132.698444598,
              35.377250882
            ],
            [
              132.698426282,
              35.377277688
            ],
            [
              132.698303578,
              35.377309408
            ],
            [
              132.698103359,
              35.377553247
            ],
            [
              132.698206748,
              35.377584532
            ],
            [
              132.698358159,
              35.377617717
            ],
            [
              132.698396955,
              35.377616846
            ],
            [
              132.698529008,
              35.377269671
            ]
          ]
        ]
      },
      "properties": {
        "polygon_uuid": "d6704b52-2615-44dc-a862-f92fe93ff503",
        "daicho_shubetsu_cd": "FUD25"
      }
    },
    {
      "type": "Feature",
      "geometry": {
        "type": "Polygon",
        "coordinates": [
          [
            [
              132.691965001,
              35.37785194
            ],
            [
              132.692058275,
              35.377888313
            ],
            [
              132.692533527,
              35.377051262
            ],
            [
              132.692366849,
              35.376987272
            ],
            [
              132.691884345,
              35.377820488
            ],
            [
              132.691965001,
              35.37785194
            ]
          ]
        ]
      },
      "properties": {
        "polygon_uuid": "14a93fc9-0348-4921-9909-f98508e92037",
        "daicho_shubetsu_cd": "FUD25"
      }
    },
    {
      "type": "Feature",
      "geometry": {
        "type": "Polygon",
        "coordinates": [
          [
            [
              132.68457054,
              35.372026612
            ],
            [
              132.684744457,
              35.372050541
            ],
            [
              132.684802472,
              35.371760718
            ],
            [
              132.684807158,
              35.371744316
            ],
            [
              132.684786674,
              35.371738739
            ],
            [
              132.684779802,
              35.371722142
            ],
            [
              132.68478714,
              35.371635291
            ],
            [
              132.68478564,
              35.371577111
            ],
            [
              132.684788315,
              35.371466266
            ],
            [
              132.68476571,
              35.37145805
            ],
            [
              132.684369311,
              35.371444452
            ],
            [
              132.684256521,
              35.371983407
            ],
            [
              132.68457054,
              35.372026612
            ]
          ]
        ]
      },
      "properties": {
        "polygon_uuid": "34513d69-69ed-4101-8d2f-f9e989253999",
        "daicho_shubetsu_cd": "FUD25"
      }
    },
    {
      "type": "Feature",
      "geometry": {
        "type": "Polygon",
        "coordinates": [
          [
            [
              132.680778138,
              35.372214747
            ],
            [
              132.680757135,
              35.372281336
            ],
            [
              132.68076736,
              35.3722933
            ],
            [
              132.680789995,
              35.372306134
            ],
            [
              132.680880339,
              35.372326993
            ],
            [
              132.680976344,
              35.372351522
            ],
            [
              132.681038861,
              35.372358737
            ],
            [
              132.68115281,
              35.372367488
            ],
            [
              132.681174246,
              35.372369244
            ],
            [
              132.68119126,
              35.372384873
            ],
            [
              132.681225135,
              35.372392118
            ],
            [
              132.681254495,
              35.372398458
            ],
            [
              132.681289463,
              35.372400157
            ],
            [
              132.681318828,
              35.37240742
            ],
            [
              132.681379872,
              35.372431174
            ],
            [
              132.681427272,
              35.372437437
            ],
            [
              132.68146449,
              35.372438202
            ],
            [
              132.6814767,
              35.372407671
            ],
            [
              132.681484212,
              35.372347605
            ],
            [
              132.681459339,
              35.37233755
            ],
            [
              132.681459158,
              35.37230892
            ],
            [
              132.681409613,
              35.372320214
            ],
            [
              132.681357796,
              35.372328747
            ],
            [
              132.681337481,
              35.372326062
            ],
            [
              132.681305785,
              35.372306802
            ],
            [
              132.6812594,
              35.372282986
            ],
            [
              132.681219869,
              35.372272994
            ],
            [
              132.681190126,
              35.372271937
            ],
            [
              132.681066041,
              35.372265076
            ],
            [
              132.681005103,
              35.372257947
            ],
            [
              132.680778138,
              35.372214747
            ]
          ]
        ]
      },
      "properties": {
        "polygon_uuid": "5b9dc0fb-24cc-450e-80cb-fa25565da83e",
        "daicho_shubetsu_cd": "FUD25"
      }
    },
    {
      "type": "Feature",
      "geometry": {
        "type": "Polygon",
        "coordinates": [
          [
            [
              132.692531097,
              35.379945984
            ],
            [
              132.692754975,
              35.380026968
            ],
            [
              132.69281605,
              35.379828338
            ],
            [
              132.692855254,
              35.379835294
            ],
            [
              132.692863818,
              35.379813877
            ],
            [
              132.693211183,
              35.379907816
            ],
            [
              132.693206467,
              35.379926049
            ],
            [
              132.69345632,
              35.379986726
            ],
            [
              132.693499134,
              35.379879636
            ],
            [
              132.69325672,
              35.379804529
            ],
            [
              132.693266192,
              35.379774396
            ],
            [
              132.692907844,
              35.379682121
            ],
            [
              132.692939165,
              35.379591711
            ],
            [
              132.692638253,
              35.379578707
            ],
            [
              132.692530546,
              35.379932235
            ],
            [
              132.692531097,
              35.379945984
            ]
          ]
        ]
      },
      "properties": {
        "polygon_uuid": "b985c3cd-3b85-4e92-b0db-fa54fb295bfc",
        "daicho_shubetsu_cd": "FUD25"
      }
    },
    {
      "type": "Feature",
      "geometry": {
        "type": "Polygon",
        "coordinates": [
          [
            [
              132.692474498,
              35.373206947
            ],
            [
              132.69270455,
              35.373169268
            ],
            [
              132.692949013,
              35.373134146
            ],
            [
              132.69296829,
              35.3729009
            ],
            [
              132.692969484,
              35.37289389
            ],
            [
              132.692898818,
              35.372891669
            ],
            [
              132.692770348,
              35.372888221
            ],
            [
              132.692730865,
              35.372887161
            ],
            [
              132.692474945,
              35.372881726
            ],
            [
              132.692473447,
              35.372897451
            ],
            [
              132.692468263,
              35.373011941
            ],
            [
              132.692465183,
              35.373194729
            ],
            [
              132.692474498,
              35.373206947
            ]
          ]
        ]
      },
      "properties": {
        "polygon_uuid": "a0e8b3a8-cbd4-4ba3-96e2-fcc4a7af6520",
        "daicho_shubetsu_cd": "FUD25"
      }
    },
    {
      "type": "Feature",
      "geometry": {
        "type": "Polygon",
        "coordinates": [
          [
            [
              132.701178394,
              35.377795762
            ],
            [
              132.701165496,
              35.378027627
            ],
            [
              132.701539752,
              35.378030304
            ],
            [
              132.701898376,
              35.37803202
            ],
            [
              132.701962323,
              35.377837078
            ],
            [
              132.701715489,
              35.377808584
            ],
            [
              132.701793229,
              35.377565639
            ],
            [
              132.701231888,
              35.377467399
            ],
            [
              132.701211101,
              35.37745278
            ],
            [
              132.70115867,
              35.377462912
            ],
            [
              132.701121794,
              35.377485819
            ],
            [
              132.701024459,
              35.377765675
            ],
            [
              132.701183199,
              35.377773637
            ],
            [
              132.701178394,
              35.377795762
            ]
          ]
        ]
      },
      "properties": {
        "polygon_uuid": "66bb152b-182b-4847-b24b-fcf929233f9e",
        "daicho_shubetsu_cd": "FUD25"
      }
    },
    {
      "type": "Feature",
      "geometry": {
        "type": "Polygon",
        "coordinates": [
          [
            [
              132.693789064,
              35.377490444
            ],
            [
              132.694008791,
              35.377575313
            ],
            [
              132.694490856,
              35.376746396
            ],
            [
              132.694377867,
              35.376702294
            ],
            [
              132.694261845,
              35.376657009
            ],
            [
              132.693789064,
              35.377490444
            ]
          ]
        ]
      },
      "properties": {
        "polygon_uuid": "56a283b4-1e1f-44b2-8246-fd92b7ab9f47",
        "daicho_shubetsu_cd": "FUD25"
      }
    },
    {
      "type": "Feature",
      "geometry": {
        "type": "Polygon",
        "coordinates": [
          [
            [
              132.698462086,
              35.378263521
            ],
            [
              132.698464672,
              35.378254509
            ],
            [
              132.698131884,
              35.378195571
            ],
            [
              132.698039966,
              35.378333167
            ],
            [
              132.698166971,
              35.378379541
            ],
            [
              132.698281741,
              35.378409325
            ],
            [
              132.698410458,
              35.378438185
            ],
            [
              132.698462086,
              35.378263521
            ]
          ]
        ]
      },
      "properties": {
        "polygon_uuid": "c40edeb3-fa84-4c60-8cf3-fdbb628ac2a8",
        "daicho_shubetsu_cd": "FUD25"
      }
    },
    {
      "type": "Feature",
      "geometry": {
        "type": "Polygon",
        "coordinates": [
          [
            [
              132.689876629,
              35.374932086
            ],
            [
              132.690277614,
              35.375086149
            ],
            [
              132.690516406,
              35.374674976
            ],
            [
              132.690256222,
              35.374575626
            ],
            [
              132.690116012,
              35.374522087
            ],
            [
              132.689876629,
              35.374932086
            ]
          ]
        ]
      },
      "properties": {
        "polygon_uuid": "5f3d32c9-567b-442b-a431-fddabea413d2",
        "daicho_shubetsu_cd": "FUD25"
      }
    },
    {
      "type": "Feature",
      "geometry": {
        "type": "Polygon",
        "coordinates": [
          [
            [
              132.694225404,
              35.377658979
            ],
            [
              132.694357745,
              35.377710096
            ],
            [
              132.694448457,
              35.377745333
            ],
            [
              132.694923498,
              35.376915262
            ],
            [
              132.694825142,
              35.376876872
            ],
            [
              132.69470709,
              35.376830795
            ],
            [
              132.694225404,
              35.377658979
            ]
          ]
        ]
      },
      "properties": {
        "polygon_uuid": "a61f57e8-22e2-4c7d-a4cb-fe2eeb9edd75",
        "daicho_shubetsu_cd": "FUD25"
      }
    },
    {
      "type": "Feature",
      "geometry": {
        "type": "Polygon",
        "coordinates": [
          [
            [
              132.69061726,
              35.375258347
            ],
            [
              132.690273074,
              35.375119612
            ],
            [
              132.690034025,
              35.375533359
            ],
            [
              132.690179779,
              35.375589774
            ],
            [
              132.690380852,
              35.375667601
            ],
            [
              132.690707069,
              35.375793865
            ],
            [
              132.690785679,
              35.375652292
            ],
            [
              132.690912137,
              35.375423119
            ],
            [
              132.690906182,
              35.375401711
            ],
            [
              132.690874029,
              35.375375654
            ],
            [
              132.690828768,
              35.375346081
            ],
            [
              132.690726716,
              35.375302466
            ],
            [
              132.69061726,
              35.375258347
            ]
          ]
        ]
      },
      "properties": {
        "polygon_uuid": "bf175daf-fcb7-4b95-a31b-ff0c352071a9",
        "daicho_shubetsu_cd": "FUD25"
      }
    },
    {
      "type": "Feature",
      "geometry": {
        "type": "Polygon",
        "coordinates": [
          [
            [
              132.698541174,
              35.379571162
            ],
            [
              132.698561018,
              35.379509411
            ],
            [
              132.698569223,
              35.379433652
            ],
            [
              132.698131751,
              35.379403507
            ],
            [
              132.698104124,
              35.37951928
            ],
            [
              132.698541174,
              35.379571162
            ]
          ]
        ]
      },
      "properties": {
        "polygon_uuid": "e6f2b81e-a869-4e55-b1de-ff154f8ab64d",
        "daicho_shubetsu_cd": "FUD25"
      }
    },
    {
      "type": "Feature",
      "geometry": {
        "type": "Polygon",
        "coordinates": [
          [
            [
              132.704289822,
              35.371928478
            ],
            [
              132.704284414,
              35.37192632
            ],
            [
              132.70417736,
              35.371880622
            ],
            [
              132.704119599,
              35.371852389
            ],
            [
              132.703769257,
              35.371655496
            ],
            [
              132.703508007,
              35.371508901
            ],
            [
              132.70342375,
              35.371464084
            ],
            [
              132.703352802,
              35.371436891
            ],
            [
              132.703319213,
              35.371436057
            ],
            [
              132.703277247,
              35.371438209
            ],
            [
              132.703132122,
              35.371620602
            ],
            [
              132.703134696,
              35.371647116
            ],
            [
              132.703193682,
              35.371679274
            ],
            [
              132.70319372,
              35.371685169
            ],
            [
              132.703481382,
              35.371831195
            ],
            [
              132.703891138,
              35.37203421
            ],
            [
              132.704110977,
              35.372155239
            ],
            [
              132.704289822,
              35.371928478
            ]
          ]
        ]
      },
      "properties": {
        "polygon_uuid": "4bcf1cfb-5c5d-4963-86b1-ff2d7d6fcebf",
        "daicho_shubetsu_cd": "FUD25"
      }
    },
    {
      "type": "Feature",
      "geometry": {
        "type": "Polygon",
        "coordinates": [
          [
            [
              132.700324807,
              35.37684177
            ],
            [
              132.700286616,
              35.376948603
            ],
            [
              132.699796624,
              35.376840296
            ],
            [
              132.699809267,
              35.376952876
            ],
            [
              132.700011919,
              35.377002885
            ],
            [
              132.700016356,
              35.377074347
            ],
            [
              132.700058885,
              35.377106651
            ],
            [
              132.700506421,
              35.377193484
            ],
            [
              132.700528581,
              35.377134561
            ],
            [
              132.700529761,
              35.377112895
            ],
            [
              132.700604801,
              35.37691176
            ],
            [
              132.700324807,
              35.37684177
            ]
          ]
        ]
      },
      "properties": {
        "polygon_uuid": "d7924b0d-1b69-48d1-b388-ff9f1de71b47",
        "daicho_shubetsu_cd": "FUD25"
      }
    },
    {
      "type": "Feature",
      "geometry": {
        "type": "Polygon",
        "coordinates": [
          [
            [
              132.687723896,
              35.369771488
            ],
            [
              132.687719101,
              35.369665877
            ],
            [
              132.687699687,
              35.369465109
            ],
            [
              132.687691907,
              35.369394632
            ],
            [
              132.687537475,
              35.369389384
            ],
            [
              132.687304989,
              35.369379034
            ],
            [
              132.687277458,
              35.369379504
            ],
            [
              132.687276699,
              35.369427478
            ],
            [
              132.687283078,
              35.369590752
            ],
            [
              132.687289462,
              35.369753215
            ],
            [
              132.687321232,
              35.369750102
            ],
            [
              132.687437383,
              35.369740869
            ],
            [
              132.68757287,
              35.369754258
            ],
            [
              132.687723896,
              35.369771488
            ]
          ]
        ]
      },
      "properties": {
        "polygon_uuid": "1fbb9b67-bfac-477b-b9a2-027afa786350",
        "daicho_shubetsu_cd": "FUD25"
      }
    },
    {
      "type": "Feature",
      "geometry": {
        "type": "Polygon",
        "coordinates": [
          [
            [
              132.682226537,
              35.370564467
            ],
            [
              132.682345486,
              35.370508268
            ],
            [
              132.682385067,
              35.370478678
            ],
            [
              132.68241947,
              35.370441753
            ],
            [
              132.68243455,
              35.370392302
            ],
            [
              132.682432919,
              35.370337669
            ],
            [
              132.682384285,
              35.37035574
            ],
            [
              132.682299778,
              35.370381319
            ],
            [
              132.682244837,
              35.370416229
            ],
            [
              132.682217349,
              35.370531932
            ],
            [
              132.682217509,
              35.37055715
            ],
            [
              132.682226537,
              35.370564467
            ]
          ]
        ]
      },
      "properties": {
        "polygon_uuid": "7d2e8136-8d84-4e7d-a3c3-047f6e0614c2",
        "daicho_shubetsu_cd": "FUD25"
      }
    },
    {
      "type": "Feature",
      "geometry": {
        "type": "Polygon",
        "coordinates": [
          [
            [
              132.684905476,
              35.369779915
            ],
            [
              132.684540059,
              35.369770974
            ],
            [
              132.684550396,
              35.370016852
            ],
            [
              132.684555484,
              35.37001679
            ],
            [
              132.68478896,
              35.370015789
            ],
            [
              132.684889027,
              35.370016411
            ],
            [
              132.684905476,
              35.369779915
            ]
          ]
        ]
      },
      "properties": {
        "polygon_uuid": "b69ad9be-1fc0-42cc-bd68-0b5be304420b",
        "daicho_shubetsu_cd": "FUD25"
      }
    },
    {
      "type": "Feature",
      "geometry": {
        "type": "Polygon",
        "coordinates": [
          [
            [
              132.688990317,
              35.370567141
            ],
            [
              132.68904653,
              35.370562612
            ],
            [
              132.689072253,
              35.37056054
            ],
            [
              132.689402756,
              35.370539094
            ],
            [
              132.689390548,
              35.370393159
            ],
            [
              132.689606914,
              35.370407047
            ],
            [
              132.689595403,
              35.370401457
            ],
            [
              132.689539089,
              35.370362844
            ],
            [
              132.689502915,
              35.370326499
            ],
            [
              132.689409889,
              35.370167941
            ],
            [
              132.689330331,
              35.370091749
            ],
            [
              132.689263978,
              35.370056711
            ],
            [
              132.689200621,
              35.3700405
            ],
            [
              132.689066924,
              35.370039901
            ],
            [
              132.689109048,
              35.370330557
            ],
            [
              132.689140727,
              35.370338662
            ],
            [
              132.68914243,
              35.370379867
            ],
            [
              132.689001462,
              35.370366347
            ],
            [
              132.688892195,
              35.370364464
            ],
            [
              132.688815148,
              35.370359709
            ],
            [
              132.688829342,
              35.370395637
            ],
            [
              132.688829857,
              35.370475704
            ],
            [
              132.688865796,
              35.370475548
            ],
            [
              132.68898362,
              35.370466797
            ],
            [
              132.688990317,
              35.370567141
            ]
          ]
        ]
      },
      "properties": {
        "polygon_uuid": "58a00c66-b920-4075-927b-0b98a0dae07e",
        "daicho_shubetsu_cd": "FUD25"
      }
    },
    {
      "type": "Feature",
      "geometry": {
        "type": "Polygon",
        "coordinates": [
          [
            [
              132.68646028,
              35.370986012
            ],
            [
              132.686468453,
              35.370752498
            ],
            [
              132.686344702,
              35.370692107
            ],
            [
              132.686327486,
              35.370697479
            ],
            [
              132.686316875,
              35.370724018
            ],
            [
              132.686313854,
              35.370985673
            ],
            [
              132.686381897,
              35.370984608
            ],
            [
              132.68646028,
              35.370986012
            ]
          ]
        ]
      },
      "properties": {
        "polygon_uuid": "f4d49f75-6381-4165-b8cb-0d585ca5b900",
        "daicho_shubetsu_cd": "FUD25"
      }
    },
    {
      "type": "Feature",
      "geometry": {
        "type": "Polygon",
        "coordinates": [
          [
            [
              132.690021001,
              35.370485586
            ],
            [
              132.690036206,
              35.370518728
            ],
            [
              132.690075373,
              35.370709237
            ],
            [
              132.690079742,
              35.370730487
            ],
            [
              132.690106358,
              35.37084498
            ],
            [
              132.690251029,
              35.370838073
            ],
            [
              132.690270794,
              35.370930616
            ],
            [
              132.690291878,
              35.370930525
            ],
            [
              132.69051952,
              35.370913971
            ],
            [
              132.690518724,
              35.370908957
            ],
            [
              132.690503519,
              35.370780677
            ],
            [
              132.690503242,
              35.370737817
            ],
            [
              132.69074493,
              35.370765029
            ],
            [
              132.69076504,
              35.370762587
            ],
            [
              132.690789372,
              35.370745997
            ],
            [
              132.6907964,
              35.370721239
            ],
            [
              132.690799837,
              35.370585814
            ],
            [
              132.690307769,
              35.370520831
            ],
            [
              132.690021001,
              35.370485586
            ]
          ]
        ]
      },
      "properties": {
        "polygon_uuid": "7b76ac03-ea66-4b84-a2d0-1015ef434246",
        "daicho_shubetsu_cd": "FUD25"
      }
    },
    {
      "type": "Feature",
      "geometry": {
        "type": "Polygon",
        "coordinates": [
          [
            [
              132.685013028,
              35.369991727
            ],
            [
              132.685061824,
              35.369999224
            ],
            [
              132.685099468,
              35.370001164
            ],
            [
              132.685191028,
              35.370006995
            ],
            [
              132.685240121,
              35.370009019
            ],
            [
              132.685297915,
              35.370005917
            ],
            [
              132.685403107,
              35.370005465
            ],
            [
              132.685410364,
              35.369802984
            ],
            [
              132.685303425,
              35.369804
            ],
            [
              132.685302376,
              35.36977214
            ],
            [
              132.685025022,
              35.369778179
            ],
            [
              132.685009144,
              35.369785721
            ],
            [
              132.685013028,
              35.369991727
            ]
          ]
        ]
      },
      "properties": {
        "polygon_uuid": "3e3d8d3c-50a4-415d-95a1-11fe2b80b5d6",
        "daicho_shubetsu_cd": "FUD25"
      }
    },
    {
      "type": "Feature",
      "geometry": {
        "type": "Polygon",
        "coordinates": [
          [
            [
              132.690602482,
              35.370511655
            ],
            [
              132.690797398,
              35.370535152
            ],
            [
              132.690807881,
              35.370508194
            ],
            [
              132.69080751,
              35.370011015
            ],
            [
              132.690807248,
              35.369854531
            ],
            [
              132.690532967,
              35.369830815
            ],
            [
              132.690489705,
              35.369817904
            ],
            [
              132.690376087,
              35.369806607
            ],
            [
              132.690250635,
              35.36979059
            ],
            [
              132.690227237,
              35.369787604
            ],
            [
              132.690215027,
              35.369878039
            ],
            [
              132.690201884,
              35.369888826
            ],
            [
              132.690192745,
              35.3699596
            ],
            [
              132.690184536,
              35.37000915
            ],
            [
              132.690198362,
              35.37000385
            ],
            [
              132.690639962,
              35.370036867
            ],
            [
              132.690617381,
              35.370337369
            ],
            [
              132.690602482,
              35.370511655
            ]
          ]
        ]
      },
      "properties": {
        "polygon_uuid": "0cfd00bd-8b3f-4edc-bee1-1b75114da2a6",
        "daicho_shubetsu_cd": "FUD25"
      }
    },
    {
      "type": "Feature",
      "geometry": {
        "type": "Polygon",
        "coordinates": [
          [
            [
              132.704017037,
              35.371207908
            ],
            [
              132.703846132,
              35.371119595
            ],
            [
              132.703715035,
              35.371246583
            ],
            [
              132.703874652,
              35.371332738
            ],
            [
              132.704155661,
              35.371493439
            ],
            [
              132.704254391,
              35.37154998
            ],
            [
              132.704283249,
              35.371559884
            ],
            [
              132.704392105,
              35.371415311
            ],
            [
              132.704373909,
              35.371404476
            ],
            [
              132.704354089,
              35.371390155
            ],
            [
              132.704355022,
              35.371383834
            ],
            [
              132.704017037,
              35.371207908
            ]
          ]
        ]
      },
      "properties": {
        "polygon_uuid": "15bb5d77-f2da-45a6-a0c6-1b889e8f1f42",
        "daicho_shubetsu_cd": "FUD25"
      }
    },
    {
      "type": "Feature",
      "geometry": {
        "type": "Polygon",
        "coordinates": [
          [
            [
              132.686418272,
              35.370439337
            ],
            [
              132.686360699,
              35.370652708
            ],
            [
              132.686609838,
              35.370721108
            ],
            [
              132.686769632,
              35.370755981
            ],
            [
              132.686779559,
              35.370734744
            ],
            [
              132.686811436,
              35.370549741
            ],
            [
              132.686717974,
              35.370546611
            ],
            [
              132.686712186,
              35.370540749
            ],
            [
              132.68672123,
              35.370442768
            ],
            [
              132.686418272,
              35.370439337
            ]
          ]
        ]
      },
      "properties": {
        "polygon_uuid": "c561a4b3-3bbc-44c5-843a-2399a0986299",
        "daicho_shubetsu_cd": "FUD25"
      }
    },
    {
      "type": "Feature",
      "geometry": {
        "type": "Polygon",
        "coordinates": [
          [
            [
              132.683586155,
              35.370600998
            ],
            [
              132.68360121,
              35.370651953
            ],
            [
              132.683623572,
              35.370827393
            ],
            [
              132.683655104,
              35.370820793
            ],
            [
              132.683847776,
              35.370796879
            ],
            [
              132.684061777,
              35.370758094
            ],
            [
              132.684163131,
              35.370737341
            ],
            [
              132.684299743,
              35.370712498
            ],
            [
              132.684265269,
              35.370539719
            ],
            [
              132.683797403,
              35.370581937
            ],
            [
              132.683586155,
              35.370600998
            ]
          ]
        ]
      },
      "properties": {
        "polygon_uuid": "1f2fa771-2a36-45e0-a0a3-239f81c75d06",
        "daicho_shubetsu_cd": "FUD25"
      }
    },
    {
      "type": "Feature",
      "geometry": {
        "type": "Polygon",
        "coordinates": [
          [
            [
              132.68918091,
              35.369445895
            ],
            [
              132.688842514,
              35.369435274
            ],
            [
              132.688669056,
              35.369428439
            ],
            [
              132.688666096,
              35.369489306
            ],
            [
              132.68868224,
              35.369512815
            ],
            [
              132.688692497,
              35.369507498
            ],
            [
              132.689010283,
              35.369519224
            ],
            [
              132.68900003,
              35.369748064
            ],
            [
              132.688994789,
              35.369762059
            ],
            [
              132.689143771,
              35.369754797
            ],
            [
              132.68916212,
              35.369755121
            ],
            [
              132.68916681,
              35.369762221
            ],
            [
              132.689187072,
              35.369763007
            ],
            [
              132.689195477,
              35.369743759
            ],
            [
              132.689180872,
              35.36946263
            ],
            [
              132.68918091,
              35.369445895
            ]
          ]
        ]
      },
      "properties": {
        "polygon_uuid": "6c1a7cfe-b9c5-4a72-b78e-26f8b6d90a76",
        "daicho_shubetsu_cd": "FUD25"
      }
    },
    {
      "type": "Feature",
      "geometry": {
        "type": "Polygon",
        "coordinates": [
          [
            [
              132.690929685,
              35.37121117
            ],
            [
              132.69118574,
              35.371177729
            ],
            [
              132.69139313,
              35.371153542
            ],
            [
              132.691426835,
              35.371150328
            ],
            [
              132.691422565,
              35.370829721
            ],
            [
              132.69104136,
              35.370833706
            ],
            [
              132.691014809,
              35.370965122
            ],
            [
              132.691002745,
              35.371078116
            ],
            [
              132.690978617,
              35.371084043
            ],
            [
              132.690931775,
              35.371094725
            ],
            [
              132.690929685,
              35.37121117
            ]
          ]
        ]
      },
      "properties": {
        "polygon_uuid": "724ce087-0936-4ba2-9239-2addf258aa2b",
        "daicho_shubetsu_cd": "FUD25"
      }
    },
    {
      "type": "Feature",
      "geometry": {
        "type": "Polygon",
        "coordinates": [
          [
            [
              132.683151118,
              35.369950759
            ],
            [
              132.683144106,
              35.369926123
            ],
            [
              132.683138494,
              35.369926829
            ],
            [
              132.683016745,
              35.369946264
            ],
            [
              132.683015141,
              35.369895833
            ],
            [
              132.682991972,
              35.369864384
            ],
            [
              132.683000224,
              35.369838439
            ],
            [
              132.682988456,
              35.369819409
            ],
            [
              132.682915418,
              35.369831955
            ],
            [
              132.682752208,
              35.369864032
            ],
            [
              132.68243336,
              35.369930656
            ],
            [
              132.682526402,
              35.370092755
            ],
            [
              132.682553643,
              35.370139924
            ],
            [
              132.682583142,
              35.370148815
            ],
            [
              132.682911401,
              35.370124295
            ],
            [
              132.683061412,
              35.370111045
            ],
            [
              132.683167847,
              35.370104285
            ],
            [
              132.683166321,
              35.370069938
            ],
            [
              132.68316112,
              35.370029174
            ],
            [
              132.683156752,
              35.369999926
            ],
            [
              132.683151118,
              35.369950759
            ]
          ]
        ]
      },
      "properties": {
        "polygon_uuid": "aefbfc2e-8f49-43e1-bac9-2ddb7821ea90",
        "daicho_shubetsu_cd": "FUD25"
      }
    },
    {
      "type": "Feature",
      "geometry": {
        "type": "Polygon",
        "coordinates": [
          [
            [
              132.683093931,
              35.370527175
            ],
            [
              132.683148056,
              35.370526943
            ],
            [
              132.683178647,
              35.370549903
            ],
            [
              132.68320268,
              35.370605217
            ],
            [
              132.68321526,
              35.370632872
            ],
            [
              132.683233313,
              35.370634642
            ],
            [
              132.683405758,
              35.370621897
            ],
            [
              132.683586155,
              35.370600998
            ],
            [
              132.683518906,
              35.370126882
            ],
            [
              132.683164858,
              35.370155394
            ],
            [
              132.683088253,
              35.370166805
            ],
            [
              132.683079338,
              35.370183468
            ],
            [
              132.683086753,
              35.370462368
            ],
            [
              132.683087123,
              35.370520554
            ],
            [
              132.683093931,
              35.370527175
            ]
          ]
        ]
      },
      "properties": {
        "polygon_uuid": "61f87438-e8f8-4db8-aa4b-319d6a851ab4",
        "daicho_shubetsu_cd": "FUD25"
      }
    },
    {
      "type": "Feature",
      "geometry": {
        "type": "Polygon",
        "coordinates": [
          [
            [
              132.689765437,
              35.369953238
            ],
            [
              132.689783383,
              35.36996574
            ],
            [
              132.689975392,
              35.3699815
            ],
            [
              132.689983904,
              35.369978844
            ],
            [
              132.689991119,
              35.369940389
            ],
            [
              132.690192745,
              35.3699596
            ],
            [
              132.690201884,
              35.369888826
            ],
            [
              132.689774784,
              35.369844436
            ],
            [
              132.689765437,
              35.369953238
            ]
          ]
        ]
      },
      "properties": {
        "polygon_uuid": "c4a65fb1-5fb0-4a7c-a393-323050406c58",
        "daicho_shubetsu_cd": "FUD25"
      }
    },
    {
      "type": "Feature",
      "geometry": {
        "type": "Polygon",
        "coordinates": [
          [
            [
              132.687683154,
              35.371420486
            ],
            [
              132.687831861,
              35.371411572
            ],
            [
              132.687833198,
              35.371257957
            ],
            [
              132.687820276,
              35.371260368
            ],
            [
              132.687672255,
              35.371268071
            ],
            [
              132.687683154,
              35.371420486
            ]
          ]
        ]
      },
      "properties": {
        "polygon_uuid": "c6f9fe4c-9c7f-4772-a317-33ec14523624",
        "daicho_shubetsu_cd": "FUD25"
      }
    },
    {
      "type": "Feature",
      "geometry": {
        "type": "Polygon",
        "coordinates": [
          [
            [
              132.688944478,
              35.371044208
            ],
            [
              132.688916833,
              35.370573061
            ],
            [
              132.688763336,
              35.370585425
            ],
            [
              132.688771298,
              35.370705494
            ],
            [
              132.688796809,
              35.371062667
            ],
            [
              132.688944478,
              35.371044208
            ]
          ]
        ]
      },
      "properties": {
        "polygon_uuid": "ad2c1f56-a4f9-4ef6-9430-3829caa3c937",
        "daicho_shubetsu_cd": "FUD25"
      }
    },
    {
      "type": "Feature",
      "geometry": {
        "type": "Polygon",
        "coordinates": [
          [
            [
              132.69082892,
              35.369850111
            ],
            [
              132.690869629,
              35.369851496
            ],
            [
              132.690894329,
              35.369860703
            ],
            [
              132.691161029,
              35.369858794
            ],
            [
              132.691207814,
              35.369858459
            ],
            [
              132.691190731,
              35.369688344
            ],
            [
              132.691154713,
              35.369687491
            ],
            [
              132.690828352,
              35.369693459
            ],
            [
              132.69082892,
              35.369850111
            ]
          ]
        ]
      },
      "properties": {
        "polygon_uuid": "4b5f4738-22c5-4dee-92d4-3ae1e7a62a58",
        "daicho_shubetsu_cd": "FUD25"
      }
    },
    {
      "type": "Feature",
      "geometry": {
        "type": "Polygon",
        "coordinates": [
          [
            [
              132.684077901,
              35.371390561
            ],
            [
              132.684277172,
              35.371396681
            ],
            [
              132.684524188,
              35.371406706
            ],
            [
              132.684762177,
              35.371415845
            ],
            [
              132.684793721,
              35.371411092
            ],
            [
              132.684813988,
              35.371406387
            ],
            [
              132.684812542,
              35.371356519
            ],
            [
              132.684808762,
              35.371118058
            ],
            [
              132.684804737,
              35.371081574
            ],
            [
              132.6847864,
              35.3710836
            ],
            [
              132.684621865,
              35.371099084
            ],
            [
              132.68461628,
              35.37110742
            ],
            [
              132.684618677,
              35.371129576
            ],
            [
              132.684627237,
              35.371233908
            ],
            [
              132.684622786,
              35.371243164
            ],
            [
              132.684241904,
              35.371283587
            ],
            [
              132.684245552,
              35.371325134
            ],
            [
              132.68406974,
              35.371340664
            ],
            [
              132.684067627,
              35.371362841
            ],
            [
              132.684077901,
              35.371390561
            ]
          ]
        ]
      },
      "properties": {
        "polygon_uuid": "bfc30a0d-3d0f-4d51-997d-3b094172fc44",
        "daicho_shubetsu_cd": "FUD25"
      }
    },
    {
      "type": "Feature",
      "geometry": {
        "type": "Polygon",
        "coordinates": [
          [
            [
              132.687016473,
              35.36997284
            ],
            [
              132.687092141,
              35.369966234
            ],
            [
              132.687072017,
              35.369817173
            ],
            [
              132.687002109,
              35.369825324
            ],
            [
              132.687002159,
              35.369833174
            ],
            [
              132.687016473,
              35.36997284
            ]
          ]
        ]
      },
      "properties": {
        "polygon_uuid": "a37908e1-38ba-4184-a64a-3be3cd46c84f",
        "daicho_shubetsu_cd": "FUD25"
      }
    },
    {
      "type": "Feature",
      "geometry": {
        "type": "Polygon",
        "coordinates": [
          [
            [
              132.688545611,
              35.371145423
            ],
            [
              132.688585638,
              35.371162813
            ],
            [
              132.688789346,
              35.371245142
            ],
            [
              132.688810452,
              35.371253671
            ],
            [
              132.688771298,
              35.370705494
            ],
            [
              132.688498273,
              35.370723158
            ],
            [
              132.688504917,
              35.370862072
            ],
            [
              132.688526286,
              35.371055087
            ],
            [
              132.688545611,
              35.371145423
            ]
          ]
        ]
      },
      "properties": {
        "polygon_uuid": "e8069292-7415-45d6-910e-3dcbfd1c1c55",
        "daicho_shubetsu_cd": "FUD25"
      }
    },
    {
      "type": "Feature",
      "geometry": {
        "type": "Polygon",
        "coordinates": [
          [
            [
              132.69082892,
              35.369850111
            ],
            [
              132.690829056,
              35.369887621
            ],
            [
              132.690836128,
              35.370299387
            ],
            [
              132.691218934,
              35.370283199
            ],
            [
              132.691201606,
              35.370198836
            ],
            [
              132.691193768,
              35.370085927
            ],
            [
              132.691183305,
              35.370006796
            ],
            [
              132.691170053,
              35.369935828
            ],
            [
              132.691162546,
              35.369874149
            ],
            [
              132.691161029,
              35.369858794
            ],
            [
              132.690894329,
              35.369860703
            ],
            [
              132.690869629,
              35.369851496
            ],
            [
              132.69082892,
              35.369850111
            ]
          ]
        ]
      },
      "properties": {
        "polygon_uuid": "c8dbf185-0df4-4fab-bd95-3e5252da0497",
        "daicho_shubetsu_cd": "FUD25"
      }
    },
    {
      "type": "Feature",
      "geometry": {
        "type": "Polygon",
        "coordinates": [
          [
            [
              132.685266212,
              35.371330222
            ],
            [
              132.685358176,
              35.371326014
            ],
            [
              132.685358388,
              35.371241657
            ],
            [
              132.685363847,
              35.371154814
            ],
            [
              132.68538089,
              35.371049893
            ],
            [
              132.685347271,
              35.371054277
            ],
            [
              132.685316293,
              35.37106713
            ],
            [
              132.685287932,
              35.371084212
            ],
            [
              132.685270832,
              35.371243283
            ],
            [
              132.685255102,
              35.37131291
            ],
            [
              132.685266212,
              35.371330222
            ]
          ]
        ]
      },
      "properties": {
        "polygon_uuid": "df781ad9-573e-47b1-b9de-3fb60831019a",
        "daicho_shubetsu_cd": "FUD25"
      }
    },
    {
      "type": "Feature",
      "geometry": {
        "type": "Polygon",
        "coordinates": [
          [
            [
              132.690828352,
              35.369693459
            ],
            [
              132.691154713,
              35.369687491
            ],
            [
              132.691155659,
              35.369540777
            ],
            [
              132.691143214,
              35.369521426
            ],
            [
              132.691115677,
              35.369513006
            ],
            [
              132.690883501,
              35.369514015
            ],
            [
              132.690884715,
              35.36955515
            ],
            [
              132.690827851,
              35.36955462
            ],
            [
              132.690828352,
              35.369693459
            ]
          ]
        ]
      },
      "properties": {
        "polygon_uuid": "c24a374f-86f4-4da7-bbde-46557a8675b1",
        "daicho_shubetsu_cd": "FUD25"
      }
    },
    {
      "type": "Feature",
      "geometry": {
        "type": "Polygon",
        "coordinates": [
          [
            [
              132.681572552,
              35.371413733
            ],
            [
              132.681500191,
              35.371383562
            ],
            [
              132.681431314,
              35.371369078
            ],
            [
              132.681336548,
              35.371362093
            ],
            [
              132.681294862,
              35.371367811
            ],
            [
              132.681266754,
              35.371380861
            ],
            [
              132.681258937,
              35.371392902
            ],
            [
              132.681238969,
              35.371444709
            ],
            [
              132.681224978,
              35.371550061
            ],
            [
              132.681224351,
              35.371571278
            ],
            [
              132.681288733,
              35.371574726
            ],
            [
              132.681426307,
              35.371575065
            ],
            [
              132.681426061,
              35.371536273
            ],
            [
              132.681424716,
              35.371502105
            ],
            [
              132.681432557,
              35.37149376
            ],
            [
              132.681461839,
              35.371488093
            ],
            [
              132.681467371,
              35.371471445
            ],
            [
              132.681471794,
              35.371457572
            ],
            [
              132.681565361,
              35.371453479
            ],
            [
              132.681576532,
              35.371436806
            ],
            [
              132.681572552,
              35.371413733
            ]
          ]
        ]
      },
      "properties": {
        "polygon_uuid": "99dcc43f-92b0-4f44-bad2-46774c74fea2",
        "daicho_shubetsu_cd": "FUD25"
      }
    },
    {
      "type": "Feature",
      "geometry": {
        "type": "Polygon",
        "coordinates": [
          [
            [
              132.689759661,
              35.369461756
            ],
            [
              132.689744109,
              35.369732102
            ],
            [
              132.689783949,
              35.369737751
            ],
            [
              132.689774784,
              35.369844436
            ],
            [
              132.690201884,
              35.369888826
            ],
            [
              132.690215027,
              35.369878039
            ],
            [
              132.690227237,
              35.369787604
            ],
            [
              132.690250635,
              35.36979059
            ],
            [
              132.69027095,
              35.369646799
            ],
            [
              132.689912151,
              35.36961424
            ],
            [
              132.689902489,
              35.369603802
            ],
            [
              132.689914519,
              35.369467513
            ],
            [
              132.68990417,
              35.369467101
            ],
            [
              132.689759661,
              35.369461756
            ]
          ]
        ]
      },
      "properties": {
        "polygon_uuid": "ee9a22e5-1f89-4b52-8827-4c3e744a7cdb",
        "daicho_shubetsu_cd": "FUD25"
      }
    },
    {
      "type": "Feature",
      "geometry": {
        "type": "Polygon",
        "coordinates": [
          [
            [
              132.686654286,
              35.368781885
            ],
            [
              132.68663763,
              35.368474935
            ],
            [
              132.686487724,
              35.368515386
            ],
            [
              132.686516278,
              35.368781885
            ],
            [
              132.686654286,
              35.368781885
            ]
          ]
        ]
      },
      "properties": {
        "polygon_uuid": "0edea944-f1b9-4a41-9121-4d0ca5576461",
        "daicho_shubetsu_cd": "FUD25"
      }
    },
    {
      "type": "Feature",
      "geometry": {
        "type": "Polygon",
        "coordinates": [
          [
            [
              132.685743598,
              35.371220029
            ],
            [
              132.685745415,
              35.371111581
            ],
            [
              132.685749316,
              35.371021163
            ],
            [
              132.686247976,
              35.370993115
            ],
            [
              132.68628586,
              35.37099181
            ],
            [
              132.686287094,
              35.370931516
            ],
            [
              132.686284653,
              35.370686871
            ],
            [
              132.685599025,
              35.370695702
            ],
            [
              132.68556866,
              35.370837029
            ],
            [
              132.685530458,
              35.371007536
            ],
            [
              132.685510238,
              35.37114264
            ],
            [
              132.685505,
              35.371222732
            ],
            [
              132.685510279,
              35.371298853
            ],
            [
              132.68552181,
              35.371303513
            ],
            [
              132.685529683,
              35.371335664
            ],
            [
              132.685555501,
              35.371332739
            ],
            [
              132.685658128,
              35.371306924
            ],
            [
              132.685656458,
              35.371245701
            ],
            [
              132.685734231,
              35.371218154
            ],
            [
              132.685743598,
              35.371220029
            ]
          ]
        ]
      },
      "properties": {
        "polygon_uuid": "6cc04ce1-cea5-4aed-8a42-53e419368513",
        "daicho_shubetsu_cd": "FUD25"
      }
    },
    {
      "type": "Feature",
      "geometry": {
        "type": "Polygon",
        "coordinates": [
          [
            [
              132.682915418,
              35.369831955
            ],
            [
              132.682988456,
              35.369819409
            ],
            [
              132.683054474,
              35.369822308
            ],
            [
              132.683112686,
              35.369818878
            ],
            [
              132.683103875,
              35.369738836
            ],
            [
              132.683096357,
              35.369700156
            ],
            [
              132.683096073,
              35.36965549
            ],
            [
              132.683099443,
              35.369613785
            ],
            [
              132.682999916,
              35.36964035
            ],
            [
              132.682784963,
              35.369729533
            ],
            [
              132.682683328,
              35.369766005
            ],
            [
              132.682525259,
              35.369789797
            ],
            [
              132.682404766,
              35.369805023
            ],
            [
              132.682386103,
              35.369828919
            ],
            [
              132.68243336,
              35.369930656
            ],
            [
              132.682752208,
              35.369864032
            ],
            [
              132.682915418,
              35.369831955
            ]
          ]
        ]
      },
      "properties": {
        "polygon_uuid": "be2ca106-bf4f-457d-9d71-591e982a3a4f",
        "daicho_shubetsu_cd": "FUD25"
      }
    },
    {
      "type": "Feature",
      "geometry": {
        "type": "Polygon",
        "coordinates": [
          [
            [
              132.685958678,
              35.370004865
            ],
            [
              132.686117245,
              35.369959648
            ],
            [
              132.686158364,
              35.369948307
            ],
            [
              132.686162774,
              35.36937479
            ],
            [
              132.686017752,
              35.369373763
            ],
            [
              132.686001788,
              35.369378198
            ],
            [
              132.685985619,
              35.369517117
            ],
            [
              132.685967846,
              35.369738392
            ],
            [
              132.685954342,
              35.36996026
            ],
            [
              132.685958678,
              35.370004865
            ]
          ]
        ]
      },
      "properties": {
        "polygon_uuid": "a719dd83-f067-4d14-af6e-5938909f7c83",
        "daicho_shubetsu_cd": "FUD25"
      }
    },
    {
      "type": "Feature",
      "geometry": {
        "type": "Polygon",
        "coordinates": [
          [
            [
              132.686773232,
              35.36967476
            ],
            [
              132.686801662,
              35.369785542
            ],
            [
              132.686812626,
              35.369799467
            ],
            [
              132.686854193,
              35.369797542
            ],
            [
              132.686954347,
              35.369787506
            ],
            [
              132.686958444,
              35.369761289
            ],
            [
              132.686943681,
              35.369620757
            ],
            [
              132.686902922,
              35.369416238
            ],
            [
              132.686862348,
              35.369406807
            ],
            [
              132.686773259,
              35.36939644
            ],
            [
              132.686773232,
              35.36967476
            ]
          ]
        ]
      },
      "properties": {
        "polygon_uuid": "61a6a442-22aa-4584-ad0c-5a4af0997993",
        "daicho_shubetsu_cd": "FUD25"
      }
    },
    {
      "type": "Feature",
      "geometry": {
        "type": "Polygon",
        "coordinates": [
          [
            [
              132.685783147,
              35.37127394
            ],
            [
              132.68579634,
              35.371281705
            ],
            [
              132.686073648,
              35.371284065
            ],
            [
              132.686165651,
              35.371283669
            ],
            [
              132.686170666,
              35.371275729
            ],
            [
              132.68617194,
              35.371118384
            ],
            [
              132.685745415,
              35.371111581
            ],
            [
              132.685743598,
              35.371220029
            ],
            [
              132.685752144,
              35.371221741
            ],
            [
              132.685779683,
              35.371232089
            ],
            [
              132.685783147,
              35.37127394
            ]
          ]
        ]
      },
      "properties": {
        "polygon_uuid": "d12ad9e7-adf5-417f-9796-5c341e687091",
        "daicho_shubetsu_cd": "FUD25"
      }
    },
    {
      "type": "Feature",
      "geometry": {
        "type": "Polygon",
        "coordinates": [
          [
            [
              132.688654981,
              35.369915509
            ],
            [
              132.688665288,
              35.369860448
            ],
            [
              132.688672928,
              35.369722439
            ],
            [
              132.68868224,
              35.369512815
            ],
            [
              132.688666096,
              35.369489306
            ],
            [
              132.688669056,
              35.369428439
            ],
            [
              132.688403152,
              35.369417961
            ],
            [
              132.688219812,
              35.369412183
            ],
            [
              132.688216887,
              35.369483836
            ],
            [
              132.68821098,
              35.369725756
            ],
            [
              132.688212276,
              35.369761555
            ],
            [
              132.688481982,
              35.369756897
            ],
            [
              132.688490085,
              35.369805316
            ],
            [
              132.688505774,
              35.369924013
            ],
            [
              132.688654981,
              35.369915509
            ]
          ]
        ]
      },
      "properties": {
        "polygon_uuid": "4f0fca53-4975-412b-9d74-63b3b7fb2f05",
        "daicho_shubetsu_cd": "FUD25"
      }
    },
    {
      "type": "Feature",
      "geometry": {
        "type": "Polygon",
        "coordinates": [
          [
            [
              132.68590652,
              35.370442714
            ],
            [
              132.686101189,
              35.370536076
            ],
            [
              132.686173277,
              35.370568736
            ],
            [
              132.686174451,
              35.370527519
            ],
            [
              132.686204631,
              35.370526211
            ],
            [
              132.686205495,
              35.370436719
            ],
            [
              132.686418272,
              35.370439337
            ],
            [
              132.68672123,
              35.370442768
            ],
            [
              132.686726972,
              35.370380547
            ],
            [
              132.686726367,
              35.370286351
            ],
            [
              132.686394269,
              35.37028307
            ],
            [
              132.686399159,
              35.370148816
            ],
            [
              132.686195031,
              35.370149694
            ],
            [
              132.686193971,
              35.36998438
            ],
            [
              132.685917043,
              35.370065639
            ],
            [
              132.685895638,
              35.370090458
            ],
            [
              132.68590652,
              35.370442714
            ]
          ]
        ]
      },
      "properties": {
        "polygon_uuid": "f2d8e7d9-dfc0-48dc-9f18-68756f9decdc",
        "daicho_shubetsu_cd": "FUD25"
      }
    },
    {
      "type": "Feature",
      "geometry": {
        "type": "Polygon",
        "coordinates": [
          [
            [
              132.687245567,
              35.37146194
            ],
            [
              132.687288686,
              35.371460576
            ],
            [
              132.687331728,
              35.371447438
            ],
            [
              132.687370459,
              35.371434319
            ],
            [
              132.687363522,
              35.371249485
            ],
            [
              132.687349214,
              35.371036422
            ],
            [
              132.687310348,
              35.371028347
            ],
            [
              132.687229861,
              35.371031049
            ],
            [
              132.687245567,
              35.37146194
            ]
          ]
        ]
      },
      "properties": {
        "polygon_uuid": "672c565f-d053-4223-8c76-6b39b53ccea4",
        "daicho_shubetsu_cd": "FUD25"
      }
    },
    {
      "type": "Feature",
      "geometry": {
        "type": "Polygon",
        "coordinates": [
          [
            [
              132.682605426,
              35.370928005
            ],
            [
              132.682595768,
              35.37109696
            ],
            [
              132.682563136,
              35.371152169
            ],
            [
              132.682568257,
              35.37115942
            ],
            [
              132.682690156,
              35.371177604
            ],
            [
              132.682691709,
              35.371222277
            ],
            [
              132.682713334,
              35.371231536
            ],
            [
              132.683032514,
              35.371257769
            ],
            [
              132.683066576,
              35.371228009
            ],
            [
              132.683057156,
              35.370977114
            ],
            [
              132.682859046,
              35.370975747
            ],
            [
              132.682861579,
              35.370919981
            ],
            [
              132.682605426,
              35.370928005
            ]
          ]
        ]
      },
      "properties": {
        "polygon_uuid": "2052d04a-1a72-4d68-b376-726e6bd9c07e",
        "daicho_shubetsu_cd": "FUD25"
      }
    },
    {
      "type": "Feature",
      "geometry": {
        "type": "Polygon",
        "coordinates": [
          [
            [
              132.68579634,
              35.371281705
            ],
            [
              132.685783147,
              35.37127394
            ],
            [
              132.685774265,
              35.371283922
            ],
            [
              132.68574687,
              35.371296076
            ],
            [
              132.685707341,
              35.371309328
            ],
            [
              132.685663932,
              35.371315271
            ],
            [
              132.685658128,
              35.371306924
            ],
            [
              132.685555501,
              35.371332739
            ],
            [
              132.685529683,
              35.371335664
            ],
            [
              132.685534937,
              35.371376537
            ],
            [
              132.685832662,
              35.371366347
            ],
            [
              132.685894286,
              35.371363918
            ],
            [
              132.685894286,
              35.371282539
            ],
            [
              132.68579634,
              35.371281705
            ]
          ]
        ]
      },
      "properties": {
        "polygon_uuid": "76452883-0230-4fdc-9f63-7423d84dbeed",
        "daicho_shubetsu_cd": "FUD25"
      }
    },
    {
      "type": "Feature",
      "geometry": {
        "type": "Polygon",
        "coordinates": [
          [
            [
              132.683518906,
              35.370126882
            ],
            [
              132.683586155,
              35.370600998
            ],
            [
              132.683797403,
              35.370581937
            ],
            [
              132.683721143,
              35.370113665
            ],
            [
              132.683528215,
              35.370126133
            ],
            [
              132.683518906,
              35.370126882
            ]
          ]
        ]
      },
      "properties": {
        "polygon_uuid": "6fd052b9-99d8-4c63-a212-750695aa1a74",
        "daicho_shubetsu_cd": "FUD25"
      }
    },
    {
      "type": "Feature",
      "geometry": {
        "type": "Polygon",
        "coordinates": [
          [
            [
              132.691014809,
              35.370965122
            ],
            [
              132.69104136,
              35.370833706
            ],
            [
              132.691422565,
              35.370829721
            ],
            [
              132.691421305,
              35.370735143
            ],
            [
              132.691406849,
              35.370697947
            ],
            [
              132.691375388,
              35.370668974
            ],
            [
              132.691334058,
              35.370652853
            ],
            [
              132.691230197,
              35.370639331
            ],
            [
              132.690861727,
              35.370594356
            ],
            [
              132.690837562,
              35.370594461
            ],
            [
              132.6908217,
              35.370779662
            ],
            [
              132.690806124,
              35.370789045
            ],
            [
              132.69076205,
              35.370788072
            ],
            [
              132.690565776,
              35.370772622
            ],
            [
              132.69054592,
              35.370779693
            ],
            [
              132.690537496,
              35.370796031
            ],
            [
              132.690555623,
              35.370961292
            ],
            [
              132.691014809,
              35.370965122
            ]
          ]
        ]
      },
      "properties": {
        "polygon_uuid": "0310a2f5-7343-4e92-9f5a-7739f0fffe97",
        "daicho_shubetsu_cd": "FUD25"
      }
    },
    {
      "type": "Feature",
      "geometry": {
        "type": "Polygon",
        "coordinates": [
          [
            [
              132.686658172,
              35.368475244
            ],
            [
              132.686712557,
              35.368779924
            ],
            [
              132.687049423,
              35.368757091
            ],
            [
              132.687057775,
              35.368768147
            ],
            [
              132.687069278,
              35.368768098
            ],
            [
              132.68719576,
              35.368760016
            ],
            [
              132.687273263,
              35.368749577
            ],
            [
              132.687313234,
              35.368748095
            ],
            [
              132.687369512,
              35.368231629
            ],
            [
              132.687351108,
              35.368231708
            ],
            [
              132.687213439,
              35.368288834
            ],
            [
              132.68694263,
              35.368391759
            ],
            [
              132.686719914,
              35.368460557
            ],
            [
              132.686658172,
              35.368475244
            ]
          ]
        ]
      },
      "properties": {
        "polygon_uuid": "f945793e-03bc-476e-bee8-7f899946c80b",
        "daicho_shubetsu_cd": "FUD25"
      }
    },
    {
      "type": "Feature",
      "geometry": {
        "type": "Polygon",
        "coordinates": [
          [
            [
              132.688665288,
              35.369860448
            ],
            [
              132.688896843,
              35.369891759
            ],
            [
              132.688913862,
              35.369885572
            ],
            [
              132.688919118,
              35.36976588
            ],
            [
              132.688994789,
              35.369762059
            ],
            [
              132.68900003,
              35.369748064
            ],
            [
              132.689010283,
              35.369519224
            ],
            [
              132.688692497,
              35.369507498
            ],
            [
              132.68868224,
              35.369512815
            ],
            [
              132.688672928,
              35.369722439
            ],
            [
              132.688665288,
              35.369860448
            ]
          ]
        ]
      },
      "properties": {
        "polygon_uuid": "c03a217f-5e36-4c1c-9480-81d90cf46f0b",
        "daicho_shubetsu_cd": "FUD25"
      }
    },
    {
      "type": "Feature",
      "geometry": {
        "type": "Polygon",
        "coordinates": [
          [
            [
              132.691207814,
              35.369858459
            ],
            [
              132.691161029,
              35.369858794
            ],
            [
              132.691162546,
              35.369874149
            ],
            [
              132.691170053,
              35.369935828
            ],
            [
              132.691183305,
              35.370006796
            ],
            [
              132.691193768,
              35.370085927
            ],
            [
              132.691201606,
              35.370198836
            ],
            [
              132.691218934,
              35.370283199
            ],
            [
              132.691222155,
              35.370298881
            ],
            [
              132.691236473,
              35.370592045
            ],
            [
              132.691280265,
              35.370596976
            ],
            [
              132.691354883,
              35.370594905
            ],
            [
              132.691408019,
              35.370568477
            ],
            [
              132.691403005,
              35.370123133
            ],
            [
              132.691389957,
              35.369867566
            ],
            [
              132.691208964,
              35.369869904
            ],
            [
              132.691207814,
              35.369858459
            ]
          ]
        ]
      },
      "properties": {
        "polygon_uuid": "5e9951e9-9c29-4338-8082-893d6539e61e",
        "daicho_shubetsu_cd": "FUD25"
      }
    },
    {
      "type": "Feature",
      "geometry": {
        "type": "Polygon",
        "coordinates": [
          [
            [
              132.688219812,
              35.369412183
            ],
            [
              132.688061918,
              35.369407207
            ],
            [
              132.687691907,
              35.369394632
            ],
            [
              132.687699687,
              35.369465109
            ],
            [
              132.687719101,
              35.369665877
            ],
            [
              132.687723896,
              35.369771488
            ],
            [
              132.687742511,
              35.369773611
            ],
            [
              132.687899315,
              35.369786033
            ],
            [
              132.688187801,
              35.369768647
            ],
            [
              132.688212276,
              35.369761555
            ],
            [
              132.68821098,
              35.369725756
            ],
            [
              132.688216887,
              35.369483836
            ],
            [
              132.688219812,
              35.369412183
            ]
          ]
        ]
      },
      "properties": {
        "polygon_uuid": "647387ff-f2c6-4bdd-a5ae-89c8e5b606fc",
        "daicho_shubetsu_cd": "FUD25"
      }
    },
    {
      "type": "Feature",
      "geometry": {
        "type": "Polygon",
        "coordinates": [
          [
            [
              132.691810485,
              35.370615691
            ],
            [
              132.691822138,
              35.370242902
            ],
            [
              132.691835446,
              35.369828391
            ],
            [
              132.691837499,
              35.369816156
            ],
            [
              132.691647925,
              35.369816904
            ],
            [
              132.691640309,
              35.370061911
            ],
            [
              132.691643867,
              35.370255991
            ],
            [
              132.691642676,
              35.370427478
            ],
            [
              132.691639704,
              35.370522985
            ],
            [
              132.691688513,
              35.370562541
            ],
            [
              132.691751952,
              35.370611977
            ],
            [
              132.691810485,
              35.370615691
            ]
          ]
        ]
      },
      "properties": {
        "polygon_uuid": "4cf4c493-78d7-4d05-b5bb-8c89d0c8611e",
        "daicho_shubetsu_cd": "FUD25"
      }
    },
    {
      "type": "Feature",
      "geometry": {
        "type": "Polygon",
        "coordinates": [
          [
            [
              132.687974622,
              35.370932309
            ],
            [
              132.688102356,
              35.370974148
            ],
            [
              132.688204134,
              35.371003537
            ],
            [
              132.68823294,
              35.371012048
            ],
            [
              132.688404957,
              35.371084309
            ],
            [
              132.688545611,
              35.371145423
            ],
            [
              132.688526286,
              35.371055087
            ],
            [
              132.688504917,
              35.370862072
            ],
            [
              132.688498273,
              35.370723158
            ],
            [
              132.68848418,
              35.37072587
            ],
            [
              132.688470326,
              35.370509273
            ],
            [
              132.688443492,
              35.370509389
            ],
            [
              132.688431143,
              35.370377564
            ],
            [
              132.688395042,
              35.370371608
            ],
            [
              132.688381968,
              35.370350469
            ],
            [
              132.688127657,
              35.370352224
            ],
            [
              132.6881721,
              35.370556914
            ],
            [
              132.687942398,
              35.370605005
            ],
            [
              132.687974622,
              35.370932309
            ]
          ]
        ]
      },
      "properties": {
        "polygon_uuid": "9980c4fa-39b7-4a67-a990-8dacd08229f7",
        "daicho_shubetsu_cd": "FUD25"
      }
    },
    {
      "type": "Feature",
      "geometry": {
        "type": "Polygon",
        "coordinates": [
          [
            [
              132.684853288,
              35.371008401
            ],
            [
              132.685190505,
              35.371017114
            ],
            [
              132.6851959,
              35.370979222
            ],
            [
              132.685210524,
              35.370973619
            ],
            [
              132.685265805,
              35.370977999
            ],
            [
              132.685295414,
              35.370983428
            ],
            [
              132.685292756,
              35.370960335
            ],
            [
              132.6852954,
              35.370844872
            ],
            [
              132.685315661,
              35.370839243
            ],
            [
              132.685316635,
              35.370815226
            ],
            [
              132.685311647,
              35.370740434
            ],
            [
              132.685294709,
              35.370736812
            ],
            [
              132.684948643,
              35.370754923
            ],
            [
              132.684895664,
              35.37075792
            ],
            [
              132.684863603,
              35.370757059
            ],
            [
              132.68485585,
              35.370880007
            ],
            [
              132.684849758,
              35.370985326
            ],
            [
              132.684853288,
              35.371008401
            ]
          ]
        ]
      },
      "properties": {
        "polygon_uuid": "7db74139-f1e4-4e8e-afe5-8f4c6369e021",
        "daicho_shubetsu_cd": "FUD25"
      }
    },
    {
      "type": "Feature",
      "geometry": {
        "type": "Polygon",
        "coordinates": [
          [
            [
              132.690160564,
              35.370244366
            ],
            [
              132.690176774,
              35.370127948
            ],
            [
              132.689822714,
              35.370112889
            ],
            [
              132.689823469,
              35.370104185
            ],
            [
              132.68956414,
              35.370114759
            ],
            [
              132.689436335,
              35.370124693
            ],
            [
              132.689443378,
              35.370131035
            ],
            [
              132.689526605,
              35.370251768
            ],
            [
              132.689559668,
              35.370308679
            ],
            [
              132.689717906,
              35.37032797
            ],
            [
              132.68972988,
              35.37040094
            ],
            [
              132.689753623,
              35.370405645
            ],
            [
              132.690097919,
              35.370449564
            ],
            [
              132.690110811,
              35.370244582
            ],
            [
              132.690160564,
              35.370244366
            ]
          ]
        ]
      },
      "properties": {
        "polygon_uuid": "468300bf-e23d-47ec-b98b-922a518e4667",
        "daicho_shubetsu_cd": "FUD25"
      }
    },
    {
      "type": "Feature",
      "geometry": {
        "type": "Polygon",
        "coordinates": [
          [
            [
              132.691908184,
              35.370603488
            ],
            [
              132.691915409,
              35.370113048
            ],
            [
              132.69191098,
              35.369923132
            ],
            [
              132.691909145,
              35.369814067
            ],
            [
              132.691837499,
              35.369816156
            ],
            [
              132.691835446,
              35.369828391
            ],
            [
              132.691822138,
              35.370242902
            ],
            [
              132.691810485,
              35.370615691
            ],
            [
              132.691868015,
              35.370617797
            ],
            [
              132.691908184,
              35.370603488
            ]
          ]
        ]
      },
      "properties": {
        "polygon_uuid": "4d360656-e094-4f65-8d0e-92510bd4d058",
        "daicho_shubetsu_cd": "FUD25"
      }
    },
    {
      "type": "Feature",
      "geometry": {
        "type": "Polygon",
        "coordinates": [
          [
            [
              132.703996502,
              35.370884454
            ],
            [
              132.703979302,
              35.370943476
            ],
            [
              132.703953274,
              35.370997953
            ],
            [
              132.703922403,
              35.371045246
            ],
            [
              132.703920908,
              35.371060972
            ],
            [
              132.704072544,
              35.371137581
            ],
            [
              132.704017037,
              35.371207908
            ],
            [
              132.704355022,
              35.371383834
            ],
            [
              132.704451887,
              35.371261431
            ],
            [
              132.70412996,
              35.371087094
            ],
            [
              132.704198045,
              35.370984358
            ],
            [
              132.703996502,
              35.370884454
            ]
          ]
        ]
      },
      "properties": {
        "polygon_uuid": "de58c8ca-26e7-40fa-ba56-96807179e9a5",
        "daicho_shubetsu_cd": "FUD25"
      }
    },
    {
      "type": "Feature",
      "geometry": {
        "type": "Polygon",
        "coordinates": [
          [
            [
              132.682842574,
              35.371502127
            ],
            [
              132.682854373,
              35.371497169
            ],
            [
              132.683026592,
              35.371507517
            ],
            [
              132.683044471,
              35.371509903
            ],
            [
              132.683044186,
              35.371465245
            ],
            [
              132.682976489,
              35.371459069
            ],
            [
              132.682971678,
              35.371411985
            ],
            [
              132.682958,
              35.371388954
            ],
            [
              132.682809115,
              35.371383124
            ],
            [
              132.682794497,
              35.371389651
            ],
            [
              132.682789501,
              35.371490347
            ],
            [
              132.682806474,
              35.371499511
            ],
            [
              132.682842574,
              35.371502127
            ]
          ]
        ]
      },
      "properties": {
        "polygon_uuid": "96c0a69b-907f-47e1-a5f8-983b9deccba4",
        "daicho_shubetsu_cd": "FUD25"
      }
    },
    {
      "type": "Feature",
      "geometry": {
        "type": "Polygon",
        "coordinates": [
          [
            [
              132.683405758,
              35.370621897
            ],
            [
              132.68341404,
              35.37068282
            ],
            [
              132.683429983,
              35.370707228
            ],
            [
              132.683431281,
              35.370734007
            ],
            [
              132.68344264,
              35.370746889
            ],
            [
              132.683449599,
              35.370777338
            ],
            [
              132.683474465,
              35.370786468
            ],
            [
              132.683492589,
              35.370799321
            ],
            [
              132.68349498,
              35.370820554
            ],
            [
              132.683492937,
              35.370853813
            ],
            [
              132.683459232,
              35.370873353
            ],
            [
              132.683458246,
              35.370895524
            ],
            [
              132.68346298,
              35.370930601
            ],
            [
              132.683448922,
              35.371024869
            ],
            [
              132.683427968,
              35.371098848
            ],
            [
              132.683384059,
              35.371109473
            ],
            [
              132.683367327,
              35.371143225
            ],
            [
              132.683369964,
              35.371203249
            ],
            [
              132.683584161,
              35.371194944
            ],
            [
              132.683670926,
              35.371191369
            ],
            [
              132.683653155,
              35.371045516
            ],
            [
              132.683630735,
              35.370889521
            ],
            [
              132.683623572,
              35.370827393
            ],
            [
              132.68360121,
              35.370651953
            ],
            [
              132.683586155,
              35.370600998
            ],
            [
              132.683405758,
              35.370621897
            ]
          ]
        ]
      },
      "properties": {
        "polygon_uuid": "321fd470-d03d-4387-9479-98e571d3f996",
        "daicho_shubetsu_cd": "FUD25"
      }
    },
    {
      "type": "Feature",
      "geometry": {
        "type": "Polygon",
        "coordinates": [
          [
            [
              132.684905476,
              35.369779915
            ],
            [
              132.684910224,
              35.369519302
            ],
            [
              132.684904965,
              35.369499359
            ],
            [
              132.684906617,
              35.369356447
            ],
            [
              132.684719582,
              35.369357248
            ],
            [
              132.684719945,
              35.369413989
            ],
            [
              132.684730281,
              35.369425503
            ],
            [
              132.68472842,
              35.369535843
            ],
            [
              132.684533545,
              35.369554542
            ],
            [
              132.684540059,
              35.369770974
            ],
            [
              132.684905476,
              35.369779915
            ]
          ]
        ]
      },
      "properties": {
        "polygon_uuid": "f373bce6-0fbd-4930-9d8a-9ba205ab47a1",
        "daicho_shubetsu_cd": "FUD25"
      }
    },
    {
      "type": "Feature",
      "geometry": {
        "type": "Polygon",
        "coordinates": [
          [
            [
              132.689857029,
              35.371251278
            ],
            [
              132.689913612,
              35.371257313
            ],
            [
              132.690067792,
              35.371265822
            ],
            [
              132.68989665,
              35.370765271
            ],
            [
              132.689903708,
              35.370745223
            ],
            [
              132.690031481,
              35.370718765
            ],
            [
              132.690075373,
              35.370709237
            ],
            [
              132.690036206,
              35.370518728
            ],
            [
              132.690021001,
              35.370485586
            ],
            [
              132.689965356,
              35.370478747
            ],
            [
              132.689722186,
              35.370444476
            ],
            [
              132.689645875,
              35.370425966
            ],
            [
              132.689606914,
              35.370407047
            ],
            [
              132.689390548,
              35.370393159
            ],
            [
              132.689402756,
              35.370539094
            ],
            [
              132.68941288,
              35.370548471
            ],
            [
              132.689433309,
              35.370595481
            ],
            [
              132.689638513,
              35.370557144
            ],
            [
              132.689691457,
              35.370741781
            ],
            [
              132.68975754,
              35.370949285
            ],
            [
              132.689763355,
              35.370967546
            ],
            [
              132.689803125,
              35.371115737
            ],
            [
              132.689836706,
              35.37119566
            ],
            [
              132.689857029,
              35.371251278
            ]
          ]
        ]
      },
      "properties": {
        "polygon_uuid": "d4e88292-0fac-40ca-bf6f-9decd41c2d9d",
        "daicho_shubetsu_cd": "FUD25"
      }
    },
    {
      "type": "Feature",
      "geometry": {
        "type": "Polygon",
        "coordinates": [
          [
            [
              132.690556123,
              35.371144534
            ],
            [
              132.69051952,
              35.370913971
            ],
            [
              132.690291878,
              35.370930525
            ],
            [
              132.690270794,
              35.370930616
            ],
            [
              132.690251029,
              35.370838073
            ],
            [
              132.690106358,
              35.37084498
            ],
            [
              132.690079742,
              35.370730487
            ],
            [
              132.690075373,
              35.370709237
            ],
            [
              132.690031481,
              35.370718765
            ],
            [
              132.689903708,
              35.370745223
            ],
            [
              132.68989665,
              35.370765271
            ],
            [
              132.690067792,
              35.371265822
            ],
            [
              132.690242884,
              35.371275486
            ],
            [
              132.690232768,
              35.371193105
            ],
            [
              132.690556123,
              35.371144534
            ]
          ]
        ]
      },
      "properties": {
        "polygon_uuid": "a08f196d-9998-45f4-821a-9dfeec72d2b9",
        "daicho_shubetsu_cd": "FUD25"
      }
    },
    {
      "type": "Feature",
      "geometry": {
        "type": "Polygon",
        "coordinates": [
          [
            [
              132.687179547,
              35.371031265
            ],
            [
              132.687101804,
              35.371027909
            ],
            [
              132.687108117,
              35.371101045
            ],
            [
              132.687108971,
              35.371234097
            ],
            [
              132.68711334,
              35.37135642
            ],
            [
              132.687192204,
              35.371356789
            ],
            [
              132.687194583,
              35.371342513
            ],
            [
              132.687241184,
              35.371341706
            ],
            [
              132.687229861,
              35.371031049
            ],
            [
              132.687179547,
              35.371031265
            ]
          ]
        ]
      },
      "properties": {
        "polygon_uuid": "b3db1d41-43e3-4a0b-8034-a01d732f105c",
        "daicho_shubetsu_cd": "FUD25"
      }
    },
    {
      "type": "Feature",
      "geometry": {
        "type": "Polygon",
        "coordinates": [
          [
            [
              132.688930331,
              35.369959728
            ],
            [
              132.688936543,
              35.369930885
            ],
            [
              132.688967275,
              35.369901934
            ],
            [
              132.689160422,
              35.369929043
            ],
            [
              132.68916681,
              35.369762221
            ],
            [
              132.68916212,
              35.369755121
            ],
            [
              132.689143771,
              35.369754797
            ],
            [
              132.688994789,
              35.369762059
            ],
            [
              132.688919118,
              35.36976588
            ],
            [
              132.688913862,
              35.369885572
            ],
            [
              132.688896843,
              35.369891759
            ],
            [
              132.688665288,
              35.369860448
            ],
            [
              132.688654981,
              35.369915509
            ],
            [
              132.688815062,
              35.369940142
            ],
            [
              132.688930331,
              35.369959728
            ]
          ]
        ]
      },
      "properties": {
        "polygon_uuid": "e55a308a-6856-428c-9ab6-a1182b05d2d1",
        "daicho_shubetsu_cd": "FUD25"
      }
    },
    {
      "type": "Feature",
      "geometry": {
        "type": "Polygon",
        "coordinates": [
          [
            [
              132.682308523,
              35.37109209
            ],
            [
              132.682411283,
              35.37109269
            ],
            [
              132.682521639,
              35.37109118
            ],
            [
              132.682563475,
              35.371086845
            ],
            [
              132.682579727,
              35.370849869
            ],
            [
              132.682580758,
              35.370812458
            ],
            [
              132.682566487,
              35.370762644
            ],
            [
              132.682382924,
              35.370822654
            ],
            [
              132.682279161,
              35.370863621
            ],
            [
              132.682301857,
              35.371041204
            ],
            [
              132.682302134,
              35.371084843
            ],
            [
              132.682308523,
              35.37109209
            ]
          ]
        ]
      },
      "properties": {
        "polygon_uuid": "0e069709-fb71-4b81-9f77-a467b8aa0931",
        "daicho_shubetsu_cd": "FUD25"
      }
    },
    {
      "type": "Feature",
      "geometry": {
        "type": "Polygon",
        "coordinates": [
          [
            [
              132.689402756,
              35.370539094
            ],
            [
              132.689072253,
              35.37056054
            ],
            [
              132.68904653,
              35.370562612
            ],
            [
              132.689068287,
              35.37094686
            ],
            [
              132.689256391,
              35.370911852
            ],
            [
              132.689497631,
              35.370869596
            ],
            [
              132.689514089,
              35.37096961
            ],
            [
              132.689647741,
              35.370963145
            ],
            [
              132.68975754,
              35.370949285
            ],
            [
              132.689691457,
              35.370741781
            ],
            [
              132.689638513,
              35.370557144
            ],
            [
              132.689433309,
              35.370595481
            ],
            [
              132.68941288,
              35.370548471
            ],
            [
              132.689402756,
              35.370539094
            ]
          ]
        ]
      },
      "properties": {
        "polygon_uuid": "e7b965ec-88d9-4e4c-a048-a790acd5d339",
        "daicho_shubetsu_cd": "FUD25"
      }
    },
    {
      "type": "Feature",
      "geometry": {
        "type": "Polygon",
        "coordinates": [
          [
            [
              132.684421518,
              35.3706919
            ],
            [
              132.684353884,
              35.370246444
            ],
            [
              132.684466554,
              35.370232107
            ],
            [
              132.684740363,
              35.370200454
            ],
            [
              132.684745072,
              35.370192241
            ],
            [
              132.684724043,
              35.370077803
            ],
            [
              132.684723084,
              35.370062829
            ],
            [
              132.684329599,
              35.37007098
            ],
            [
              132.684095149,
              35.370085838
            ],
            [
              132.683936211,
              35.370098214
            ],
            [
              132.683967068,
              35.370283308
            ],
            [
              132.683979513,
              35.37028972
            ],
            [
              132.684134997,
              35.370269658
            ],
            [
              132.684213893,
              35.370263779
            ],
            [
              132.684265269,
              35.370539719
            ],
            [
              132.684299743,
              35.370712498
            ],
            [
              132.684334782,
              35.370706126
            ],
            [
              132.684421518,
              35.3706919
            ]
          ]
        ]
      },
      "properties": {
        "polygon_uuid": "96d62c36-73d3-4165-b90b-a7f4519be23c",
        "daicho_shubetsu_cd": "FUD25"
      }
    },
    {
      "type": "Feature",
      "geometry": {
        "type": "Polygon",
        "coordinates": [
          [
            [
              132.689276915,
              35.36999771
            ],
            [
              132.689253276,
              35.369803946
            ],
            [
              132.689242947,
              35.369690029
            ],
            [
              132.689237119,
              35.369530246
            ],
            [
              132.689231857,
              35.369458224
            ],
            [
              132.689209342,
              35.369446788
            ],
            [
              132.68918091,
              35.369445895
            ],
            [
              132.689180872,
              35.36946263
            ],
            [
              132.689195477,
              35.369743759
            ],
            [
              132.689187072,
              35.369763007
            ],
            [
              132.68916681,
              35.369762221
            ],
            [
              132.689160422,
              35.369929043
            ],
            [
              132.688967275,
              35.369901934
            ],
            [
              132.688936543,
              35.369930885
            ],
            [
              132.688930331,
              35.369959728
            ],
            [
              132.689039188,
              35.369976724
            ],
            [
              132.689231231,
              35.369997725
            ],
            [
              132.689269645,
              35.370002799
            ],
            [
              132.689276915,
              35.36999771
            ]
          ]
        ]
      },
      "properties": {
        "polygon_uuid": "c577876f-00f5-4a64-959f-a89cdc5a290b",
        "daicho_shubetsu_cd": "FUD25"
      }
    },
    {
      "type": "Feature",
      "geometry": {
        "type": "Polygon",
        "coordinates": [
          [
            [
              132.68641634,
              35.368772367
            ],
            [
              132.686390166,
              35.36858201
            ],
            [
              132.686080836,
              35.3686296
            ],
            [
              132.68610463,
              35.368789023
            ],
            [
              132.68641634,
              35.368772367
            ]
          ]
        ]
      },
      "properties": {
        "polygon_uuid": "a43a80dd-34a1-474d-8f7d-aadea2d1aa1a",
        "daicho_shubetsu_cd": "FUD25"
      }
    },
    {
      "type": "Feature",
      "geometry": {
        "type": "Polygon",
        "coordinates": [
          [
            [
              132.690807248,
              35.369854531
            ],
            [
              132.690807012,
              35.369714107
            ],
            [
              132.690803217,
              35.369566832
            ],
            [
              132.690797185,
              35.369513298
            ],
            [
              132.690788512,
              35.369491212
            ],
            [
              132.690768582,
              35.369486642
            ],
            [
              132.690543995,
              35.36948878
            ],
            [
              132.690517953,
              35.369487975
            ],
            [
              132.690501674,
              35.369605573
            ],
            [
              132.690492243,
              35.369630938
            ],
            [
              132.690301317,
              35.369617794
            ],
            [
              132.690288721,
              35.369648412
            ],
            [
              132.69027095,
              35.369646799
            ],
            [
              132.690250635,
              35.36979059
            ],
            [
              132.690376087,
              35.369806607
            ],
            [
              132.690489705,
              35.369817904
            ],
            [
              132.690532967,
              35.369830815
            ],
            [
              132.690807248,
              35.369854531
            ]
          ]
        ]
      },
      "properties": {
        "polygon_uuid": "5116c674-aa33-46aa-98e1-ab058ceeb152",
        "daicho_shubetsu_cd": "FUD25"
      }
    },
    {
      "type": "Feature",
      "geometry": {
        "type": "Polygon",
        "coordinates": [
          [
            [
              132.681597776,
              35.370742628
            ],
            [
              132.681749265,
              35.370759845
            ],
            [
              132.681782612,
              35.370758653
            ],
            [
              132.681823623,
              35.370752173
            ],
            [
              132.681942553,
              35.370692823
            ],
            [
              132.682070431,
              35.370628179
            ],
            [
              132.682147214,
              35.370598431
            ],
            [
              132.682167579,
              35.370573125
            ],
            [
              132.682180127,
              35.370528938
            ],
            [
              132.682201327,
              35.370433227
            ],
            [
              132.682166784,
              35.370448086
            ],
            [
              132.682079758,
              35.370481031
            ],
            [
              132.682057936,
              35.370479022
            ],
            [
              132.682027062,
              35.370465494
            ],
            [
              132.681955236,
              35.370467902
            ],
            [
              132.681877049,
              35.370478743
            ],
            [
              132.68185015,
              35.370485163
            ],
            [
              132.681784678,
              35.370478086
            ],
            [
              132.681676852,
              35.370468038
            ],
            [
              132.681556292,
              35.370472755
            ],
            [
              132.681551608,
              35.370543177
            ],
            [
              132.681545394,
              35.370574726
            ],
            [
              132.681525009,
              35.37059688
            ],
            [
              132.68152915,
              35.370643096
            ],
            [
              132.681597776,
              35.370742628
            ]
          ]
        ]
      },
      "properties": {
        "polygon_uuid": "76fd4690-d9c9-4ada-b456-ab39b63e112a",
        "daicho_shubetsu_cd": "FUD25"
      }
    },
    {
      "type": "Feature",
      "geometry": {
        "type": "Polygon",
        "coordinates": [
          [
            [
              132.687689374,
              35.371507446
            ],
            [
              132.687814395,
              35.371499843
            ],
            [
              132.687933704,
              35.37149815
            ],
            [
              132.688120577,
              35.371496166
            ],
            [
              132.688127929,
              35.371298317
            ],
            [
              132.687920239,
              35.37129462
            ],
            [
              132.687920813,
              35.371245805
            ],
            [
              132.687835991,
              35.371244993
            ],
            [
              132.687833198,
              35.371257957
            ],
            [
              132.687831861,
              35.371411572
            ],
            [
              132.687683154,
              35.371420486
            ],
            [
              132.687689374,
              35.371507446
            ]
          ]
        ]
      },
      "properties": {
        "polygon_uuid": "da9a2abf-6dd3-40eb-a0b1-ab6df2258761",
        "daicho_shubetsu_cd": "FUD25"
      }
    },
    {
      "type": "Feature",
      "geometry": {
        "type": "Polygon",
        "coordinates": [
          [
            [
              132.684421518,
              35.3706919
            ],
            [
              132.684459365,
              35.370967898
            ],
            [
              132.684809171,
              35.37091305
            ],
            [
              132.684809618,
              35.370899158
            ],
            [
              132.684820466,
              35.370655647
            ],
            [
              132.684821389,
              35.370642435
            ],
            [
              132.684785835,
              35.37064625
            ],
            [
              132.68454022,
              35.370678706
            ],
            [
              132.684421518,
              35.3706919
            ]
          ]
        ]
      },
      "properties": {
        "polygon_uuid": "5e414234-8ea5-4086-9622-ae41568d87e2",
        "daicho_shubetsu_cd": "FUD25"
      }
    },
    {
      "type": "Feature",
      "geometry": {
        "type": "Polygon",
        "coordinates": [
          [
            [
              132.691909145,
              35.369814067
            ],
            [
              132.69190838,
              35.369768575
            ],
            [
              132.69190102,
              35.369619933
            ],
            [
              132.691892192,
              35.369491602
            ],
            [
              132.691875248,
              35.369393806
            ],
            [
              132.691827614,
              35.369397569
            ],
            [
              132.691674493,
              35.3694598
            ],
            [
              132.691621788,
              35.369470508
            ],
            [
              132.691643502,
              35.369489033
            ],
            [
              132.691637576,
              35.369639813
            ],
            [
              132.691647925,
              35.369816904
            ],
            [
              132.691837499,
              35.369816156
            ],
            [
              132.691909145,
              35.369814067
            ]
          ]
        ]
      },
      "properties": {
        "polygon_uuid": "4276b8cd-f745-42b7-86b1-b371025c54b7",
        "daicho_shubetsu_cd": "FUD25"
      }
    },
    {
      "type": "Feature",
      "geometry": {
        "type": "Polygon",
        "coordinates": [
          [
            [
              132.690290587,
              35.371426808
            ],
            [
              132.690300373,
              35.371458164
            ],
            [
              132.690328318,
              35.371481594
            ],
            [
              132.690372687,
              35.37152536
            ],
            [
              132.690398613,
              35.371533098
            ],
            [
              132.69060741,
              35.371512568
            ],
            [
              132.690595118,
              35.371390163
            ],
            [
              132.690593447,
              35.371379638
            ],
            [
              132.690290587,
              35.371426808
            ]
          ]
        ]
      },
      "properties": {
        "polygon_uuid": "0aea55b3-932d-49f4-aedb-b6077789b733",
        "daicho_shubetsu_cd": "FUD25"
      }
    },
    {
      "type": "Feature",
      "geometry": {
        "type": "Polygon",
        "coordinates": [
          [
            [
              132.682598146,
              35.370707078
            ],
            [
              132.682602344,
              35.370734922
            ],
            [
              132.682611749,
              35.370817383
            ],
            [
              132.682605426,
              35.370928005
            ],
            [
              132.682861579,
              35.370919981
            ],
            [
              132.682869821,
              35.370886004
            ],
            [
              132.682875679,
              35.370876281
            ],
            [
              132.683053289,
              35.370874119
            ],
            [
              132.683052827,
              35.370861798
            ],
            [
              132.683037524,
              35.370849394
            ],
            [
              132.682817445,
              35.370846637
            ],
            [
              132.682815621,
              35.370759363
            ],
            [
              132.682810288,
              35.370718863
            ],
            [
              132.682802428,
              35.3706991
            ],
            [
              132.682598146,
              35.370707078
            ]
          ]
        ]
      },
      "properties": {
        "polygon_uuid": "7d047249-3016-4567-8cd8-b9ad0df4f005",
        "daicho_shubetsu_cd": "FUD25"
      }
    },
    {
      "type": "Feature",
      "geometry": {
        "type": "Polygon",
        "coordinates": [
          [
            [
              132.688603937,
              35.370198273
            ],
            [
              132.688379759,
              35.370211015
            ],
            [
              132.688378865,
              35.370072076
            ],
            [
              132.688379811,
              35.369995536
            ],
            [
              132.688355237,
              35.369974448
            ],
            [
              132.688179905,
              35.369982269
            ],
            [
              132.688183257,
              35.370056436
            ],
            [
              132.688097119,
              35.37007447
            ],
            [
              132.688055673,
              35.370112328
            ],
            [
              132.688051519,
              35.370137073
            ],
            [
              132.688057997,
              35.370250084
            ],
            [
              132.688068612,
              35.370335994
            ],
            [
              132.688087391,
              35.370350043
            ],
            [
              132.688127657,
              35.370352224
            ],
            [
              132.688381968,
              35.370350469
            ],
            [
              132.688395042,
              35.370371608
            ],
            [
              132.688431143,
              35.370377564
            ],
            [
              132.688613179,
              35.370368928
            ],
            [
              132.688603937,
              35.370198273
            ]
          ]
        ]
      },
      "properties": {
        "polygon_uuid": "30f11c56-981f-4175-a2e6-bc6828e5d41e",
        "daicho_shubetsu_cd": "FUD25"
      }
    },
    {
      "type": "Feature",
      "geometry": {
        "type": "Polygon",
        "coordinates": [
          [
            [
              132.684719582,
              35.369357248
            ],
            [
              132.684321907,
              35.369358953
            ],
            [
              132.68386269,
              35.369366173
            ],
            [
              132.683839188,
              35.369502875
            ],
            [
              132.683816177,
              35.369515583
            ],
            [
              132.683791851,
              35.369523042
            ],
            [
              132.683806605,
              35.369623853
            ],
            [
              132.683968101,
              35.369601096
            ],
            [
              132.684018211,
              35.369613491
            ],
            [
              132.684191259,
              35.369591734
            ],
            [
              132.684533545,
              35.369554542
            ],
            [
              132.68472842,
              35.369535843
            ],
            [
              132.684730281,
              35.369425503
            ],
            [
              132.684719945,
              35.369413989
            ],
            [
              132.684719582,
              35.369357248
            ]
          ]
        ]
      },
      "properties": {
        "polygon_uuid": "a5d0ee7b-b7e3-4045-8fc8-bc865eff6800",
        "daicho_shubetsu_cd": "FUD25"
      }
    },
    {
      "type": "Feature",
      "geometry": {
        "type": "Polygon",
        "coordinates": [
          [
            [
              132.690140134,
              35.370455915
            ],
            [
              132.690602482,
              35.370511655
            ],
            [
              132.690617381,
              35.370337369
            ],
            [
              132.690639962,
              35.370036867
            ],
            [
              132.690198362,
              35.37000385
            ],
            [
              132.690184536,
              35.37000915
            ],
            [
              132.689832637,
              35.369998448
            ],
            [
              132.689823469,
              35.370104185
            ],
            [
              132.689822714,
              35.370112889
            ],
            [
              132.690176774,
              35.370127948
            ],
            [
              132.690160564,
              35.370244366
            ],
            [
              132.690136255,
              35.370442412
            ],
            [
              132.690136324,
              35.37045157
            ],
            [
              132.690140134,
              35.370455915
            ]
          ]
        ]
      },
      "properties": {
        "polygon_uuid": "ea8f09e5-d98e-4d64-b040-bebca0bd2d9f",
        "daicho_shubetsu_cd": "FUD25"
      }
    },
    {
      "type": "Feature",
      "geometry": {
        "type": "Polygon",
        "coordinates": [
          [
            [
              132.683167847,
              35.370104285
            ],
            [
              132.683551241,
              35.370075326
            ],
            [
              132.683817929,
              35.370052119
            ],
            [
              132.6838029,
              35.369908226
            ],
            [
              132.683705485,
              35.369921253
            ],
            [
              132.683594067,
              35.369951151
            ],
            [
              132.683499318,
              35.369979927
            ],
            [
              132.68335198,
              35.370009979
            ],
            [
              132.683319923,
              35.370012218
            ],
            [
              132.683303178,
              35.370001782
            ],
            [
              132.68328467,
              35.369915697
            ],
            [
              132.68326796,
              35.369910515
            ],
            [
              132.683144106,
              35.369926123
            ],
            [
              132.683151118,
              35.369950759
            ],
            [
              132.683156752,
              35.369999926
            ],
            [
              132.68316112,
              35.370029174
            ],
            [
              132.683166321,
              35.370069938
            ],
            [
              132.683167847,
              35.370104285
            ]
          ]
        ]
      },
      "properties": {
        "polygon_uuid": "88db947e-bb36-4dca-bbd7-bf220e9b9f05",
        "daicho_shubetsu_cd": "FUD25"
      }
    },
    {
      "type": "Feature",
      "geometry": {
        "type": "Polygon",
        "coordinates": [
          [
            [
              132.690876964,
              35.37055157
            ],
            [
              132.691236473,
              35.370592045
            ],
            [
              132.691222155,
              35.370298881
            ],
            [
              132.691218934,
              35.370283199
            ],
            [
              132.690836128,
              35.370299387
            ],
            [
              132.690838174,
              35.370418527
            ],
            [
              132.690841835,
              35.370545039
            ],
            [
              132.690876964,
              35.37055157
            ]
          ]
        ]
      },
      "properties": {
        "polygon_uuid": "1e1b2e8d-7973-4554-a6a9-bf5d9c1e2448",
        "daicho_shubetsu_cd": "FUD25"
      }
    },
    {
      "type": "Feature",
      "geometry": {
        "type": "Polygon",
        "coordinates": [
          [
            [
              132.689092441,
              35.371373416
            ],
            [
              132.68924678,
              35.371437842
            ],
            [
              132.689284027,
              35.371451719
            ],
            [
              132.689276961,
              35.371203778
            ],
            [
              132.689266671,
              35.371168498
            ],
            [
              132.689256391,
              35.370911852
            ],
            [
              132.689068287,
              35.37094686
            ],
            [
              132.689092441,
              35.371373416
            ]
          ]
        ]
      },
      "properties": {
        "polygon_uuid": "0a7cc8f8-10a7-4280-83be-c08dca7d8200",
        "daicho_shubetsu_cd": "FUD25"
      }
    },
    {
      "type": "Feature",
      "geometry": {
        "type": "Polygon",
        "coordinates": [
          [
            [
              132.689914519,
              35.369467513
            ],
            [
              132.689902489,
              35.369603802
            ],
            [
              132.689912151,
              35.36961424
            ],
            [
              132.69027095,
              35.369646799
            ],
            [
              132.690288721,
              35.369648412
            ],
            [
              132.690301317,
              35.369617794
            ],
            [
              132.690492243,
              35.369630938
            ],
            [
              132.690501674,
              35.369605573
            ],
            [
              132.690517953,
              35.369487975
            ],
            [
              132.690114609,
              35.369475504
            ],
            [
              132.689914519,
              35.369467513
            ]
          ]
        ]
      },
      "properties": {
        "polygon_uuid": "3ecdb806-d224-42aa-a53d-c0c252fe3555",
        "daicho_shubetsu_cd": "FUD25"
      }
    },
    {
      "type": "Feature",
      "geometry": {
        "type": "Polygon",
        "coordinates": [
          [
            [
              132.688734158,
              35.371509284
            ],
            [
              132.688796182,
              35.371507899
            ],
            [
              132.688857518,
              35.3715054
            ],
            [
              132.68889549,
              35.371504595
            ],
            [
              132.688961563,
              35.371496066
            ],
            [
              132.689083572,
              35.37146728
            ],
            [
              132.68911799,
              35.371454179
            ],
            [
              132.689129407,
              35.371441177
            ],
            [
              132.689120706,
              35.37142944
            ],
            [
              132.688864133,
              35.371323398
            ],
            [
              132.688865935,
              35.371379909
            ],
            [
              132.68882722,
              35.371395384
            ],
            [
              132.688791006,
              35.371404514
            ],
            [
              132.688735827,
              35.371410405
            ],
            [
              132.688690552,
              35.371406736
            ],
            [
              132.688635982,
              35.371401388
            ],
            [
              132.688592353,
              35.371401019
            ],
            [
              132.688556253,
              35.371405641
            ],
            [
              132.688534447,
              35.371406852
            ],
            [
              132.688533163,
              35.371419141
            ],
            [
              132.688535315,
              35.371435882
            ],
            [
              132.688536058,
              35.371445371
            ],
            [
              132.688536815,
              35.371457093
            ],
            [
              132.688538286,
              35.371473837
            ],
            [
              132.688540634,
              35.371520728
            ],
            [
              132.688674875,
              35.37151289
            ],
            [
              132.688734158,
              35.371509284
            ]
          ]
        ]
      },
      "properties": {
        "polygon_uuid": "e900308b-ddd8-46bd-b79d-c138622a63be",
        "daicho_shubetsu_cd": "FUD25"
      }
    },
    {
      "type": "Feature",
      "geometry": {
        "type": "Polygon",
        "coordinates": [
          [
            [
              132.686161163,
              35.369584262
            ],
            [
              132.686399208,
              35.369585905
            ],
            [
              132.686393377,
              35.369887116
            ],
            [
              132.686419525,
              35.369880627
            ],
            [
              132.686580301,
              35.369847624
            ],
            [
              132.686580427,
              35.369700914
            ],
            [
              132.686773232,
              35.36967476
            ],
            [
              132.686773259,
              35.36939644
            ],
            [
              132.686695906,
              35.369387439
            ],
            [
              132.686580732,
              35.369382695
            ],
            [
              132.686171283,
              35.36937485
            ],
            [
              132.686162774,
              35.36937479
            ],
            [
              132.686161163,
              35.369584262
            ]
          ]
        ]
      },
      "properties": {
        "polygon_uuid": "7c1a6ebe-fe56-4126-a2f5-c15d48b33999",
        "daicho_shubetsu_cd": "FUD25"
      }
    },
    {
      "type": "Feature",
      "geometry": {
        "type": "Polygon",
        "coordinates": [
          [
            [
              132.68487278,
              35.370612956
            ],
            [
              132.685092788,
              35.370602951
            ],
            [
              132.685097198,
              35.37058723
            ],
            [
              132.685104553,
              35.37050315
            ],
            [
              132.68510675,
              35.370493905
            ],
            [
              132.685490668,
              35.370490627
            ],
            [
              132.685492563,
              35.370465714
            ],
            [
              132.685499069,
              35.370425047
            ],
            [
              132.685484203,
              35.370392784
            ],
            [
              132.685469368,
              35.370365139
            ],
            [
              132.685438899,
              35.370361576
            ],
            [
              132.685444383,
              35.370337538
            ],
            [
              132.685428343,
              35.370297892
            ],
            [
              132.6853626,
              35.370244605
            ],
            [
              132.685362541,
              35.370235369
            ],
            [
              132.685323996,
              35.370203208
            ],
            [
              132.68520864,
              35.370150133
            ],
            [
              132.685102434,
              35.370117339
            ],
            [
              132.684969184,
              35.370087431
            ],
            [
              132.684911624,
              35.370079365
            ],
            [
              132.684908259,
              35.370082151
            ],
            [
              132.68487278,
              35.370612956
            ]
          ]
        ]
      },
      "properties": {
        "polygon_uuid": "25f11bc6-9d84-4b1b-8890-c4817fa2d875",
        "daicho_shubetsu_cd": "FUD25"
      }
    },
    {
      "type": "Feature",
      "geometry": {
        "type": "Polygon",
        "coordinates": [
          [
            [
              132.683936211,
              35.370098214
            ],
            [
              132.68381902,
              35.37010734
            ],
            [
              132.683721143,
              35.370113665
            ],
            [
              132.683797403,
              35.370581937
            ],
            [
              132.684265269,
              35.370539719
            ],
            [
              132.684213893,
              35.370263779
            ],
            [
              132.684134997,
              35.370269658
            ],
            [
              132.683979513,
              35.37028972
            ],
            [
              132.683967068,
              35.370283308
            ],
            [
              132.683936211,
              35.370098214
            ]
          ]
        ]
      },
      "properties": {
        "polygon_uuid": "9dc6938b-859e-493e-8074-c5a1b2d57fce",
        "daicho_shubetsu_cd": "FUD25"
      }
    },
    {
      "type": "Feature",
      "geometry": {
        "type": "Polygon",
        "coordinates": [
          [
            [
              132.689913612,
              35.371257313
            ],
            [
              132.689926806,
              35.37137108
            ],
            [
              132.689932865,
              35.371418937
            ],
            [
              132.689967452,
              35.371432133
            ],
            [
              132.69014487,
              35.371420374
            ],
            [
              132.690257881,
              35.371408109
            ],
            [
              132.690266643,
              35.371429267
            ],
            [
              132.690290587,
              35.371426808
            ],
            [
              132.690593447,
              35.371379638
            ],
            [
              132.690556123,
              35.371144534
            ],
            [
              132.690232768,
              35.371193105
            ],
            [
              132.690242884,
              35.371275486
            ],
            [
              132.690067792,
              35.371265822
            ],
            [
              132.689913612,
              35.371257313
            ]
          ]
        ]
      },
      "properties": {
        "polygon_uuid": "89a5c44d-8acb-418f-957f-c669c4b63aea",
        "daicho_shubetsu_cd": "FUD25"
      }
    },
    {
      "type": "Feature",
      "geometry": {
        "type": "Polygon",
        "coordinates": [
          [
            [
              132.687289462,
              35.369753215
            ],
            [
              132.687283078,
              35.369590752
            ],
            [
              132.687276699,
              35.369427478
            ],
            [
              132.687277458,
              35.369379504
            ],
            [
              132.687236763,
              35.369380201
            ],
            [
              132.686960876,
              35.369418066
            ],
            [
              132.686990803,
              35.369762004
            ],
            [
              132.687003675,
              35.369774175
            ],
            [
              132.687030345,
              35.36977668
            ],
            [
              132.687172065,
              35.369764717
            ],
            [
              132.687289462,
              35.369753215
            ]
          ]
        ]
      },
      "properties": {
        "polygon_uuid": "73d6187a-b706-42c3-876a-c7e7127f87b6",
        "daicho_shubetsu_cd": "FUD25"
      }
    },
    {
      "type": "Feature",
      "geometry": {
        "type": "Polygon",
        "coordinates": [
          [
            [
              132.688490085,
              35.369805316
            ],
            [
              132.688481982,
              35.369756897
            ],
            [
              132.688212276,
              35.369761555
            ],
            [
              132.688187801,
              35.369768647
            ],
            [
              132.687899315,
              35.369786033
            ],
            [
              132.688033752,
              35.369802046
            ],
            [
              132.688088214,
              35.369815783
            ],
            [
              132.688159902,
              35.369855645
            ],
            [
              132.68822309,
              35.369899908
            ],
            [
              132.688260494,
              35.369913719
            ],
            [
              132.688300007,
              35.369924027
            ],
            [
              132.688318115,
              35.369921329
            ],
            [
              132.68832321,
              35.369884631
            ],
            [
              132.688325106,
              35.369847945
            ],
            [
              132.688345188,
              35.369820787
            ],
            [
              132.688379248,
              35.369811907
            ],
            [
              132.688464509,
              35.369807173
            ],
            [
              132.688490085,
              35.369805316
            ]
          ]
        ]
      },
      "properties": {
        "polygon_uuid": "3fcea33f-9186-4d1e-bf37-c9ec08de9d75",
        "daicho_shubetsu_cd": "FUD25"
      }
    },
    {
      "type": "Feature",
      "geometry": {
        "type": "Polygon",
        "coordinates": [
          [
            [
              132.685599025,
              35.370695702
            ],
            [
              132.686284653,
              35.370686871
            ],
            [
              132.686284415,
              35.370663061
            ],
            [
              132.685921052,
              35.370491926
            ],
            [
              132.685915352,
              35.3704998
            ],
            [
              132.685906673,
              35.370641136
            ],
            [
              132.685686206,
              35.370635018
            ],
            [
              132.685706754,
              35.370401552
            ],
            [
              132.685668566,
              35.370424481
            ],
            [
              132.685648672,
              35.370460676
            ],
            [
              132.685604956,
              35.3706681
            ],
            [
              132.685599025,
              35.370695702
            ]
          ]
        ]
      },
      "properties": {
        "polygon_uuid": "7fd69128-6f91-49c1-ac34-ccc980f5522d",
        "daicho_shubetsu_cd": "FUD25"
      }
    },
    {
      "type": "Feature",
      "geometry": {
        "type": "Polygon",
        "coordinates": [
          [
            [
              132.684236085,
              35.370022362
            ],
            [
              132.684425925,
              35.370018396
            ],
            [
              132.684550396,
              35.370016852
            ],
            [
              132.684540059,
              35.369770974
            ],
            [
              132.684533545,
              35.369554542
            ],
            [
              132.684191259,
              35.369591734
            ],
            [
              132.684236085,
              35.370022362
            ]
          ]
        ]
      },
      "properties": {
        "polygon_uuid": "4c5e9154-be18-4bad-be52-d2bddec9431d",
        "daicho_shubetsu_cd": "FUD25"
      }
    },
    {
      "type": "Feature",
      "geometry": {
        "type": "Polygon",
        "coordinates": [
          [
            [
              132.686170666,
              35.371275729
            ],
            [
              132.686274156,
              35.37127319
            ],
            [
              132.68627869,
              35.371265172
            ],
            [
              132.686283444,
              35.371109724
            ],
            [
              132.68628586,
              35.37099181
            ],
            [
              132.686247976,
              35.370993115
            ],
            [
              132.685749316,
              35.371021163
            ],
            [
              132.685745415,
              35.371111581
            ],
            [
              132.68617194,
              35.371118384
            ],
            [
              132.686170666,
              35.371275729
            ]
          ]
        ]
      },
      "properties": {
        "polygon_uuid": "a9e0f7ac-cfa9-403e-b92e-d4de70bf3686",
        "daicho_shubetsu_cd": "FUD25"
      }
    },
    {
      "type": "Feature",
      "geometry": {
        "type": "Polygon",
        "coordinates": [
          [
            [
              132.686826358,
              35.371151018
            ],
            [
              132.686831399,
              35.370928453
            ],
            [
              132.686491795,
              35.370763889
            ],
            [
              132.686468453,
              35.370752498
            ],
            [
              132.68646028,
              35.370986012
            ],
            [
              132.686381897,
              35.370984608
            ],
            [
              132.686388645,
              35.370990858
            ],
            [
              132.686400254,
              35.371157226
            ],
            [
              132.686406993,
              35.371161907
            ],
            [
              132.686826046,
              35.371162464
            ],
            [
              132.686826358,
              35.371151018
            ]
          ]
        ]
      },
      "properties": {
        "polygon_uuid": "3471537f-22e2-4bd0-9899-d97fd647f994",
        "daicho_shubetsu_cd": "FUD25"
      }
    },
    {
      "type": "Feature",
      "geometry": {
        "type": "Polygon",
        "coordinates": [
          [
            [
              132.685009144,
              35.369785721
            ],
            [
              132.685025022,
              35.369778179
            ],
            [
              132.685302376,
              35.36977214
            ],
            [
              132.685303425,
              35.369804
            ],
            [
              132.685410364,
              35.369802984
            ],
            [
              132.685450559,
              35.369802811
            ],
            [
              132.685463742,
              35.369457119
            ],
            [
              132.685346653,
              35.36946953
            ],
            [
              132.685305589,
              35.369467605
            ],
            [
              132.6852722,
              35.369462144
            ],
            [
              132.685233715,
              35.369462309
            ],
            [
              132.685208949,
              35.36946802
            ],
            [
              132.685206775,
              35.369662773
            ],
            [
              132.684942507,
              35.369663207
            ],
            [
              132.684948342,
              35.369773162
            ],
            [
              132.684965492,
              35.369780305
            ],
            [
              132.684984334,
              35.369784427
            ],
            [
              132.685009144,
              35.369785721
            ]
          ]
        ]
      },
      "properties": {
        "polygon_uuid": "1cf486b0-56f6-4deb-8276-dc14cee98959",
        "daicho_shubetsu_cd": "FUD25"
      }
    },
    {
      "type": "Feature",
      "geometry": {
        "type": "Polygon",
        "coordinates": [
          [
            [
              132.689068287,
              35.37094686
            ],
            [
              132.68904653,
              35.370562612
            ],
            [
              132.688990317,
              35.370567141
            ],
            [
              132.688916833,
              35.370573061
            ],
            [
              132.688944478,
              35.371044208
            ],
            [
              132.68907289,
              35.371028156
            ],
            [
              132.689068287,
              35.37094686
            ]
          ]
        ]
      },
      "properties": {
        "polygon_uuid": "2c516ce5-7653-45c3-966b-e31ec2f8c93a",
        "daicho_shubetsu_cd": "FUD25"
      }
    },
    {
      "type": "Feature",
      "geometry": {
        "type": "Polygon",
        "coordinates": [
          [
            [
              132.682598146,
              35.370707078
            ],
            [
              132.682802428,
              35.3706991
            ],
            [
              132.682799975,
              35.37069293
            ],
            [
              132.682803133,
              35.370591089
            ],
            [
              132.68279645,
              35.370537709
            ],
            [
              132.682787418,
              35.370513849
            ],
            [
              132.682748013,
              35.370501549
            ],
            [
              132.682731449,
              35.37049019
            ],
            [
              132.682727439,
              35.370457996
            ],
            [
              132.682729189,
              35.37033434
            ],
            [
              132.6827442,
              35.370301026
            ],
            [
              132.682747833,
              35.370273995
            ],
            [
              132.682746248,
              35.370224126
            ],
            [
              132.682728435,
              35.37021589
            ],
            [
              132.682647347,
              35.370231822
            ],
            [
              132.682532024,
              35.370249978
            ],
            [
              132.682519444,
              35.370266657
            ],
            [
              132.682514495,
              35.370286421
            ],
            [
              132.682547735,
              35.370326802
            ],
            [
              132.682551918,
              35.370386011
            ],
            [
              132.682585125,
              35.370620698
            ],
            [
              132.682598146,
              35.370707078
            ]
          ]
        ]
      },
      "properties": {
        "polygon_uuid": "5a8efa5b-f37f-46ab-957e-eb5dea469b1a",
        "daicho_shubetsu_cd": "FUD25"
      }
    },
    {
      "type": "Feature",
      "geometry": {
        "type": "Polygon",
        "coordinates": [
          [
            [
              132.683356816,
              35.371258291
            ],
            [
              132.683370465,
              35.371276705
            ],
            [
              132.683374199,
              35.37123273
            ],
            [
              132.683466999,
              35.371237488
            ],
            [
              132.683466999,
              35.371379668
            ],
            [
              132.683700455,
              35.371389821
            ],
            [
              132.683686017,
              35.371247647
            ],
            [
              132.683675763,
              35.371231066
            ],
            [
              132.683670926,
              35.371191369
            ],
            [
              132.683584161,
              35.371194944
            ],
            [
              132.683369964,
              35.371203249
            ],
            [
              132.683367327,
              35.371143225
            ],
            [
              132.683384059,
              35.371109473
            ],
            [
              132.683324284,
              35.371107881
            ],
            [
              132.683308433,
              35.371097789
            ],
            [
              132.683309372,
              35.371068229
            ],
            [
              132.683273189,
              35.371052683
            ],
            [
              132.6832078,
              35.37105481
            ],
            [
              132.683176268,
              35.37106141
            ],
            [
              132.683143557,
              35.371059703
            ],
            [
              132.683106287,
              35.371050626
            ],
            [
              132.683114152,
              35.371223307
            ],
            [
              132.68311538,
              35.371239003
            ],
            [
              132.683175214,
              35.371249831
            ],
            [
              132.683218074,
              35.371251495
            ],
            [
              132.683313944,
              35.37125478
            ],
            [
              132.683356816,
              35.371258291
            ]
          ]
        ]
      },
      "properties": {
        "polygon_uuid": "72156874-6d41-4f7a-8684-f52cb061a321",
        "daicho_shubetsu_cd": "FUD25"
      }
    },
    {
      "type": "Feature",
      "geometry": {
        "type": "Polygon",
        "coordinates": [
          [
            [
              132.689765437,
              35.369953238
            ],
            [
              132.689634176,
              35.369959049
            ],
            [
              132.68962715,
              35.369971887
            ],
            [
              132.689625947,
              35.370005659
            ],
            [
              132.689370236,
              35.370031216
            ],
            [
              132.689361827,
              35.370049883
            ],
            [
              132.689366166,
              35.370061507
            ],
            [
              132.689436335,
              35.370124693
            ],
            [
              132.68956414,
              35.370114759
            ],
            [
              132.689823469,
              35.370104185
            ],
            [
              132.689832637,
              35.369998448
            ],
            [
              132.690184536,
              35.37000915
            ],
            [
              132.690192745,
              35.3699596
            ],
            [
              132.689991119,
              35.369940389
            ],
            [
              132.689983904,
              35.369978844
            ],
            [
              132.689975392,
              35.3699815
            ],
            [
              132.689783383,
              35.36996574
            ],
            [
              132.689765437,
              35.369953238
            ]
          ]
        ]
      },
      "properties": {
        "polygon_uuid": "89eaaa6b-ba4c-4d61-a353-f84b3f35133f",
        "daicho_shubetsu_cd": "FUD25"
      }
    },
    {
      "type": "Feature",
      "geometry": {
        "type": "Polygon",
        "coordinates": [
          [
            [
              132.684421518,
              35.3706919
            ],
            [
              132.68454022,
              35.370678706
            ],
            [
              132.684785835,
              35.37064625
            ],
            [
              132.684821389,
              35.370642435
            ],
            [
              132.684829764,
              35.370522607
            ],
            [
              132.684858537,
              35.370084414
            ],
            [
              132.68485167,
              35.370068742
            ],
            [
              132.684723084,
              35.370062829
            ],
            [
              132.684724043,
              35.370077803
            ],
            [
              132.684745072,
              35.370192241
            ],
            [
              132.684740363,
              35.370200454
            ],
            [
              132.684466554,
              35.370232107
            ],
            [
              132.684353884,
              35.370246444
            ],
            [
              132.684421518,
              35.3706919
            ]
          ]
        ]
      },
      "properties": {
        "polygon_uuid": "e748bb96-bdd2-4df8-b44d-f9a45c92622d",
        "daicho_shubetsu_cd": "FUD25"
      }
    },
    {
      "type": "Feature",
      "geometry": {
        "type": "Polygon",
        "coordinates": [
          [
            [
              132.685295414,
              35.370983428
            ],
            [
              132.685388862,
              35.371000562
            ],
            [
              132.685401171,
              35.370985731
            ],
            [
              132.685468913,
              35.370646474
            ],
            [
              132.685487363,
              35.370534083
            ],
            [
              132.685490668,
              35.370490627
            ],
            [
              132.68510675,
              35.370493905
            ],
            [
              132.685104553,
              35.37050315
            ],
            [
              132.685097198,
              35.37058723
            ],
            [
              132.685092788,
              35.370602951
            ],
            [
              132.68487278,
              35.370612956
            ],
            [
              132.684871208,
              35.370636477
            ],
            [
              132.684863603,
              35.370757059
            ],
            [
              132.684895664,
              35.37075792
            ],
            [
              132.684948643,
              35.370754923
            ],
            [
              132.685294709,
              35.370736812
            ],
            [
              132.685311647,
              35.370740434
            ],
            [
              132.685316635,
              35.370815226
            ],
            [
              132.685315661,
              35.370839243
            ],
            [
              132.6852954,
              35.370844872
            ],
            [
              132.685292756,
              35.370960335
            ],
            [
              132.685295414,
              35.370983428
            ]
          ]
        ]
      },
      "properties": {
        "polygon_uuid": "897bce02-37f3-46b8-b20a-faf924fc520c",
        "daicho_shubetsu_cd": "FUD25"
      }
    },
    {
      "type": "Feature",
      "geometry": {
        "type": "Polygon",
        "coordinates": [
          [
            [
              132.686826766,
              35.369972108
            ],
            [
              132.686975219,
              35.369957339
            ],
            [
              132.686989484,
              35.369940007
            ],
            [
              132.686974423,
              35.369833313
            ],
            [
              132.686957138,
              35.369827893
            ],
            [
              132.68681444,
              35.369843423
            ],
            [
              132.686653635,
              35.369874729
            ],
            [
              132.686628763,
              35.369881901
            ],
            [
              132.686630921,
              35.369919571
            ],
            [
              132.686636893,
              35.369954085
            ],
            [
              132.68666754,
              35.369950813
            ],
            [
              132.686814026,
              35.369928203
            ],
            [
              132.686822908,
              35.369968199
            ],
            [
              132.686826766,
              35.369972108
            ]
          ]
        ]
      },
      "properties": {
        "polygon_uuid": "b17fdc6a-5bce-4ae3-9f02-fb1459f67422",
        "daicho_shubetsu_cd": "FUD25"
      }
    },
    {
      "type": "Feature",
      "geometry": {
        "type": "Polygon",
        "coordinates": [
          [
            [
              132.684077901,
              35.371390561
            ],
            [
              132.684067627,
              35.371362841
            ],
            [
              132.68406974,
              35.371340664
            ],
            [
              132.684245552,
              35.371325134
            ],
            [
              132.684241904,
              35.371283587
            ],
            [
              132.684622786,
              35.371243164
            ],
            [
              132.684627237,
              35.371233908
            ],
            [
              132.684618677,
              35.371129576
            ],
            [
              132.68461628,
              35.37110742
            ],
            [
              132.684621865,
              35.371099084
            ],
            [
              132.6847864,
              35.3710836
            ],
            [
              132.684804737,
              35.371081574
            ],
            [
              132.684803974,
              35.371074668
            ],
            [
              132.684809171,
              35.37091305
            ],
            [
              132.684459365,
              35.370967898
            ],
            [
              132.68397501,
              35.371050327
            ],
            [
              132.683969455,
              35.371063281
            ],
            [
              132.683999652,
              35.37137755
            ],
            [
              132.684013253,
              35.371388575
            ],
            [
              132.684077901,
              35.371390561
            ]
          ]
        ]
      },
      "properties": {
        "polygon_uuid": "963681e3-5be8-41f4-a1ef-fb65d5d3a380",
        "daicho_shubetsu_cd": "FUD25"
      }
    },
    {
      "type": "Feature",
      "geometry": {
        "type": "Polygon",
        "coordinates": [
          [
            [
              132.688498273,
              35.370723158
            ],
            [
              132.688771298,
              35.370705494
            ],
            [
              132.688763336,
              35.370585425
            ],
            [
              132.688990317,
              35.370567141
            ],
            [
              132.68898362,
              35.370466797
            ],
            [
              132.688865796,
              35.370475548
            ],
            [
              132.688829857,
              35.370475704
            ],
            [
              132.688829342,
              35.370395637
            ],
            [
              132.688815148,
              35.370359709
            ],
            [
              132.688803031,
              35.370358962
            ],
            [
              132.688796044,
              35.370167063
            ],
            [
              132.688987204,
              35.370161526
            ],
            [
              132.688979167,
              35.370029683
            ],
            [
              132.688794914,
              35.369991622
            ],
            [
              132.68866966,
              35.369962726
            ],
            [
              132.688592366,
              35.369964004
            ],
            [
              132.688603937,
              35.370198273
            ],
            [
              132.688613179,
              35.370368928
            ],
            [
              132.688431143,
              35.370377564
            ],
            [
              132.688443492,
              35.370509389
            ],
            [
              132.688470326,
              35.370509273
            ],
            [
              132.68848418,
              35.37072587
            ],
            [
              132.688498273,
              35.370723158
            ]
          ]
        ]
      },
      "properties": {
        "polygon_uuid": "ab20a2f0-b361-40b3-a609-fdf9d8f61b5a",
        "daicho_shubetsu_cd": "FUD25"
      }
    }
  ]
}