{
  "type": "FeatureCollection",
  "features": [
    {
      "type": "Feature",
      "geometry": {
        "type": "Polygon",
        "coordinates": [
          [
            [
              132.67835369,
              35.363790655
            ],
            [
              132.678236063,
              35.363735311
            ],
            [
              132.677872605,
              35.36358684
            ],
            [
              132.677887454,
              35.363808299
            ],
            [
              132.678231667,
              35.36395748
            ],
            [
              132.67835369,
              35.363790655
            ]
          ]
        ]
      },
      "properties": {
        "polygon_uuid": "5af95f1c-0daf-4976-8a61-015b778158cb",
        "daicho_shubetsu_cd": "FUD25"
      }
    },
    {
      "type": "Feature",
      "geometry": {
        "type": "Polygon",
        "coordinates": [
          [
            [
              132.680488414,
              35.361153864
            ],
            [
              132.680310371,
              35.361001751
            ],
            [
              132.680265867,
              35.361072238
            ],
            [
              132.6798647,
              35.360962359
            ],
            [
              132.679805446,
              35.36106973
            ],
            [
              132.680242133,
              35.361196197
            ],
            [
              132.680266517,
              35.361174893
            ],
            [
              132.680460135,
              35.361205313
            ],
            [
              132.680488414,
              35.361153864
            ]
          ]
        ]
      },
      "properties": {
        "polygon_uuid": "b5772dd6-01a8-41e6-a045-018d3810db11",
        "daicho_shubetsu_cd": "FUD25"
      }
    },
    {
      "type": "Feature",
      "geometry": {
        "type": "Polygon",
        "coordinates": [
          [
            [
              132.679730132,
              35.36252569
            ],
            [
              132.67971621,
              35.362377225
            ],
            [
              132.67932641,
              35.362395
            ],
            [
              132.679278028,
              35.362391414
            ],
            [
              132.679133459,
              35.362380697
            ],
            [
              132.679070787,
              35.362378731
            ],
            [
              132.679051372,
              35.36257046
            ],
            [
              132.679730132,
              35.36252569
            ]
          ]
        ]
      },
      "properties": {
        "polygon_uuid": "e8b23376-e9b4-402c-ae6e-039af7e09f27",
        "daicho_shubetsu_cd": "FUD25"
      }
    },
    {
      "type": "Feature",
      "geometry": {
        "type": "Polygon",
        "coordinates": [
          [
            [
              132.679122343,
              35.36415785
            ],
            [
              132.679078526,
              35.364136582
            ],
            [
              132.678623514,
              35.363934469
            ],
            [
              132.67840455,
              35.36435053
            ],
            [
              132.67851606,
              35.364432785
            ],
            [
              132.678721358,
              35.364554014
            ],
            [
              132.678999432,
              35.364726906
            ],
            [
              132.679030045,
              35.364685118
            ],
            [
              132.679048207,
              35.364685042
            ],
            [
              132.679097329,
              35.364698223
            ],
            [
              132.679128168,
              35.364692141
            ],
            [
              132.679153275,
              35.364641451
            ],
            [
              132.679195525,
              35.364572833
            ],
            [
              132.679272173,
              35.364486961
            ],
            [
              132.6793571,
              35.3644161
            ],
            [
              132.679458618,
              35.364339782
            ],
            [
              132.679416557,
              35.364294583
            ],
            [
              132.67937652,
              35.364282107
            ],
            [
              132.679354904,
              35.364310466
            ],
            [
              132.67930662,
              35.364286123
            ],
            [
              132.679322799,
              35.364255147
            ],
            [
              132.679122343,
              35.36415785
            ]
          ]
        ]
      },
      "properties": {
        "polygon_uuid": "2cdc9210-5678-4072-9922-058d4c48b640",
        "daicho_shubetsu_cd": "FUD25"
      }
    },
    {
      "type": "Feature",
      "geometry": {
        "type": "Polygon",
        "coordinates": [
          [
            [
              132.687962817,
              35.365973781
            ],
            [
              132.687951022,
              35.365788961
            ],
            [
              132.687922051,
              35.365765478
            ],
            [
              132.687527716,
              35.365753014
            ],
            [
              132.687489238,
              35.365864605
            ],
            [
              132.68754701,
              35.36588513
            ],
            [
              132.687537222,
              35.365940678
            ],
            [
              132.687962817,
              35.365973781
            ]
          ]
        ]
      },
      "properties": {
        "polygon_uuid": "d00efbae-d031-4133-99c0-0680f086fbec",
        "daicho_shubetsu_cd": "FUD25"
      }
    },
    {
      "type": "Feature",
      "geometry": {
        "type": "Polygon",
        "coordinates": [
          [
            [
              132.678721349,
              35.366919091
            ],
            [
              132.678352658,
              35.366726014
            ],
            [
              132.678255657,
              35.366847353
            ],
            [
              132.678624974,
              35.367040082
            ],
            [
              132.678721349,
              35.366919091
            ]
          ]
        ]
      },
      "properties": {
        "polygon_uuid": "8c4b7fd9-ab4c-4d7e-ac6f-07a426176740",
        "daicho_shubetsu_cd": "FUD25"
      }
    },
    {
      "type": "Feature",
      "geometry": {
        "type": "Polygon",
        "coordinates": [
          [
            [
              132.677785849,
              35.363805482
            ],
            [
              132.677772151,
              35.363690707
            ],
            [
              132.67777174,
              35.363625496
            ],
            [
              132.677618459,
              35.36359872
            ],
            [
              132.677347269,
              35.363551348
            ],
            [
              132.677015044,
              35.363493313
            ],
            [
              132.676836412,
              35.363462108
            ],
            [
              132.676823729,
              35.363681583
            ],
            [
              132.677785849,
              35.363805482
            ]
          ]
        ]
      },
      "properties": {
        "polygon_uuid": "5c5be326-271b-4749-a779-09271fb94aa9",
        "daicho_shubetsu_cd": "FUD25"
      }
    },
    {
      "type": "Feature",
      "geometry": {
        "type": "Polygon",
        "coordinates": [
          [
            [
              132.677844759,
              35.359152753
            ],
            [
              132.677862611,
              35.358935373
            ],
            [
              132.677864188,
              35.358778948
            ],
            [
              132.677823268,
              35.358754817
            ],
            [
              132.677743509,
              35.358725965
            ],
            [
              132.677747567,
              35.359041815
            ],
            [
              132.677775844,
              35.359055343
            ],
            [
              132.677801658,
              35.359084627
            ],
            [
              132.677801851,
              35.35911507
            ],
            [
              132.677784102,
              35.359145589
            ],
            [
              132.677793238,
              35.359171794
            ],
            [
              132.67782273,
              35.359174819
            ],
            [
              132.677844759,
              35.359152753
            ]
          ]
        ]
      },
      "properties": {
        "polygon_uuid": "a194a770-335d-473e-97ab-097441a830dc",
        "daicho_shubetsu_cd": "FUD25"
      }
    },
    {
      "type": "Feature",
      "geometry": {
        "type": "Polygon",
        "coordinates": [
          [
            [
              132.677751124,
              35.364659417
            ],
            [
              132.676810201,
              35.364601282
            ],
            [
              132.676805319,
              35.364755955
            ],
            [
              132.677776312,
              35.364805677
            ],
            [
              132.677777199,
              35.364701496
            ],
            [
              132.677751124,
              35.364659417
            ]
          ]
        ]
      },
      "properties": {
        "polygon_uuid": "1a6c269c-e5fe-4e1a-8241-098943a4dee5",
        "daicho_shubetsu_cd": "FUD25"
      }
    },
    {
      "type": "Feature",
      "geometry": {
        "type": "Polygon",
        "coordinates": [
          [
            [
              132.685872877,
              35.367370136
            ],
            [
              132.685902833,
              35.367359922
            ],
            [
              132.685889066,
              35.367326367
            ],
            [
              132.685743263,
              35.367035669
            ],
            [
              132.685528756,
              35.367108741
            ],
            [
              132.685701549,
              35.367428553
            ],
            [
              132.685872877,
              35.367370136
            ]
          ]
        ]
      },
      "properties": {
        "polygon_uuid": "7a475ef2-f731-4e33-9e91-098e5ab7272c",
        "daicho_shubetsu_cd": "FUD25"
      }
    },
    {
      "type": "Feature",
      "geometry": {
        "type": "Polygon",
        "coordinates": [
          [
            [
              132.686493982,
              35.36419825
            ],
            [
              132.686563829,
              35.363967426
            ],
            [
              132.686231488,
              35.363913614
            ],
            [
              132.686104349,
              35.364108566
            ],
            [
              132.686113576,
              35.364131897
            ],
            [
              132.686493982,
              35.36419825
            ]
          ]
        ]
      },
      "properties": {
        "polygon_uuid": "8ae015bc-d3a9-4b9a-a870-0af945a0c596",
        "daicho_shubetsu_cd": "FUD25"
      }
    },
    {
      "type": "Feature",
      "geometry": {
        "type": "Polygon",
        "coordinates": [
          [
            [
              132.678986136,
              35.363680134
            ],
            [
              132.678930677,
              35.363653457
            ],
            [
              132.67852951,
              35.363489279
            ],
            [
              132.678418842,
              35.36367795
            ],
            [
              132.67862921,
              35.363764641
            ],
            [
              132.67866697,
              35.363704226
            ],
            [
              132.678909297,
              35.36380448
            ],
            [
              132.678986136,
              35.363680134
            ]
          ]
        ]
      },
      "properties": {
        "polygon_uuid": "dadcaf58-8051-4e2a-bf78-0b27ad6ea6e3",
        "daicho_shubetsu_cd": "FUD25"
      }
    },
    {
      "type": "Feature",
      "geometry": {
        "type": "Polygon",
        "coordinates": [
          [
            [
              132.68178613,
              35.361005684
            ],
            [
              132.68232005,
              35.360981297
            ],
            [
              132.682309261,
              35.360649293
            ],
            [
              132.681892556,
              35.360671427
            ],
            [
              132.681752072,
              35.360676682
            ],
            [
              132.68178613,
              35.361005684
            ]
          ]
        ]
      },
      "properties": {
        "polygon_uuid": "4fe763df-50f9-4fbd-ada5-0d3943e709ab",
        "daicho_shubetsu_cd": "FUD25"
      }
    },
    {
      "type": "Feature",
      "geometry": {
        "type": "Polygon",
        "coordinates": [
          [
            [
              132.676777122,
              35.36540332
            ],
            [
              132.677749132,
              35.365461039
            ],
            [
              132.677751211,
              35.365413423
            ],
            [
              132.67775675,
              35.365300256
            ],
            [
              132.676785104,
              35.365251898
            ],
            [
              132.676777122,
              35.36540332
            ]
          ]
        ]
      },
      "properties": {
        "polygon_uuid": "91588828-cbf4-458c-8c4c-0d5af45a5262",
        "daicho_shubetsu_cd": "FUD25"
      }
    },
    {
      "type": "Feature",
      "geometry": {
        "type": "Polygon",
        "coordinates": [
          [
            [
              132.679430803,
              35.361473663
            ],
            [
              132.679510367,
              35.36101529
            ],
            [
              132.679302731,
              35.360991158
            ],
            [
              132.679268953,
              35.361003649
            ],
            [
              132.679256975,
              35.361007958
            ],
            [
              132.679229496,
              35.361142821
            ],
            [
              132.679178827,
              35.361436157
            ],
            [
              132.679315216,
              35.361457901
            ],
            [
              132.679383728,
              35.361468872
            ],
            [
              132.679430803,
              35.361473663
            ]
          ]
        ]
      },
      "properties": {
        "polygon_uuid": "fc2efaf1-4abc-48a2-b693-0ecb3f9de29c",
        "daicho_shubetsu_cd": "FUD25"
      }
    },
    {
      "type": "Feature",
      "geometry": {
        "type": "Polygon",
        "coordinates": [
          [
            [
              132.687468793,
              35.364833739
            ],
            [
              132.687313176,
              35.364832374
            ],
            [
              132.687268403,
              35.364843588
            ],
            [
              132.687253416,
              35.365023066
            ],
            [
              132.687399931,
              35.365040377
            ],
            [
              132.687468793,
              35.364833739
            ]
          ]
        ]
      },
      "properties": {
        "polygon_uuid": "1c79ad09-e6c7-4b83-8bcb-0f5cacd1c602",
        "daicho_shubetsu_cd": "FUD25"
      }
    },
    {
      "type": "Feature",
      "geometry": {
        "type": "Polygon",
        "coordinates": [
          [
            [
              132.691700242,
              35.359160918
            ],
            [
              132.691605583,
              35.359409146
            ],
            [
              132.691790183,
              35.359441943
            ],
            [
              132.691861628,
              35.35921675
            ],
            [
              132.691826941,
              35.359188635
            ],
            [
              132.691700242,
              35.359160918
            ]
          ]
        ]
      },
      "properties": {
        "polygon_uuid": "0b0c8174-be1a-44e6-8033-11cd715193ef",
        "daicho_shubetsu_cd": "FUD25"
      }
    },
    {
      "type": "Feature",
      "geometry": {
        "type": "Polygon",
        "coordinates": [
          [
            [
              132.677816922,
              35.363969
            ],
            [
              132.677785849,
              35.363805482
            ],
            [
              132.676823729,
              35.363681583
            ],
            [
              132.676826748,
              35.363919614
            ],
            [
              132.677344473,
              35.363947829
            ],
            [
              132.677816922,
              35.363969
            ]
          ]
        ]
      },
      "properties": {
        "polygon_uuid": "236a17f7-c923-43db-830e-125b95f905ef",
        "daicho_shubetsu_cd": "FUD25"
      }
    },
    {
      "type": "Feature",
      "geometry": {
        "type": "Polygon",
        "coordinates": [
          [
            [
              132.686649711,
              35.364941173
            ],
            [
              132.686668873,
              35.364924929
            ],
            [
              132.686673648,
              35.364725901
            ],
            [
              132.686509332,
              35.364718817
            ],
            [
              132.686508114,
              35.364663581
            ],
            [
              132.686215931,
              35.364657635
            ],
            [
              132.686212203,
              35.364666852
            ],
            [
              132.686193052,
              35.36491658
            ],
            [
              132.686649711,
              35.364941173
            ]
          ]
        ]
      },
      "properties": {
        "polygon_uuid": "e3bcd7a2-9864-460c-91ea-1282f35e2cfe",
        "daicho_shubetsu_cd": "FUD25"
      }
    },
    {
      "type": "Feature",
      "geometry": {
        "type": "Polygon",
        "coordinates": [
          [
            [
              132.679126595,
              35.366391819
            ],
            [
              132.678915285,
              35.366260962
            ],
            [
              132.678907938,
              35.366281162
            ],
            [
              132.678836061,
              35.366382571
            ],
            [
              132.678835086,
              35.366386676
            ],
            [
              132.678804489,
              35.366415343
            ],
            [
              132.678771526,
              35.366428608
            ],
            [
              132.678762493,
              35.366427597
            ],
            [
              132.678601549,
              35.366544074
            ],
            [
              132.678889011,
              35.366719252
            ],
            [
              132.679025494,
              35.366556053
            ],
            [
              132.679066173,
              35.366495999
            ],
            [
              132.679071217,
              35.366466815
            ],
            [
              132.679126595,
              35.366391819
            ]
          ]
        ]
      },
      "properties": {
        "polygon_uuid": "aca1305e-c4f7-4c49-a267-12ef9f4f3311",
        "daicho_shubetsu_cd": "FUD25"
      }
    },
    {
      "type": "Feature",
      "geometry": {
        "type": "Polygon",
        "coordinates": [
          [
            [
              132.689780207,
              35.360195861
            ],
            [
              132.689921545,
              35.3602007
            ],
            [
              132.689931745,
              35.359853216
            ],
            [
              132.689322778,
              35.359827902
            ],
            [
              132.689306416,
              35.360179638
            ],
            [
              132.689445836,
              35.360184413
            ],
            [
              132.689780207,
              35.360195861
            ]
          ]
        ]
      },
      "properties": {
        "polygon_uuid": "e2c69f1f-3e4a-42db-95d7-149666570f74",
        "daicho_shubetsu_cd": "FUD25"
      }
    },
    {
      "type": "Feature",
      "geometry": {
        "type": "Polygon",
        "coordinates": [
          [
            [
              132.691513398,
              35.359682056
            ],
            [
              132.691605583,
              35.359409146
            ],
            [
              132.691700242,
              35.359160918
            ],
            [
              132.69133514,
              35.359024313
            ],
            [
              132.691041581,
              35.359568825
            ],
            [
              132.691513398,
              35.359682056
            ]
          ]
        ]
      },
      "properties": {
        "polygon_uuid": "d2f12d8e-b35b-4b50-9ba9-14c3ae593240",
        "daicho_shubetsu_cd": "FUD25"
      }
    },
    {
      "type": "Feature",
      "geometry": {
        "type": "Polygon",
        "coordinates": [
          [
            [
              132.688138705,
              35.3588278
            ],
            [
              132.688118829,
              35.35889168
            ],
            [
              132.687792917,
              35.358826159
            ],
            [
              132.687772427,
              35.358859599
            ],
            [
              132.687748827,
              35.359021174
            ],
            [
              132.688193648,
              35.35910282
            ],
            [
              132.688251865,
              35.358853997
            ],
            [
              132.688138705,
              35.3588278
            ]
          ]
        ]
      },
      "properties": {
        "polygon_uuid": "a9caec16-9b40-4bc4-9635-18ccd596ff2b",
        "daicho_shubetsu_cd": "FUD25"
      }
    },
    {
      "type": "Feature",
      "geometry": {
        "type": "Polygon",
        "coordinates": [
          [
            [
              132.678125291,
              35.360677708
            ],
            [
              132.67807555,
              35.360529695
            ],
            [
              132.677821906,
              35.360557136
            ],
            [
              132.677731575,
              35.360552984
            ],
            [
              132.677686689,
              35.360563215
            ],
            [
              132.677760627,
              35.360769503
            ],
            [
              132.677897953,
              35.360736464
            ],
            [
              132.678125291,
              35.360677708
            ]
          ]
        ]
      },
      "properties": {
        "polygon_uuid": "7fee9d8f-c58b-4892-803f-190e0d8a5ad2",
        "daicho_shubetsu_cd": "FUD25"
      }
    },
    {
      "type": "Feature",
      "geometry": {
        "type": "Polygon",
        "coordinates": [
          [
            [
              132.680634339,
              35.362380796
            ],
            [
              132.680745003,
              35.362360984
            ],
            [
              132.680816455,
              35.362315303
            ],
            [
              132.680887054,
              35.362278551
            ],
            [
              132.680712905,
              35.362024881
            ],
            [
              132.680580794,
              35.362046547
            ],
            [
              132.680618522,
              35.362282062
            ],
            [
              132.680634339,
              35.362380796
            ]
          ]
        ]
      },
      "properties": {
        "polygon_uuid": "8470166a-e5eb-469a-b3c0-194bc4aa5d1f",
        "daicho_shubetsu_cd": "FUD25"
      }
    },
    {
      "type": "Feature",
      "geometry": {
        "type": "Polygon",
        "coordinates": [
          [
            [
              132.688491358,
              35.363004416
            ],
            [
              132.688467962,
              35.362838181
            ],
            [
              132.688466702,
              35.362796064
            ],
            [
              132.688388408,
              35.362800676
            ],
            [
              132.688000482,
              35.362823525
            ],
            [
              132.688019479,
              35.363038818
            ],
            [
              132.688491358,
              35.363004416
            ]
          ]
        ]
      },
      "properties": {
        "polygon_uuid": "253f16d5-98fd-49bc-99c8-1967927faec1",
        "daicho_shubetsu_cd": "FUD25"
      }
    },
    {
      "type": "Feature",
      "geometry": {
        "type": "Polygon",
        "coordinates": [
          [
            [
              132.679737658,
              35.362605959
            ],
            [
              132.679739015,
              35.362820195
            ],
            [
              132.679735535,
              35.362916172
            ],
            [
              132.679938238,
              35.362924573
            ],
            [
              132.679948852,
              35.362925013
            ],
            [
              132.679994839,
              35.362873489
            ],
            [
              132.679996398,
              35.362689369
            ],
            [
              132.680015037,
              35.362621224
            ],
            [
              132.679900557,
              35.362638753
            ],
            [
              132.679737658,
              35.362605959
            ]
          ]
        ]
      },
      "properties": {
        "polygon_uuid": "8bda9ef2-2d8c-4ad5-b0fe-19e834d4df3e",
        "daicho_shubetsu_cd": "FUD25"
      }
    },
    {
      "type": "Feature",
      "geometry": {
        "type": "Polygon",
        "coordinates": [
          [
            [
              132.678203232,
              35.361286567
            ],
            [
              132.678071393,
              35.361116402
            ],
            [
              132.677721848,
              35.36129365
            ],
            [
              132.677867498,
              35.361493885
            ],
            [
              132.677952702,
              35.361612919
            ],
            [
              132.677981419,
              35.361630651
            ],
            [
              132.678037252,
              35.361628183
            ],
            [
              132.678319722,
              35.361491971
            ],
            [
              132.6782157,
              35.36130855
            ],
            [
              132.678203232,
              35.361286567
            ]
          ]
        ]
      },
      "properties": {
        "polygon_uuid": "cc4b7ef8-1a8b-4b8f-bae3-1b3aa9fd7177",
        "daicho_shubetsu_cd": "FUD25"
      }
    },
    {
      "type": "Feature",
      "geometry": {
        "type": "Polygon",
        "coordinates": [
          [
            [
              132.678636822,
              35.358726298
            ],
            [
              132.67872391,
              35.359110342
            ],
            [
              132.679023723,
              35.359123192
            ],
            [
              132.678955194,
              35.358720587
            ],
            [
              132.678636822,
              35.358726298
            ]
          ]
        ]
      },
      "properties": {
        "polygon_uuid": "5e226694-323f-462c-ba06-1c5ee42f922b",
        "daicho_shubetsu_cd": "FUD25"
      }
    },
    {
      "type": "Feature",
      "geometry": {
        "type": "Polygon",
        "coordinates": [
          [
            [
              132.677343696,
              35.365718497
            ],
            [
              132.676785024,
              35.365703465
            ],
            [
              132.676785132,
              35.365812646
            ],
            [
              132.676785259,
              35.365940603
            ],
            [
              132.677297368,
              35.365962676
            ],
            [
              132.677302569,
              35.365935261
            ],
            [
              132.677317849,
              35.365854724
            ],
            [
              132.677343696,
              35.365718497
            ]
          ]
        ]
      },
      "properties": {
        "polygon_uuid": "6fcf3e34-ea42-44e7-84aa-202bc54df5c6",
        "daicho_shubetsu_cd": "FUD25"
      }
    },
    {
      "type": "Feature",
      "geometry": {
        "type": "Polygon",
        "coordinates": [
          [
            [
              132.686741756,
              35.362671201
            ],
            [
              132.687257056,
              35.362809208
            ],
            [
              132.687309778,
              35.362806856
            ],
            [
              132.687428958,
              35.362517392
            ],
            [
              132.686824196,
              35.362360089
            ],
            [
              132.686743804,
              35.362587905
            ],
            [
              132.686741756,
              35.362671201
            ]
          ]
        ]
      },
      "properties": {
        "polygon_uuid": "1e6f9903-cc62-4871-9fc6-220b6e5833e2",
        "daicho_shubetsu_cd": "FUD25"
      }
    },
    {
      "type": "Feature",
      "geometry": {
        "type": "Polygon",
        "coordinates": [
          [
            [
              132.687425915,
              35.361310995
            ],
            [
              132.687174346,
              35.361243968
            ],
            [
              132.686994585,
              35.361812429
            ],
            [
              132.687208453,
              35.361867062
            ],
            [
              132.687425915,
              35.361310995
            ]
          ]
        ]
      },
      "properties": {
        "polygon_uuid": "2a655341-fbe6-4e0b-a867-23c5e91037fb",
        "daicho_shubetsu_cd": "FUD25"
      }
    },
    {
      "type": "Feature",
      "geometry": {
        "type": "Polygon",
        "coordinates": [
          [
            [
              132.677765538,
              35.366018316
            ],
            [
              132.677302569,
              35.365935261
            ],
            [
              132.677297368,
              35.365962676
            ],
            [
              132.677268695,
              35.366113801
            ],
            [
              132.677229975,
              35.366317876
            ],
            [
              132.67756232,
              35.366376763
            ],
            [
              132.677653987,
              35.366382528
            ],
            [
              132.677793613,
              35.366370863
            ],
            [
              132.677765538,
              35.366018316
            ]
          ]
        ]
      },
      "properties": {
        "polygon_uuid": "293882c8-fb63-4ca1-8093-24bf19430098",
        "daicho_shubetsu_cd": "FUD25"
      }
    },
    {
      "type": "Feature",
      "geometry": {
        "type": "Polygon",
        "coordinates": [
          [
            [
              132.681932035,
              35.359108112
            ],
            [
              132.682285489,
              35.35910156
            ],
            [
              132.682284309,
              35.358887055
            ],
            [
              132.682256838,
              35.358904747
            ],
            [
              132.682206895,
              35.358922534
            ],
            [
              132.682132632,
              35.358952134
            ],
            [
              132.68206691,
              35.358978775
            ],
            [
              132.682001275,
              35.359019226
            ],
            [
              132.681951107,
              35.359082205
            ],
            [
              132.681932035,
              35.359108112
            ]
          ]
        ]
      },
      "properties": {
        "polygon_uuid": "fcda3797-006e-47b1-bf9d-25b0d2fe1242",
        "daicho_shubetsu_cd": "FUD25"
      }
    },
    {
      "type": "Feature",
      "geometry": {
        "type": "Polygon",
        "coordinates": [
          [
            [
              132.678419774,
              35.36589412
            ],
            [
              132.678486166,
              35.365754159
            ],
            [
              132.678329966,
              35.365720075
            ],
            [
              132.67787737,
              35.365637091
            ],
            [
              132.677855085,
              35.365810038
            ],
            [
              132.678180931,
              35.365871001
            ],
            [
              132.678200767,
              35.365840566
            ],
            [
              132.678419774,
              35.36589412
            ]
          ]
        ]
      },
      "properties": {
        "polygon_uuid": "6520a7dc-8ee5-4dd0-9878-27229e597898",
        "daicho_shubetsu_cd": "FUD25"
      }
    },
    {
      "type": "Feature",
      "geometry": {
        "type": "Polygon",
        "coordinates": [
          [
            [
              132.676343641,
              35.359333758
            ],
            [
              132.676891351,
              35.359385272
            ],
            [
              132.676914935,
              35.359236765
            ],
            [
              132.676507315,
              35.359181578
            ],
            [
              132.676370071,
              35.359168919
            ],
            [
              132.676343641,
              35.359333758
            ]
          ]
        ]
      },
      "properties": {
        "polygon_uuid": "3d02452e-c62d-4187-adea-286037e6842b",
        "daicho_shubetsu_cd": "FUD25"
      }
    },
    {
      "type": "Feature",
      "geometry": {
        "type": "Polygon",
        "coordinates": [
          [
            [
              132.682375331,
              35.358331515
            ],
            [
              132.682056444,
              35.358322214
            ],
            [
              132.682028338,
              35.358199737
            ],
            [
              132.682309196,
              35.358171533
            ],
            [
              132.682252801,
              35.357887728
            ],
            [
              132.681870788,
              35.357978906
            ],
            [
              132.681882968,
              35.358052412
            ],
            [
              132.681820573,
              35.358063339
            ],
            [
              132.681848727,
              35.358148812
            ],
            [
              132.681852404,
              35.358159977
            ],
            [
              132.681846053,
              35.358184524
            ],
            [
              132.681890087,
              35.358355972
            ],
            [
              132.682072459,
              35.358385044
            ],
            [
              132.682098356,
              35.358364678
            ],
            [
              132.682357181,
              35.358342253
            ],
            [
              132.682375331,
              35.358331515
            ]
          ]
        ]
      },
      "properties": {
        "polygon_uuid": "8e2355f0-8e6b-4dc7-a8ba-29075a2f57a9",
        "daicho_shubetsu_cd": "FUD25"
      }
    },
    {
      "type": "Feature",
      "geometry": {
        "type": "Polygon",
        "coordinates": [
          [
            [
              132.688455328,
              35.363767435
            ],
            [
              132.68891012,
              35.363743315
            ],
            [
              132.688882135,
              35.363611482
            ],
            [
              132.688862112,
              35.363517155
            ],
            [
              132.688675589,
              35.363551955
            ],
            [
              132.688436562,
              35.363570275
            ],
            [
              132.688442676,
              35.363634499
            ],
            [
              132.688455328,
              35.363767435
            ]
          ]
        ]
      },
      "properties": {
        "polygon_uuid": "e506c1c2-84f1-450a-b577-2a15549c9d41",
        "daicho_shubetsu_cd": "FUD25"
      }
    },
    {
      "type": "Feature",
      "geometry": {
        "type": "Polygon",
        "coordinates": [
          [
            [
              132.690882005,
              35.359632995
            ],
            [
              132.690273578,
              35.359485491
            ],
            [
              132.690212052,
              35.359775654
            ],
            [
              132.690793897,
              35.359911941
            ],
            [
              132.690820341,
              35.359901439
            ],
            [
              132.690882005,
              35.359632995
            ]
          ]
        ]
      },
      "properties": {
        "polygon_uuid": "0b18cad0-e7de-4dee-b9f6-2b1868ad0700",
        "daicho_shubetsu_cd": "FUD25"
      }
    },
    {
      "type": "Feature",
      "geometry": {
        "type": "Polygon",
        "coordinates": [
          [
            [
              132.689306416,
              35.360179638
            ],
            [
              132.689132977,
              35.360173699
            ],
            [
              132.689115868,
              35.360482781
            ],
            [
              132.689213975,
              35.3604884
            ],
            [
              132.689423155,
              35.360496078
            ],
            [
              132.689428889,
              35.360417298
            ],
            [
              132.689445836,
              35.360184413
            ],
            [
              132.689306416,
              35.360179638
            ]
          ]
        ]
      },
      "properties": {
        "polygon_uuid": "475b1ec8-a218-46b8-b2da-2bf0133483bb",
        "daicho_shubetsu_cd": "FUD25"
      }
    },
    {
      "type": "Feature",
      "geometry": {
        "type": "Polygon",
        "coordinates": [
          [
            [
              132.676072017,
              35.360505358
            ],
            [
              132.676502132,
              35.360450652
            ],
            [
              132.676467995,
              35.360279278
            ],
            [
              132.676059618,
              35.360321171
            ],
            [
              132.676079751,
              35.360478979
            ],
            [
              132.676072017,
              35.360505358
            ]
          ]
        ]
      },
      "properties": {
        "polygon_uuid": "566800b3-a92a-4f4e-95b7-2c31fd97453b",
        "daicho_shubetsu_cd": "FUD25"
      }
    },
    {
      "type": "Feature",
      "geometry": {
        "type": "Polygon",
        "coordinates": [
          [
            [
              132.688541135,
              35.365060507
            ],
            [
              132.688528506,
              35.364886634
            ],
            [
              132.687963772,
              35.364909081
            ],
            [
              132.687982186,
              35.365083694
            ],
            [
              132.688541135,
              35.365060507
            ]
          ]
        ]
      },
      "properties": {
        "polygon_uuid": "9d33e17d-0a87-499c-bd68-2c44d49bcae0",
        "daicho_shubetsu_cd": "FUD25"
      }
    },
    {
      "type": "Feature",
      "geometry": {
        "type": "Polygon",
        "coordinates": [
          [
            [
              132.677869598,
              35.363213906
            ],
            [
              132.678059817,
              35.363292768
            ],
            [
              132.678225719,
              35.363019697
            ],
            [
              132.678165258,
              35.362983768
            ],
            [
              132.677894029,
              35.362848338
            ],
            [
              132.677861124,
              35.362870625
            ],
            [
              132.677868769,
              35.363130215
            ],
            [
              132.677869598,
              35.363213906
            ]
          ]
        ]
      },
      "properties": {
        "polygon_uuid": "f8ba9c0d-161b-4142-881a-2ce599bf3746",
        "daicho_shubetsu_cd": "FUD25"
      }
    },
    {
      "type": "Feature",
      "geometry": {
        "type": "Polygon",
        "coordinates": [
          [
            [
              132.677268695,
              35.366113801
            ],
            [
              132.677297368,
              35.365962676
            ],
            [
              132.676785259,
              35.365940603
            ],
            [
              132.676785398,
              35.366080875
            ],
            [
              132.677268695,
              35.366113801
            ]
          ]
        ]
      },
      "properties": {
        "polygon_uuid": "41d6932d-0ef2-4883-9792-2cfd076caada",
        "daicho_shubetsu_cd": "FUD25"
      }
    },
    {
      "type": "Feature",
      "geometry": {
        "type": "Polygon",
        "coordinates": [
          [
            [
              132.679771794,
              35.362126281
            ],
            [
              132.679840866,
              35.361591526
            ],
            [
              132.679776805,
              35.361585103
            ],
            [
              132.679773918,
              35.361559451
            ],
            [
              132.679583123,
              35.361544639
            ],
            [
              132.679519389,
              35.36211378
            ],
            [
              132.679517366,
              35.36213185
            ],
            [
              132.679610055,
              35.362141498
            ],
            [
              132.679771794,
              35.362126281
            ]
          ]
        ]
      },
      "properties": {
        "polygon_uuid": "d58470dd-be40-4684-ba8f-30bf56c13451",
        "daicho_shubetsu_cd": "FUD25"
      }
    },
    {
      "type": "Feature",
      "geometry": {
        "type": "Polygon",
        "coordinates": [
          [
            [
              132.685610262,
              35.36799577
            ],
            [
              132.685527752,
              35.367815552
            ],
            [
              132.685445809,
              35.367655148
            ],
            [
              132.685144985,
              35.367763181
            ],
            [
              132.685026954,
              35.367805569
            ],
            [
              132.68521879,
              35.367927586
            ],
            [
              132.685347012,
              35.368074288
            ],
            [
              132.685401971,
              35.368050406
            ],
            [
              132.685610262,
              35.36799577
            ]
          ]
        ]
      },
      "properties": {
        "polygon_uuid": "29b68ec8-1dc6-4ad0-add3-31643a8faefc",
        "daicho_shubetsu_cd": "FUD25"
      }
    },
    {
      "type": "Feature",
      "geometry": {
        "type": "Polygon",
        "coordinates": [
          [
            [
              132.675825534,
              35.359056964
            ],
            [
              132.675877489,
              35.358677593
            ],
            [
              132.675859939,
              35.358672405
            ],
            [
              132.675824317,
              35.358661875
            ],
            [
              132.675754416,
              35.358666053
            ],
            [
              132.675670336,
              35.359055547
            ],
            [
              132.675818496,
              35.359056864
            ],
            [
              132.675825534,
              35.359056964
            ]
          ]
        ]
      },
      "properties": {
        "polygon_uuid": "fabfad7f-527c-4ccc-976a-31bd9ae5f501",
        "daicho_shubetsu_cd": "FUD25"
      }
    },
    {
      "type": "Feature",
      "geometry": {
        "type": "Polygon",
        "coordinates": [
          [
            [
              132.679931594,
              35.359495209
            ],
            [
              132.679858776,
              35.359196858
            ],
            [
              132.679621352,
              35.359222399
            ],
            [
              132.679664584,
              35.359488414
            ],
            [
              132.679703385,
              35.359594372
            ],
            [
              132.679934445,
              35.359515282
            ],
            [
              132.679931594,
              35.359495209
            ]
          ]
        ]
      },
      "properties": {
        "polygon_uuid": "8d9524fe-7acb-4d97-8b2f-3217eaed4673",
        "daicho_shubetsu_cd": "FUD25"
      }
    },
    {
      "type": "Feature",
      "geometry": {
        "type": "Polygon",
        "coordinates": [
          [
            [
              132.67979378,
              35.363872108
            ],
            [
              132.679726014,
              35.364011854
            ],
            [
              132.67930394,
              35.363820935
            ],
            [
              132.679281157,
              35.363810886
            ],
            [
              132.679001598,
              35.363687572
            ],
            [
              132.67892248,
              35.363813626
            ],
            [
              132.67909454,
              35.363892913
            ],
            [
              132.679440361,
              35.36405227
            ],
            [
              132.679695365,
              35.364167235
            ],
            [
              132.679791156,
              35.364085812
            ],
            [
              132.679865074,
              35.363999206
            ],
            [
              132.679911839,
              35.36392685
            ],
            [
              132.67979378,
              35.363872108
            ]
          ]
        ]
      },
      "properties": {
        "polygon_uuid": "c62f30ec-3cd6-4aa1-99bd-3489774926e8",
        "daicho_shubetsu_cd": "FUD25"
      }
    },
    {
      "type": "Feature",
      "geometry": {
        "type": "Polygon",
        "coordinates": [
          [
            [
              132.682289094,
              35.359454391
            ],
            [
              132.682287007,
              35.359377397
            ],
            [
              132.682285489,
              35.35910156
            ],
            [
              132.681932035,
              35.359108112
            ],
            [
              132.681924703,
              35.359409394
            ],
            [
              132.682289094,
              35.359454391
            ]
          ]
        ]
      },
      "properties": {
        "polygon_uuid": "1aeea8b9-55ea-414e-8239-34ceab8483b3",
        "daicho_shubetsu_cd": "FUD25"
      }
    },
    {
      "type": "Feature",
      "geometry": {
        "type": "Polygon",
        "coordinates": [
          [
            [
              132.67804052,
              35.360342941
            ],
            [
              132.678094792,
              35.360309236
            ],
            [
              132.67814651,
              35.360302322
            ],
            [
              132.678184741,
              35.360316666
            ],
            [
              132.678305911,
              35.360307227
            ],
            [
              132.678346173,
              35.36043268
            ],
            [
              132.678536635,
              35.3604032
            ],
            [
              132.678545414,
              35.360375286
            ],
            [
              132.678547927,
              35.360341801
            ],
            [
              132.678602172,
              35.360303633
            ],
            [
              132.678625165,
              35.360277871
            ],
            [
              132.678617922,
              35.360248947
            ],
            [
              132.678561627,
              35.360249929
            ],
            [
              132.678543576,
              35.360123544
            ],
            [
              132.67851761,
              35.360104089
            ],
            [
              132.678474917,
              35.360102038
            ],
            [
              132.678434938,
              35.360098488
            ],
            [
              132.67841307,
              35.360086679
            ],
            [
              132.678023577,
              35.360107456
            ],
            [
              132.678028541,
              35.360176457
            ],
            [
              132.67804052,
              35.360342941
            ]
          ]
        ]
      },
      "properties": {
        "polygon_uuid": "831c580d-d7c9-4c94-a681-35c6693064c9",
        "daicho_shubetsu_cd": "FUD25"
      }
    },
    {
      "type": "Feature",
      "geometry": {
        "type": "Polygon",
        "coordinates": [
          [
            [
              132.692193448,
              35.359968375
            ],
            [
              132.691975917,
              35.359890659
            ],
            [
              132.691907213,
              35.360289548
            ],
            [
              132.692122612,
              35.360323628
            ],
            [
              132.692193448,
              35.359968375
            ]
          ]
        ]
      },
      "properties": {
        "polygon_uuid": "f3f63aef-2383-4d2d-aaaa-38b6c2290c4e",
        "daicho_shubetsu_cd": "FUD25"
      }
    },
    {
      "type": "Feature",
      "geometry": {
        "type": "Polygon",
        "coordinates": [
          [
            [
              132.677054699,
              35.358466939
            ],
            [
              132.677732585,
              35.358668782
            ],
            [
              132.677880596,
              35.358567377
            ],
            [
              132.677881156,
              35.358452949
            ],
            [
              132.677669575,
              35.358430748
            ],
            [
              132.677326032,
              35.358413304
            ],
            [
              132.67725054,
              35.358431469
            ],
            [
              132.677165999,
              35.358437075
            ],
            [
              132.677103262,
              35.358445738
            ],
            [
              132.677054699,
              35.358466939
            ]
          ]
        ]
      },
      "properties": {
        "polygon_uuid": "055d2da4-678e-40eb-a7db-3948b062facc",
        "daicho_shubetsu_cd": "FUD25"
      }
    },
    {
      "type": "Feature",
      "geometry": {
        "type": "Polygon",
        "coordinates": [
          [
            [
              132.676795171,
              35.365077525
            ],
            [
              132.677765056,
              35.365130562
            ],
            [
              132.677775224,
              35.364933452
            ],
            [
              132.677775624,
              35.364886479
            ],
            [
              132.676802648,
              35.36484061
            ],
            [
              132.676795171,
              35.365077525
            ]
          ]
        ]
      },
      "properties": {
        "polygon_uuid": "ed0ed8f5-a4ba-40ad-a204-3aeed4477c19",
        "daicho_shubetsu_cd": "FUD25"
      }
    },
    {
      "type": "Feature",
      "geometry": {
        "type": "Polygon",
        "coordinates": [
          [
            [
              132.677756767,
              35.363078597
            ],
            [
              132.677747362,
              35.362849269
            ],
            [
              132.676894964,
              35.362376692
            ],
            [
              132.676847732,
              35.36238981
            ],
            [
              132.676839056,
              35.362443371
            ],
            [
              132.676839081,
              35.362721143
            ],
            [
              132.677756767,
              35.363078597
            ]
          ]
        ]
      },
      "properties": {
        "polygon_uuid": "fdbc2ca5-4588-47b6-9165-3c6c579ad8d9",
        "daicho_shubetsu_cd": "FUD25"
      }
    },
    {
      "type": "Feature",
      "geometry": {
        "type": "Polygon",
        "coordinates": [
          [
            [
              132.679273946,
              35.362096415
            ],
            [
              132.679347456,
              35.361538404
            ],
            [
              132.679125922,
              35.36152127
            ],
            [
              132.679099493,
              35.361895742
            ],
            [
              132.679087164,
              35.362070428
            ],
            [
              132.679111669,
              35.362068092
            ],
            [
              132.679168907,
              35.362072313
            ],
            [
              132.679273946,
              35.362096415
            ]
          ]
        ]
      },
      "properties": {
        "polygon_uuid": "f6264587-8872-4b30-8cda-3caea8108510",
        "daicho_shubetsu_cd": "FUD25"
      }
    },
    {
      "type": "Feature",
      "geometry": {
        "type": "Polygon",
        "coordinates": [
          [
            [
              132.681137847,
              35.35823384
            ],
            [
              132.681081828,
              35.35790867
            ],
            [
              132.680959493,
              35.357907226
            ],
            [
              132.680889087,
              35.357886204
            ],
            [
              132.680660786,
              35.35779656
            ],
            [
              132.680622121,
              35.358061108
            ],
            [
              132.680735551,
              35.35809474
            ],
            [
              132.680735814,
              35.358136315
            ],
            [
              132.680781657,
              35.358183026
            ],
            [
              132.680939054,
              35.358172762
            ],
            [
              132.680944428,
              35.358199391
            ],
            [
              132.681106317,
              35.358231031
            ],
            [
              132.681137847,
              35.35823384
            ]
          ]
        ]
      },
      "properties": {
        "polygon_uuid": "c099e1ed-88fd-4e50-af8a-3d972988c904",
        "daicho_shubetsu_cd": "FUD25"
      }
    },
    {
      "type": "Feature",
      "geometry": {
        "type": "Polygon",
        "coordinates": [
          [
            [
              132.689083154,
              35.358647264
            ],
            [
              132.689167628,
              35.358464858
            ],
            [
              132.688788407,
              35.358349689
            ],
            [
              132.688737113,
              35.358448626
            ],
            [
              132.688794554,
              35.35846345
            ],
            [
              132.688764196,
              35.358578268
            ],
            [
              132.689083154,
              35.358647264
            ]
          ]
        ]
      },
      "properties": {
        "polygon_uuid": "d0688416-b25c-4b36-95dc-3e5213ca13b7",
        "daicho_shubetsu_cd": "FUD25"
      }
    },
    {
      "type": "Feature",
      "geometry": {
        "type": "Polygon",
        "coordinates": [
          [
            [
              132.689297856,
              35.366183481
            ],
            [
              132.689285454,
              35.365992863
            ],
            [
              132.689267876,
              35.365700798
            ],
            [
              132.688588776,
              35.365729294
            ],
            [
              132.688626283,
              35.366205904
            ],
            [
              132.689147456,
              35.366210074
            ],
            [
              132.689297856,
              35.366183481
            ]
          ]
        ]
      },
      "properties": {
        "polygon_uuid": "ea244e34-204b-4a6e-9800-3fa2e6b17080",
        "daicho_shubetsu_cd": "FUD25"
      }
    },
    {
      "type": "Feature",
      "geometry": {
        "type": "Polygon",
        "coordinates": [
          [
            [
              132.678380014,
              35.363425517
            ],
            [
              132.678059817,
              35.363292768
            ],
            [
              132.677869598,
              35.363213906
            ],
            [
              132.677872901,
              35.363547316
            ],
            [
              132.678157595,
              35.363674077
            ],
            [
              132.678211118,
              35.363586489
            ],
            [
              132.678266802,
              35.363603479
            ],
            [
              132.678380014,
              35.363425517
            ]
          ]
        ]
      },
      "properties": {
        "polygon_uuid": "be78c1eb-193e-4a5c-aaf8-40de51b779bf",
        "daicho_shubetsu_cd": "FUD25"
      }
    },
    {
      "type": "Feature",
      "geometry": {
        "type": "Polygon",
        "coordinates": [
          [
            [
              132.681808179,
              35.362076623
            ],
            [
              132.681704555,
              35.361792918
            ],
            [
              132.681680781,
              35.361717517
            ],
            [
              132.681541427,
              35.361749302
            ],
            [
              132.681498269,
              35.361649688
            ],
            [
              132.681391612,
              35.361685919
            ],
            [
              132.681691153,
              35.362341802
            ],
            [
              132.681880425,
              35.362278547
            ],
            [
              132.681810751,
              35.362083811
            ],
            [
              132.681808179,
              35.362076623
            ]
          ]
        ]
      },
      "properties": {
        "polygon_uuid": "ce67a5b1-3d08-4047-b575-42101528e543",
        "daicho_shubetsu_cd": "FUD25"
      }
    },
    {
      "type": "Feature",
      "geometry": {
        "type": "Polygon",
        "coordinates": [
          [
            [
              132.679178827,
              35.361436157
            ],
            [
              132.679229496,
              35.361142821
            ],
            [
              132.678956329,
              35.361109864
            ],
            [
              132.678927562,
              35.361268787
            ],
            [
              132.678921027,
              35.361410868
            ],
            [
              132.679178827,
              35.361436157
            ]
          ]
        ]
      },
      "properties": {
        "polygon_uuid": "9bb5a1ac-7143-4df3-8d6f-43f8ce24dfd4",
        "daicho_shubetsu_cd": "FUD25"
      }
    },
    {
      "type": "Feature",
      "geometry": {
        "type": "Polygon",
        "coordinates": [
          [
            [
              132.680586079,
              35.35941418
            ],
            [
              132.680924964,
              35.359375355
            ],
            [
              132.680901777,
              35.359245624
            ],
            [
              132.680770016,
              35.359105702
            ],
            [
              132.68058108,
              35.359128367
            ],
            [
              132.68054349,
              35.359182499
            ],
            [
              132.680546032,
              35.359226328
            ],
            [
              132.680586079,
              35.35941418
            ]
          ]
        ]
      },
      "properties": {
        "polygon_uuid": "29b8e6d7-baa0-4e21-81b3-447a19c6c5a4",
        "daicho_shubetsu_cd": "FUD25"
      }
    },
    {
      "type": "Feature",
      "geometry": {
        "type": "Polygon",
        "coordinates": [
          [
            [
              132.68746213,
              35.362814557
            ],
            [
              132.687246149,
              35.362822496
            ],
            [
              132.687227086,
              35.362883131
            ],
            [
              132.687225371,
              35.3629158
            ],
            [
              132.687218011,
              35.363035155
            ],
            [
              132.687467917,
              35.363042577
            ],
            [
              132.68746213,
              35.362814557
            ]
          ]
        ]
      },
      "properties": {
        "polygon_uuid": "80cc0902-a3fb-43f5-ba9e-447b3af94610",
        "daicho_shubetsu_cd": "FUD25"
      }
    },
    {
      "type": "Feature",
      "geometry": {
        "type": "Polygon",
        "coordinates": [
          [
            [
              132.677875929,
              35.358242149
            ],
            [
              132.6778816,
              35.358048242
            ],
            [
              132.677540542,
              35.35801819
            ],
            [
              132.677511038,
              35.358216724
            ],
            [
              132.677467202,
              35.358400543
            ],
            [
              132.677643181,
              35.358396886
            ],
            [
              132.677876252,
              35.358425028
            ],
            [
              132.677875929,
              35.358242149
            ]
          ]
        ]
      },
      "properties": {
        "polygon_uuid": "fb0e6845-8ca5-40a1-bfa6-44ca0218efc8",
        "daicho_shubetsu_cd": "FUD25"
      }
    },
    {
      "type": "Feature",
      "geometry": {
        "type": "Polygon",
        "coordinates": [
          [
            [
              132.688540041,
              35.361003791
            ],
            [
              132.688733412,
              35.360498873
            ],
            [
              132.688710956,
              35.360473927
            ],
            [
              132.688144558,
              35.360321977
            ],
            [
              132.68794424,
              35.360850272
            ],
            [
              132.688538656,
              35.361007513
            ],
            [
              132.688540041,
              35.361003791
            ]
          ]
        ]
      },
      "properties": {
        "polygon_uuid": "a36d09c1-9281-4c7a-b80a-45bbd09acf19",
        "daicho_shubetsu_cd": "FUD25"
      }
    },
    {
      "type": "Feature",
      "geometry": {
        "type": "Polygon",
        "coordinates": [
          [
            [
              132.677248206,
              35.359668068
            ],
            [
              132.677264077,
              35.359546274
            ],
            [
              132.67713877,
              35.359536334
            ],
            [
              132.676982797,
              35.35952757
            ],
            [
              132.676874063,
              35.359511278
            ],
            [
              132.676831238,
              35.359610919
            ],
            [
              132.676866554,
              35.359627277
            ],
            [
              132.677009721,
              35.359650106
            ],
            [
              132.677133783,
              35.359667435
            ],
            [
              132.677248206,
              35.359668068
            ]
          ]
        ]
      },
      "properties": {
        "polygon_uuid": "d14b1d93-5314-42e6-8693-45fe57d78ef4",
        "daicho_shubetsu_cd": "FUD25"
      }
    },
    {
      "type": "Feature",
      "geometry": {
        "type": "Polygon",
        "coordinates": [
          [
            [
              132.687962817,
              35.365973781
            ],
            [
              132.687537222,
              35.365940678
            ],
            [
              132.687521836,
              35.365994813
            ],
            [
              132.687471559,
              35.365990371
            ],
            [
              132.687447382,
              35.366081017
            ],
            [
              132.687494054,
              35.366092558
            ],
            [
              132.687491003,
              35.366103294
            ],
            [
              132.687504964,
              35.366123064
            ],
            [
              132.68772991,
              35.366146645
            ],
            [
              132.687729358,
              35.366240132
            ],
            [
              132.687966792,
              35.366233442
            ],
            [
              132.68797361,
              35.366218304
            ],
            [
              132.687962817,
              35.365973781
            ]
          ]
        ]
      },
      "properties": {
        "polygon_uuid": "bc90980b-b5c3-49df-9b00-46e37fd4835d",
        "daicho_shubetsu_cd": "FUD25"
      }
    },
    {
      "type": "Feature",
      "geometry": {
        "type": "Polygon",
        "coordinates": [
          [
            [
              132.679528947,
              35.365272372
            ],
            [
              132.679500575,
              35.365237529
            ],
            [
              132.679325782,
              35.365169832
            ],
            [
              132.679277111,
              35.365228062
            ],
            [
              132.679486595,
              35.365324624
            ],
            [
              132.679528947,
              35.365272372
            ]
          ]
        ]
      },
      "properties": {
        "polygon_uuid": "38043abf-e42e-46b2-8c76-47a720461a73",
        "daicho_shubetsu_cd": "FUD25"
      }
    },
    {
      "type": "Feature",
      "geometry": {
        "type": "Polygon",
        "coordinates": [
          [
            [
              132.680580794,
              35.362046547
            ],
            [
              132.680573201,
              35.362047793
            ],
            [
              132.680392258,
              35.362071753
            ],
            [
              132.680236575,
              35.362092369
            ],
            [
              132.680275455,
              35.362355084
            ],
            [
              132.680282993,
              35.362401757
            ],
            [
              132.680435799,
              35.362382014
            ],
            [
              132.680420517,
              35.362306825
            ],
            [
              132.680618522,
              35.362282062
            ],
            [
              132.680580794,
              35.362046547
            ]
          ]
        ]
      },
      "properties": {
        "polygon_uuid": "f821599f-381b-4340-8fbc-484891e3df6e",
        "daicho_shubetsu_cd": "FUD25"
      }
    },
    {
      "type": "Feature",
      "geometry": {
        "type": "Polygon",
        "coordinates": [
          [
            [
              132.691840163,
              35.360678836
            ],
            [
              132.691907213,
              35.360289548
            ],
            [
              132.691975917,
              35.359890659
            ],
            [
              132.691805404,
              35.359850377
            ],
            [
              132.691753579,
              35.359857684
            ],
            [
              132.69171223,
              35.359880527
            ],
            [
              132.691671422,
              35.359986937
            ],
            [
              132.691615895,
              35.360223721
            ],
            [
              132.6915466,
              35.36047048
            ],
            [
              132.691486983,
              35.360609549
            ],
            [
              132.691840163,
              35.360678836
            ]
          ]
        ]
      },
      "properties": {
        "polygon_uuid": "101f9b80-4bfd-481d-8d6e-499ba5db10fb",
        "daicho_shubetsu_cd": "FUD25"
      }
    },
    {
      "type": "Feature",
      "geometry": {
        "type": "Polygon",
        "coordinates": [
          [
            [
              132.681808179,
              35.362076623
            ],
            [
              132.681810751,
              35.362083811
            ],
            [
              132.682014971,
              35.362054149
            ],
            [
              132.682018768,
              35.362045087
            ],
            [
              132.682078748,
              35.361901926
            ],
            [
              132.682018891,
              35.36160066
            ],
            [
              132.682010966,
              35.361593699
            ],
            [
              132.68172837,
              35.361613336
            ],
            [
              132.6816506,
              35.361621796
            ],
            [
              132.681680781,
              35.361717517
            ],
            [
              132.681704555,
              35.361792918
            ],
            [
              132.681808179,
              35.362076623
            ]
          ]
        ]
      },
      "properties": {
        "polygon_uuid": "a2585916-c884-4733-a9f4-4a4cf4b1768c",
        "daicho_shubetsu_cd": "FUD25"
      }
    },
    {
      "type": "Feature",
      "geometry": {
        "type": "Polygon",
        "coordinates": [
          [
            [
              132.678693487,
              35.359119729
            ],
            [
              132.678547352,
              35.358696717
            ],
            [
              132.678373962,
              35.358721677
            ],
            [
              132.678324711,
              35.358665216
            ],
            [
              132.678285723,
              35.358670286
            ],
            [
              132.678324585,
              35.358785053
            ],
            [
              132.678368911,
              35.358902029
            ],
            [
              132.678362277,
              35.358929953
            ],
            [
              132.678404243,
              35.35896504
            ],
            [
              132.678500789,
              35.359083293
            ],
            [
              132.67850793,
              35.359103654
            ],
            [
              132.678534343,
              35.3591178
            ],
            [
              132.678693487,
              35.359119729
            ]
          ]
        ]
      },
      "properties": {
        "polygon_uuid": "2007c1bc-9896-41c1-a2f2-4b45e639bb36",
        "daicho_shubetsu_cd": "FUD25"
      }
    },
    {
      "type": "Feature",
      "geometry": {
        "type": "Polygon",
        "coordinates": [
          [
            [
              132.688476537,
              35.363990521
            ],
            [
              132.688957424,
              35.363966154
            ],
            [
              132.68891012,
              35.363743315
            ],
            [
              132.688455328,
              35.363767435
            ],
            [
              132.688475175,
              35.36397594
            ],
            [
              132.688476537,
              35.363990521
            ]
          ]
        ]
      },
      "properties": {
        "polygon_uuid": "47ed73af-5015-47e0-8567-4d3ba75c52e2",
        "daicho_shubetsu_cd": "FUD25"
      }
    },
    {
      "type": "Feature",
      "geometry": {
        "type": "Polygon",
        "coordinates": [
          [
            [
              132.687377153,
              35.365560866
            ],
            [
              132.68741023,
              35.365355749
            ],
            [
              132.68741441,
              35.365288688
            ],
            [
              132.687025575,
              35.365234649
            ],
            [
              132.686992495,
              35.365456419
            ],
            [
              132.686991466,
              35.365458655
            ],
            [
              132.68710064,
              35.365475241
            ],
            [
              132.687118396,
              35.365477939
            ],
            [
              132.687314825,
              35.365548858
            ],
            [
              132.687377153,
              35.365560866
            ]
          ]
        ]
      },
      "properties": {
        "polygon_uuid": "5c6887df-f60f-42c2-bbe9-4dde6174fcc4",
        "daicho_shubetsu_cd": "FUD25"
      }
    },
    {
      "type": "Feature",
      "geometry": {
        "type": "Polygon",
        "coordinates": [
          [
            [
              132.681610115,
              35.360024385
            ],
            [
              132.681475888,
              35.360027874
            ],
            [
              132.681463505,
              35.360025058
            ],
            [
              132.681352353,
              35.360259169
            ],
            [
              132.681474622,
              35.360267386
            ],
            [
              132.681505951,
              35.360257609
            ],
            [
              132.681539876,
              35.360237379
            ],
            [
              132.681588647,
              35.3600971
            ],
            [
              132.681610115,
              35.360024385
            ]
          ]
        ]
      },
      "properties": {
        "polygon_uuid": "30a34b5a-8155-46d0-9c45-4fc99b2f2abe",
        "daicho_shubetsu_cd": "FUD25"
      }
    },
    {
      "type": "Feature",
      "geometry": {
        "type": "Polygon",
        "coordinates": [
          [
            [
              132.679117054,
              35.362807476
            ],
            [
              132.679257971,
              35.362813307
            ],
            [
              132.679261203,
              35.362893634
            ],
            [
              132.679317323,
              35.3628963
            ],
            [
              132.67950377,
              35.362905159
            ],
            [
              132.67949754,
              35.362626622
            ],
            [
              132.679321629,
              35.36264176
            ],
            [
              132.679049843,
              35.362665146
            ],
            [
              132.679041054,
              35.362742655
            ],
            [
              132.679112279,
              35.362741592
            ],
            [
              132.679117054,
              35.362807476
            ]
          ]
        ]
      },
      "properties": {
        "polygon_uuid": "cce5ce2a-28ca-4710-9f61-500a7a1e972a",
        "daicho_shubetsu_cd": "FUD25"
      }
    },
    {
      "type": "Feature",
      "geometry": {
        "type": "Polygon",
        "coordinates": [
          [
            [
              132.688136394,
              35.360319788
            ],
            [
              132.687436595,
              35.360132046
            ],
            [
              132.687318674,
              35.360684786
            ],
            [
              132.68794424,
              35.360850272
            ],
            [
              132.688144558,
              35.360321977
            ],
            [
              132.688136394,
              35.360319788
            ]
          ]
        ]
      },
      "properties": {
        "polygon_uuid": "2fdc006d-30fe-4446-81f0-50442044e085",
        "daicho_shubetsu_cd": "FUD25"
      }
    },
    {
      "type": "Feature",
      "geometry": {
        "type": "Polygon",
        "coordinates": [
          [
            [
              132.679235606,
              35.359147246
            ],
            [
              132.679492315,
              35.35915028
            ],
            [
              132.679511616,
              35.359150199
            ],
            [
              132.679506811,
              35.358944037
            ],
            [
              132.679502221,
              35.35877196
            ],
            [
              132.679235354,
              35.358781158
            ],
            [
              132.679235606,
              35.359147246
            ]
          ]
        ]
      },
      "properties": {
        "polygon_uuid": "7e257e8c-ed3b-4f34-9e8f-5125937a1a56",
        "daicho_shubetsu_cd": "FUD25"
      }
    },
    {
      "type": "Feature",
      "geometry": {
        "type": "Polygon",
        "coordinates": [
          [
            [
              132.689111978,
              35.359176594
            ],
            [
              132.689127935,
              35.359133504
            ],
            [
              132.688875981,
              35.359076775
            ],
            [
              132.688805145,
              35.359152506
            ],
            [
              132.689111978,
              35.359176594
            ]
          ]
        ]
      },
      "properties": {
        "polygon_uuid": "a51a149a-3065-4ca5-90f9-52f36a58e53d",
        "daicho_shubetsu_cd": "FUD25"
      }
    },
    {
      "type": "Feature",
      "geometry": {
        "type": "Polygon",
        "coordinates": [
          [
            [
              132.681137847,
              35.35823384
            ],
            [
              132.681530462,
              35.358268803
            ],
            [
              132.681509128,
              35.358187873
            ],
            [
              132.681449531,
              35.357898174
            ],
            [
              132.681158612,
              35.357909577
            ],
            [
              132.681081828,
              35.35790867
            ],
            [
              132.681137847,
              35.35823384
            ]
          ]
        ]
      },
      "properties": {
        "polygon_uuid": "f530706b-098e-4181-ac4b-535a014f714f",
        "daicho_shubetsu_cd": "FUD25"
      }
    },
    {
      "type": "Feature",
      "geometry": {
        "type": "Polygon",
        "coordinates": [
          [
            [
              132.678482723,
              35.36085816
            ],
            [
              132.678395023,
              35.360584893
            ],
            [
              132.678346173,
              35.36043268
            ],
            [
              132.678305911,
              35.360307227
            ],
            [
              132.678184741,
              35.360316666
            ],
            [
              132.67814651,
              35.360302322
            ],
            [
              132.678347905,
              35.360928488
            ],
            [
              132.67840288,
              35.360898874
            ],
            [
              132.678482723,
              35.36085816
            ]
          ]
        ]
      },
      "properties": {
        "polygon_uuid": "5e305029-237d-46c5-9a40-53a8b946783c",
        "daicho_shubetsu_cd": "FUD25"
      }
    },
    {
      "type": "Feature",
      "geometry": {
        "type": "Polygon",
        "coordinates": [
          [
            [
              132.67777911,
              35.359748699
            ],
            [
              132.677792469,
              35.359637218
            ],
            [
              132.677757944,
              35.359634224
            ],
            [
              132.677676173,
              35.35963771
            ],
            [
              132.677669869,
              35.359651347
            ],
            [
              132.677605983,
              35.359653711
            ],
            [
              132.677554837,
              35.359649739
            ],
            [
              132.677524206,
              35.35965615
            ],
            [
              132.677520471,
              35.35967187
            ],
            [
              132.677520655,
              35.359701183
            ],
            [
              132.677520214,
              35.359734171
            ],
            [
              132.67758993,
              35.359742768
            ],
            [
              132.67777911,
              35.359748699
            ]
          ]
        ]
      },
      "properties": {
        "polygon_uuid": "fae5baa5-47bc-41a7-8f48-54826aba7269",
        "daicho_shubetsu_cd": "FUD25"
      }
    },
    {
      "type": "Feature",
      "geometry": {
        "type": "Polygon",
        "coordinates": [
          [
            [
              132.67716314,
              35.360807186
            ],
            [
              132.677149587,
              35.360739715
            ],
            [
              132.677106252,
              35.360563596
            ],
            [
              132.677027025,
              35.360528223
            ],
            [
              132.676946212,
              35.360457151
            ],
            [
              132.676907946,
              35.360515356
            ],
            [
              132.676534449,
              35.360580535
            ],
            [
              132.676585014,
              35.360698932
            ],
            [
              132.676600809,
              35.360735915
            ],
            [
              132.676685388,
              35.360864437
            ],
            [
              132.67716314,
              35.360807186
            ]
          ]
        ]
      },
      "properties": {
        "polygon_uuid": "0dcc6e5f-53e6-4d3c-bb74-575654adab6c",
        "daicho_shubetsu_cd": "FUD25"
      }
    },
    {
      "type": "Feature",
      "geometry": {
        "type": "Polygon",
        "coordinates": [
          [
            [
              132.68066128,
              35.359776587
            ],
            [
              132.680698794,
              35.359957111
            ],
            [
              132.680760882,
              35.359920861
            ],
            [
              132.680763623,
              35.3598698
            ],
            [
              132.681064689,
              35.359818099
            ],
            [
              132.681083408,
              35.359759965
            ],
            [
              132.680910204,
              35.359786325
            ],
            [
              132.680895609,
              35.359740359
            ],
            [
              132.68066128,
              35.359776587
            ]
          ]
        ]
      },
      "properties": {
        "polygon_uuid": "e99fb60c-6fbc-48c2-8787-57b3a9499a16",
        "daicho_shubetsu_cd": "FUD25"
      }
    },
    {
      "type": "Feature",
      "geometry": {
        "type": "Polygon",
        "coordinates": [
          [
            [
              132.678352658,
              35.366726014
            ],
            [
              132.678531102,
              35.366595571
            ],
            [
              132.678301795,
              35.366393609
            ],
            [
              132.678281192,
              35.366410842
            ],
            [
              132.678138706,
              35.366524646
            ],
            [
              132.677950444,
              35.366684578
            ],
            [
              132.67805075,
              35.36673879
            ],
            [
              132.6782492,
              35.366843983
            ],
            [
              132.678255657,
              35.366847353
            ],
            [
              132.678352658,
              35.366726014
            ]
          ]
        ]
      },
      "properties": {
        "polygon_uuid": "4abb5875-1966-4c1b-a7e3-57fff331a244",
        "daicho_shubetsu_cd": "FUD25"
      }
    },
    {
      "type": "Feature",
      "geometry": {
        "type": "Polygon",
        "coordinates": [
          [
            [
              132.68800635,
              35.362626273
            ],
            [
              132.687931146,
              35.362813466
            ],
            [
              132.687999393,
              35.362811152
            ],
            [
              132.688000482,
              35.362823525
            ],
            [
              132.688388408,
              35.362800676
            ],
            [
              132.688371074,
              35.362666364
            ],
            [
              132.688334181,
              35.362665579
            ],
            [
              132.688332746,
              35.362601666
            ],
            [
              132.68800635,
              35.362626273
            ]
          ]
        ]
      },
      "properties": {
        "polygon_uuid": "66dc1320-bac7-48cc-ba73-591344b35ebe",
        "daicho_shubetsu_cd": "FUD25"
      }
    },
    {
      "type": "Feature",
      "geometry": {
        "type": "Polygon",
        "coordinates": [
          [
            [
              132.688417048,
              35.359600696
            ],
            [
              132.688489396,
              35.359510158
            ],
            [
              132.688606153,
              35.359364044
            ],
            [
              132.68823101,
              35.359407094
            ],
            [
              132.688172225,
              35.359525818
            ],
            [
              132.688417048,
              35.359600696
            ]
          ]
        ]
      },
      "properties": {
        "polygon_uuid": "6391eb29-9d37-4e11-9cb0-5b762f9154de",
        "daicho_shubetsu_cd": "FUD25"
      }
    },
    {
      "type": "Feature",
      "geometry": {
        "type": "Polygon",
        "coordinates": [
          [
            [
              132.68607673,
              35.36726244
            ],
            [
              132.685927992,
              35.366985772
            ],
            [
              132.685914817,
              35.36697723
            ],
            [
              132.685743263,
              35.367035669
            ],
            [
              132.685889066,
              35.367326367
            ],
            [
              132.68607673,
              35.36726244
            ]
          ]
        ]
      },
      "properties": {
        "polygon_uuid": "014747be-aecf-41c7-a3f7-5cf0d2cfef0c",
        "daicho_shubetsu_cd": "FUD25"
      }
    },
    {
      "type": "Feature",
      "geometry": {
        "type": "Polygon",
        "coordinates": [
          [
            [
              132.687436576,
              35.364703702
            ],
            [
              132.687645939,
              35.364706568
            ],
            [
              132.687650262,
              35.364595885
            ],
            [
              132.687635252,
              35.364592172
            ],
            [
              132.687624046,
              35.364462854
            ],
            [
              132.687443258,
              35.364455358
            ],
            [
              132.687221075,
              35.36446154
            ],
            [
              132.687216838,
              35.364518091
            ],
            [
              132.687219465,
              35.364568959
            ],
            [
              132.687217479,
              35.364617962
            ],
            [
              132.68722335,
              35.364677268
            ],
            [
              132.687243243,
              35.364689459
            ],
            [
              132.687289397,
              35.364711874
            ],
            [
              132.687321567,
              35.364706082
            ],
            [
              132.687436576,
              35.364703702
            ]
          ]
        ]
      },
      "properties": {
        "polygon_uuid": "24f948f7-e161-4417-97f9-5e3b880d1dc6",
        "daicho_shubetsu_cd": "FUD25"
      }
    },
    {
      "type": "Feature",
      "geometry": {
        "type": "Polygon",
        "coordinates": [
          [
            [
              132.68474501,
              35.367628116
            ],
            [
              132.684935424,
              35.367558065
            ],
            [
              132.684839811,
              35.367345803
            ],
            [
              132.684561148,
              35.367443533
            ],
            [
              132.684564032,
              35.367468088
            ],
            [
              132.684583617,
              35.367546173
            ],
            [
              132.68474501,
              35.367628116
            ]
          ]
        ]
      },
      "properties": {
        "polygon_uuid": "9db3b769-7c61-40d9-9f8a-5e480527b667",
        "daicho_shubetsu_cd": "FUD25"
      }
    },
    {
      "type": "Feature",
      "geometry": {
        "type": "Polygon",
        "coordinates": [
          [
            [
              132.676795171,
              35.365077525
            ],
            [
              132.676791052,
              35.365139065
            ],
            [
              132.676785104,
              35.365251898
            ],
            [
              132.67775675,
              35.365300256
            ],
            [
              132.677765056,
              35.365130562
            ],
            [
              132.676795171,
              35.365077525
            ]
          ]
        ]
      },
      "properties": {
        "polygon_uuid": "53f039ab-4bde-4b82-8fe8-60a143a1e8e7",
        "daicho_shubetsu_cd": "FUD25"
      }
    },
    {
      "type": "Feature",
      "geometry": {
        "type": "Polygon",
        "coordinates": [
          [
            [
              132.688659599,
              35.358469753
            ],
            [
              132.688833739,
              35.35812481
            ],
            [
              132.688825864,
              35.358109971
            ],
            [
              132.688520086,
              35.358020685
            ],
            [
              132.688398586,
              35.358413515
            ],
            [
              132.688659599,
              35.358469753
            ]
          ]
        ]
      },
      "properties": {
        "polygon_uuid": "eb4f62ef-54d1-4639-a916-612d1f4e3cfc",
        "daicho_shubetsu_cd": "FUD25"
      }
    },
    {
      "type": "Feature",
      "geometry": {
        "type": "Polygon",
        "coordinates": [
          [
            [
              132.6881438,
              35.364472616
            ],
            [
              132.688209943,
              35.364470425
            ],
            [
              132.68820265,
              35.364411911
            ],
            [
              132.688097787,
              35.36441803
            ],
            [
              132.688096373,
              35.364377431
            ],
            [
              132.687943241,
              35.36440642
            ],
            [
              132.687950213,
              35.364484783
            ],
            [
              132.687950601,
              35.364490759
            ],
            [
              132.6881438,
              35.364472616
            ]
          ]
        ]
      },
      "properties": {
        "polygon_uuid": "e72915e3-c327-4c06-9680-61dd589af624",
        "daicho_shubetsu_cd": "FUD25"
      }
    },
    {
      "type": "Feature",
      "geometry": {
        "type": "Polygon",
        "coordinates": [
          [
            [
              132.676805319,
              35.364755955
            ],
            [
              132.676802648,
              35.36484061
            ],
            [
              132.677775624,
              35.364886479
            ],
            [
              132.677776312,
              35.364805677
            ],
            [
              132.676805319,
              35.364755955
            ]
          ]
        ]
      },
      "properties": {
        "polygon_uuid": "5f5ce4e6-0f7e-436c-81fb-631b224f1889",
        "daicho_shubetsu_cd": "FUD25"
      }
    },
    {
      "type": "Feature",
      "geometry": {
        "type": "Polygon",
        "coordinates": [
          [
            [
              132.68607673,
              35.36726244
            ],
            [
              132.685889066,
              35.367326367
            ],
            [
              132.685902833,
              35.367359922
            ],
            [
              132.685872877,
              35.367370136
            ],
            [
              132.686144713,
              35.367902505
            ],
            [
              132.686356126,
              35.367860994
            ],
            [
              132.686369124,
              35.367841591
            ],
            [
              132.686214902,
              35.367528404
            ],
            [
              132.68607673,
              35.36726244
            ]
          ]
        ]
      },
      "properties": {
        "polygon_uuid": "18dbfeea-0669-4dcf-a70e-635e93f2761d",
        "daicho_shubetsu_cd": "FUD25"
      }
    },
    {
      "type": "Feature",
      "geometry": {
        "type": "Polygon",
        "coordinates": [
          [
            [
              132.691513398,
              35.359682056
            ],
            [
              132.691695993,
              35.359732307
            ],
            [
              132.691790183,
              35.359441943
            ],
            [
              132.691605583,
              35.359409146
            ],
            [
              132.691513398,
              35.359682056
            ]
          ]
        ]
      },
      "properties": {
        "polygon_uuid": "478e1935-10eb-45e1-a177-66caa0fee3f2",
        "daicho_shubetsu_cd": "FUD25"
      }
    },
    {
      "type": "Feature",
      "geometry": {
        "type": "Polygon",
        "coordinates": [
          [
            [
              132.678909297,
              35.36380448
            ],
            [
              132.67866697,
              35.363704226
            ],
            [
              132.67862921,
              35.363764641
            ],
            [
              132.678418842,
              35.36367795
            ],
            [
              132.678311582,
              35.363636749
            ],
            [
              132.678236063,
              35.363735311
            ],
            [
              132.67835369,
              35.363790655
            ],
            [
              132.678462697,
              35.363841944
            ],
            [
              132.678630626,
              35.363920955
            ],
            [
              132.678790761,
              35.3639963
            ],
            [
              132.678909297,
              35.36380448
            ]
          ]
        ]
      },
      "properties": {
        "polygon_uuid": "155e590a-8eb5-4ac3-85b4-6704239c1548",
        "daicho_shubetsu_cd": "FUD25"
      }
    },
    {
      "type": "Feature",
      "geometry": {
        "type": "Polygon",
        "coordinates": [
          [
            [
              132.687554214,
              35.359790325
            ],
            [
              132.687957589,
              35.35990395
            ],
            [
              132.688064489,
              35.359614891
            ],
            [
              132.687633837,
              35.359495643
            ],
            [
              132.687582525,
              35.35968917
            ],
            [
              132.687554214,
              35.359790325
            ]
          ]
        ]
      },
      "properties": {
        "polygon_uuid": "3864d6eb-69d0-49ee-8063-673befe70ae5",
        "daicho_shubetsu_cd": "FUD25"
      }
    },
    {
      "type": "Feature",
      "geometry": {
        "type": "Polygon",
        "coordinates": [
          [
            [
              132.679293258,
              35.360748064
            ],
            [
              132.679271049,
              35.360682323
            ],
            [
              132.679215251,
              35.360690371
            ],
            [
              132.679129531,
              35.360705241
            ],
            [
              132.679024747,
              35.360721306
            ],
            [
              132.678899525,
              35.360736343
            ],
            [
              132.678722775,
              35.360788421
            ],
            [
              132.678580128,
              35.360848164
            ],
            [
              132.678565229,
              35.360861617
            ],
            [
              132.678561277,
              35.360882835
            ],
            [
              132.678595646,
              35.360932902
            ],
            [
              132.678686525,
              35.361087619
            ],
            [
              132.678709822,
              35.361109837
            ],
            [
              132.678739816,
              35.361114174
            ],
            [
              132.67885266,
              35.36108022
            ],
            [
              132.679079646,
              35.361002265
            ],
            [
              132.679223783,
              35.3609626
            ],
            [
              132.679299793,
              35.360919875
            ],
            [
              132.679321262,
              35.360868456
            ],
            [
              132.679319674,
              35.360832755
            ],
            [
              132.679293258,
              35.360748064
            ]
          ]
        ]
      },
      "properties": {
        "polygon_uuid": "b169d6df-3c47-49d5-81bf-676e31f070c0",
        "daicho_shubetsu_cd": "FUD25"
      }
    },
    {
      "type": "Feature",
      "geometry": {
        "type": "Polygon",
        "coordinates": [
          [
            [
              132.676103042,
              35.358237579
            ],
            [
              132.676092904,
              35.358308016
            ],
            [
              132.676082297,
              35.35838172
            ],
            [
              132.676072388,
              35.358379335
            ],
            [
              132.676058117,
              35.358478385
            ],
            [
              132.676096482,
              35.358483863
            ],
            [
              132.676084148,
              35.358640173
            ],
            [
              132.676082343,
              35.358663045
            ],
            [
              132.67612358,
              35.358700086
            ],
            [
              132.676176016,
              35.358493701
            ],
            [
              132.676216445,
              35.358334577
            ],
            [
              132.676563967,
              35.358409294
            ],
            [
              132.676573162,
              35.358377061
            ],
            [
              132.676357661,
              35.358311091
            ],
            [
              132.676103042,
              35.358237579
            ]
          ]
        ]
      },
      "properties": {
        "polygon_uuid": "db6e7859-a626-45a5-b937-67d1d4009ea1",
        "daicho_shubetsu_cd": "FUD25"
      }
    },
    {
      "type": "Feature",
      "geometry": {
        "type": "Polygon",
        "coordinates": [
          [
            [
              132.687425915,
              35.361310995
            ],
            [
              132.687208453,
              35.361867062
            ],
            [
              132.687623117,
              35.36197299
            ],
            [
              132.687832084,
              35.361419213
            ],
            [
              132.687425915,
              35.361310995
            ]
          ]
        ]
      },
      "properties": {
        "polygon_uuid": "fbcb5965-99e0-4e8f-9005-691d6fd3f71c",
        "daicho_shubetsu_cd": "FUD25"
      }
    },
    {
      "type": "Feature",
      "geometry": {
        "type": "Polygon",
        "coordinates": [
          [
            [
              132.687881022,
              35.362038873
            ],
            [
              132.687623117,
              35.36197299
            ],
            [
              132.687208453,
              35.361867062
            ],
            [
              132.686994585,
              35.361812429
            ],
            [
              132.6868306,
              35.36232783
            ],
            [
              132.687692867,
              35.3625503
            ],
            [
              132.687881022,
              35.362038873
            ]
          ]
        ]
      },
      "properties": {
        "polygon_uuid": "7631e024-ffe7-40ee-b293-69655d57cc94",
        "daicho_shubetsu_cd": "FUD25"
      }
    },
    {
      "type": "Feature",
      "geometry": {
        "type": "Polygon",
        "coordinates": [
          [
            [
              132.679099493,
              35.361895742
            ],
            [
              132.679125922,
              35.36152127
            ],
            [
              132.678710021,
              35.361484204
            ],
            [
              132.678586082,
              35.361486961
            ],
            [
              132.678512528,
              35.361487272
            ],
            [
              132.678464932,
              35.361499748
            ],
            [
              132.678456228,
              35.361503507
            ],
            [
              132.678420201,
              35.361832091
            ],
            [
              132.678475322,
              35.361851194
            ],
            [
              132.678607185,
              35.361868867
            ],
            [
              132.678657582,
              35.361870192
            ],
            [
              132.678826529,
              35.361874633
            ],
            [
              132.679062819,
              35.361892907
            ],
            [
              132.679099493,
              35.361895742
            ]
          ]
        ]
      },
      "properties": {
        "polygon_uuid": "71b53cae-1627-4d72-96fc-6a2a67023f67",
        "daicho_shubetsu_cd": "FUD25"
      }
    },
    {
      "type": "Feature",
      "geometry": {
        "type": "Polygon",
        "coordinates": [
          [
            [
              132.687280399,
              35.364133473
            ],
            [
              132.687279027,
              35.364267108
            ],
            [
              132.687851011,
              35.36427739
            ],
            [
              132.687841697,
              35.364136621
            ],
            [
              132.687830315,
              35.363964622
            ],
            [
              132.687282189,
              35.363959278
            ],
            [
              132.687280978,
              35.364077172
            ],
            [
              132.687280859,
              35.364088722
            ],
            [
              132.687280399,
              35.364133473
            ]
          ]
        ]
      },
      "properties": {
        "polygon_uuid": "d7215bf1-76e3-4311-be81-6a89e807361e",
        "daicho_shubetsu_cd": "FUD25"
      }
    },
    {
      "type": "Feature",
      "geometry": {
        "type": "Polygon",
        "coordinates": [
          [
            [
              132.68710064,
              35.365475241
            ],
            [
              132.686991466,
              35.365458655
            ],
            [
              132.686992495,
              35.365456419
            ],
            [
              132.686870218,
              35.365443725
            ],
            [
              132.686861287,
              35.36548909
            ],
            [
              132.687055254,
              35.365580258
            ],
            [
              132.68710064,
              35.365475241
            ]
          ]
        ]
      },
      "properties": {
        "polygon_uuid": "8660506e-8535-46d9-bcb2-6af5e98cc45d",
        "daicho_shubetsu_cd": "FUD25"
      }
    },
    {
      "type": "Feature",
      "geometry": {
        "type": "Polygon",
        "coordinates": [
          [
            [
              132.692111537,
              35.359366101
            ],
            [
              132.692119041,
              35.35930043
            ],
            [
              132.691915382,
              35.359229079
            ],
            [
              132.691717931,
              35.359733454
            ],
            [
              132.691961561,
              35.359796607
            ],
            [
              132.691992701,
              35.359799304
            ],
            [
              132.692022597,
              35.359787843
            ],
            [
              132.692039728,
              35.359763217
            ],
            [
              132.692111537,
              35.359366101
            ]
          ]
        ]
      },
      "properties": {
        "polygon_uuid": "df0368e5-020d-4eb9-937e-6c07b430c1e5",
        "daicho_shubetsu_cd": "FUD25"
      }
    },
    {
      "type": "Feature",
      "geometry": {
        "type": "Polygon",
        "coordinates": [
          [
            [
              132.688145786,
              35.360290215
            ],
            [
              132.688417048,
              35.359600696
            ],
            [
              132.688172225,
              35.359525818
            ],
            [
              132.688096592,
              35.359678566
            ],
            [
              132.687901568,
              35.360205255
            ],
            [
              132.687905592,
              35.360225953
            ],
            [
              132.688145786,
              35.360290215
            ]
          ]
        ]
      },
      "properties": {
        "polygon_uuid": "6dd18cdc-b3a9-4ae4-b650-6d43d180da2e",
        "daicho_shubetsu_cd": "FUD25"
      }
    },
    {
      "type": "Feature",
      "geometry": {
        "type": "Polygon",
        "coordinates": [
          [
            [
              132.686910414,
              35.368031973
            ],
            [
              132.687052829,
              35.36799744
            ],
            [
              132.68735192,
              35.367874949
            ],
            [
              132.687529699,
              35.367802141
            ],
            [
              132.687996582,
              35.367610931
            ],
            [
              132.688157166,
              35.367531455
            ],
            [
              132.688193593,
              35.367520085
            ],
            [
              132.688235845,
              35.367504208
            ],
            [
              132.688245991,
              35.367458624
            ],
            [
              132.687902364,
              35.367129924
            ],
            [
              132.687818303,
              35.367135764
            ],
            [
              132.687641914,
              35.367263527
            ],
            [
              132.68730629,
              35.367495669
            ],
            [
              132.687087341,
              35.367652597
            ],
            [
              132.686938859,
              35.367748761
            ],
            [
              132.686784341,
              35.367824396
            ],
            [
              132.686910414,
              35.368031973
            ]
          ]
        ]
      },
      "properties": {
        "polygon_uuid": "23cdf569-d088-4724-83e0-6ef1ce94b4de",
        "daicho_shubetsu_cd": "FUD25"
      }
    },
    {
      "type": "Feature",
      "geometry": {
        "type": "Polygon",
        "coordinates": [
          [
            [
              132.681347317,
              35.36063756
            ],
            [
              132.681431684,
              35.36040957
            ],
            [
              132.6809447,
              35.360316329
            ],
            [
              132.680910034,
              35.360309691
            ],
            [
              132.680871448,
              35.360346678
            ],
            [
              132.680797072,
              35.360539477
            ],
            [
              132.681347317,
              35.36063756
            ]
          ]
        ]
      },
      "properties": {
        "polygon_uuid": "df8c61ef-27e5-4a2b-b38b-70794cef3d61",
        "daicho_shubetsu_cd": "FUD25"
      }
    },
    {
      "type": "Feature",
      "geometry": {
        "type": "Polygon",
        "coordinates": [
          [
            [
              132.689147435,
              35.359517229
            ],
            [
              132.689184227,
              35.359390654
            ],
            [
              132.689102107,
              35.359325145
            ],
            [
              132.688708128,
              35.359362966
            ],
            [
              132.688718556,
              35.359371419
            ],
            [
              132.689147435,
              35.359517229
            ]
          ]
        ]
      },
      "properties": {
        "polygon_uuid": "57b0cfe3-8279-435e-9c42-717a3ec26dc8",
        "daicho_shubetsu_cd": "FUD25"
      }
    },
    {
      "type": "Feature",
      "geometry": {
        "type": "Polygon",
        "coordinates": [
          [
            [
              132.68652808,
              35.367617131
            ],
            [
              132.686516871,
              35.367618526
            ],
            [
              132.686328095,
              35.367642017
            ],
            [
              132.686427055,
              35.367823934
            ],
            [
              132.686445508,
              35.367836752
            ],
            [
              132.686508416,
              35.367824659
            ],
            [
              132.686673521,
              35.367788479
            ],
            [
              132.686663847,
              35.367712208
            ],
            [
              132.686730767,
              35.36771192
            ],
            [
              132.686736804,
              35.367630206
            ],
            [
              132.68652808,
              35.367617131
            ]
          ]
        ]
      },
      "properties": {
        "polygon_uuid": "2300f568-f4c9-4827-a0f8-71a9a2ddcd0a",
        "daicho_shubetsu_cd": "FUD25"
      }
    },
    {
      "type": "Feature",
      "geometry": {
        "type": "Polygon",
        "coordinates": [
          [
            [
              132.681713524,
              35.359674135
            ],
            [
              132.681503826,
              35.359630508
            ],
            [
              132.681459923,
              35.359774276
            ],
            [
              132.681664135,
              35.359814744
            ],
            [
              132.681608437,
              35.359983783
            ],
            [
              132.682020045,
              35.360019418
            ],
            [
              132.682133674,
              35.359702002
            ],
            [
              132.681798672,
              35.359675529
            ],
            [
              132.681713524,
              35.359674135
            ]
          ]
        ]
      },
      "properties": {
        "polygon_uuid": "dcc9b5fc-2411-46a2-b863-7378b92c8ffd",
        "daicho_shubetsu_cd": "FUD25"
      }
    },
    {
      "type": "Feature",
      "geometry": {
        "type": "Polygon",
        "coordinates": [
          [
            [
              132.678460952,
              35.366162363
            ],
            [
              132.678579296,
              35.365932044
            ],
            [
              132.678441481,
              35.365899429
            ],
            [
              132.678419774,
              35.36589412
            ],
            [
              132.678200767,
              35.365840566
            ],
            [
              132.678180931,
              35.365871001
            ],
            [
              132.677855085,
              35.365810038
            ],
            [
              132.677868202,
              35.36601845
            ],
            [
              132.678030101,
              35.366050252
            ],
            [
              132.678107338,
              35.366065425
            ],
            [
              132.678460952,
              35.366162363
            ]
          ]
        ]
      },
      "properties": {
        "polygon_uuid": "9e082e4e-bd6a-4386-8843-7396e683a8e9",
        "daicho_shubetsu_cd": "FUD25"
      }
    },
    {
      "type": "Feature",
      "geometry": {
        "type": "Polygon",
        "coordinates": [
          [
            [
              132.685445809,
              35.367655148
            ],
            [
              132.685224778,
              35.367222471
            ],
            [
              132.685206366,
              35.367216101
            ],
            [
              132.6849337,
              35.367312581
            ],
            [
              132.685026444,
              35.367510372
            ],
            [
              132.685144985,
              35.367763181
            ],
            [
              132.685445809,
              35.367655148
            ]
          ]
        ]
      },
      "properties": {
        "polygon_uuid": "a2b448b7-4da4-400b-9ea3-739bfff7db63",
        "daicho_shubetsu_cd": "FUD25"
      }
    },
    {
      "type": "Feature",
      "geometry": {
        "type": "Polygon",
        "coordinates": [
          [
            [
              132.682688341,
              35.358676902
            ],
            [
              132.682497229,
              35.358637919
            ],
            [
              132.682339428,
              35.358610258
            ],
            [
              132.682255777,
              35.358595596
            ],
            [
              132.682167293,
              35.358596684
            ],
            [
              132.682106466,
              35.358581308
            ],
            [
              132.682036859,
              35.358549622
            ],
            [
              132.681948117,
              35.358510201
            ],
            [
              132.68192295,
              35.358508887
            ],
            [
              132.681917135,
              35.358549423
            ],
            [
              132.681915607,
              35.358582122
            ],
            [
              132.681929488,
              35.358635043
            ],
            [
              132.681951171,
              35.358717715
            ],
            [
              132.682005351,
              35.358915772
            ],
            [
              132.682031594,
              35.358949775
            ],
            [
              132.682092177,
              35.358926774
            ],
            [
              132.68216403,
              35.358902303
            ],
            [
              132.682218518,
              35.358875774
            ],
            [
              132.682279056,
              35.358845666
            ],
            [
              132.682352834,
              35.358801927
            ],
            [
              132.682361165,
              35.358796987
            ],
            [
              132.682409585,
              35.358771195
            ],
            [
              132.682462415,
              35.358756756
            ],
            [
              132.682555179,
              35.35874641
            ],
            [
              132.682614081,
              35.358731945
            ],
            [
              132.682664226,
              35.358704723
            ],
            [
              132.682688341,
              35.358676902
            ]
          ]
        ]
      },
      "properties": {
        "polygon_uuid": "26ba2683-8237-44df-863e-7442a1f3b831",
        "daicho_shubetsu_cd": "FUD25"
      }
    },
    {
      "type": "Feature",
      "geometry": {
        "type": "Polygon",
        "coordinates": [
          [
            [
              132.678460952,
              35.366162363
            ],
            [
              132.678481189,
              35.366170055
            ],
            [
              132.678911587,
              35.365846985
            ],
            [
              132.678486166,
              35.365754159
            ],
            [
              132.678419774,
              35.36589412
            ],
            [
              132.678441481,
              35.365899429
            ],
            [
              132.678579296,
              35.365932044
            ],
            [
              132.678460952,
              35.366162363
            ]
          ]
        ]
      },
      "properties": {
        "polygon_uuid": "5479b946-51d5-4827-9758-7468101a468c",
        "daicho_shubetsu_cd": "FUD25"
      }
    },
    {
      "type": "Feature",
      "geometry": {
        "type": "Polygon",
        "coordinates": [
          [
            [
              132.679185178,
              35.365058591
            ],
            [
              132.67893055,
              35.364909462
            ],
            [
              132.678848749,
              35.364863556
            ],
            [
              132.678737981,
              35.365046411
            ],
            [
              132.678747825,
              35.365050319
            ],
            [
              132.679069692,
              35.365178103
            ],
            [
              132.679098831,
              35.365190625
            ],
            [
              132.679126679,
              35.365201067
            ],
            [
              132.679156262,
              35.365212159
            ],
            [
              132.679232621,
              35.365080166
            ],
            [
              132.679185178,
              35.365058591
            ]
          ]
        ]
      },
      "properties": {
        "polygon_uuid": "a94b9127-c7f1-4a4c-8163-74adde7fad9b",
        "daicho_shubetsu_cd": "FUD25"
      }
    },
    {
      "type": "Feature",
      "geometry": {
        "type": "Polygon",
        "coordinates": [
          [
            [
              132.68964758,
              35.360940626
            ],
            [
              132.689650818,
              35.360541319
            ],
            [
              132.689320912,
              35.360526725
            ],
            [
              132.689308721,
              35.360927388
            ],
            [
              132.68964758,
              35.360940626
            ]
          ]
        ]
      },
      "properties": {
        "polygon_uuid": "29698d35-4cc8-4d25-ba49-7695674c0bbf",
        "daicho_shubetsu_cd": "FUD25"
      }
    },
    {
      "type": "Feature",
      "geometry": {
        "type": "Polygon",
        "coordinates": [
          [
            [
              132.688122531,
              35.366297422
            ],
            [
              132.688090931,
              35.366316381
            ],
            [
              132.688064959,
              35.366384839
            ],
            [
              132.688054493,
              35.36656079
            ],
            [
              132.68801215,
              35.366854644
            ],
            [
              132.687984565,
              35.367003089
            ],
            [
              132.687952735,
              35.367039605
            ],
            [
              132.687894339,
              35.36708105
            ],
            [
              132.688307224,
              35.367438654
            ],
            [
              132.688552784,
              35.367360609
            ],
            [
              132.688690967,
              35.367299348
            ],
            [
              132.688704859,
              35.367259294
            ],
            [
              132.688682487,
              35.366994579
            ],
            [
              132.688636632,
              35.36629224
            ],
            [
              132.688122531,
              35.366297422
            ]
          ]
        ]
      },
      "properties": {
        "polygon_uuid": "231b4f57-1185-4676-96e0-77a39a85f1f9",
        "daicho_shubetsu_cd": "FUD25"
      }
    },
    {
      "type": "Feature",
      "geometry": {
        "type": "Polygon",
        "coordinates": [
          [
            [
              132.67612358,
              35.358700086
            ],
            [
              132.676082343,
              35.358663045
            ],
            [
              132.676084148,
              35.358640173
            ],
            [
              132.675933262,
              35.358627481
            ],
            [
              132.675922827,
              35.358683791
            ],
            [
              132.675895561,
              35.358682935
            ],
            [
              132.675877489,
              35.358677593
            ],
            [
              132.675825534,
              35.359056964
            ],
            [
              132.676128749,
              35.359061268
            ],
            [
              132.67611999,
              35.358986217
            ],
            [
              132.676136161,
              35.358919155
            ],
            [
              132.676145241,
              35.358855036
            ],
            [
              132.676170961,
              35.358798614
            ],
            [
              132.676201767,
              35.358770319
            ],
            [
              132.67612358,
              35.358700086
            ]
          ]
        ]
      },
      "properties": {
        "polygon_uuid": "75ed493a-3ef4-4a18-bffd-784fe4127e01",
        "daicho_shubetsu_cd": "FUD25"
      }
    },
    {
      "type": "Feature",
      "geometry": {
        "type": "Polygon",
        "coordinates": [
          [
            [
              132.682672829,
              35.358371574
            ],
            [
              132.682659785,
              35.358255588
            ],
            [
              132.682621803,
              35.357917831
            ],
            [
              132.682575734,
              35.357919398
            ],
            [
              132.682571599,
              35.357883169
            ],
            [
              132.682252801,
              35.357887728
            ],
            [
              132.682309196,
              35.358171533
            ],
            [
              132.682471811,
              35.358155203
            ],
            [
              132.68247642,
              35.358266053
            ],
            [
              132.682498542,
              35.358265959
            ],
            [
              132.682505672,
              35.358364007
            ],
            [
              132.682672829,
              35.358371574
            ]
          ]
        ]
      },
      "properties": {
        "polygon_uuid": "651d07aa-ccec-4d1e-9423-78c4bb427198",
        "daicho_shubetsu_cd": "FUD25"
      }
    },
    {
      "type": "Feature",
      "geometry": {
        "type": "Polygon",
        "coordinates": [
          [
            [
              132.678460952,
              35.366162363
            ],
            [
              132.678107338,
              35.366065425
            ],
            [
              132.678030101,
              35.366050252
            ],
            [
              132.677898773,
              35.366378986
            ],
            [
              132.677896705,
              35.366384164
            ],
            [
              132.678114975,
              35.366457067
            ],
            [
              132.678481189,
              35.366170055
            ],
            [
              132.678460952,
              35.366162363
            ]
          ]
        ]
      },
      "properties": {
        "polygon_uuid": "6f495f63-b4ff-4f29-9c9f-7966ebc7a327",
        "daicho_shubetsu_cd": "FUD25"
      }
    },
    {
      "type": "Feature",
      "geometry": {
        "type": "Polygon",
        "coordinates": [
          [
            [
              132.684725603,
              35.366939621
            ],
            [
              132.685057004,
              35.366818143
            ],
            [
              132.684992119,
              35.366732869
            ],
            [
              132.684927988,
              35.366648585
            ],
            [
              132.684873033,
              35.366673184
            ],
            [
              132.684842778,
              35.366638068
            ],
            [
              132.68477739,
              35.366672743
            ],
            [
              132.684636194,
              35.366753961
            ],
            [
              132.684677986,
              35.366840744
            ],
            [
              132.684725603,
              35.366939621
            ]
          ]
        ]
      },
      "properties": {
        "polygon_uuid": "04c8c093-9a0f-41eb-9712-79cdb1903546",
        "daicho_shubetsu_cd": "FUD25"
      }
    },
    {
      "type": "Feature",
      "geometry": {
        "type": "Polygon",
        "coordinates": [
          [
            [
              132.676829691,
              35.364151585
            ],
            [
              132.676820423,
              35.364584377
            ],
            [
              132.676944374,
              35.364591006
            ],
            [
              132.677016399,
              35.364594857
            ],
            [
              132.677166972,
              35.364602909
            ],
            [
              132.677165627,
              35.364301149
            ],
            [
              132.677260257,
              35.36430075
            ],
            [
              132.677261431,
              35.364172623
            ],
            [
              132.677022701,
              35.364161489
            ],
            [
              132.677005494,
              35.364160686
            ],
            [
              132.676949232,
              35.364157774
            ],
            [
              132.676829691,
              35.364151585
            ]
          ]
        ]
      },
      "properties": {
        "polygon_uuid": "72eef527-8521-401a-babe-7be0f7bb942d",
        "daicho_shubetsu_cd": "FUD25"
      }
    },
    {
      "type": "Feature",
      "geometry": {
        "type": "Polygon",
        "coordinates": [
          [
            [
              132.678462697,
              35.363841944
            ],
            [
              132.678407461,
              35.363882649
            ],
            [
              132.678273037,
              35.363951283
            ],
            [
              132.678163803,
              35.364100295
            ],
            [
              132.678185767,
              35.364136776
            ],
            [
              132.678232969,
              35.364205684
            ],
            [
              132.678289212,
              35.364267933
            ],
            [
              132.678376785,
              35.364330049
            ],
            [
              132.67840455,
              35.36435053
            ],
            [
              132.678623514,
              35.363934469
            ],
            [
              132.678630626,
              35.363920955
            ],
            [
              132.678462697,
              35.363841944
            ]
          ]
        ]
      },
      "properties": {
        "polygon_uuid": "3b78347f-6e9b-432f-8a30-8021fdd273e3",
        "daicho_shubetsu_cd": "FUD25"
      }
    },
    {
      "type": "Feature",
      "geometry": {
        "type": "Polygon",
        "coordinates": [
          [
            [
              132.678315854,
              35.364639801
            ],
            [
              132.678352167,
              35.364566002
            ],
            [
              132.678193438,
              35.364452859
            ],
            [
              132.678077562,
              35.364438843
            ],
            [
              132.678010144,
              35.364548481
            ],
            [
              132.678306878,
              35.364655639
            ],
            [
              132.678315854,
              35.364639801
            ]
          ]
        ]
      },
      "properties": {
        "polygon_uuid": "7eadc164-c77b-4853-8ca6-8427dedc215c",
        "daicho_shubetsu_cd": "FUD25"
      }
    },
    {
      "type": "Feature",
      "geometry": {
        "type": "Polygon",
        "coordinates": [
          [
            [
              132.687280399,
              35.364133473
            ],
            [
              132.687280859,
              35.364088722
            ],
            [
              132.687280978,
              35.364077172
            ],
            [
              132.687100716,
              35.364083201
            ],
            [
              132.687105684,
              35.364049185
            ],
            [
              132.686955239,
              35.364047709
            ],
            [
              132.686956836,
              35.364094444
            ],
            [
              132.687025568,
              35.364094148
            ],
            [
              132.687025745,
              35.364121768
            ],
            [
              132.687069824,
              35.364119453
            ],
            [
              132.687071044,
              35.364309603
            ],
            [
              132.686995706,
              35.364313279
            ],
            [
              132.686752238,
              35.364315778
            ],
            [
              132.686751113,
              35.364409974
            ],
            [
              132.6867728,
              35.364421212
            ],
            [
              132.686997671,
              35.364417378
            ],
            [
              132.687847041,
              35.36440522
            ],
            [
              132.687858659,
              35.364396672
            ],
            [
              132.687851011,
              35.36427739
            ],
            [
              132.687279027,
              35.364267108
            ],
            [
              132.687280399,
              35.364133473
            ]
          ]
        ]
      },
      "properties": {
        "polygon_uuid": "4c5a2b22-68c4-492f-b699-8459d133dc7f",
        "daicho_shubetsu_cd": "FUD25"
      }
    },
    {
      "type": "Feature",
      "geometry": {
        "type": "Polygon",
        "coordinates": [
          [
            [
              132.681139208,
              35.358551614
            ],
            [
              132.681126543,
              35.358448774
            ],
            [
              132.681118094,
              35.358405291
            ],
            [
              132.681100281,
              35.35838863
            ],
            [
              132.680643826,
              35.358347686
            ],
            [
              132.680616705,
              35.35836677
            ],
            [
              132.680593677,
              35.358386953
            ],
            [
              132.680566529,
              35.358401575
            ],
            [
              132.680579153,
              35.358590838
            ],
            [
              132.681139208,
              35.358551614
            ]
          ]
        ]
      },
      "properties": {
        "polygon_uuid": "c3399331-f03f-4bc0-964b-84dded5c7895",
        "daicho_shubetsu_cd": "FUD25"
      }
    },
    {
      "type": "Feature",
      "geometry": {
        "type": "Polygon",
        "coordinates": [
          [
            [
              132.688539988,
              35.365109329
            ],
            [
              132.688588776,
              35.365729294
            ],
            [
              132.689267876,
              35.365700798
            ],
            [
              132.689262215,
              35.365606752
            ],
            [
              132.689240296,
              35.365095256
            ],
            [
              132.689217689,
              35.365075524
            ],
            [
              132.688918661,
              35.365093813
            ],
            [
              132.688539988,
              35.365109329
            ]
          ]
        ]
      },
      "properties": {
        "polygon_uuid": "d4abafb8-7928-4a48-99a4-8521c807e30c",
        "daicho_shubetsu_cd": "FUD25"
      }
    },
    {
      "type": "Feature",
      "geometry": {
        "type": "Polygon",
        "coordinates": [
          [
            [
              132.682536681,
              35.359531231
            ],
            [
              132.682529824,
              35.359368407
            ],
            [
              132.682287007,
              35.359377397
            ],
            [
              132.682289094,
              35.359454391
            ],
            [
              132.682294611,
              35.359518806
            ],
            [
              132.682536681,
              35.359531231
            ]
          ]
        ]
      },
      "properties": {
        "polygon_uuid": "e2fa9982-89eb-46cb-92bf-8599a2204fa9",
        "daicho_shubetsu_cd": "FUD25"
      }
    },
    {
      "type": "Feature",
      "geometry": {
        "type": "Polygon",
        "coordinates": [
          [
            [
              132.687316461,
              35.360695154
            ],
            [
              132.68718705,
              35.36120906
            ],
            [
              132.688335254,
              35.361506483
            ],
            [
              132.688355966,
              35.361498538
            ],
            [
              132.688538656,
              35.361007513
            ],
            [
              132.68794424,
              35.360850272
            ],
            [
              132.687318674,
              35.360684786
            ],
            [
              132.687316461,
              35.360695154
            ]
          ]
        ]
      },
      "properties": {
        "polygon_uuid": "f4a741cb-d59b-4c1c-8a32-86ff95adfe91",
        "daicho_shubetsu_cd": "FUD25"
      }
    },
    {
      "type": "Feature",
      "geometry": {
        "type": "Polygon",
        "coordinates": [
          [
            [
              132.676492297,
              35.358682652
            ],
            [
              132.676563967,
              35.358409294
            ],
            [
              132.676216445,
              35.358334577
            ],
            [
              132.676176016,
              35.358493701
            ],
            [
              132.67612358,
              35.358700086
            ],
            [
              132.676201767,
              35.358770319
            ],
            [
              132.676455576,
              35.358813883
            ],
            [
              132.676492297,
              35.358682652
            ]
          ]
        ]
      },
      "properties": {
        "polygon_uuid": "a211f31d-4905-47be-b7a2-87875af85449",
        "daicho_shubetsu_cd": "FUD25"
      }
    },
    {
      "type": "Feature",
      "geometry": {
        "type": "Polygon",
        "coordinates": [
          [
            [
              132.6889284,
              35.360166693
            ],
            [
              132.68882306,
              35.36046601
            ],
            [
              132.688920086,
              35.360471567
            ],
            [
              132.689115868,
              35.360482781
            ],
            [
              132.689132977,
              35.360173699
            ],
            [
              132.689011695,
              35.360169546
            ],
            [
              132.6889284,
              35.360166693
            ]
          ]
        ]
      },
      "properties": {
        "polygon_uuid": "60b8b38d-e763-4079-83e6-87b8506706c5",
        "daicho_shubetsu_cd": "FUD25"
      }
    },
    {
      "type": "Feature",
      "geometry": {
        "type": "Polygon",
        "coordinates": [
          [
            [
              132.689759351,
              35.360508418
            ],
            [
              132.689780207,
              35.360195861
            ],
            [
              132.689445836,
              35.360184413
            ],
            [
              132.689428889,
              35.360417298
            ],
            [
              132.689521066,
              35.360421801
            ],
            [
              132.689534327,
              35.360428634
            ],
            [
              132.689534807,
              35.360500176
            ],
            [
              132.689759351,
              35.360508418
            ]
          ]
        ]
      },
      "properties": {
        "polygon_uuid": "01a37523-e16a-43f1-916f-88a90bdeec62",
        "daicho_shubetsu_cd": "FUD25"
      }
    },
    {
      "type": "Feature",
      "geometry": {
        "type": "Polygon",
        "coordinates": [
          [
            [
              132.685355755,
              35.365940758
            ],
            [
              132.685195152,
              35.365883846
            ],
            [
              132.685093485,
              35.365849344
            ],
            [
              132.68508019,
              35.365933442
            ],
            [
              132.685105684,
              35.365954107
            ],
            [
              132.685153056,
              35.365970901
            ],
            [
              132.685325089,
              35.366012655
            ],
            [
              132.685355755,
              35.365940758
            ]
          ]
        ]
      },
      "properties": {
        "polygon_uuid": "151f6807-9ada-4c59-9b00-8a2e4691b429",
        "daicho_shubetsu_cd": "FUD25"
      }
    },
    {
      "type": "Feature",
      "geometry": {
        "type": "Polygon",
        "coordinates": [
          [
            [
              132.676423608,
              35.358834993
            ],
            [
              132.676370071,
              35.359168919
            ],
            [
              132.676507315,
              35.359181578
            ],
            [
              132.676557054,
              35.358860006
            ],
            [
              132.676423608,
              35.358834993
            ]
          ]
        ]
      },
      "properties": {
        "polygon_uuid": "f1af2009-30f5-4727-aa1f-8a83bf94c0e1",
        "daicho_shubetsu_cd": "FUD25"
      }
    },
    {
      "type": "Feature",
      "geometry": {
        "type": "Polygon",
        "coordinates": [
          [
            [
              132.678230772,
              35.360991586
            ],
            [
              132.678347905,
              35.360928488
            ],
            [
              132.67814651,
              35.360302322
            ],
            [
              132.678094792,
              35.360309236
            ],
            [
              132.67804052,
              35.360342941
            ],
            [
              132.678028556,
              35.360389856
            ],
            [
              132.67807555,
              35.360529695
            ],
            [
              132.678125291,
              35.360677708
            ],
            [
              132.678230772,
              35.360991586
            ]
          ]
        ]
      },
      "properties": {
        "polygon_uuid": "92f2bb21-9a91-4139-8b1f-8ab4b1ddce66",
        "daicho_shubetsu_cd": "FUD25"
      }
    },
    {
      "type": "Feature",
      "geometry": {
        "type": "Polygon",
        "coordinates": [
          [
            [
              132.676836412,
              35.363462108
            ],
            [
              132.677015044,
              35.363493313
            ],
            [
              132.677117388,
              35.363088786
            ],
            [
              132.676839105,
              35.362990227
            ],
            [
              132.676832593,
              35.363148981
            ],
            [
              132.676837517,
              35.363215404
            ],
            [
              132.676826375,
              35.36335449
            ],
            [
              132.676836412,
              35.363462108
            ]
          ]
        ]
      },
      "properties": {
        "polygon_uuid": "080fe3e3-ac68-406d-ab25-8c6d084e1533",
        "daicho_shubetsu_cd": "FUD25"
      }
    },
    {
      "type": "Feature",
      "geometry": {
        "type": "Polygon",
        "coordinates": [
          [
            [
              132.679611449,
              35.363760554
            ],
            [
              132.679385171,
              35.363669169
            ],
            [
              132.67930394,
              35.363820935
            ],
            [
              132.679726014,
              35.364011854
            ],
            [
              132.67979378,
              35.363872108
            ],
            [
              132.679801434,
              35.363846353
            ],
            [
              132.679611449,
              35.363760554
            ]
          ]
        ]
      },
      "properties": {
        "polygon_uuid": "f4acf412-9df7-47ae-99a6-8f8e3cc81678",
        "daicho_shubetsu_cd": "FUD25"
      }
    },
    {
      "type": "Feature",
      "geometry": {
        "type": "Polygon",
        "coordinates": [
          [
            [
              132.687898137,
              35.365123201
            ],
            [
              132.687769647,
              35.365123201
            ],
            [
              132.687788683,
              35.365323076
            ],
            [
              132.68741023,
              35.365355749
            ],
            [
              132.687377153,
              35.365560866
            ],
            [
              132.687581158,
              35.365557465
            ],
            [
              132.687600767,
              35.365557139
            ],
            [
              132.687931316,
              35.365530173
            ],
            [
              132.687898137,
              35.365123201
            ]
          ]
        ]
      },
      "properties": {
        "polygon_uuid": "47bbaf4a-dfa4-4591-88b7-90b69b236a94",
        "daicho_shubetsu_cd": "FUD25"
      }
    },
    {
      "type": "Feature",
      "geometry": {
        "type": "Polygon",
        "coordinates": [
          [
            [
              132.679058914,
              35.36546358
            ],
            [
              132.679017657,
              35.365438106
            ],
            [
              132.678432041,
              35.3652442
            ],
            [
              132.677905134,
              35.365071243
            ],
            [
              132.677876676,
              35.365094796
            ],
            [
              132.677876179,
              35.365232046
            ],
            [
              132.67787737,
              35.365637091
            ],
            [
              132.678329966,
              35.365720075
            ],
            [
              132.678486166,
              35.365754159
            ],
            [
              132.678911587,
              35.365846985
            ],
            [
              132.679058914,
              35.36546358
            ]
          ]
        ]
      },
      "properties": {
        "polygon_uuid": "3f07c616-3b6b-4b39-b1fd-930d75e439fb",
        "daicho_shubetsu_cd": "FUD25"
      }
    },
    {
      "type": "Feature",
      "geometry": {
        "type": "Polygon",
        "coordinates": [
          [
            [
              132.686024159,
              35.367060431
            ],
            [
              132.686067471,
              35.367148529
            ],
            [
              132.686191495,
              35.367390908
            ],
            [
              132.68651823,
              35.367363733
            ],
            [
              132.686585686,
              35.367358122
            ],
            [
              132.686584561,
              35.367264546
            ],
            [
              132.686633548,
              35.367264335
            ],
            [
              132.686606643,
              35.367094034
            ],
            [
              132.686695821,
              35.367086127
            ],
            [
              132.686568407,
              35.366878118
            ],
            [
              132.68650296,
              35.366900614
            ],
            [
              132.686330207,
              35.366959997
            ],
            [
              132.686024159,
              35.367060431
            ]
          ]
        ]
      },
      "properties": {
        "polygon_uuid": "9cbb4044-2ca6-4cb0-988b-93c7c585e897",
        "daicho_shubetsu_cd": "FUD25"
      }
    },
    {
      "type": "Feature",
      "geometry": {
        "type": "Polygon",
        "coordinates": [
          [
            [
              132.685357588,
              35.36711631
            ],
            [
              132.685293055,
              35.366987121
            ],
            [
              132.685255457,
              35.366999634
            ],
            [
              132.685191929,
              35.367020778
            ],
            [
              132.685152401,
              35.366953942
            ],
            [
              132.685145391,
              35.366942088
            ],
            [
              132.685124718,
              35.366907134
            ],
            [
              132.685114272,
              35.366893406
            ],
            [
              132.685057004,
              35.366818143
            ],
            [
              132.684725603,
              35.366939621
            ],
            [
              132.68478543,
              35.367063854
            ],
            [
              132.684886202,
              35.367273108
            ],
            [
              132.685357588,
              35.36711631
            ]
          ]
        ]
      },
      "properties": {
        "polygon_uuid": "76fa8c8b-c0cf-4a5b-9c16-9416b489c55f",
        "daicho_shubetsu_cd": "FUD25"
      }
    },
    {
      "type": "Feature",
      "geometry": {
        "type": "Polygon",
        "coordinates": [
          [
            [
              132.681098891,
              35.361130117
            ],
            [
              132.681184185,
              35.360704817
            ],
            [
              132.681196277,
              35.360644521
            ],
            [
              132.681170856,
              35.360637726
            ],
            [
              132.681091029,
              35.36061547
            ],
            [
              132.680956747,
              35.361188467
            ],
            [
              132.680918589,
              35.361212481
            ],
            [
              132.681094835,
              35.361215496
            ],
            [
              132.681098891,
              35.361130117
            ]
          ]
        ]
      },
      "properties": {
        "polygon_uuid": "5905f13b-ed3a-46ac-bf1c-945aa2e9554f",
        "daicho_shubetsu_cd": "FUD25"
      }
    },
    {
      "type": "Feature",
      "geometry": {
        "type": "Polygon",
        "coordinates": [
          [
            [
              132.686332436,
              35.364969262
            ],
            [
              132.686013299,
              35.364952929
            ],
            [
              132.685979963,
              35.365012562
            ],
            [
              132.686007249,
              35.365088223
            ],
            [
              132.686028952,
              35.365160084
            ],
            [
              132.686038952,
              35.365236529
            ],
            [
              132.686176454,
              35.365241604
            ],
            [
              132.686184112,
              35.365087463
            ],
            [
              132.686269839,
              35.365087095
            ],
            [
              132.686269587,
              35.365047777
            ],
            [
              132.686327666,
              35.365049066
            ],
            [
              132.686332436,
              35.364969262
            ]
          ]
        ]
      },
      "properties": {
        "polygon_uuid": "80cffdf1-9542-496e-ada4-94c3e3e633e5",
        "daicho_shubetsu_cd": "FUD25"
      }
    },
    {
      "type": "Feature",
      "geometry": {
        "type": "Polygon",
        "coordinates": [
          [
            [
              132.677333304,
              35.364175975
            ],
            [
              132.677344473,
              35.363947829
            ],
            [
              132.676826748,
              35.363919614
            ],
            [
              132.676829691,
              35.364151585
            ],
            [
              132.676949232,
              35.364157774
            ],
            [
              132.677005494,
              35.364160686
            ],
            [
              132.677022701,
              35.364161489
            ],
            [
              132.677261431,
              35.364172623
            ],
            [
              132.677333304,
              35.364175975
            ]
          ]
        ]
      },
      "properties": {
        "polygon_uuid": "b40e6eed-5eb6-42ec-aef8-94ef0d793f22",
        "daicho_shubetsu_cd": "FUD25"
      }
    },
    {
      "type": "Feature",
      "geometry": {
        "type": "Polygon",
        "coordinates": [
          [
            [
              132.687527636,
              35.366605426
            ],
            [
              132.687572227,
              35.366286484
            ],
            [
              132.687427243,
              35.366278629
            ],
            [
              132.687361414,
              35.366571204
            ],
            [
              132.687527636,
              35.366605426
            ]
          ]
        ]
      },
      "properties": {
        "polygon_uuid": "6e76536f-afd7-4a7b-a2e6-9622973d937a",
        "daicho_shubetsu_cd": "FUD25"
      }
    },
    {
      "type": "Feature",
      "geometry": {
        "type": "Polygon",
        "coordinates": [
          [
            [
              132.679519389,
              35.36211378
            ],
            [
              132.679583123,
              35.361544639
            ],
            [
              132.679347456,
              35.361538404
            ],
            [
              132.679273946,
              35.362096415
            ],
            [
              132.679519389,
              35.36211378
            ]
          ]
        ]
      },
      "properties": {
        "polygon_uuid": "18ac6923-08d9-48a0-a841-9622fdc14e3c",
        "daicho_shubetsu_cd": "FUD25"
      }
    },
    {
      "type": "Feature",
      "geometry": {
        "type": "Polygon",
        "coordinates": [
          [
            [
              132.678627615,
              35.360462994
            ],
            [
              132.678546083,
              35.360481289
            ],
            [
              132.678558014,
              35.360556367
            ],
            [
              132.678395023,
              35.360584893
            ],
            [
              132.678482723,
              35.36085816
            ],
            [
              132.678678423,
              35.360771827
            ],
            [
              132.678880998,
              35.360710714
            ],
            [
              132.678892332,
              35.360403593
            ],
            [
              132.6788596,
              35.360410937
            ],
            [
              132.678627615,
              35.360462994
            ]
          ]
        ]
      },
      "properties": {
        "polygon_uuid": "766631b4-99c9-4afb-b36b-96d52cefbed5",
        "daicho_shubetsu_cd": "FUD25"
      }
    },
    {
      "type": "Feature",
      "geometry": {
        "type": "Polygon",
        "coordinates": [
          [
            [
              132.686480632,
              35.365407284
            ],
            [
              132.686450351,
              35.365410547
            ],
            [
              132.68641908,
              35.36552258
            ],
            [
              132.686395727,
              35.365521263
            ],
            [
              132.686381393,
              35.365577982
            ],
            [
              132.686570123,
              35.36561683
            ],
            [
              132.686626907,
              35.36543215
            ],
            [
              132.686480632,
              35.365407284
            ]
          ]
        ]
      },
      "properties": {
        "polygon_uuid": "be1d71a4-e135-4b4f-9f95-971a3a294e91",
        "daicho_shubetsu_cd": "FUD25"
      }
    },
    {
      "type": "Feature",
      "geometry": {
        "type": "Polygon",
        "coordinates": [
          [
            [
              132.686024159,
              35.367060431
            ],
            [
              132.686330207,
              35.366959997
            ],
            [
              132.68650296,
              35.366900614
            ],
            [
              132.686568407,
              35.366878118
            ],
            [
              132.686576995,
              35.366875241
            ],
            [
              132.686571572,
              35.366848036
            ],
            [
              132.686597754,
              35.366838607
            ],
            [
              132.686582304,
              35.36681025
            ],
            [
              132.686628574,
              35.36679572
            ],
            [
              132.68661433,
              35.366757088
            ],
            [
              132.686582761,
              35.366745042
            ],
            [
              132.686442104,
              35.366792586
            ],
            [
              132.686288595,
              35.366844475
            ],
            [
              132.68627085,
              35.366850628
            ],
            [
              132.685993571,
              35.366946777
            ],
            [
              132.685979653,
              35.366959019
            ],
            [
              132.685984155,
              35.366979063
            ],
            [
              132.686024159,
              35.367060431
            ]
          ]
        ]
      },
      "properties": {
        "polygon_uuid": "5a4c0bee-61b4-4938-b04e-97e7a0194add",
        "daicho_shubetsu_cd": "FUD25"
      }
    },
    {
      "type": "Feature",
      "geometry": {
        "type": "Polygon",
        "coordinates": [
          [
            [
              132.675759442,
              35.358479885
            ],
            [
              132.675523405,
              35.358449718
            ],
            [
              132.675409519,
              35.358432721
            ],
            [
              132.675323152,
              35.35845842
            ],
            [
              132.67532565,
              35.358478799
            ],
            [
              132.675330774,
              35.358539946
            ],
            [
              132.675318908,
              35.358636363
            ],
            [
              132.675467928,
              35.358655618
            ],
            [
              132.675492692,
              35.358658818
            ],
            [
              132.675588303,
              35.358671172
            ],
            [
              132.675563958,
              35.35881482
            ],
            [
              132.675693191,
              35.358822043
            ],
            [
              132.675727245,
              35.358689125
            ],
            [
              132.675759442,
              35.358479885
            ]
          ]
        ]
      },
      "properties": {
        "polygon_uuid": "223b6b64-ac05-4675-8ea4-99e3b8b830a7",
        "daicho_shubetsu_cd": "FUD25"
      }
    },
    {
      "type": "Feature",
      "geometry": {
        "type": "Polygon",
        "coordinates": [
          [
            [
              132.687159035,
              35.362971211
            ],
            [
              132.687176465,
              35.362848981
            ],
            [
              132.68719703,
              35.362802883
            ],
            [
              132.686737171,
              35.362681634
            ],
            [
              132.686739154,
              35.362721286
            ],
            [
              132.686611631,
              35.363058236
            ],
            [
              132.686919925,
              35.363141284
            ],
            [
              132.68710367,
              35.363077815
            ],
            [
              132.687159035,
              35.362971211
            ]
          ]
        ]
      },
      "properties": {
        "polygon_uuid": "2cae9eb0-1506-4454-980e-9b881e19ac93",
        "daicho_shubetsu_cd": "FUD25"
      }
    },
    {
      "type": "Feature",
      "geometry": {
        "type": "Polygon",
        "coordinates": [
          [
            [
              132.687832084,
              35.361419213
            ],
            [
              132.687623117,
              35.36197299
            ],
            [
              132.687881022,
              35.362038873
            ],
            [
              132.688111041,
              35.362097631
            ],
            [
              132.688327896,
              35.361551316
            ],
            [
              132.687832084,
              35.361419213
            ]
          ]
        ]
      },
      "properties": {
        "polygon_uuid": "f1c86016-f75f-4c63-a817-9cab042e25e8",
        "daicho_shubetsu_cd": "FUD25"
      }
    },
    {
      "type": "Feature",
      "geometry": {
        "type": "Polygon",
        "coordinates": [
          [
            [
              132.677015044,
              35.363493313
            ],
            [
              132.677347269,
              35.363551348
            ],
            [
              132.677432357,
              35.363202459
            ],
            [
              132.677316328,
              35.363159242
            ],
            [
              132.677117388,
              35.363088786
            ],
            [
              132.677015044,
              35.363493313
            ]
          ]
        ]
      },
      "properties": {
        "polygon_uuid": "83dc10c8-9567-4bbf-a372-9dc89b7223a3",
        "daicho_shubetsu_cd": "FUD25"
      }
    },
    {
      "type": "Feature",
      "geometry": {
        "type": "Polygon",
        "coordinates": [
          [
            [
              132.681588647,
              35.3600971
            ],
            [
              132.681539876,
              35.360237379
            ],
            [
              132.681530013,
              35.360291377
            ],
            [
              132.681491595,
              35.360462264
            ],
            [
              132.681533912,
              35.36047659
            ],
            [
              132.681559715,
              35.360464205
            ],
            [
              132.681618306,
              35.360467303
            ],
            [
              132.681666534,
              35.360339892
            ],
            [
              132.681763377,
              35.360360655
            ],
            [
              132.681761935,
              35.360241911
            ],
            [
              132.681852283,
              35.360145939
            ],
            [
              132.681588647,
              35.3600971
            ]
          ]
        ]
      },
      "properties": {
        "polygon_uuid": "c6b3c89c-ff23-4453-8960-a011292ee58a",
        "daicho_shubetsu_cd": "FUD25"
      }
    },
    {
      "type": "Feature",
      "geometry": {
        "type": "Polygon",
        "coordinates": [
          [
            [
              132.677426759,
              35.361173604
            ],
            [
              132.677439302,
              35.360995579
            ],
            [
              132.677255139,
              35.361043369
            ],
            [
              132.677143197,
              35.361059511
            ],
            [
              132.677054362,
              35.361056529
            ],
            [
              132.676961337,
              35.361039013
            ],
            [
              132.67687256,
              35.361044984
            ],
            [
              132.676857663,
              35.361066314
            ],
            [
              132.676925305,
              35.361175722
            ],
            [
              132.67698034,
              35.361235932
            ],
            [
              132.677043283,
              35.361250218
            ],
            [
              132.677179737,
              35.361220539
            ],
            [
              132.677305365,
              35.361207696
            ],
            [
              132.677426759,
              35.361173604
            ]
          ]
        ]
      },
      "properties": {
        "polygon_uuid": "9bb1c90f-da4d-483d-bbbf-a0d7e86b44ac",
        "daicho_shubetsu_cd": "FUD25"
      }
    },
    {
      "type": "Feature",
      "geometry": {
        "type": "Polygon",
        "coordinates": [
          [
            [
              132.684860918,
              35.367281181
            ],
            [
              132.684677683,
              35.366922282
            ],
            [
              132.684404351,
              35.367015972
            ],
            [
              132.68432723,
              35.367134068
            ],
            [
              132.684475975,
              35.367412886
            ],
            [
              132.684860918,
              35.367281181
            ]
          ]
        ]
      },
      "properties": {
        "polygon_uuid": "1744e96a-c551-40d5-8897-a177a4d265ac",
        "daicho_shubetsu_cd": "FUD25"
      }
    },
    {
      "type": "Feature",
      "geometry": {
        "type": "Polygon",
        "coordinates": [
          [
            [
              132.676096482,
              35.358483863
            ],
            [
              132.676058117,
              35.358478385
            ],
            [
              132.675784607,
              35.358463006
            ],
            [
              132.67576761,
              35.358613546
            ],
            [
              132.675933262,
              35.358627481
            ],
            [
              132.676084148,
              35.358640173
            ],
            [
              132.676096482,
              35.358483863
            ]
          ]
        ]
      },
      "properties": {
        "polygon_uuid": "e66d3a2d-cd28-43ca-b2ca-a1ba1762b695",
        "daicho_shubetsu_cd": "FUD25"
      }
    },
    {
      "type": "Feature",
      "geometry": {
        "type": "Polygon",
        "coordinates": [
          [
            [
              132.679021554,
              35.362658079
            ],
            [
              132.679019599,
              35.362564357
            ],
            [
              132.678736338,
              35.3625756
            ],
            [
              132.678780519,
              35.362669143
            ],
            [
              132.679021554,
              35.362658079
            ]
          ]
        ]
      },
      "properties": {
        "polygon_uuid": "e4b6c017-f2d5-41ba-811c-a23ddebd081b",
        "daicho_shubetsu_cd": "FUD25"
      }
    },
    {
      "type": "Feature",
      "geometry": {
        "type": "Polygon",
        "coordinates": [
          [
            [
              132.686910414,
              35.368031973
            ],
            [
              132.686784341,
              35.367824396
            ],
            [
              132.68666432,
              35.367860433
            ],
            [
              132.686396026,
              35.367919628
            ],
            [
              132.686186694,
              35.367965268
            ],
            [
              132.68628594,
              35.368232524
            ],
            [
              132.686531637,
              35.368159859
            ],
            [
              132.686680905,
              35.36811776
            ],
            [
              132.686910414,
              35.368031973
            ]
          ]
        ]
      },
      "properties": {
        "polygon_uuid": "edd2c579-62db-4abd-87d9-a47033577c08",
        "daicho_shubetsu_cd": "FUD25"
      }
    },
    {
      "type": "Feature",
      "geometry": {
        "type": "Polygon",
        "coordinates": [
          [
            [
              132.679404433,
              35.358677265
            ],
            [
              132.679672543,
              35.358667883
            ],
            [
              132.679668595,
              35.358538414
            ],
            [
              132.679650374,
              35.358397742
            ],
            [
              132.679633382,
              35.358379378
            ],
            [
              132.679460986,
              35.358387392
            ],
            [
              132.679311765,
              35.358405501
            ],
            [
              132.679313486,
              35.358677838
            ],
            [
              132.679398791,
              35.358673107
            ],
            [
              132.679404433,
              35.358677265
            ]
          ]
        ]
      },
      "properties": {
        "polygon_uuid": "4db27425-5d4d-4b9b-9910-a50a82190a39",
        "daicho_shubetsu_cd": "FUD25"
      }
    },
    {
      "type": "Feature",
      "geometry": {
        "type": "Polygon",
        "coordinates": [
          [
            [
              132.689433843,
              35.359794381
            ],
            [
              132.689510867,
              35.359394646
            ],
            [
              132.68930346,
              35.359361629
            ],
            [
              132.689136384,
              35.359774923
            ],
            [
              132.689137579,
              35.359781528
            ],
            [
              132.689433843,
              35.359794381
            ]
          ]
        ]
      },
      "properties": {
        "polygon_uuid": "9f7cc467-627f-4356-b734-a5900e3657cf",
        "daicho_shubetsu_cd": "FUD25"
      }
    },
    {
      "type": "Feature",
      "geometry": {
        "type": "Polygon",
        "coordinates": [
          [
            [
              132.682716933,
              35.358254478
            ],
            [
              132.68299576,
              35.358234843
            ],
            [
              132.683024829,
              35.358117163
            ],
            [
              132.683005478,
              35.357939213
            ],
            [
              132.682681611,
              35.357965115
            ],
            [
              132.682716933,
              35.358254478
            ]
          ]
        ]
      },
      "properties": {
        "polygon_uuid": "dd961ba9-8a34-4f8a-ab71-a5c0111f36aa",
        "daicho_shubetsu_cd": "FUD25"
      }
    },
    {
      "type": "Feature",
      "geometry": {
        "type": "Polygon",
        "coordinates": [
          [
            [
              132.688541135,
              35.365060507
            ],
            [
              132.689226763,
              35.365025261
            ],
            [
              132.689222963,
              35.364703749
            ],
            [
              132.689091075,
              35.364630665
            ],
            [
              132.689026436,
              35.364322282
            ],
            [
              132.68901242,
              35.364294014
            ],
            [
              132.688995081,
              35.364286535
            ],
            [
              132.688492607,
              35.364336896
            ],
            [
              132.688528506,
              35.364886634
            ],
            [
              132.688541135,
              35.365060507
            ]
          ]
        ]
      },
      "properties": {
        "polygon_uuid": "31e10db1-2942-412a-8254-a61a180fd69e",
        "daicho_shubetsu_cd": "FUD25"
      }
    },
    {
      "type": "Feature",
      "geometry": {
        "type": "Polygon",
        "coordinates": [
          [
            [
              132.681616683,
              35.358617728
            ],
            [
              132.681587286,
              35.358519275
            ],
            [
              132.681468376,
              35.358502963
            ],
            [
              132.681442383,
              35.358508404
            ],
            [
              132.681439165,
              35.358411405
            ],
            [
              132.681371429,
              35.358401034
            ],
            [
              132.681157629,
              35.358378382
            ],
            [
              132.681195653,
              35.358530538
            ],
            [
              132.68120675,
              35.358616276
            ],
            [
              132.681217546,
              35.358676996
            ],
            [
              132.681251319,
              35.358667257
            ],
            [
              132.681282524,
              35.35866286
            ],
            [
              132.681616683,
              35.358617728
            ]
          ]
        ]
      },
      "properties": {
        "polygon_uuid": "d59640cd-85a7-403b-8530-a9a16b935ad8",
        "daicho_shubetsu_cd": "FUD25"
      }
    },
    {
      "type": "Feature",
      "geometry": {
        "type": "Polygon",
        "coordinates": [
          [
            [
              132.688505163,
              35.364296787
            ],
            [
              132.688997029,
              35.364239895
            ],
            [
              132.689011929,
              35.36422661
            ],
            [
              132.688973861,
              35.364043583
            ],
            [
              132.688957424,
              35.363966154
            ],
            [
              132.688476537,
              35.363990521
            ],
            [
              132.688505163,
              35.364296787
            ]
          ]
        ]
      },
      "properties": {
        "polygon_uuid": "9854d6fe-97b8-4773-93b0-a9df0802e91f",
        "daicho_shubetsu_cd": "FUD25"
      }
    },
    {
      "type": "Feature",
      "geometry": {
        "type": "Polygon",
        "coordinates": [
          [
            [
              132.686651759,
              35.36526278
            ],
            [
              132.686534966,
              35.365251242
            ],
            [
              132.686529199,
              35.365295885
            ],
            [
              132.686509082,
              35.365293755
            ],
            [
              132.686484211,
              35.365291121
            ],
            [
              132.686488238,
              35.36524507
            ],
            [
              132.686362003,
              35.365244196
            ],
            [
              132.686368754,
              35.365353232
            ],
            [
              132.686480632,
              35.365407284
            ],
            [
              132.686626907,
              35.36543215
            ],
            [
              132.686651759,
              35.36526278
            ]
          ]
        ]
      },
      "properties": {
        "polygon_uuid": "ea36e5e1-52aa-4425-a6ea-aa1a62bdf1b3",
        "daicho_shubetsu_cd": "FUD25"
      }
    },
    {
      "type": "Feature",
      "geometry": {
        "type": "Polygon",
        "coordinates": [
          [
            [
              132.67756232,
              35.366376763
            ],
            [
              132.677229975,
              35.366317876
            ],
            [
              132.677209418,
              35.366411282
            ],
            [
              132.677147705,
              35.366691676
            ],
            [
              132.677484884,
              35.366715287
            ],
            [
              132.67756232,
              35.366376763
            ]
          ]
        ]
      },
      "properties": {
        "polygon_uuid": "f9471c11-9fb1-4355-8ee0-aac717d32d46",
        "daicho_shubetsu_cd": "FUD25"
      }
    },
    {
      "type": "Feature",
      "geometry": {
        "type": "Polygon",
        "coordinates": [
          [
            [
              132.690097174,
              35.360206713
            ],
            [
              132.689921545,
              35.3602007
            ],
            [
              132.689780207,
              35.360195861
            ],
            [
              132.689759351,
              35.360508418
            ],
            [
              132.690076987,
              35.360520076
            ],
            [
              132.690097174,
              35.360206713
            ]
          ]
        ]
      },
      "properties": {
        "polygon_uuid": "d66fecae-3bc5-497a-9f6c-ac42d6cd1d15",
        "daicho_shubetsu_cd": "FUD25"
      }
    },
    {
      "type": "Feature",
      "geometry": {
        "type": "Polygon",
        "coordinates": [
          [
            [
              132.681337087,
              35.358918974
            ],
            [
              132.681611482,
              35.358889021
            ],
            [
              132.681665141,
              35.358871245
            ],
            [
              132.681616683,
              35.358617728
            ],
            [
              132.681282524,
              35.35866286
            ],
            [
              132.681337087,
              35.358918974
            ]
          ]
        ]
      },
      "properties": {
        "polygon_uuid": "757ca18a-da4f-4a65-afd6-acdfe45a300e",
        "daicho_shubetsu_cd": "FUD25"
      }
    },
    {
      "type": "Feature",
      "geometry": {
        "type": "Polygon",
        "coordinates": [
          [
            [
              132.679730132,
              35.36252569
            ],
            [
              132.679051372,
              35.36257046
            ],
            [
              132.679049843,
              35.362665146
            ],
            [
              132.679321629,
              35.36264176
            ],
            [
              132.67949754,
              35.362626622
            ],
            [
              132.679737658,
              35.362605959
            ],
            [
              132.679730132,
              35.36252569
            ]
          ]
        ]
      },
      "properties": {
        "polygon_uuid": "73f89d00-89f3-4fac-a759-ad724e3c4ace",
        "daicho_shubetsu_cd": "FUD25"
      }
    },
    {
      "type": "Feature",
      "geometry": {
        "type": "Polygon",
        "coordinates": [
          [
            [
              132.690180041,
              35.359461899
            ],
            [
              132.689449399,
              35.359336366
            ],
            [
              132.689308846,
              35.359348306
            ],
            [
              132.68930346,
              35.359361629
            ],
            [
              132.689510867,
              35.359394646
            ],
            [
              132.689433843,
              35.359794381
            ],
            [
              132.690103898,
              35.359804542
            ],
            [
              132.690180041,
              35.359461899
            ]
          ]
        ]
      },
      "properties": {
        "polygon_uuid": "1c7aaac4-65f1-4884-8169-b39982f9fd0e",
        "daicho_shubetsu_cd": "FUD25"
      }
    },
    {
      "type": "Feature",
      "geometry": {
        "type": "Polygon",
        "coordinates": [
          [
            [
              132.677117388,
              35.363088786
            ],
            [
              132.677316328,
              35.363159242
            ],
            [
              132.677432357,
              35.363202459
            ],
            [
              132.677703332,
              35.363296499
            ],
            [
              132.67776655,
              35.363317149
            ],
            [
              132.677756767,
              35.363078597
            ],
            [
              132.676839081,
              35.362721143
            ],
            [
              132.676839105,
              35.362990227
            ],
            [
              132.677117388,
              35.363088786
            ]
          ]
        ]
      },
      "properties": {
        "polygon_uuid": "9a8e5de1-8396-4e56-85cb-b49cc9dc8468",
        "daicho_shubetsu_cd": "FUD25"
      }
    },
    {
      "type": "Feature",
      "geometry": {
        "type": "Polygon",
        "coordinates": [
          [
            [
              132.682278539,
              35.360104811
            ],
            [
              132.682283206,
              35.36022151
            ],
            [
              132.682285738,
              35.360284818
            ],
            [
              132.682613544,
              35.360264657
            ],
            [
              132.682617778,
              35.360247905
            ],
            [
              132.682655101,
              35.36007867
            ],
            [
              132.682278539,
              35.360104811
            ]
          ]
        ]
      },
      "properties": {
        "polygon_uuid": "eeae85bd-6081-457c-918f-b4f37f13d581",
        "daicho_shubetsu_cd": "FUD25"
      }
    },
    {
      "type": "Feature",
      "geometry": {
        "type": "Polygon",
        "coordinates": [
          [
            [
              132.67777911,
              35.359748699
            ],
            [
              132.67758993,
              35.359742768
            ],
            [
              132.677577697,
              35.359829715
            ],
            [
              132.677268439,
              35.359833117
            ],
            [
              132.677272754,
              35.359909525
            ],
            [
              132.67738525,
              35.359914284
            ],
            [
              132.677422292,
              35.359910986
            ],
            [
              132.677468292,
              35.359909745
            ],
            [
              132.67751175,
              35.359910609
            ],
            [
              132.677560287,
              35.359906215
            ],
            [
              132.67759482,
              35.359910258
            ],
            [
              132.677596485,
              35.359949207
            ],
            [
              132.677732716,
              35.359951977
            ],
            [
              132.67777911,
              35.359748699
            ]
          ]
        ]
      },
      "properties": {
        "polygon_uuid": "344267f7-03da-4e31-aad2-b54b5674e1c8",
        "daicho_shubetsu_cd": "FUD25"
      }
    },
    {
      "type": "Feature",
      "geometry": {
        "type": "Polygon",
        "coordinates": [
          [
            [
              132.687013782,
              35.367613453
            ],
            [
              132.687013362,
              35.367480797
            ],
            [
              132.686782081,
              35.367476314
            ],
            [
              132.68676851,
              35.367714451
            ],
            [
              132.686801363,
              35.367735953
            ],
            [
              132.687013782,
              35.367613453
            ]
          ]
        ]
      },
      "properties": {
        "polygon_uuid": "6fdaf946-803e-44eb-ad2f-b5699e40c5f1",
        "daicho_shubetsu_cd": "FUD25"
      }
    },
    {
      "type": "Feature",
      "geometry": {
        "type": "Polygon",
        "coordinates": [
          [
            [
              132.679031858,
              35.359187974
            ],
            [
              132.678944537,
              35.359164911
            ],
            [
              132.678797369,
              35.359155493
            ],
            [
              132.678682997,
              35.359162672
            ],
            [
              132.678629974,
              35.359178518
            ],
            [
              132.678609642,
              35.359194227
            ],
            [
              132.6786166,
              35.35921763
            ],
            [
              132.678697428,
              35.359290933
            ],
            [
              132.678743647,
              35.35927623
            ],
            [
              132.678904401,
              35.359280013
            ],
            [
              132.678932744,
              35.359238606
            ],
            [
              132.679028153,
              35.359248245
            ],
            [
              132.679031858,
              35.359187974
            ]
          ]
        ]
      },
      "properties": {
        "polygon_uuid": "a87f678e-5b83-448e-afb9-b58bb26f5e9a",
        "daicho_shubetsu_cd": "FUD25"
      }
    },
    {
      "type": "Feature",
      "geometry": {
        "type": "Polygon",
        "coordinates": [
          [
            [
              132.67853601,
              35.3631803
            ],
            [
              132.678368801,
              35.36310472
            ],
            [
              132.678225719,
              35.363019697
            ],
            [
              132.678059817,
              35.363292768
            ],
            [
              132.678380014,
              35.363425517
            ],
            [
              132.67853601,
              35.3631803
            ]
          ]
        ]
      },
      "properties": {
        "polygon_uuid": "a86b047f-9322-4c5d-8fa9-b6aea7d97372",
        "daicho_shubetsu_cd": "FUD25"
      }
    },
    {
      "type": "Feature",
      "geometry": {
        "type": "Polygon",
        "coordinates": [
          [
            [
              132.679069692,
              35.365178103
            ],
            [
              132.678747825,
              35.365050319
            ],
            [
              132.678673976,
              35.365215487
            ],
            [
              132.678993423,
              35.36532423
            ],
            [
              132.679049502,
              35.365343176
            ],
            [
              132.679191904,
              35.365391286
            ],
            [
              132.679257384,
              35.365262315
            ],
            [
              132.679156262,
              35.365212159
            ],
            [
              132.679126679,
              35.365201067
            ],
            [
              132.679098831,
              35.365190625
            ],
            [
              132.679069692,
              35.365178103
            ]
          ]
        ]
      },
      "properties": {
        "polygon_uuid": "3bdfaae8-b296-41af-a709-b75987e370c0",
        "daicho_shubetsu_cd": "FUD25"
      }
    },
    {
      "type": "Feature",
      "geometry": {
        "type": "Polygon",
        "coordinates": [
          [
            [
              132.687436576,
              35.364703702
            ],
            [
              132.687321567,
              35.364706082
            ],
            [
              132.687289397,
              35.364711874
            ],
            [
              132.687313176,
              35.364832374
            ],
            [
              132.687468793,
              35.364833739
            ],
            [
              132.687768719,
              35.364828178
            ],
            [
              132.687763261,
              35.364706063
            ],
            [
              132.687645939,
              35.364706568
            ],
            [
              132.687436576,
              35.364703702
            ]
          ]
        ]
      },
      "properties": {
        "polygon_uuid": "2c40374a-3045-486e-b6e3-b78d89846450",
        "daicho_shubetsu_cd": "FUD25"
      }
    },
    {
      "type": "Feature",
      "geometry": {
        "type": "Polygon",
        "coordinates": [
          [
            [
              132.67936989,
              35.360325876
            ],
            [
              132.679372436,
              35.360297598
            ],
            [
              132.679349555,
              35.360269426
            ],
            [
              132.679227974,
              35.360141992
            ],
            [
              132.679060455,
              35.359929949
            ],
            [
              132.678703737,
              35.359955266
            ],
            [
              132.678533087,
              35.359966403
            ],
            [
              132.678487782,
              35.359982217
            ],
            [
              132.678444256,
              35.359992072
            ],
            [
              132.67840712,
              35.360007107
            ],
            [
              132.678400019,
              35.360033174
            ],
            [
              132.678406568,
              35.360063645
            ],
            [
              132.678408897,
              35.360071895
            ],
            [
              132.67841307,
              35.360086679
            ],
            [
              132.678434938,
              35.360098488
            ],
            [
              132.678474917,
              35.360102038
            ],
            [
              132.67851761,
              35.360104089
            ],
            [
              132.678543576,
              35.360123544
            ],
            [
              132.678561627,
              35.360249929
            ],
            [
              132.678617922,
              35.360248947
            ],
            [
              132.678625165,
              35.360277871
            ],
            [
              132.678602172,
              35.360303633
            ],
            [
              132.678547927,
              35.360341801
            ],
            [
              132.678545414,
              35.360375286
            ],
            [
              132.678536635,
              35.3604032
            ],
            [
              132.678532061,
              35.360417745
            ],
            [
              132.678546083,
              35.360481289
            ],
            [
              132.678627615,
              35.360462994
            ],
            [
              132.6788596,
              35.360410937
            ],
            [
              132.678892332,
              35.360403593
            ],
            [
              132.678902749,
              35.360327672
            ],
            [
              132.679099583,
              35.360325454
            ],
            [
              132.679093683,
              35.360254065
            ],
            [
              132.679175388,
              35.360250372
            ],
            [
              132.679181372,
              35.36033515
            ],
            [
              132.67936989,
              35.360325876
            ]
          ]
        ]
      },
      "properties": {
        "polygon_uuid": "30f16fc9-3497-4e6f-972c-b7957a81b5c4",
        "daicho_shubetsu_cd": "FUD25"
      }
    },
    {
      "type": "Feature",
      "geometry": {
        "type": "Polygon",
        "coordinates": [
          [
            [
              132.686553965,
              35.366705401
            ],
            [
              132.686563646,
              35.366683319
            ],
            [
              132.686392046,
              35.366391659
            ],
            [
              132.686366812,
              35.366377231
            ],
            [
              132.68628693,
              35.366373941
            ],
            [
              132.686193691,
              35.366363439
            ],
            [
              132.686121017,
              35.366331043
            ],
            [
              132.686135118,
              35.366454546
            ],
            [
              132.685829665,
              35.366561252
            ],
            [
              132.685832083,
              35.366679431
            ],
            [
              132.685935887,
              35.366876849
            ],
            [
              132.685966646,
              35.366907406
            ],
            [
              132.686284412,
              35.366798628
            ],
            [
              132.686553965,
              35.366705401
            ]
          ]
        ]
      },
      "properties": {
        "polygon_uuid": "66e66ba0-24cd-423e-9f82-b8c263b81476",
        "daicho_shubetsu_cd": "FUD25"
      }
    },
    {
      "type": "Feature",
      "geometry": {
        "type": "Polygon",
        "coordinates": [
          [
            [
              132.686191495,
              35.367390908
            ],
            [
              132.686328095,
              35.367642017
            ],
            [
              132.686516871,
              35.367618526
            ],
            [
              132.68652808,
              35.367617131
            ],
            [
              132.68651823,
              35.367363733
            ],
            [
              132.686191495,
              35.367390908
            ]
          ]
        ]
      },
      "properties": {
        "polygon_uuid": "c324fcdd-2465-4ae8-8cf1-b9dfab624d4f",
        "daicho_shubetsu_cd": "FUD25"
      }
    },
    {
      "type": "Feature",
      "geometry": {
        "type": "Polygon",
        "coordinates": [
          [
            [
              132.678889011,
              35.366719252
            ],
            [
              132.678601549,
              35.366544074
            ],
            [
              132.678531102,
              35.366595571
            ],
            [
              132.678352658,
              35.366726014
            ],
            [
              132.678721349,
              35.366919091
            ],
            [
              132.678875412,
              35.366735512
            ],
            [
              132.678889011,
              35.366719252
            ]
          ]
        ]
      },
      "properties": {
        "polygon_uuid": "833318c4-ea0b-40b2-8eac-ba6d2ea08b6c",
        "daicho_shubetsu_cd": "FUD25"
      }
    },
    {
      "type": "Feature",
      "geometry": {
        "type": "Polygon",
        "coordinates": [
          [
            [
              132.679735535,
              35.362916172
            ],
            [
              132.679663844,
              35.362912766
            ],
            [
              132.67966146,
              35.363035786
            ],
            [
              132.679638917,
              35.363348317
            ],
            [
              132.679778998,
              35.363356372
            ],
            [
              132.679762417,
              35.36349768
            ],
            [
              132.679861563,
              35.363536695
            ],
            [
              132.679903473,
              35.363401119
            ],
            [
              132.679917433,
              35.363311049
            ],
            [
              132.679892599,
              35.363261313
            ],
            [
              132.679881419,
              35.363216728
            ],
            [
              132.679885691,
              35.363174308
            ],
            [
              132.679899973,
              35.363151272
            ],
            [
              132.679916409,
              35.362965827
            ],
            [
              132.679936848,
              35.362966856
            ],
            [
              132.679938238,
              35.362924573
            ],
            [
              132.679735535,
              35.362916172
            ]
          ]
        ]
      },
      "properties": {
        "polygon_uuid": "53f8578d-db42-4fbd-a66c-bb36a5d3cb8b",
        "daicho_shubetsu_cd": "FUD25"
      }
    },
    {
      "type": "Feature",
      "geometry": {
        "type": "Polygon",
        "coordinates": [
          [
            [
              132.680887054,
              35.362278551
            ],
            [
              132.681040276,
              35.362206116
            ],
            [
              132.681070024,
              35.362171399
            ],
            [
              132.681072508,
              35.36213345
            ],
            [
              132.680995288,
              35.361985372
            ],
            [
              132.680890651,
              35.362024872
            ],
            [
              132.68083433,
              35.36195035
            ],
            [
              132.680712905,
              35.362024881
            ],
            [
              132.680887054,
              35.362278551
            ]
          ]
        ]
      },
      "properties": {
        "polygon_uuid": "b295f711-0220-43b6-aff1-bc51ba3e5bf9",
        "daicho_shubetsu_cd": "FUD25"
      }
    },
    {
      "type": "Feature",
      "geometry": {
        "type": "Polygon",
        "coordinates": [
          [
            [
              132.689317397,
              35.359130597
            ],
            [
              132.689492847,
              35.358787771
            ],
            [
              132.689640177,
              35.358508806
            ],
            [
              132.689652926,
              35.358474756
            ],
            [
              132.689643568,
              35.358431241
            ],
            [
              132.689617414,
              35.35839736
            ],
            [
              132.689535501,
              35.358363721
            ],
            [
              132.689262543,
              35.358265043
            ],
            [
              132.689167628,
              35.358464858
            ],
            [
              132.689083154,
              35.358647264
            ],
            [
              132.689061706,
              35.358692963
            ],
            [
              132.68903445,
              35.358754735
            ],
            [
              132.688960734,
              35.3589218
            ],
            [
              132.688906962,
              35.359029326
            ],
            [
              132.688964189,
              35.359055637
            ],
            [
              132.689317397,
              35.359130597
            ]
          ]
        ]
      },
      "properties": {
        "polygon_uuid": "8521cd44-f1c9-42d8-b900-bd0d6c24fd74",
        "daicho_shubetsu_cd": "FUD25"
      }
    },
    {
      "type": "Feature",
      "geometry": {
        "type": "Polygon",
        "coordinates": [
          [
            [
              132.677333304,
              35.364175975
            ],
            [
              132.677261431,
              35.364172623
            ],
            [
              132.677260257,
              35.36430075
            ],
            [
              132.677165627,
              35.364301149
            ],
            [
              132.677166972,
              35.364602909
            ],
            [
              132.677374889,
              35.364614027
            ],
            [
              132.677516114,
              35.364618352
            ],
            [
              132.677514508,
              35.364185007
            ],
            [
              132.677333304,
              35.364175975
            ]
          ]
        ]
      },
      "properties": {
        "polygon_uuid": "50e24857-c5ba-404c-9957-bde4b8416d26",
        "daicho_shubetsu_cd": "FUD25"
      }
    },
    {
      "type": "Feature",
      "geometry": {
        "type": "Polygon",
        "coordinates": [
          [
            [
              132.685906121,
              35.367949352
            ],
            [
              132.686144713,
              35.367902505
            ],
            [
              132.685872877,
              35.367370136
            ],
            [
              132.685701549,
              35.367428553
            ],
            [
              132.685650493,
              35.367445962
            ],
            [
              132.685906121,
              35.367949352
            ]
          ]
        ]
      },
      "properties": {
        "polygon_uuid": "2fc5bc67-913a-42d3-9e90-bea170e8083d",
        "daicho_shubetsu_cd": "FUD25"
      }
    },
    {
      "type": "Feature",
      "geometry": {
        "type": "Polygon",
        "coordinates": [
          [
            [
              132.688848658,
              35.363511042
            ],
            [
              132.688710322,
              35.363048868
            ],
            [
              132.688527833,
              35.363044472
            ],
            [
              132.688241851,
              35.363067888
            ],
            [
              132.688440884,
              35.363558128
            ],
            [
              132.688697827,
              35.363539077
            ],
            [
              132.688848658,
              35.363511042
            ]
          ]
        ]
      },
      "properties": {
        "polygon_uuid": "ec0d9a1d-5c31-45c3-bbc0-bf81d89c626b",
        "daicho_shubetsu_cd": "FUD25"
      }
    },
    {
      "type": "Feature",
      "geometry": {
        "type": "Polygon",
        "coordinates": [
          [
            [
              132.690097174,
              35.360206713
            ],
            [
              132.690124671,
              35.359861235
            ],
            [
              132.689931745,
              35.359853216
            ],
            [
              132.689921545,
              35.3602007
            ],
            [
              132.690097174,
              35.360206713
            ]
          ]
        ]
      },
      "properties": {
        "polygon_uuid": "d3aaf562-9a3b-4fc5-93cb-bfffb449f11b",
        "daicho_shubetsu_cd": "FUD25"
      }
    },
    {
      "type": "Feature",
      "geometry": {
        "type": "Polygon",
        "coordinates": [
          [
            [
              132.679062819,
              35.361892907
            ],
            [
              132.678826529,
              35.361874633
            ],
            [
              132.678657582,
              35.361870192
            ],
            [
              132.678658487,
              35.36223987
            ],
            [
              132.679053526,
              35.362241543
            ],
            [
              132.679062819,
              35.361892907
            ]
          ]
        ]
      },
      "properties": {
        "polygon_uuid": "36858b86-1928-4150-8f77-c052a753f1a4",
        "daicho_shubetsu_cd": "FUD25"
      }
    },
    {
      "type": "Feature",
      "geometry": {
        "type": "Polygon",
        "coordinates": [
          [
            [
              132.678546083,
              35.360481289
            ],
            [
              132.678532061,
              35.360417745
            ],
            [
              132.678536635,
              35.3604032
            ],
            [
              132.678346173,
              35.36043268
            ],
            [
              132.678395023,
              35.360584893
            ],
            [
              132.678558014,
              35.360556367
            ],
            [
              132.678546083,
              35.360481289
            ]
          ]
        ]
      },
      "properties": {
        "polygon_uuid": "8a65a640-a688-49cc-bad1-c0677a4d23b9",
        "daicho_shubetsu_cd": "FUD25"
      }
    },
    {
      "type": "Feature",
      "geometry": {
        "type": "Polygon",
        "coordinates": [
          [
            [
              132.687815102,
              35.363734699
            ],
            [
              132.687284613,
              35.363723176
            ],
            [
              132.687282189,
              35.363959278
            ],
            [
              132.687830315,
              35.363964622
            ],
            [
              132.687815102,
              35.363734699
            ]
          ]
        ]
      },
      "properties": {
        "polygon_uuid": "2ceb63fc-2b97-478e-9cd1-c4e47ad8cda5",
        "daicho_shubetsu_cd": "FUD25"
      }
    },
    {
      "type": "Feature",
      "geometry": {
        "type": "Polygon",
        "coordinates": [
          [
            [
              132.681595623,
              35.361294316
            ],
            [
              132.681302308,
              35.361272135
            ],
            [
              132.681291124,
              35.361441651
            ],
            [
              132.681582348,
              35.361451708
            ],
            [
              132.681595623,
              35.361294316
            ]
          ]
        ]
      },
      "properties": {
        "polygon_uuid": "3785a07a-b2cb-4fc7-a118-c6bc4fc23885",
        "daicho_shubetsu_cd": "FUD25"
      }
    },
    {
      "type": "Feature",
      "geometry": {
        "type": "Polygon",
        "coordinates": [
          [
            [
              132.676173986,
              35.359317802
            ],
            [
              132.676343641,
              35.359333758
            ],
            [
              132.676370071,
              35.359168919
            ],
            [
              132.676423608,
              35.358834993
            ],
            [
              132.676405681,
              35.358831633
            ],
            [
              132.676340203,
              35.358816287
            ],
            [
              132.676295248,
              35.358815361
            ],
            [
              132.676236742,
              35.35882565
            ],
            [
              132.67619741,
              35.358852597
            ],
            [
              132.676137215,
              35.359181695
            ],
            [
              132.676173986,
              35.359317802
            ]
          ]
        ]
      },
      "properties": {
        "polygon_uuid": "c4d9b0b6-2f09-4e6a-ba39-c75f51b09710",
        "daicho_shubetsu_cd": "FUD25"
      }
    },
    {
      "type": "Feature",
      "geometry": {
        "type": "Polygon",
        "coordinates": [
          [
            [
              132.688064941,
              35.366201414
            ],
            [
              132.688626283,
              35.366205904
            ],
            [
              132.688588776,
              35.365729294
            ],
            [
              132.688539988,
              35.365109329
            ],
            [
              132.688511876,
              35.365110481
            ],
            [
              132.68798294,
              35.365140148
            ],
            [
              132.688008248,
              35.365490369
            ],
            [
              132.688036976,
              35.365834908
            ],
            [
              132.688064941,
              35.366201414
            ]
          ]
        ]
      },
      "properties": {
        "polygon_uuid": "65822988-4f70-48d7-9ddb-c81104cabe6d",
        "daicho_shubetsu_cd": "FUD25"
      }
    },
    {
      "type": "Feature",
      "geometry": {
        "type": "Polygon",
        "coordinates": [
          [
            [
              132.687981436,
              35.366294883
            ],
            [
              132.687942303,
              35.366282768
            ],
            [
              132.687603298,
              35.36628847
            ],
            [
              132.687562667,
              35.366606415
            ],
            [
              132.687764535,
              35.366626318
            ],
            [
              132.68778688,
              35.366515741
            ],
            [
              132.687976044,
              35.366531922
            ],
            [
              132.687981436,
              35.366294883
            ]
          ]
        ]
      },
      "properties": {
        "polygon_uuid": "8a9fa306-418d-4307-8629-c859ccba31fc",
        "daicho_shubetsu_cd": "FUD25"
      }
    },
    {
      "type": "Feature",
      "geometry": {
        "type": "Polygon",
        "coordinates": [
          [
            [
              132.687377153,
              35.365560866
            ],
            [
              132.68736187,
              35.365694075
            ],
            [
              132.687561375,
              35.365705491
            ],
            [
              132.687903075,
              35.365721697
            ],
            [
              132.687935304,
              35.365714003
            ],
            [
              132.687943282,
              35.365699805
            ],
            [
              132.687931316,
              35.365530173
            ],
            [
              132.687600767,
              35.365557139
            ],
            [
              132.687581158,
              35.365557465
            ],
            [
              132.687377153,
              35.365560866
            ]
          ]
        ]
      },
      "properties": {
        "polygon_uuid": "7122878f-9c9a-473e-847d-c85e71d3233e",
        "daicho_shubetsu_cd": "FUD25"
      }
    },
    {
      "type": "Feature",
      "geometry": {
        "type": "Polygon",
        "coordinates": [
          [
            [
              132.68170279,
              35.362726603
            ],
            [
              132.681558717,
              35.362633486
            ],
            [
              132.681520412,
              35.362607613
            ],
            [
              132.681459555,
              35.36260564
            ],
            [
              132.681401474,
              35.362754667
            ],
            [
              132.681332284,
              35.362727437
            ],
            [
              132.681209334,
              35.362957824
            ],
            [
              132.681499852,
              35.363088255
            ],
            [
              132.68170279,
              35.362726603
            ]
          ]
        ]
      },
      "properties": {
        "polygon_uuid": "427eb1ce-47da-4b1b-b5ea-ca287cf244cb",
        "daicho_shubetsu_cd": "FUD25"
      }
    },
    {
      "type": "Feature",
      "geometry": {
        "type": "Polygon",
        "coordinates": [
          [
            [
              132.676103042,
              35.358237579
            ],
            [
              132.67594762,
              35.358179446
            ],
            [
              132.675839684,
              35.358132661
            ],
            [
              132.675761201,
              35.358082602
            ],
            [
              132.67574398,
              35.358087779
            ],
            [
              132.675768196,
              35.358206222
            ],
            [
              132.675792111,
              35.358341543
            ],
            [
              132.67593941,
              35.358347329
            ],
            [
              132.676072388,
              35.358379335
            ],
            [
              132.676082297,
              35.35838172
            ],
            [
              132.676092904,
              35.358308016
            ],
            [
              132.676103042,
              35.358237579
            ]
          ]
        ]
      },
      "properties": {
        "polygon_uuid": "592045a3-3072-4f74-b3d6-cad6e8ec17fa",
        "daicho_shubetsu_cd": "FUD25"
      }
    },
    {
      "type": "Feature",
      "geometry": {
        "type": "Polygon",
        "coordinates": [
          [
            [
              132.685435883,
              35.367519137
            ],
            [
              132.685451336,
              35.367548882
            ],
            [
              132.685592268,
              35.367836331
            ],
            [
              132.685673329,
              35.367995059
            ],
            [
              132.685906121,
              35.367949352
            ],
            [
              132.685650493,
              35.367445962
            ],
            [
              132.685435883,
              35.367519137
            ]
          ]
        ]
      },
      "properties": {
        "polygon_uuid": "6bb08850-7226-460c-bb42-cbd646d07b5d",
        "daicho_shubetsu_cd": "FUD25"
      }
    },
    {
      "type": "Feature",
      "geometry": {
        "type": "Polygon",
        "coordinates": [
          [
            [
              132.687692867,
              35.3625503
            ],
            [
              132.687863296,
              35.362594272
            ],
            [
              132.687921631,
              35.362590833
            ],
            [
              132.688108455,
              35.362104364
            ],
            [
              132.688111041,
              35.362097631
            ],
            [
              132.687881022,
              35.362038873
            ],
            [
              132.687692867,
              35.3625503
            ]
          ]
        ]
      },
      "properties": {
        "polygon_uuid": "e387d575-050b-49bb-b2ba-cc7738fba4a6",
        "daicho_shubetsu_cd": "FUD25"
      }
    },
    {
      "type": "Feature",
      "geometry": {
        "type": "Polygon",
        "coordinates": [
          [
            [
              132.679053526,
              35.362241543
            ],
            [
              132.678658487,
              35.36223987
            ],
            [
              132.678634181,
              35.362239132
            ],
            [
              132.678638881,
              35.362336191
            ],
            [
              132.678461839,
              35.36234252
            ],
            [
              132.6785933,
              35.362486746
            ],
            [
              132.679018307,
              35.362488293
            ],
            [
              132.679045521,
              35.362483715
            ],
            [
              132.679050693,
              35.36232726
            ],
            [
              132.679053526,
              35.362241543
            ]
          ]
        ]
      },
      "properties": {
        "polygon_uuid": "78e73f8a-6047-4248-9be1-ccb80c986703",
        "daicho_shubetsu_cd": "FUD25"
      }
    },
    {
      "type": "Feature",
      "geometry": {
        "type": "Polygon",
        "coordinates": [
          [
            [
              132.687827292,
              35.360202503
            ],
            [
              132.687850164,
              35.36019442
            ],
            [
              132.687906755,
              35.360036105
            ],
            [
              132.687957589,
              35.35990395
            ],
            [
              132.687554214,
              35.359790325
            ],
            [
              132.687518314,
              35.359927298
            ],
            [
              132.687508998,
              35.35995188
            ],
            [
              132.687459359,
              35.360097632
            ],
            [
              132.687827292,
              35.360202503
            ]
          ]
        ]
      },
      "properties": {
        "polygon_uuid": "4d728056-b72f-4e08-8aeb-cdc5630336bb",
        "daicho_shubetsu_cd": "FUD25"
      }
    },
    {
      "type": "Feature",
      "geometry": {
        "type": "Polygon",
        "coordinates": [
          [
            [
              132.688041609,
              35.357898029
            ],
            [
              132.687947656,
              35.357869565
            ],
            [
              132.687904387,
              35.358010879
            ],
            [
              132.687852743,
              35.358248
            ],
            [
              132.687858708,
              35.358369078
            ],
            [
              132.687824939,
              35.358562566
            ],
            [
              132.687816306,
              35.358633624
            ],
            [
              132.687792917,
              35.358826159
            ],
            [
              132.688118829,
              35.35889168
            ],
            [
              132.688138705,
              35.3588278
            ],
            [
              132.688177133,
              35.358704294
            ],
            [
              132.688183624,
              35.358683186
            ],
            [
              132.688218199,
              35.358615048
            ],
            [
              132.68828249,
              35.358529785
            ],
            [
              132.688379123,
              35.358432697
            ],
            [
              132.688492919,
              35.358019154
            ],
            [
              132.688349668,
              35.357968578
            ],
            [
              132.688041609,
              35.357898029
            ]
          ]
        ]
      },
      "properties": {
        "polygon_uuid": "629f76e8-5c0d-446c-b42e-ceadbb611ecd",
        "daicho_shubetsu_cd": "FUD25"
      }
    },
    {
      "type": "Feature",
      "geometry": {
        "type": "Polygon",
        "coordinates": [
          [
            [
              132.688739551,
              35.360445441
            ],
            [
              132.689034639,
              35.359751002
            ],
            [
              132.688417048,
              35.359600696
            ],
            [
              132.688145786,
              35.360290215
            ],
            [
              132.688362582,
              35.360347937
            ],
            [
              132.688739551,
              35.360445441
            ]
          ]
        ]
      },
      "properties": {
        "polygon_uuid": "28ef1680-d546-45a1-a4e6-cecce117694a",
        "daicho_shubetsu_cd": "FUD25"
      }
    },
    {
      "type": "Feature",
      "geometry": {
        "type": "Polygon",
        "coordinates": [
          [
            [
              132.681098891,
              35.361130117
            ],
            [
              132.681330399,
              35.361147962
            ],
            [
              132.681456966,
              35.361156854
            ],
            [
              132.68154186,
              35.360739701
            ],
            [
              132.681558359,
              35.36074131
            ],
            [
              132.681196277,
              35.360644521
            ],
            [
              132.681184185,
              35.360704817
            ],
            [
              132.681098891,
              35.361130117
            ]
          ]
        ]
      },
      "properties": {
        "polygon_uuid": "e7ce4e71-ef20-4267-a4f4-cef7f8696c96",
        "daicho_shubetsu_cd": "FUD25"
      }
    },
    {
      "type": "Feature",
      "geometry": {
        "type": "Polygon",
        "coordinates": [
          [
            [
              132.682291287,
              35.360423564
            ],
            [
              132.682299355,
              35.360625315
            ],
            [
              132.682308442,
              35.360624091
            ],
            [
              132.682530249,
              35.360594212
            ],
            [
              132.682578191,
              35.360404531
            ],
            [
              132.682291287,
              35.360423564
            ]
          ]
        ]
      },
      "properties": {
        "polygon_uuid": "fe5a795f-6ff3-403b-95cd-d05e27fee71d",
        "daicho_shubetsu_cd": "FUD25"
      }
    },
    {
      "type": "Feature",
      "geometry": {
        "type": "Polygon",
        "coordinates": [
          [
            [
              132.678420201,
              35.361832091
            ],
            [
              132.678456228,
              35.361503507
            ],
            [
              132.678365764,
              35.36154257
            ],
            [
              132.678285632,
              35.361579732
            ],
            [
              132.678271844,
              35.361769483
            ],
            [
              132.678420201,
              35.361832091
            ]
          ]
        ]
      },
      "properties": {
        "polygon_uuid": "15bd58ea-eccd-406e-a54b-d17f1c1c2e69",
        "daicho_shubetsu_cd": "FUD25"
      }
    },
    {
      "type": "Feature",
      "geometry": {
        "type": "Polygon",
        "coordinates": [
          [
            [
              132.686163577,
              35.364913149
            ],
            [
              132.686195581,
              35.364659513
            ],
            [
              132.686259798,
              35.364485746
            ],
            [
              132.68614314,
              35.364450902
            ],
            [
              132.68606101,
              35.364426634
            ],
            [
              132.686017895,
              35.364513698
            ],
            [
              132.686082974,
              35.364542011
            ],
            [
              132.686018192,
              35.364686765
            ],
            [
              132.686072505,
              35.364713121
            ],
            [
              132.685987172,
              35.364908595
            ],
            [
              132.686163577,
              35.364913149
            ]
          ]
        ]
      },
      "properties": {
        "polygon_uuid": "dfdea66e-0e13-441d-a639-d2d1cfd7ba6d",
        "daicho_shubetsu_cd": "FUD25"
      }
    },
    {
      "type": "Feature",
      "geometry": {
        "type": "Polygon",
        "coordinates": [
          [
            [
              132.679695298,
              35.362154225
            ],
            [
              132.67958415,
              35.362165942
            ],
            [
              132.679494171,
              35.362153677
            ],
            [
              132.679275502,
              35.362110439
            ],
            [
              132.679137764,
              35.362086007
            ],
            [
              132.679099657,
              35.362091376
            ],
            [
              132.679082545,
              35.362113765
            ],
            [
              132.679084294,
              35.362246914
            ],
            [
              132.679135351,
              35.36224902
            ],
            [
              132.679133459,
              35.362380697
            ],
            [
              132.679278028,
              35.362391414
            ],
            [
              132.67932641,
              35.362395
            ],
            [
              132.67971621,
              35.362377225
            ],
            [
              132.679702273,
              35.362228601
            ],
            [
              132.679695298,
              35.362154225
            ]
          ]
        ]
      },
      "properties": {
        "polygon_uuid": "1cc8994c-9af4-4bbc-93b5-d31679099553",
        "daicho_shubetsu_cd": "FUD25"
      }
    },
    {
      "type": "Feature",
      "geometry": {
        "type": "Polygon",
        "coordinates": [
          [
            [
              132.680306324,
              35.362784506
            ],
            [
              132.680279108,
              35.362603974
            ],
            [
              132.68019301,
              35.362613999
            ],
            [
              132.680186494,
              35.362588735
            ],
            [
              132.680129392,
              35.362593334
            ],
            [
              132.680046423,
              35.362612655
            ],
            [
              132.680077569,
              35.362798869
            ],
            [
              132.680306324,
              35.362784506
            ]
          ]
        ]
      },
      "properties": {
        "polygon_uuid": "7f3fe377-5b60-46db-881a-d366c586ba4f",
        "daicho_shubetsu_cd": "FUD25"
      }
    },
    {
      "type": "Feature",
      "geometry": {
        "type": "Polygon",
        "coordinates": [
          [
            [
              132.676173986,
              35.359317802
            ],
            [
              132.676137215,
              35.359181695
            ],
            [
              132.676114272,
              35.359077073
            ],
            [
              132.676016314,
              35.359079875
            ],
            [
              132.675801142,
              35.359086361
            ],
            [
              132.675868395,
              35.359498114
            ],
            [
              132.675877636,
              35.359554692
            ],
            [
              132.675897805,
              35.35970185
            ],
            [
              132.67589981,
              35.35971648
            ],
            [
              132.67610032300001,
              35.359705886
            ],
            [
              132.676143084,
              35.360008099
            ],
            [
              132.676339222,
              35.36000694
            ],
            [
              132.676399565,
              35.359966159
            ],
            [
              132.676414099,
              35.359894684
            ],
            [
              132.6764108,
              35.359803199
            ],
            [
              132.676397938,
              35.359707292
            ],
            [
              132.676381235,
              35.359650454
            ],
            [
              132.676355201,
              35.359626015
            ],
            [
              132.676288445,
              35.359624065
            ],
            [
              132.676259941,
              35.359586055
            ],
            [
              132.676248742,
              35.359538121
            ],
            [
              132.676173986,
              35.359317802
            ]
          ]
        ]
      },
      "properties": {
        "polygon_uuid": "76bf4ec1-1d10-4433-8294-d3c2ea10c207",
        "daicho_shubetsu_cd": "FUD25"
      }
    },
    {
      "type": "Feature",
      "geometry": {
        "type": "Polygon",
        "coordinates": [
          [
            [
              132.679534184,
              35.360878079
            ],
            [
              132.679510367,
              35.36101529
            ],
            [
              132.679430803,
              35.361473663
            ],
            [
              132.679498647,
              35.361475388
            ],
            [
              132.67966221,
              35.361484839
            ],
            [
              132.679769443,
              35.360920933
            ],
            [
              132.679673906,
              35.360891211
            ],
            [
              132.679581212,
              35.360880446
            ],
            [
              132.679534184,
              35.360878079
            ]
          ]
        ]
      },
      "properties": {
        "polygon_uuid": "4add84e9-4ec1-4ac8-ab96-d4e1de806c9a",
        "daicho_shubetsu_cd": "FUD25"
      }
    },
    {
      "type": "Feature",
      "geometry": {
        "type": "Polygon",
        "coordinates": [
          [
            [
              132.679281157,
              35.363810886
            ],
            [
              132.679488059,
              35.363477021
            ],
            [
              132.679116905,
              35.363375938
            ],
            [
              132.678930677,
              35.363653457
            ],
            [
              132.678986136,
              35.363680134
            ],
            [
              132.679001598,
              35.363687572
            ],
            [
              132.679281157,
              35.363810886
            ]
          ]
        ]
      },
      "properties": {
        "polygon_uuid": "1ea86053-59e7-42b9-907d-d5efca6abfc6",
        "daicho_shubetsu_cd": "FUD25"
      }
    },
    {
      "type": "Feature",
      "geometry": {
        "type": "Polygon",
        "coordinates": [
          [
            [
              132.685435883,
              35.367519137
            ],
            [
              132.685650493,
              35.367445962
            ],
            [
              132.685701549,
              35.367428553
            ],
            [
              132.685528756,
              35.367108741
            ],
            [
              132.685269316,
              35.367197118
            ],
            [
              132.685278624,
              35.367216425
            ],
            [
              132.685435883,
              35.367519137
            ]
          ]
        ]
      },
      "properties": {
        "polygon_uuid": "16564b01-82de-4149-b37a-d8e367a39f88",
        "daicho_shubetsu_cd": "FUD25"
      }
    },
    {
      "type": "Feature",
      "geometry": {
        "type": "Polygon",
        "coordinates": [
          [
            [
              132.686260757,
              35.36418143
            ],
            [
              132.686093303,
              35.364156653
            ],
            [
              132.685940477,
              35.36439102
            ],
            [
              132.68606101,
              35.364426634
            ],
            [
              132.68614314,
              35.364450902
            ],
            [
              132.686260757,
              35.36418143
            ]
          ]
        ]
      },
      "properties": {
        "polygon_uuid": "2984f288-373c-4b97-8cd7-da772fdd7d0c",
        "daicho_shubetsu_cd": "FUD25"
      }
    },
    {
      "type": "Feature",
      "geometry": {
        "type": "Polygon",
        "coordinates": [
          [
            [
              132.688690967,
              35.367299348
            ],
            [
              132.689361657,
              35.367003146
            ],
            [
              132.689325896,
              35.366491328
            ],
            [
              132.689311285,
              35.36628583
            ],
            [
              132.689284535,
              35.366258134
            ],
            [
              132.689142926,
              35.366274466
            ],
            [
              132.689008603,
              35.366276256
            ],
            [
              132.688636632,
              35.36629224
            ],
            [
              132.688682487,
              35.366994579
            ],
            [
              132.688704859,
              35.367259294
            ],
            [
              132.688690967,
              35.367299348
            ]
          ]
        ]
      },
      "properties": {
        "polygon_uuid": "82ab6354-03fd-4390-8ec9-daf38c4515bd",
        "daicho_shubetsu_cd": "FUD25"
      }
    },
    {
      "type": "Feature",
      "geometry": {
        "type": "Polygon",
        "coordinates": [
          [
            [
              132.6889284,
              35.360166693
            ],
            [
              132.689011695,
              35.360169546
            ],
            [
              132.689132977,
              35.360173699
            ],
            [
              132.689306416,
              35.360179638
            ],
            [
              132.689322778,
              35.359827902
            ],
            [
              132.689137113,
              35.359820183
            ],
            [
              132.689087036,
              35.359830314
            ],
            [
              132.6889284,
              35.360166693
            ]
          ]
        ]
      },
      "properties": {
        "polygon_uuid": "aa0f0d00-0485-4c7b-831f-dafc9155de0e",
        "daicho_shubetsu_cd": "FUD25"
      }
    },
    {
      "type": "Feature",
      "geometry": {
        "type": "Polygon",
        "coordinates": [
          [
            [
              132.675759442,
              35.358479885
            ],
            [
              132.675777553,
              35.358342817
            ],
            [
              132.675739868,
              35.358192483
            ],
            [
              132.675610654,
              35.358188172
            ],
            [
              132.675576345,
              35.358198026
            ],
            [
              132.675568815,
              35.358233824
            ],
            [
              132.675523405,
              35.358449718
            ],
            [
              132.675759442,
              35.358479885
            ]
          ]
        ]
      },
      "properties": {
        "polygon_uuid": "797e04cc-6742-438c-9e94-dcab5344c456",
        "daicho_shubetsu_cd": "FUD25"
      }
    },
    {
      "type": "Feature",
      "geometry": {
        "type": "Polygon",
        "coordinates": [
          [
            [
              132.680479551,
              35.3620389
            ],
            [
              132.680560666,
              35.362027908
            ],
            [
              132.680609618,
              35.36201431
            ],
            [
              132.680644011,
              35.36199631
            ],
            [
              132.680645729,
              35.361980681
            ],
            [
              132.680633815,
              35.361963622
            ],
            [
              132.680524636,
              35.361787784
            ],
            [
              132.680512836,
              35.361788578
            ],
            [
              132.680476079,
              35.361720296
            ],
            [
              132.680409739,
              35.361728844
            ],
            [
              132.680338811,
              35.361740418
            ],
            [
              132.680308454,
              35.361750267
            ],
            [
              132.68014714,
              35.361802603
            ],
            [
              132.680234608,
              35.362063338
            ],
            [
              132.680385471,
              35.36204866
            ],
            [
              132.680479551,
              35.3620389
            ]
          ]
        ]
      },
      "properties": {
        "polygon_uuid": "4b740146-bd54-4e48-a081-dd025685a157",
        "daicho_shubetsu_cd": "FUD25"
      }
    },
    {
      "type": "Feature",
      "geometry": {
        "type": "Polygon",
        "coordinates": [
          [
            [
              132.689167628,
              35.358464858
            ],
            [
              132.689262543,
              35.358265043
            ],
            [
              132.68890927,
              35.358149881
            ],
            [
              132.688882503,
              35.358154954
            ],
            [
              132.688788407,
              35.358349689
            ],
            [
              132.689167628,
              35.358464858
            ]
          ]
        ]
      },
      "properties": {
        "polygon_uuid": "fd8402ab-adf1-4372-9081-dec273e7f94e",
        "daicho_shubetsu_cd": "FUD25"
      }
    },
    {
      "type": "Feature",
      "geometry": {
        "type": "Polygon",
        "coordinates": [
          [
            [
              132.685625921,
              35.365691872
            ],
            [
              132.685508515,
              35.36564562
            ],
            [
              132.685439582,
              35.365792631
            ],
            [
              132.685439943,
              35.365849058
            ],
            [
              132.685508979,
              35.365872139
            ],
            [
              132.685625921,
              35.365691872
            ]
          ]
        ]
      },
      "properties": {
        "polygon_uuid": "e650de43-d458-4770-8f33-df390c900605",
        "daicho_shubetsu_cd": "FUD25"
      }
    },
    {
      "type": "Feature",
      "geometry": {
        "type": "Polygon",
        "coordinates": [
          [
            [
              132.678644441,
              35.361050372
            ],
            [
              132.67850711,
              35.360873535
            ],
            [
              132.678071393,
              35.361116402
            ],
            [
              132.678203232,
              35.361286567
            ],
            [
              132.678644441,
              35.361050372
            ]
          ]
        ]
      },
      "properties": {
        "polygon_uuid": "ab585f50-89c5-47f9-bb53-e060dedffed6",
        "daicho_shubetsu_cd": "FUD25"
      }
    },
    {
      "type": "Feature",
      "geometry": {
        "type": "Polygon",
        "coordinates": [
          [
            [
              132.688853347,
              35.359069259
            ],
            [
              132.68847153,
              35.358981673
            ],
            [
              132.688392115,
              35.35913499
            ],
            [
              132.688546633,
              35.359166192
            ],
            [
              132.688772315,
              35.359172654
            ],
            [
              132.688853347,
              35.359069259
            ]
          ]
        ]
      },
      "properties": {
        "polygon_uuid": "cf511d34-4773-495e-a8c4-e1b3325baff2",
        "daicho_shubetsu_cd": "FUD25"
      }
    },
    {
      "type": "Feature",
      "geometry": {
        "type": "Polygon",
        "coordinates": [
          [
            [
              132.679385766,
              35.366015798
            ],
            [
              132.679218464,
              35.365923052
            ],
            [
              132.679169491,
              35.365933674
            ],
            [
              132.679041518,
              35.36608969
            ],
            [
              132.679020796,
              35.366115815
            ],
            [
              132.678997138,
              35.366108475
            ],
            [
              132.678975414,
              35.366119726
            ],
            [
              132.678949247,
              35.366146617
            ],
            [
              132.678932133,
              35.366169007
            ],
            [
              132.6789307,
              35.366218578
            ],
            [
              132.678915285,
              35.366260962
            ],
            [
              132.679126595,
              35.366391819
            ],
            [
              132.679227963,
              35.366265299
            ],
            [
              132.679385766,
              35.366015798
            ]
          ]
        ]
      },
      "properties": {
        "polygon_uuid": "f39cced0-47c6-4ff5-a914-e2610a2c7d1a",
        "daicho_shubetsu_cd": "FUD25"
      }
    },
    {
      "type": "Feature",
      "geometry": {
        "type": "Polygon",
        "coordinates": [
          [
            [
              132.690076506,
              35.357751263
            ],
            [
              132.689265026,
              35.357469172
            ],
            [
              132.688986738,
              35.358021594
            ],
            [
              132.688997324,
              35.358048453
            ],
            [
              132.689038381,
              35.358080428
            ],
            [
              132.689768255,
              35.358336358
            ],
            [
              132.690076506,
              35.357751263
            ]
          ]
        ]
      },
      "properties": {
        "polygon_uuid": "8a203201-6e06-46e1-92e8-e333ed83943e",
        "daicho_shubetsu_cd": "FUD25"
      }
    },
    {
      "type": "Feature",
      "geometry": {
        "type": "Polygon",
        "coordinates": [
          [
            [
              132.677337273,
              35.358602988
            ],
            [
              132.67699152,
              35.358503071
            ],
            [
              132.676972497,
              35.358534645
            ],
            [
              132.676970344,
              35.358599741
            ],
            [
              132.676977556,
              35.35893144
            ],
            [
              132.677001073,
              35.35894525
            ],
            [
              132.67734527,
              35.358941341
            ],
            [
              132.67734019,
              35.35872638
            ],
            [
              132.677337273,
              35.358602988
            ]
          ]
        ]
      },
      "properties": {
        "polygon_uuid": "77b3b411-1d45-41c7-a4f8-e3a3eacaf558",
        "daicho_shubetsu_cd": "FUD25"
      }
    },
    {
      "type": "Feature",
      "geometry": {
        "type": "Polygon",
        "coordinates": [
          [
            [
              132.681577635,
              35.360746462
            ],
            [
              132.681558359,
              35.36074131
            ],
            [
              132.68154186,
              35.360739701
            ],
            [
              132.681456966,
              35.361156854
            ],
            [
              132.681330399,
              35.361147962
            ],
            [
              132.681324751,
              35.361241149
            ],
            [
              132.681481101,
              35.361248016
            ],
            [
              132.681483632,
              35.361163898
            ],
            [
              132.681557154,
              35.361158564
            ],
            [
              132.68156442,
              35.360854746
            ],
            [
              132.681548818,
              35.360810876
            ],
            [
              132.681548682,
              35.360789536
            ],
            [
              132.681566887,
              35.360760587
            ],
            [
              132.681577635,
              35.360746462
            ]
          ]
        ]
      },
      "properties": {
        "polygon_uuid": "5e0d7d38-7ca9-455f-a1a9-e49a55cb435a",
        "daicho_shubetsu_cd": "FUD25"
      }
    },
    {
      "type": "Feature",
      "geometry": {
        "type": "Polygon",
        "coordinates": [
          [
            [
              132.68628594,
              35.368232524
            ],
            [
              132.686186694,
              35.367965268
            ],
            [
              132.685799431,
              35.368063133
            ],
            [
              132.685485127,
              35.368200161
            ],
            [
              132.685377316,
              35.368249619
            ],
            [
              132.685350131,
              35.368267531
            ],
            [
              132.685380413,
              35.3683859
            ],
            [
              132.685532383,
              35.368373156
            ],
            [
              132.685860068,
              35.368366912
            ],
            [
              132.686088577,
              35.368308749
            ],
            [
              132.68628594,
              35.368232524
            ]
          ]
        ]
      },
      "properties": {
        "polygon_uuid": "46d9932e-08ee-4cf3-9a2d-e5ce07ca9344",
        "daicho_shubetsu_cd": "FUD25"
      }
    },
    {
      "type": "Feature",
      "geometry": {
        "type": "Polygon",
        "coordinates": [
          [
            [
              132.678230772,
              35.360991586
            ],
            [
              132.678125291,
              35.360677708
            ],
            [
              132.677897953,
              35.360736464
            ],
            [
              132.677760627,
              35.360769503
            ],
            [
              132.677772207,
              35.360801813
            ],
            [
              132.677908104,
              35.361170875
            ],
            [
              132.67818296,
              35.36101734
            ],
            [
              132.678230772,
              35.360991586
            ]
          ]
        ]
      },
      "properties": {
        "polygon_uuid": "95c209f7-4c49-438a-9728-e806d71f25d5",
        "daicho_shubetsu_cd": "FUD25"
      }
    },
    {
      "type": "Feature",
      "geometry": {
        "type": "Polygon",
        "coordinates": [
          [
            [
              132.67909454,
              35.363892913
            ],
            [
              132.67892248,
              35.363813626
            ],
            [
              132.678809764,
              35.364004141
            ],
            [
              132.678981941,
              35.364089702
            ],
            [
              132.67909454,
              35.363892913
            ]
          ]
        ]
      },
      "properties": {
        "polygon_uuid": "8ae1a804-7f07-415b-823e-e883170afab6",
        "daicho_shubetsu_cd": "FUD25"
      }
    },
    {
      "type": "Feature",
      "geometry": {
        "type": "Polygon",
        "coordinates": [
          [
            [
              132.680918589,
              35.361212481
            ],
            [
              132.680956747,
              35.361188467
            ],
            [
              132.681091029,
              35.36061547
            ],
            [
              132.680909788,
              35.360583319
            ],
            [
              132.680789983,
              35.360960544
            ],
            [
              132.680712971,
              35.361203029
            ],
            [
              132.680918589,
              35.361212481
            ]
          ]
        ]
      },
      "properties": {
        "polygon_uuid": "84a053d8-a6ff-41e5-902a-ea6770b6a65e",
        "daicho_shubetsu_cd": "FUD25"
      }
    },
    {
      "type": "Feature",
      "geometry": {
        "type": "Polygon",
        "coordinates": [
          [
            [
              132.686215931,
              35.364657635
            ],
            [
              132.686508114,
              35.364663581
            ],
            [
              132.686681967,
              35.364674873
            ],
            [
              132.686687535,
              35.36446451
            ],
            [
              132.686511785,
              35.364427023
            ],
            [
              132.686493757,
              35.364496265
            ],
            [
              132.68642103,
              35.36448029
            ],
            [
              132.686408279,
              35.364514338
            ],
            [
              132.686286248,
              35.364483815
            ],
            [
              132.686215931,
              35.364657635
            ]
          ]
        ]
      },
      "properties": {
        "polygon_uuid": "98b07f7f-5bfe-4181-bfe1-eb14ce866191",
        "daicho_shubetsu_cd": "FUD25"
      }
    },
    {
      "type": "Feature",
      "geometry": {
        "type": "Polygon",
        "coordinates": [
          [
            [
              132.678848749,
              35.364863556
            ],
            [
              132.678685847,
              35.364772135
            ],
            [
              132.678467019,
              35.364633583
            ],
            [
              132.678430565,
              35.364685065
            ],
            [
              132.678315854,
              35.364639801
            ],
            [
              132.678306878,
              35.364655639
            ],
            [
              132.678208845,
              35.364828606
            ],
            [
              132.678102629,
              35.365016012
            ],
            [
              132.678386358,
              35.365113304
            ],
            [
              132.678673976,
              35.365215487
            ],
            [
              132.678747825,
              35.365050319
            ],
            [
              132.678737981,
              35.365046411
            ],
            [
              132.678848749,
              35.364863556
            ]
          ]
        ]
      },
      "properties": {
        "polygon_uuid": "746429a5-354b-495d-aa52-ec2563ba68d0",
        "daicho_shubetsu_cd": "FUD25"
      }
    },
    {
      "type": "Feature",
      "geometry": {
        "type": "Polygon",
        "coordinates": [
          [
            [
              132.680212979,
              35.359468579
            ],
            [
              132.680158152,
              35.359180866
            ],
            [
              132.679988515,
              35.3591914
            ],
            [
              132.679877929,
              35.359192926
            ],
            [
              132.679858776,
              35.359196858
            ],
            [
              132.679931594,
              35.359495209
            ],
            [
              132.680212979,
              35.359468579
            ]
          ]
        ]
      },
      "properties": {
        "polygon_uuid": "ec603258-2b42-43e6-9ddc-ec77cee9bb37",
        "daicho_shubetsu_cd": "FUD25"
      }
    },
    {
      "type": "Feature",
      "geometry": {
        "type": "Polygon",
        "coordinates": [
          [
            [
              132.689004539,
              35.360915506
            ],
            [
              132.689021827,
              35.360513493
            ],
            [
              132.688786101,
              35.360503065
            ],
            [
              132.68865034,
              35.360901667
            ],
            [
              132.688802834,
              35.360907625
            ],
            [
              132.689004539,
              35.360915506
            ]
          ]
        ]
      },
      "properties": {
        "polygon_uuid": "1188aa7f-6abf-462a-8474-edeb690d5d8d",
        "daicho_shubetsu_cd": "FUD25"
      }
    },
    {
      "type": "Feature",
      "geometry": {
        "type": "Polygon",
        "coordinates": [
          [
            [
              132.681195431,
              35.359412075
            ],
            [
              132.681170415,
              35.359417828
            ],
            [
              132.681135714,
              35.359422996
            ],
            [
              132.681105061,
              35.35942229
            ],
            [
              132.681075346,
              35.35940819
            ],
            [
              132.681046568,
              35.359380695
            ],
            [
              132.680978805,
              35.359327423
            ],
            [
              132.680901777,
              35.359245624
            ],
            [
              132.680924964,
              35.359375355
            ],
            [
              132.680586079,
              35.35941418
            ],
            [
              132.680591306,
              35.359438703
            ],
            [
              132.680633462,
              35.359642722
            ],
            [
              132.68066128,
              35.359776587
            ],
            [
              132.680895609,
              35.359740359
            ],
            [
              132.680910204,
              35.359786325
            ],
            [
              132.681083408,
              35.359759965
            ],
            [
              132.681195431,
              35.359412075
            ]
          ]
        ]
      },
      "properties": {
        "polygon_uuid": "7ce6b301-3bd9-4f7e-a120-eece072bb4db",
        "daicho_shubetsu_cd": "FUD25"
      }
    },
    {
      "type": "Feature",
      "geometry": {
        "type": "Polygon",
        "coordinates": [
          [
            [
              132.679996601,
              35.35914732
            ],
            [
              132.679971468,
              35.359059664
            ],
            [
              132.679965408,
              35.358932051
            ],
            [
              132.679506811,
              35.358944037
            ],
            [
              132.679511616,
              35.359150199
            ],
            [
              132.679890536,
              35.35914859
            ],
            [
              132.679996601,
              35.35914732
            ]
          ]
        ]
      },
      "properties": {
        "polygon_uuid": "db030cad-6c60-4a6d-ab51-ef6e6ee812ff",
        "daicho_shubetsu_cd": "FUD25"
      }
    },
    {
      "type": "Feature",
      "geometry": {
        "type": "Polygon",
        "coordinates": [
          [
            [
              132.68903445,
              35.358754735
            ],
            [
              132.689061706,
              35.358692963
            ],
            [
              132.689083154,
              35.358647264
            ],
            [
              132.688764196,
              35.358578268
            ],
            [
              132.688672464,
              35.358563793
            ],
            [
              132.688632,
              35.358664374
            ],
            [
              132.688832047,
              35.358717688
            ],
            [
              132.688894332,
              35.358723793
            ],
            [
              132.68903445,
              35.358754735
            ]
          ]
        ]
      },
      "properties": {
        "polygon_uuid": "57ad0fb5-8fa6-4d70-a25d-ef8776235e38",
        "daicho_shubetsu_cd": "FUD25"
      }
    },
    {
      "type": "Feature",
      "geometry": {
        "type": "Polygon",
        "coordinates": [
          [
            [
              132.676777122,
              35.36540332
            ],
            [
              132.676761333,
              35.365702827
            ],
            [
              132.676785024,
              35.365703465
            ],
            [
              132.677343696,
              35.365718497
            ],
            [
              132.677737428,
              35.365729089
            ],
            [
              132.677749132,
              35.365461039
            ],
            [
              132.676777122,
              35.36540332
            ]
          ]
        ]
      },
      "properties": {
        "polygon_uuid": "94db205d-6967-403f-98fb-f012a9afa247",
        "daicho_shubetsu_cd": "FUD25"
      }
    },
    {
      "type": "Feature",
      "geometry": {
        "type": "Polygon",
        "coordinates": [
          [
            [
              132.678030101,
              35.366050252
            ],
            [
              132.677868202,
              35.36601845
            ],
            [
              132.677883093,
              35.366369457
            ],
            [
              132.677898773,
              35.366378986
            ],
            [
              132.678030101,
              35.366050252
            ]
          ]
        ]
      },
      "properties": {
        "polygon_uuid": "e1ba9e71-f42a-4c7c-bff9-f05d8891ad6a",
        "daicho_shubetsu_cd": "FUD25"
      }
    },
    {
      "type": "Feature",
      "geometry": {
        "type": "Polygon",
        "coordinates": [
          [
            [
              132.68800635,
              35.362626273
            ],
            [
              132.688332746,
              35.362601666
            ],
            [
              132.688322242,
              35.362298525
            ],
            [
              132.68814072,
              35.362291814
            ],
            [
              132.68800635,
              35.362626273
            ]
          ]
        ]
      },
      "properties": {
        "polygon_uuid": "f21c0f0e-2012-401e-98f3-f2766b7d61fb",
        "daicho_shubetsu_cd": "FUD25"
      }
    },
    {
      "type": "Feature",
      "geometry": {
        "type": "Polygon",
        "coordinates": [
          [
            [
              132.680660399,
              35.362448024
            ],
            [
              132.680634339,
              35.362380796
            ],
            [
              132.680618522,
              35.362282062
            ],
            [
              132.680420517,
              35.362306825
            ],
            [
              132.680435799,
              35.362382014
            ],
            [
              132.680282993,
              35.362401757
            ],
            [
              132.680319879,
              35.362630135
            ],
            [
              132.680355141,
              35.362892579
            ],
            [
              132.680427727,
              35.3628826
            ],
            [
              132.680498326,
              35.362702278
            ],
            [
              132.680486995,
              35.362633888
            ],
            [
              132.68051691,
              35.362625578
            ],
            [
              132.680540606,
              35.362638867
            ],
            [
              132.680584484,
              35.362541231
            ],
            [
              132.680621348,
              35.36248305
            ],
            [
              132.680660399,
              35.362448024
            ]
          ]
        ]
      },
      "properties": {
        "polygon_uuid": "9ba899ef-6fb8-49eb-ae17-f39f9e686594",
        "daicho_shubetsu_cd": "FUD25"
      }
    },
    {
      "type": "Feature",
      "geometry": {
        "type": "Polygon",
        "coordinates": [
          [
            [
              132.680181629,
              35.364739793
            ],
            [
              132.679774444,
              35.364542903
            ],
            [
              132.679670518,
              35.364695098
            ],
            [
              132.679824825,
              35.364770703
            ],
            [
              132.679781589,
              35.364826679
            ],
            [
              132.679933724,
              35.36490191
            ],
            [
              132.679998793,
              35.364851792
            ],
            [
              132.680038854,
              35.364867987
            ],
            [
              132.680181629,
              35.364739793
            ]
          ]
        ]
      },
      "properties": {
        "polygon_uuid": "45862776-a970-4517-830c-f40c15be181d",
        "daicho_shubetsu_cd": "FUD25"
      }
    },
    {
      "type": "Feature",
      "geometry": {
        "type": "Polygon",
        "coordinates": [
          [
            [
              132.678102629,
              35.365016012
            ],
            [
              132.678208845,
              35.364828606
            ],
            [
              132.677873226,
              35.36471533
            ],
            [
              132.677883532,
              35.364940883
            ],
            [
              132.678102629,
              35.365016012
            ]
          ]
        ]
      },
      "properties": {
        "polygon_uuid": "5a8d7f79-70ef-42fc-9057-f4b6bbd642d8",
        "daicho_shubetsu_cd": "FUD25"
      }
    },
    {
      "type": "Feature",
      "geometry": {
        "type": "Polygon",
        "coordinates": [
          [
            [
              132.687795594,
              35.363452711
            ],
            [
              132.687700684,
              35.36345087
            ],
            [
              132.687198103,
              35.363441121
            ],
            [
              132.687174173,
              35.363687417
            ],
            [
              132.687804817,
              35.36370637
            ],
            [
              132.687795594,
              35.363452711
            ]
          ]
        ]
      },
      "properties": {
        "polygon_uuid": "bb907ad1-29fa-4159-94dd-f55017216d79",
        "daicho_shubetsu_cd": "FUD25"
      }
    },
    {
      "type": "Feature",
      "geometry": {
        "type": "Polygon",
        "coordinates": [
          [
            [
              132.68247642,
              35.358266053
            ],
            [
              132.682471811,
              35.358155203
            ],
            [
              132.682309196,
              35.358171533
            ],
            [
              132.682028338,
              35.358199737
            ],
            [
              132.682056444,
              35.358322214
            ],
            [
              132.682375331,
              35.358331515
            ],
            [
              132.682430142,
              35.3583558
            ],
            [
              132.682456162,
              35.358354623
            ],
            [
              132.682475437,
              35.358316163
            ],
            [
              132.68247642,
              35.358266053
            ]
          ]
        ]
      },
      "properties": {
        "polygon_uuid": "2ddb7d7b-ec38-47f7-81f9-f5cf1d1437f9",
        "daicho_shubetsu_cd": "FUD25"
      }
    },
    {
      "type": "Feature",
      "geometry": {
        "type": "Polygon",
        "coordinates": [
          [
            [
              132.685026954,
              35.367805569
            ],
            [
              132.685144985,
              35.367763181
            ],
            [
              132.685026444,
              35.367510372
            ],
            [
              132.684935424,
              35.367558065
            ],
            [
              132.68474501,
              35.367628116
            ],
            [
              132.685026954,
              35.367805569
            ]
          ]
        ]
      },
      "properties": {
        "polygon_uuid": "e266d9e9-506a-4487-832b-f6260ba2df3b",
        "daicho_shubetsu_cd": "FUD25"
      }
    },
    {
      "type": "Feature",
      "geometry": {
        "type": "Polygon",
        "coordinates": [
          [
            [
              132.680042744,
              35.36502622
            ],
            [
              132.679580888,
              35.364800551
            ],
            [
              132.679391016,
              35.364933025
            ],
            [
              132.679814547,
              35.365129847
            ],
            [
              132.680042744,
              35.36502622
            ]
          ]
        ]
      },
      "properties": {
        "polygon_uuid": "68a0b1ec-bfc0-41da-b86f-f76e16e493ed",
        "daicho_shubetsu_cd": "FUD25"
      }
    },
    {
      "type": "Feature",
      "geometry": {
        "type": "Polygon",
        "coordinates": [
          [
            [
              132.685145391,
              35.366942088
            ],
            [
              132.685152401,
              35.366953942
            ],
            [
              132.685206859,
              35.366935731
            ],
            [
              132.685233678,
              35.36698125
            ],
            [
              132.685321069,
              35.366956971
            ],
            [
              132.685302331,
              35.366930975
            ],
            [
              132.685351284,
              35.366911208
            ],
            [
              132.68527913,
              35.366828943
            ],
            [
              132.685114272,
              35.366893406
            ],
            [
              132.685124718,
              35.366907134
            ],
            [
              132.685145391,
              35.366942088
            ]
          ]
        ]
      },
      "properties": {
        "polygon_uuid": "00c3ce37-cc13-45ae-a3fa-fb347d1d299a",
        "daicho_shubetsu_cd": "FUD25"
      }
    },
    {
      "type": "Feature",
      "geometry": {
        "type": "Polygon",
        "coordinates": [
          [
            [
              132.677821384,
              35.364200303
            ],
            [
              132.677514508,
              35.364185007
            ],
            [
              132.677516114,
              35.364618352
            ],
            [
              132.677735478,
              35.364627268
            ],
            [
              132.677769886,
              35.364604974
            ],
            [
              132.677775002,
              35.364463453
            ],
            [
              132.677786701,
              35.364412955
            ],
            [
              132.677824035,
              35.364378344
            ],
            [
              132.677821384,
              35.364200303
            ]
          ]
        ]
      },
      "properties": {
        "polygon_uuid": "097de7f2-9db3-4523-ac37-fbca33d44025",
        "daicho_shubetsu_cd": "FUD25"
      }
    },
    {
      "type": "Feature",
      "geometry": {
        "type": "Polygon",
        "coordinates": [
          [
            [
              132.689956127,
              35.360952677
            ],
            [
              132.690000003,
              35.360785349
            ],
            [
              132.69006944,
              35.360559836
            ],
            [
              132.689650818,
              35.360541319
            ],
            [
              132.68964758,
              35.360940626
            ],
            [
              132.689956127,
              35.360952677
            ]
          ]
        ]
      },
      "properties": {
        "polygon_uuid": "6346136d-198d-4bc7-abe2-fbf2442404ed",
        "daicho_shubetsu_cd": "FUD25"
      }
    },
    {
      "type": "Feature",
      "geometry": {
        "type": "Polygon",
        "coordinates": [
          [
            [
              132.685200554,
              35.366007525
            ],
            [
              132.685097999,
              35.365975509
            ],
            [
              132.68508072,
              35.365977472
            ],
            [
              132.685047362,
              35.365988946
            ],
            [
              132.685002942,
              35.366073178
            ],
            [
              132.684940307,
              35.36619337
            ],
            [
              132.684898396,
              35.366276112
            ],
            [
              132.684858339,
              35.366355194
            ],
            [
              132.684888383,
              35.366366397
            ],
            [
              132.685058342,
              35.366444044
            ],
            [
              132.685177571,
              35.366561674
            ],
            [
              132.685277891,
              35.366369032
            ],
            [
              132.685241289,
              35.366349807
            ],
            [
              132.685214509,
              35.366324886
            ],
            [
              132.685217311,
              35.366300646
            ],
            [
              132.685234888,
              35.366273919
            ],
            [
              132.685162032,
              35.366250141
            ],
            [
              132.685103982,
              35.366228901
            ],
            [
              132.685200554,
              35.366007525
            ]
          ]
        ]
      },
      "properties": {
        "polygon_uuid": "84299b20-118f-4a7f-bba4-fd88d870e222",
        "daicho_shubetsu_cd": "FUD25"
      }
    },
    {
      "type": "Feature",
      "geometry": {
        "type": "Polygon",
        "coordinates": [
          [
            [
              132.689308721,
              35.360927388
            ],
            [
              132.689320912,
              35.360526725
            ],
            [
              132.689021827,
              35.360513493
            ],
            [
              132.689004539,
              35.360915506
            ],
            [
              132.689068475,
              35.360918003
            ],
            [
              132.689308721,
              35.360927388
            ]
          ]
        ]
      },
      "properties": {
        "polygon_uuid": "fa7f04ae-888a-437e-8116-fda8655bef97",
        "daicho_shubetsu_cd": "FUD25"
      }
    },
    {
      "type": "Feature",
      "geometry": {
        "type": "Polygon",
        "coordinates": [
          [
            [
              132.690045413,
              35.355776415
            ],
            [
              132.690198081,
              35.355481035
            ],
            [
              132.690174487,
              35.355441831
            ],
            [
              132.690061428,
              35.355404077
            ],
            [
              132.689628672,
              35.355257225
            ],
            [
              132.689500138,
              35.355211851
            ],
            [
              132.689475061,
              35.355261947
            ],
            [
              132.68933945,
              35.355532845
            ],
            [
              132.689476246,
              35.355583014
            ],
            [
              132.689749803,
              35.355674425
            ],
            [
              132.690045413,
              35.355776415
            ]
          ]
        ]
      },
      "properties": {
        "polygon_uuid": "9ca2acaf-b7dc-41f9-882d-02111c6104c2",
        "daicho_shubetsu_cd": "FUD25"
      }
    },
    {
      "type": "Feature",
      "geometry": {
        "type": "Polygon",
        "coordinates": [
          [
            [
              132.689324213,
              35.355852799
            ],
            [
              132.689604095,
              35.355949189
            ],
            [
              132.689749803,
              35.355674425
            ],
            [
              132.689476246,
              35.355583014
            ],
            [
              132.689324213,
              35.355852799
            ]
          ]
        ]
      },
      "properties": {
        "polygon_uuid": "9c4e7ede-93cc-4e2e-9809-043bcf739fe7",
        "daicho_shubetsu_cd": "FUD25"
      }
    },
    {
      "type": "Feature",
      "geometry": {
        "type": "Polygon",
        "coordinates": [
          [
            [
              132.682770054,
              35.356619536
            ],
            [
              132.682295254,
              35.356622535
            ],
            [
              132.682362584,
              35.356899552
            ],
            [
              132.682733109,
              35.356897178
            ],
            [
              132.682770054,
              35.356619536
            ]
          ]
        ]
      },
      "properties": {
        "polygon_uuid": "71d3ebfc-aa42-4672-9530-096d0abf65bd",
        "daicho_shubetsu_cd": "FUD25"
      }
    },
    {
      "type": "Feature",
      "geometry": {
        "type": "Polygon",
        "coordinates": [
          [
            [
              132.689562977,
              35.355174526
            ],
            [
              132.689717759,
              35.354845599
            ],
            [
              132.689521933,
              35.354777056
            ],
            [
              132.689318973,
              35.354706017
            ],
            [
              132.688965266,
              35.354582211
            ],
            [
              132.688818281,
              35.35491429
            ],
            [
              132.688836626,
              35.354943955
            ],
            [
              132.689540995,
              35.355184182
            ],
            [
              132.689562977,
              35.355174526
            ]
          ]
        ]
      },
      "properties": {
        "polygon_uuid": "4e2e365c-ca44-4e4b-9331-0cab0d4e16a3",
        "daicho_shubetsu_cd": "FUD25"
      }
    },
    {
      "type": "Feature",
      "geometry": {
        "type": "Polygon",
        "coordinates": [
          [
            [
              132.682212949,
              35.355529407
            ],
            [
              132.682098857,
              35.355542439
            ],
            [
              132.682125343,
              35.355614819
            ],
            [
              132.682037041,
              35.355643978
            ],
            [
              132.682037495,
              35.355715403
            ],
            [
              132.682198865,
              35.355716847
            ],
            [
              132.682262186,
              35.355647282
            ],
            [
              132.68224766,
              35.355593606
            ],
            [
              132.682235937,
              35.355595274
            ],
            [
              132.682212949,
              35.355529407
            ]
          ]
        ]
      },
      "properties": {
        "polygon_uuid": "5d3e0a28-5ee5-4bd9-9413-13520165e0f7",
        "daicho_shubetsu_cd": "FUD25"
      }
    },
    {
      "type": "Feature",
      "geometry": {
        "type": "Polygon",
        "coordinates": [
          [
            [
              132.689900578,
              35.355114255
            ],
            [
              132.689675179,
              35.355040172
            ],
            [
              132.689609965,
              35.355182805
            ],
            [
              132.689620483,
              35.355205069
            ],
            [
              132.6899721,
              35.355324367
            ],
            [
              132.69004673,
              35.355168794
            ],
            [
              132.689900578,
              35.355114255
            ]
          ]
        ]
      },
      "properties": {
        "polygon_uuid": "6d01f83c-82ed-4c41-96ce-19452937677d",
        "daicho_shubetsu_cd": "FUD25"
      }
    },
    {
      "type": "Feature",
      "geometry": {
        "type": "Polygon",
        "coordinates": [
          [
            [
              132.690764887,
              35.356386906
            ],
            [
              132.691103326,
              35.355741811
            ],
            [
              132.691048679,
              35.355713366
            ],
            [
              132.690780455,
              35.355623643
            ],
            [
              132.69044483,
              35.356281957
            ],
            [
              132.690526778,
              35.356308637
            ],
            [
              132.690764887,
              35.356386906
            ]
          ]
        ]
      },
      "properties": {
        "polygon_uuid": "3d10f055-c113-4d62-a90d-20a38e25fa77",
        "daicho_shubetsu_cd": "FUD25"
      }
    },
    {
      "type": "Feature",
      "geometry": {
        "type": "Polygon",
        "coordinates": [
          [
            [
              132.688500534,
              35.355243395
            ],
            [
              132.688884056,
              35.355375721
            ],
            [
              132.689008956,
              35.355418815
            ],
            [
              132.689126826,
              35.355459484
            ],
            [
              132.689285075,
              35.355135932
            ],
            [
              132.689132196,
              35.355081965
            ],
            [
              132.688604588,
              35.354904712
            ],
            [
              132.688581343,
              35.354919685
            ],
            [
              132.688569213,
              35.354943962
            ],
            [
              132.688507378,
              35.355208747
            ],
            [
              132.688500534,
              35.355243395
            ]
          ]
        ]
      },
      "properties": {
        "polygon_uuid": "2f8cc84e-9473-4ec8-8686-2ddcd9655a78",
        "daicho_shubetsu_cd": "FUD25"
      }
    },
    {
      "type": "Feature",
      "geometry": {
        "type": "Polygon",
        "coordinates": [
          [
            [
              132.688318883,
              35.357876139
            ],
            [
              132.688657081,
              35.35722948
            ],
            [
              132.688124897,
              35.35704737
            ],
            [
              132.68812502,
              35.357066491
            ],
            [
              132.688188246,
              35.357219192
            ],
            [
              132.688174968,
              35.357271835
            ],
            [
              132.68797217,
              35.357798558
            ],
            [
              132.688318883,
              35.357876139
            ]
          ]
        ]
      },
      "properties": {
        "polygon_uuid": "59c812ba-90bb-40f7-baa9-494353544671",
        "daicho_shubetsu_cd": "FUD25"
      }
    },
    {
      "type": "Feature",
      "geometry": {
        "type": "Polygon",
        "coordinates": [
          [
            [
              132.69040202,
              35.355062917
            ],
            [
              132.690145066,
              35.354974028
            ],
            [
              132.69004673,
              35.355168794
            ],
            [
              132.6899721,
              35.355324367
            ],
            [
              132.690207887,
              35.355404367
            ],
            [
              132.690233759,
              35.355394694
            ],
            [
              132.69040202,
              35.355062917
            ]
          ]
        ]
      },
      "properties": {
        "polygon_uuid": "c7605490-6a99-40da-aa6b-4e194f5fedbc",
        "daicho_shubetsu_cd": "FUD25"
      }
    },
    {
      "type": "Feature",
      "geometry": {
        "type": "Polygon",
        "coordinates": [
          [
            [
              132.683174473,
              35.356661499
            ],
            [
              132.682770054,
              35.356619536
            ],
            [
              132.682733109,
              35.356897178
            ],
            [
              132.683108683,
              35.356928628
            ],
            [
              132.683152223,
              35.356846024
            ],
            [
              132.683168468,
              35.356740414
            ],
            [
              132.683174473,
              35.356661499
            ]
          ]
        ]
      },
      "properties": {
        "polygon_uuid": "1866f09d-0ea3-4c79-bf1b-4efcb0de1816",
        "daicho_shubetsu_cd": "FUD25"
      }
    },
    {
      "type": "Feature",
      "geometry": {
        "type": "Polygon",
        "coordinates": [
          [
            [
              132.690405676,
              35.357033664
            ],
            [
              132.690450036,
              35.35702885
            ],
            [
              132.690764887,
              35.356386906
            ],
            [
              132.690526778,
              35.356308637
            ],
            [
              132.69044483,
              35.356281957
            ],
            [
              132.689940719,
              35.356117833
            ],
            [
              132.689734492,
              35.356512847
            ],
            [
              132.689630801,
              35.35672151
            ],
            [
              132.689630931,
              35.356741694
            ],
            [
              132.689653139,
              35.356767093
            ],
            [
              132.689996266,
              35.356888837
            ],
            [
              132.690405676,
              35.357033664
            ]
          ]
        ]
      },
      "properties": {
        "polygon_uuid": "0f0c1868-1f46-4818-a6af-54cfb4f10a70",
        "daicho_shubetsu_cd": "FUD25"
      }
    },
    {
      "type": "Feature",
      "geometry": {
        "type": "Polygon",
        "coordinates": [
          [
            [
              132.681724374,
              35.357987165
            ],
            [
              132.681769221,
              35.357976358
            ],
            [
              132.682118953,
              35.357892078
            ],
            [
              132.682241037,
              35.357854245
            ],
            [
              132.682268216,
              35.357830675
            ],
            [
              132.68228612,
              35.357640061
            ],
            [
              132.682219521,
              35.357603565
            ],
            [
              132.682232836,
              35.357523033
            ],
            [
              132.682270458,
              35.357504749
            ],
            [
              132.682250776,
              35.357479247
            ],
            [
              132.682207535,
              35.357432525
            ],
            [
              132.682181367,
              35.35741025
            ],
            [
              132.68211616,
              35.357388141
            ],
            [
              132.682001579,
              35.357377968
            ],
            [
              132.681883216,
              35.357387001
            ],
            [
              132.681677849,
              35.357425189
            ],
            [
              132.681641453,
              35.357431741
            ],
            [
              132.681644383,
              35.357481125
            ],
            [
              132.681666417,
              35.35762052
            ],
            [
              132.681724374,
              35.357987165
            ]
          ]
        ]
      },
      "properties": {
        "polygon_uuid": "66a86f6a-2003-4963-bcd0-5834afd80062",
        "daicho_shubetsu_cd": "FUD25"
      }
    },
    {
      "type": "Feature",
      "geometry": {
        "type": "Polygon",
        "coordinates": [
          [
            [
              132.688742489,
              35.355653688
            ],
            [
              132.688822662,
              35.355683825
            ],
            [
              132.688870343,
              35.355700017
            ],
            [
              132.689025076,
              35.355752563
            ],
            [
              132.689324213,
              35.355852799
            ],
            [
              132.689476246,
              35.355583014
            ],
            [
              132.68933945,
              35.355532845
            ],
            [
              132.689252355,
              35.355502795
            ],
            [
              132.689168381,
              35.355473821
            ],
            [
              132.689126826,
              35.355459484
            ],
            [
              132.689008956,
              35.355418815
            ],
            [
              132.688884056,
              35.355375721
            ],
            [
              132.688742489,
              35.355653688
            ]
          ]
        ]
      },
      "properties": {
        "polygon_uuid": "b953e9e8-bdec-40c6-b7bc-5a5b354f4eb0",
        "daicho_shubetsu_cd": "FUD25"
      }
    },
    {
      "type": "Feature",
      "geometry": {
        "type": "Polygon",
        "coordinates": [
          [
            [
              132.681724374,
              35.357987165
            ],
            [
              132.681666417,
              35.35762052
            ],
            [
              132.681644383,
              35.357481125
            ],
            [
              132.68150036,
              35.357499651
            ],
            [
              132.681502305,
              35.357525045
            ],
            [
              132.681512798,
              35.357638592
            ],
            [
              132.681526228,
              35.357799107
            ],
            [
              132.681534463,
              35.357897526
            ],
            [
              132.681542206,
              35.357990073
            ],
            [
              132.681551403,
              35.358003893
            ],
            [
              132.681569668,
              35.358011277
            ],
            [
              132.681724374,
              35.357987165
            ]
          ]
        ]
      },
      "properties": {
        "polygon_uuid": "16b52d3a-7817-442d-b7ba-699ba00869e7",
        "daicho_shubetsu_cd": "FUD25"
      }
    },
    {
      "type": "Feature",
      "geometry": {
        "type": "Polygon",
        "coordinates": [
          [
            [
              132.688354443,
              35.355954765
            ],
            [
              132.688613582,
              35.356044614
            ],
            [
              132.688787878,
              35.355717395
            ],
            [
              132.688453288,
              35.355598001
            ],
            [
              132.688427574,
              35.355623552
            ],
            [
              132.688354443,
              35.355954765
            ]
          ]
        ]
      },
      "properties": {
        "polygon_uuid": "d8e1c7d4-08d8-4637-9ef0-6af9a4ecf71d",
        "daicho_shubetsu_cd": "FUD25"
      }
    },
    {
      "type": "Feature",
      "geometry": {
        "type": "Polygon",
        "coordinates": [
          [
            [
              132.689865822,
              35.356038067
            ],
            [
              132.689925367,
              35.356021874
            ],
            [
              132.689982917,
              35.355897334
            ],
            [
              132.690045413,
              35.355776415
            ],
            [
              132.689749803,
              35.355674425
            ],
            [
              132.689604095,
              35.355949189
            ],
            [
              132.689865822,
              35.356038067
            ]
          ]
        ]
      },
      "properties": {
        "polygon_uuid": "e90b3247-1297-4161-b096-70fa07f76a5a",
        "daicho_shubetsu_cd": "FUD25"
      }
    },
    {
      "type": "Feature",
      "geometry": {
        "type": "Polygon",
        "coordinates": [
          [
            [
              132.689168381,
              35.355473821
            ],
            [
              132.689252355,
              35.355502795
            ],
            [
              132.68933945,
              35.355532845
            ],
            [
              132.689475061,
              35.355261947
            ],
            [
              132.689417284,
              35.355240224
            ],
            [
              132.689449749,
              35.355194064
            ],
            [
              132.689415244,
              35.355181883
            ],
            [
              132.689285075,
              35.355135932
            ],
            [
              132.689126826,
              35.355459484
            ],
            [
              132.689168381,
              35.355473821
            ]
          ]
        ]
      },
      "properties": {
        "polygon_uuid": "15e1a0a4-6890-45a7-b1c7-7a96c387e96b",
        "daicho_shubetsu_cd": "FUD25"
      }
    },
    {
      "type": "Feature",
      "geometry": {
        "type": "Polygon",
        "coordinates": [
          [
            [
              132.69009433,
              35.35770022
            ],
            [
              132.690408398,
              35.357082211
            ],
            [
              132.689623342,
              35.356789655
            ],
            [
              132.689602602,
              35.356790807
            ],
            [
              132.689284629,
              35.357417959
            ],
            [
              132.69009433,
              35.35770022
            ]
          ]
        ]
      },
      "properties": {
        "polygon_uuid": "66e63462-fe0b-4134-b079-7d13b62fb95d",
        "daicho_shubetsu_cd": "FUD25"
      }
    },
    {
      "type": "Feature",
      "geometry": {
        "type": "Polygon",
        "coordinates": [
          [
            [
              132.683278813,
              35.355250058
            ],
            [
              132.683288867,
              35.355404666
            ],
            [
              132.683292321,
              35.355457757
            ],
            [
              132.683377045,
              35.355479782
            ],
            [
              132.683556122,
              35.355401194
            ],
            [
              132.683593765,
              35.355266991
            ],
            [
              132.683278813,
              35.355250058
            ]
          ]
        ]
      },
      "properties": {
        "polygon_uuid": "2f0470e4-9193-4d8f-8846-8d6773177d99",
        "daicho_shubetsu_cd": "FUD25"
      }
    },
    {
      "type": "Feature",
      "geometry": {
        "type": "Polygon",
        "coordinates": [
          [
            [
              132.681491937,
              35.357379308
            ],
            [
              132.681377723,
              35.357084254
            ],
            [
              132.680920867,
              35.357184191
            ],
            [
              132.680968456,
              35.357469727
            ],
            [
              132.68125875,
              35.357426897
            ],
            [
              132.681491937,
              35.357379308
            ]
          ]
        ]
      },
      "properties": {
        "polygon_uuid": "14c6aff5-2dfc-4a4c-a973-8f0166a6da8a",
        "daicho_shubetsu_cd": "FUD25"
      }
    },
    {
      "type": "Feature",
      "geometry": {
        "type": "Polygon",
        "coordinates": [
          [
            [
              132.68901391,
              35.356183414
            ],
            [
              132.689182095,
              35.35585349
            ],
            [
              132.68910686,
              35.355824136
            ],
            [
              132.688787878,
              35.355717395
            ],
            [
              132.688613582,
              35.356044614
            ],
            [
              132.688862436,
              35.356130896
            ],
            [
              132.68901391,
              35.356183414
            ]
          ]
        ]
      },
      "properties": {
        "polygon_uuid": "36fa025c-999c-4f94-a639-94b272dc1296",
        "daicho_shubetsu_cd": "FUD25"
      }
    },
    {
      "type": "Feature",
      "geometry": {
        "type": "Polygon",
        "coordinates": [
          [
            [
              132.689940719,
              35.356117833
            ],
            [
              132.69044483,
              35.356281957
            ],
            [
              132.690780455,
              35.355623643
            ],
            [
              132.690296249,
              35.355461671
            ],
            [
              132.690259447,
              35.355485733
            ],
            [
              132.689940719,
              35.356117833
            ]
          ]
        ]
      },
      "properties": {
        "polygon_uuid": "627b5244-01e0-4104-b158-97b4bc565b62",
        "daicho_shubetsu_cd": "FUD25"
      }
    },
    {
      "type": "Feature",
      "geometry": {
        "type": "Polygon",
        "coordinates": [
          [
            [
              132.689708012,
              35.356424067
            ],
            [
              132.689876743,
              35.356108083
            ],
            [
              132.689840805,
              35.356073238
            ],
            [
              132.689591839,
              35.355989517
            ],
            [
              132.689409746,
              35.356320654
            ],
            [
              132.689708012,
              35.356424067
            ]
          ]
        ]
      },
      "properties": {
        "polygon_uuid": "5dfc6058-eb95-4103-b0c5-a3077f42c341",
        "daicho_shubetsu_cd": "FUD25"
      }
    },
    {
      "type": "Feature",
      "geometry": {
        "type": "Polygon",
        "coordinates": [
          [
            [
              132.683081458,
              35.355832899
            ],
            [
              132.682788523,
              35.355871535
            ],
            [
              132.682816445,
              35.355962125
            ],
            [
              132.682898364,
              35.355952181
            ],
            [
              132.683072537,
              35.355920521
            ],
            [
              132.683180529,
              35.355917927
            ],
            [
              132.683190136,
              35.355817816
            ],
            [
              132.683081458,
              35.355832899
            ]
          ]
        ]
      },
      "properties": {
        "polygon_uuid": "644bde9b-64f9-44fc-a6d7-a6cbfad8e269",
        "daicho_shubetsu_cd": "FUD25"
      }
    },
    {
      "type": "Feature",
      "geometry": {
        "type": "Polygon",
        "coordinates": [
          [
            [
              132.680898567,
              35.355306946
            ],
            [
              132.680908254,
              35.355192836
            ],
            [
              132.680874475,
              35.355201508
            ],
            [
              132.680805603,
              35.355216726
            ],
            [
              132.680702886,
              35.355229956
            ],
            [
              132.680589643,
              35.355225107
            ],
            [
              132.680608691,
              35.355356152
            ],
            [
              132.680853267,
              35.355345517
            ],
            [
              132.680898567,
              35.355306946
            ]
          ]
        ]
      },
      "properties": {
        "polygon_uuid": "8f58a757-cfdb-4cfd-ac84-aca16d3ceba5",
        "daicho_shubetsu_cd": "FUD25"
      }
    },
    {
      "type": "Feature",
      "geometry": {
        "type": "Polygon",
        "coordinates": [
          [
            [
              132.681623302,
              35.355266993
            ],
            [
              132.681749876,
              35.355240216
            ],
            [
              132.681896681,
              35.355202278
            ],
            [
              132.682004611,
              35.355190091
            ],
            [
              132.681992978,
              35.355172486
            ],
            [
              132.682090073,
              35.355149167
            ],
            [
              132.682055337,
              35.355007173
            ],
            [
              132.682046486,
              35.354979493
            ],
            [
              132.682026447,
              35.354966075
            ],
            [
              132.681830732,
              35.355028651
            ],
            [
              132.681732634,
              35.355060015
            ],
            [
              132.681664241,
              35.355082339
            ],
            [
              132.68163228,
              35.355073972
            ],
            [
              132.681623302,
              35.355266993
            ]
          ]
        ]
      },
      "properties": {
        "polygon_uuid": "3b1c0055-7495-4931-8f39-b0e91fa34037",
        "daicho_shubetsu_cd": "FUD25"
      }
    },
    {
      "type": "Feature",
      "geometry": {
        "type": "Polygon",
        "coordinates": [
          [
            [
              132.682800534,
              35.355673457
            ],
            [
              132.682809775,
              35.355735797
            ],
            [
              132.682557554,
              35.355772054
            ],
            [
              132.682582202,
              35.355883049
            ],
            [
              132.682596604,
              35.355896846
            ],
            [
              132.682603348,
              35.355895957
            ],
            [
              132.682713312,
              35.355881454
            ],
            [
              132.682788523,
              35.355871535
            ],
            [
              132.683081458,
              35.355832899
            ],
            [
              132.683056636,
              35.355658181
            ],
            [
              132.682800534,
              35.355673457
            ]
          ]
        ]
      },
      "properties": {
        "polygon_uuid": "2de1df6f-22f4-4a54-a911-b16a7b3b5dbc",
        "daicho_shubetsu_cd": "FUD25"
      }
    },
    {
      "type": "Feature",
      "geometry": {
        "type": "Polygon",
        "coordinates": [
          [
            [
              132.682427129,
              35.356224886
            ],
            [
              132.682426507,
              35.356275477
            ],
            [
              132.682418859,
              35.356300385
            ],
            [
              132.682396456,
              35.356324645
            ],
            [
              132.682361663,
              35.356373312
            ],
            [
              132.682332066,
              35.356425675
            ],
            [
              132.682303777,
              35.3564791
            ],
            [
              132.682299655,
              35.356489407
            ],
            [
              132.682602454,
              35.356461028
            ],
            [
              132.682591048,
              35.356221279
            ],
            [
              132.682427129,
              35.356224886
            ]
          ]
        ]
      },
      "properties": {
        "polygon_uuid": "90a4091c-8604-46a7-8f28-b2bb68b85f7f",
        "daicho_shubetsu_cd": "FUD25"
      }
    },
    {
      "type": "Feature",
      "geometry": {
        "type": "Polygon",
        "coordinates": [
          [
            [
              132.690919322,
              35.354839519
            ],
            [
              132.690579623,
              35.355520747
            ],
            [
              132.691126955,
              35.355705104
            ],
            [
              132.691185828,
              35.355597654
            ],
            [
              132.691473629,
              35.355027943
            ],
            [
              132.690919322,
              35.354839519
            ]
          ]
        ]
      },
      "properties": {
        "polygon_uuid": "ef4effe1-e526-4d94-a524-b3cacc3ba335",
        "daicho_shubetsu_cd": "FUD25"
      }
    },
    {
      "type": "Feature",
      "geometry": {
        "type": "Polygon",
        "coordinates": [
          [
            [
              132.683081458,
              35.355832899
            ],
            [
              132.683190136,
              35.355817816
            ],
            [
              132.683280675,
              35.35580525
            ],
            [
              132.683240782,
              35.355498574
            ],
            [
              132.68321555,
              35.355495266
            ],
            [
              132.683035225,
              35.355507472
            ],
            [
              132.683056636,
              35.355658181
            ],
            [
              132.683081458,
              35.355832899
            ]
          ]
        ]
      },
      "properties": {
        "polygon_uuid": "faaa7b39-fd48-4c37-ba18-b3d14a24cb86",
        "daicho_shubetsu_cd": "FUD25"
      }
    },
    {
      "type": "Feature",
      "geometry": {
        "type": "Polygon",
        "coordinates": [
          [
            [
              132.682800534,
              35.355673457
            ],
            [
              132.682706473,
              35.355677947
            ],
            [
              132.682700814,
              35.355606544
            ],
            [
              132.682518719,
              35.355620114
            ],
            [
              132.682557554,
              35.355772054
            ],
            [
              132.682809775,
              35.355735797
            ],
            [
              132.682800534,
              35.355673457
            ]
          ]
        ]
      },
      "properties": {
        "polygon_uuid": "8ee69626-dacd-4514-adf0-b4e99aea09b0",
        "daicho_shubetsu_cd": "FUD25"
      }
    },
    {
      "type": "Feature",
      "geometry": {
        "type": "Polygon",
        "coordinates": [
          [
            [
              132.682800534,
              35.355673457
            ],
            [
              132.683056636,
              35.355658181
            ],
            [
              132.683035225,
              35.355507472
            ],
            [
              132.682778503,
              35.35552485
            ],
            [
              132.682800534,
              35.355673457
            ]
          ]
        ]
      },
      "properties": {
        "polygon_uuid": "11448eb2-b5e9-4f12-8744-b5d189b83b34",
        "daicho_shubetsu_cd": "FUD25"
      }
    },
    {
      "type": "Feature",
      "geometry": {
        "type": "Polygon",
        "coordinates": [
          [
            [
              132.689409746,
              35.356320654
            ],
            [
              132.689591839,
              35.355989517
            ],
            [
              132.689182095,
              35.35585349
            ],
            [
              132.68901391,
              35.356183414
            ],
            [
              132.689409746,
              35.356320654
            ]
          ]
        ]
      },
      "properties": {
        "polygon_uuid": "8d4c1538-50cd-4f6d-ae39-ba64e77f42ac",
        "daicho_shubetsu_cd": "FUD25"
      }
    },
    {
      "type": "Feature",
      "geometry": {
        "type": "Polygon",
        "coordinates": [
          [
            [
              132.681317812,
              35.357801139
            ],
            [
              132.68130949,
              35.357475459
            ],
            [
              132.681219569,
              35.357488924
            ],
            [
              132.681082403,
              35.357519659
            ],
            [
              132.680938623,
              35.357541554
            ],
            [
              132.680953741,
              35.35784853
            ],
            [
              132.681044987,
              35.357872661
            ],
            [
              132.681312212,
              35.357862507
            ],
            [
              132.681317812,
              35.357801139
            ]
          ]
        ]
      },
      "properties": {
        "polygon_uuid": "c212d95c-df0c-4721-b84b-bf2f437c5224",
        "daicho_shubetsu_cd": "FUD25"
      }
    },
    {
      "type": "Feature",
      "geometry": {
        "type": "Polygon",
        "coordinates": [
          [
            [
              132.688735845,
              35.356507115
            ],
            [
              132.688283908,
              35.356352908
            ],
            [
              132.688264509,
              35.356360958
            ],
            [
              132.688215618,
              35.3566225
            ],
            [
              132.688142158,
              35.356995692
            ],
            [
              132.688411836,
              35.357090988
            ],
            [
              132.689220265,
              35.357376658
            ],
            [
              132.689519938,
              35.356792148
            ],
            [
              132.689508051,
              35.356758736
            ],
            [
              132.689289773,
              35.356692754
            ],
            [
              132.688735845,
              35.356507115
            ]
          ]
        ]
      },
      "properties": {
        "polygon_uuid": "013a294d-2abb-44d1-8d2e-c0dc1376ff17",
        "daicho_shubetsu_cd": "FUD25"
      }
    },
    {
      "type": "Feature",
      "geometry": {
        "type": "Polygon",
        "coordinates": [
          [
            [
              132.683086486,
              35.35726088
            ],
            [
              132.683317963,
              35.357302898
            ],
            [
              132.683378236,
              35.356940161
            ],
            [
              132.683247805,
              35.356911953
            ],
            [
              132.683122798,
              35.357036852
            ],
            [
              132.683086486,
              35.35726088
            ]
          ]
        ]
      },
      "properties": {
        "polygon_uuid": "40c831bb-9e67-4076-8fcc-c129c61148de",
        "daicho_shubetsu_cd": "FUD25"
      }
    },
    {
      "type": "Feature",
      "geometry": {
        "type": "Polygon",
        "coordinates": [
          [
            [
              132.681623302,
              35.355266993
            ],
            [
              132.68163228,
              35.355073972
            ],
            [
              132.681551855,
              35.355071745
            ],
            [
              132.681394394,
              35.355067384
            ],
            [
              132.681081738,
              35.355058727
            ],
            [
              132.681073124,
              35.355104096
            ],
            [
              132.681099345,
              35.355134901
            ],
            [
              132.681099582,
              35.355172212
            ],
            [
              132.681090642,
              35.355198902
            ],
            [
              132.681043857,
              35.355208696
            ],
            [
              132.681047055,
              35.355302495
            ],
            [
              132.681623302,
              35.355266993
            ]
          ]
        ]
      },
      "properties": {
        "polygon_uuid": "dc1e514a-1060-49aa-9e42-c53c6ef554f2",
        "daicho_shubetsu_cd": "FUD25"
      }
    },
    {
      "type": "Feature",
      "geometry": {
        "type": "Polygon",
        "coordinates": [
          [
            [
              132.688318883,
              35.357876139
            ],
            [
              132.688496168,
              35.357915808
            ],
            [
              132.688876253,
              35.35802648
            ],
            [
              132.689188548,
              35.357429871
            ],
            [
              132.689181917,
              35.357409074
            ],
            [
              132.688657081,
              35.35722948
            ],
            [
              132.688318883,
              35.357876139
            ]
          ]
        ]
      },
      "properties": {
        "polygon_uuid": "59d84b3b-abbf-45a1-a294-c64f7c439f89",
        "daicho_shubetsu_cd": "FUD25"
      }
    },
    {
      "type": "Feature",
      "geometry": {
        "type": "Polygon",
        "coordinates": [
          [
            [
              132.681630056,
              35.356921785
            ],
            [
              132.681551656,
              35.356666263
            ],
            [
              132.680965033,
              35.356913956
            ],
            [
              132.680807848,
              35.356957267
            ],
            [
              132.680804539,
              35.357051095
            ],
            [
              132.680893229,
              35.357082699
            ],
            [
              132.68096732,
              35.357069591
            ],
            [
              132.681630056,
              35.356921785
            ]
          ]
        ]
      },
      "properties": {
        "polygon_uuid": "d7b4548a-8cb1-4e20-97f9-c9ec29a18efd",
        "daicho_shubetsu_cd": "FUD25"
      }
    },
    {
      "type": "Feature",
      "geometry": {
        "type": "Polygon",
        "coordinates": [
          [
            [
              132.683657913,
              35.355038297
            ],
            [
              132.68350974,
              35.355065581
            ],
            [
              132.683269239,
              35.355102856
            ],
            [
              132.683278813,
              35.355250058
            ],
            [
              132.683593765,
              35.355266991
            ],
            [
              132.683657913,
              35.355038297
            ]
          ]
        ]
      },
      "properties": {
        "polygon_uuid": "2a22bd33-c104-4a73-bfcb-cfcb8fb36a97",
        "daicho_shubetsu_cd": "FUD25"
      }
    },
    {
      "type": "Feature",
      "geometry": {
        "type": "Polygon",
        "coordinates": [
          [
            [
              132.682427129,
              35.356224886
            ],
            [
              132.682401801,
              35.355925429
            ],
            [
              132.682353041,
              35.355929214
            ],
            [
              132.682306141,
              35.355920885
            ],
            [
              132.68226959,
              35.355902917
            ],
            [
              132.682243586,
              35.355886152
            ],
            [
              132.682212097,
              35.355865851
            ],
            [
              132.682040317,
              35.355864452
            ],
            [
              132.682027424,
              35.356272916
            ],
            [
              132.682102069,
              35.356283378
            ],
            [
              132.682396456,
              35.356324645
            ],
            [
              132.682418859,
              35.356300385
            ],
            [
              132.682426507,
              35.356275477
            ],
            [
              132.682427129,
              35.356224886
            ]
          ]
        ]
      },
      "properties": {
        "polygon_uuid": "0d8988c2-79d2-453c-9186-d2207e19549f",
        "daicho_shubetsu_cd": "FUD25"
      }
    },
    {
      "type": "Feature",
      "geometry": {
        "type": "Polygon",
        "coordinates": [
          [
            [
              132.689579491,
              35.356703481
            ],
            [
              132.689708012,
              35.356424067
            ],
            [
              132.689409746,
              35.356320654
            ],
            [
              132.68901391,
              35.356183414
            ],
            [
              132.688862436,
              35.356130896
            ],
            [
              132.688695619,
              35.356445473
            ],
            [
              132.689060812,
              35.356567348
            ],
            [
              132.689532544,
              35.356724657
            ],
            [
              132.689579491,
              35.356703481
            ]
          ]
        ]
      },
      "properties": {
        "polygon_uuid": "d2db7aeb-88cb-44b3-b9ea-d879e6a47054",
        "daicho_shubetsu_cd": "FUD25"
      }
    },
    {
      "type": "Feature",
      "geometry": {
        "type": "Polygon",
        "coordinates": [
          [
            [
              132.68324966,
              35.357626945
            ],
            [
              132.683287149,
              35.357572744
            ],
            [
              132.683317963,
              35.357302898
            ],
            [
              132.683086486,
              35.35726088
            ],
            [
              132.682957524,
              35.35724011
            ],
            [
              132.682932305,
              35.357367079
            ],
            [
              132.682901177,
              35.357465326
            ],
            [
              132.682868916,
              35.357508107
            ],
            [
              132.682826265,
              35.357554129
            ],
            [
              132.68285633,
              35.357575322
            ],
            [
              132.68324966,
              35.357626945
            ]
          ]
        ]
      },
      "properties": {
        "polygon_uuid": "1ebe9354-cdab-46d4-ade9-e81fe67caad0",
        "daicho_shubetsu_cd": "FUD25"
      }
    },
    {
      "type": "Feature",
      "geometry": {
        "type": "Polygon",
        "coordinates": [
          [
            [
              132.690919322,
              35.354839519
            ],
            [
              132.690889013,
              35.354829216
            ],
            [
              132.690644149,
              35.354745978
            ],
            [
              132.690479817,
              35.355048607
            ],
            [
              132.690305124,
              35.355406304
            ],
            [
              132.69032476,
              35.355434902
            ],
            [
              132.690579623,
              35.355520747
            ],
            [
              132.690919322,
              35.354839519
            ]
          ]
        ]
      },
      "properties": {
        "polygon_uuid": "2eb8b703-f565-4c01-a058-e922f8363a79",
        "daicho_shubetsu_cd": "FUD25"
      }
    },
    {
      "type": "Feature",
      "geometry": {
        "type": "Polygon",
        "coordinates": [
          [
            [
              132.688354443,
              35.355954765
            ],
            [
              132.688283043,
              35.356307783
            ],
            [
              132.688695619,
              35.356445473
            ],
            [
              132.688862436,
              35.356130896
            ],
            [
              132.688613582,
              35.356044614
            ],
            [
              132.688354443,
              35.355954765
            ]
          ]
        ]
      },
      "properties": {
        "polygon_uuid": "4a7124a5-6278-4fdf-a115-ece32d5ac1e0",
        "daicho_shubetsu_cd": "FUD25"
      }
    },
    {
      "type": "Feature",
      "geometry": {
        "type": "Polygon",
        "coordinates": [
          [
            [
              132.682765044,
              35.356445789
            ],
            [
              132.682894157,
              35.35643449
            ],
            [
              132.682880933,
              35.356380353
            ],
            [
              132.682895979,
              35.35629074
            ],
            [
              132.68292813,
              35.356230903
            ],
            [
              132.682972191,
              35.356201931
            ],
            [
              132.683180394,
              35.356201041
            ],
            [
              132.683193689,
              35.356041075
            ],
            [
              132.682920593,
              35.356068894
            ],
            [
              132.682930333,
              35.356167995
            ],
            [
              132.682813523,
              35.356216468
            ],
            [
              132.682727688,
              35.356218272
            ],
            [
              132.682591048,
              35.356221279
            ],
            [
              132.682602454,
              35.356461028
            ],
            [
              132.682765044,
              35.356445789
            ]
          ]
        ]
      },
      "properties": {
        "polygon_uuid": "84ab74ae-e7ee-4e54-b028-f35c8d0a760b",
        "daicho_shubetsu_cd": "FUD25"
      }
    },
    {
      "type": "Feature",
      "geometry": {
        "type": "Polygon",
        "coordinates": [
          [
            [
              132.690134132,
              35.354969116
            ],
            [
              132.690145066,
              35.354974028
            ],
            [
              132.69040202,
              35.355062917
            ],
            [
              132.69055687,
              35.354774727
            ],
            [
              132.690541104,
              35.354742925
            ],
            [
              132.6903913,
              35.354690862
            ],
            [
              132.690377098,
              35.354718155
            ],
            [
              132.690274781,
              35.354690791
            ],
            [
              132.690134132,
              35.354969116
            ]
          ]
        ]
      },
      "properties": {
        "polygon_uuid": "6c0feb8b-98a5-408f-ab38-f7241caeea25",
        "daicho_shubetsu_cd": "FUD25"
      }
    }
  ]
}